head=(ext4 clone of bb6436ef + uncommitted 6E.1 tests and 6E.2 F1-F4 overlaid)
clone=/home/s-a-balashov/work/vast-a8-green-20261009T141657 overlay=8 files (overlay.sha256)
python=3.12.3 platform=Linux 6.6.87.2-microsoft-standard-WSL2 cwd=/home/s-a-balashov/work/vast-a8-green-20261009T141657/tests PYTHONPATH=/home/s-a-balashov/work/vast-a8-green-20261009T141657 TMPDIR=unset
command=python -B -m unittest -v test_publication_qualification_promotion_v2 test_full_resource_qualification_authority_v2 test_full_qualification_runbook_errexit_v1 test_publication_policy_qualification_execution_code_closure_v1 test_ci_test_selection_v1 test_backend_runtime_identity_grant_v2 test_backend_runtime_qualification test_checkpoint_admission test_checkpoint_deepstream_protocol_bridge test_checkpoint_deepstream_runtime test_checkpoint_deepstream_runtime_source_closure_v3 test_checkpoint_openvino_execution_bridge test_checkpoint_openvino_gva_qualification_fragment_v3 test_checkpoint_publication_runtime test_checkpoint_qualification_pilot_acceptance_v1 test_checkpoint_runtime test_checkpoint_savant_protocol_bridge test_checkpoint_savant_runtime_source_closure_v3 test_full_consumers_foreign_kind_v1 test_full_publication_entrypoint test_full_publication_identity_artifacts test_full_publication_identity_manifest_v2 test_full_publication_identity_runtime_authority_v3 test_full_resource_publication test_full_resource_qualification test_full_resource_qualification_index_v1 test_publication_matrix test_publication_policy_qualification test_publication_policy_qualification_execution_closure_v1 test_publication_policy_qualification_fragments_from_authority_v2 test_publication_policy_qualification_index_v2 test_publication_policy_qualification_pilot_executor_v2 test_publication_policy_qualification_transaction_v2 test_publication_q4_authority_source_request_v1 test_publication_runtime_frozen_identity_constants_v1 test_publication_runtime_source_closure_guardian_v1 test_qualification_complete_operational_promotion_gate_v1 test_qualification_promotion_clis test_run_experiments_full_resource test_scenario_planning test_topology_contract
test_assess_returns_78_when_not_passed (test_publication_qualification_promotion_v2.TransactionPreconditionTests.test_assess_returns_78_when_not_passed) ... ok
test_execution_closure_must_bind_this_transaction (test_publication_qualification_promotion_v2.TransactionPreconditionTests.test_execution_closure_must_bind_this_transaction) ... ok
test_fragments_must_equal_the_transaction_fragments (test_publication_qualification_promotion_v2.TransactionPreconditionTests.test_fragments_must_equal_the_transaction_fragments) ... ok
test_index_commands_require_pilots_and_closure (test_publication_qualification_promotion_v2.TransactionPreconditionTests.test_index_commands_require_pilots_and_closure) ... ok
test_promotion_and_assessment_require_index_bound_to_these_fragments (test_publication_qualification_promotion_v2.TransactionPreconditionTests.test_promotion_and_assessment_require_index_bound_to_these_fragments) ... ok
test_resource_index_binds_the_hardware_collector_to_the_transaction (test_publication_qualification_promotion_v2.TransactionPreconditionTests.test_resource_index_binds_the_hardware_collector_to_the_transaction) ... ok
test_transaction_kind_self_hash_and_cold_validation_are_required (test_publication_qualification_promotion_v2.TransactionPreconditionTests.test_transaction_kind_self_hash_and_cold_validation_are_required) ... ok
test_real_transaction_v2_fragments_pass_indices_assessments_and_promotions (test_publication_qualification_promotion_v2.TransactionV2StepsFourteenFifteenTests.test_real_transaction_v2_fragments_pass_indices_assessments_and_promotions) ... ok
test_stock_legacy_paths_still_refuse_transaction_v2_fragments (test_publication_qualification_promotion_v2.TransactionV2StepsFourteenFifteenTests.test_stock_legacy_paths_still_refuse_transaction_v2_fragments)
(b) the legacy default validators and their CLIs are unchanged and keep refusing. ... ok
test_authority_v2_binding_projects_static_resource_v2_evidence (test_full_resource_qualification_authority_v2.AuthorityBindingV2ResourceIndexTests.test_authority_v2_binding_projects_static_resource_v2_evidence) ... ok
test_drifted_authority_v2_bindings_are_refused (test_full_resource_qualification_authority_v2.AuthorityBindingV2ResourceIndexTests.test_drifted_authority_v2_bindings_are_refused) ... ok
test_foreign_study_and_component_kinds_are_refused (test_full_resource_qualification_authority_v2.AuthorityBindingV2ResourceIndexTests.test_foreign_study_and_component_kinds_are_refused) ... ok
test_amendment8_files_are_outside_every_image_allowlist (test_full_resource_qualification_authority_v2.HostOnlyBoundaryTests.test_amendment8_files_are_outside_every_image_allowlist) ... ok
test_amendment8_files_are_outside_execution_code_closure (test_full_resource_qualification_authority_v2.HostOnlyBoundaryTests.test_amendment8_files_are_outside_execution_code_closure) ... ok
test_postprocess_stages_of_topology_v2_are_accepted (test_full_resource_qualification_authority_v2.ResourcePilotTopologyV2Tests.test_postprocess_stages_of_topology_v2_are_accepted) ... ok
test_topology_without_postprocess_is_refused_under_v2 (test_full_resource_qualification_authority_v2.ResourcePilotTopologyV2Tests.test_topology_without_postprocess_is_refused_under_v2) ... ok
test_every_step_function_starts_with_the_errexit_probe (test_full_qualification_runbook_errexit_v1.RunbookErrexitProbeTests.test_every_step_function_starts_with_the_errexit_probe) ... ok
test_plain_invocation_passes_the_probe_and_a_helper_refusal_fails_the_step (test_full_qualification_runbook_errexit_v1.RunbookErrexitProbeTests.test_plain_invocation_passes_the_probe_and_a_helper_refusal_fails_the_step) ... ok
test_probe_is_a_plain_assignment_with_explicit_exit (test_full_qualification_runbook_errexit_v1.RunbookErrexitProbeTests.test_probe_is_a_plain_assignment_with_explicit_exit) ... ok
test_step_refuses_before_any_write_where_errexit_is_ignored (test_full_qualification_runbook_errexit_v1.RunbookErrexitProbeTests.test_step_refuses_before_any_write_where_errexit_is_ignored) ... ok
test_actual_closure_freezes_the_shared_wall_clock_with_its_clients (test_publication_policy_qualification_execution_code_closure_v1.QualificationExecutionCodeClosureV1Tests.test_actual_closure_freezes_the_shared_wall_clock_with_its_clients) ... ok
test_builder_recursively_freezes_exact_project_sources_and_interpreter (test_publication_policy_qualification_execution_code_closure_v1.QualificationExecutionCodeClosureV1Tests.test_builder_recursively_freezes_exact_project_sources_and_interpreter) ... ok
test_loaded_project_module_escape_is_rejected (test_publication_policy_qualification_execution_code_closure_v1.QualificationExecutionCodeClosureV1Tests.test_loaded_project_module_escape_is_rejected) ... ok
test_loader_rejects_mutate_restore_snapshot_drift (test_publication_policy_qualification_execution_code_closure_v1.QualificationExecutionCodeClosureV1Tests.test_loader_rejects_mutate_restore_snapshot_drift) ... ok
test_absent_declared_method_is_rejected (test_ci_test_selection_v1.SelectionContracts.test_absent_declared_method_is_rejected) ... ok
test_all_original_platform_and_retired_skip_ids_remain_nonexecution (test_ci_test_selection_v1.SelectionContracts.test_all_original_platform_and_retired_skip_ids_remain_nonexecution) ... ok
test_current_broker_and_operational_custody_cannot_be_deferred (test_ci_test_selection_v1.SelectionContracts.test_current_broker_and_operational_custody_cannot_be_deferred) ... ok
test_duplicate_discovery_identity_is_rejected (test_ci_test_selection_v1.SelectionContracts.test_duplicate_discovery_identity_is_rejected) ... ok
test_duplicate_integration_declarations_are_rejected (test_ci_test_selection_v1.SelectionContracts.test_duplicate_integration_declarations_are_rejected) ... ok
test_exact_skip_identity_and_reason_are_audited_without_success_claim (test_ci_test_selection_v1.SelectionContracts.test_exact_skip_identity_and_reason_are_audited_without_success_claim) ... ok
test_existing_retired_source_decorator_is_inventory_nonexecution_only (test_ci_test_selection_v1.SelectionContracts.test_existing_retired_source_decorator_is_inventory_nonexecution_only) ... ok
test_foreign_decorated_class_cannot_invent_a_retired_migration (test_ci_test_selection_v1.SelectionContracts.test_foreign_decorated_class_cannot_invent_a_retired_migration) ... ok
test_manifest_unknown_version_or_default_lane_fails_closed (test_ci_test_selection_v1.SelectionContracts.test_manifest_unknown_version_or_default_lane_fails_closed) ... ok
test_missing_reason_or_real_capability_is_rejected (test_ci_test_selection_v1.SelectionContracts.test_missing_reason_or_real_capability_is_rejected) ... ok
test_native_namespace_interpreter_broker_source_safety_deferral_is_rejected (test_ci_test_selection_v1.SelectionContracts.test_native_namespace_interpreter_broker_source_safety_deferral_is_rejected) ... ok
test_nested_default_discovery_is_flattened_without_reloading_tests (test_ci_test_selection_v1.SelectionContracts.test_nested_default_discovery_is_flattened_without_reloading_tests) ... ok
test_new_broker_and_raw_custody_skip_declarations_are_rejected (test_ci_test_selection_v1.SelectionContracts.test_new_broker_and_raw_custody_skip_declarations_are_rejected) ... ok
test_new_ci_userns_policy_contract_cannot_be_deferred_or_skipped (test_ci_test_selection_v1.SelectionContracts.test_new_ci_userns_policy_contract_cannot_be_deferred_or_skipped) ... ok
test_new_skip_or_changed_reason_is_rejected (test_ci_test_selection_v1.SelectionContracts.test_new_skip_or_changed_reason_is_rejected) ... ok
test_new_tests_remain_mandatory_and_original_cases_order_are_preserved (test_ci_test_selection_v1.SelectionContracts.test_new_tests_remain_mandatory_and_original_cases_order_are_preserved) ... ok
test_original_failed_import_remains_portable_failure (test_ci_test_selection_v1.SelectionContracts.test_original_failed_import_remains_portable_failure) ... ok
test_patterns_and_module_exceptions_are_rejected (test_ci_test_selection_v1.SelectionContracts.test_patterns_and_module_exceptions_are_rejected) ... ok
test_retired_schema_declaration_cannot_create_a_new_skip (test_ci_test_selection_v1.SelectionContracts.test_retired_schema_declaration_cannot_create_a_new_skip) ... ok
test_skip_cannot_hide_deferred_native_contract (test_ci_test_selection_v1.SelectionContracts.test_skip_cannot_hide_deferred_native_contract) ... ok
test_stale_or_duplicate_skip_declaration_fails_closed (test_ci_test_selection_v1.SelectionContracts.test_stale_or_duplicate_skip_declaration_fails_closed) ... ok
test_backend_v2_wrong_physical_parity_acceptance_binding_fails_identity (test_backend_runtime_identity_grant_v2.BackendRuntimeIdentityGrantV2Tests.test_backend_v2_wrong_physical_parity_acceptance_binding_fails_identity) ... ok
test_legacy_v1_identity_remains_valid_but_cannot_derive_v2_grant (test_backend_runtime_identity_grant_v2.BackendRuntimeIdentityGrantV2Tests.test_legacy_v1_identity_remains_valid_but_cannot_derive_v2_grant) ... ok
test_raw_evidence_and_launcher_tamper_fail_identity_before_grant (test_backend_runtime_identity_grant_v2.BackendRuntimeIdentityGrantV2Tests.test_raw_evidence_and_launcher_tamper_fail_identity_before_grant) ... ok
test_v2_identity_rehashes_all_evidence_and_derives_exact_grant (test_backend_runtime_identity_grant_v2.BackendRuntimeIdentityGrantV2Tests.test_v2_identity_rehashes_all_evidence_and_derives_exact_grant) ... ok
test_active_publication_dataset_ids_are_kpp_iss_v3 (test_backend_runtime_qualification.BackendRuntimeQualificationTests.test_active_publication_dataset_ids_are_kpp_iss_v3) ... ok
test_alias_hardlink_and_symlink_artifacts_are_rejected (test_backend_runtime_qualification.BackendRuntimeQualificationTests.test_alias_hardlink_and_symlink_artifacts_are_rejected) ... ok
test_all_560_policy_deadline_runtime_cells_are_exact_and_relabel_proof (test_backend_runtime_qualification.BackendRuntimeQualificationTests.test_all_560_policy_deadline_runtime_cells_are_exact_and_relabel_proof) ... ok
test_assessment_is_pure (test_backend_runtime_qualification.BackendRuntimeQualificationTests.test_assessment_is_pure) ... ok
test_both_resources_four_branches_and_exact_native_bindings_are_required (test_backend_runtime_qualification.BackendRuntimeQualificationTests.test_both_resources_four_branches_and_exact_native_bindings_are_required) ... ok
test_default_loader_reduces_six_v3_streams_to_two_physical_sources (test_backend_runtime_qualification.BackendRuntimeQualificationTests.test_default_loader_reduces_six_v3_streams_to_two_physical_sources) ... ok
test_default_validator_never_accepts_declared_fixture_evidence (test_backend_runtime_qualification.BackendRuntimeQualificationTests.test_default_validator_never_accepts_declared_fixture_evidence) ... ok
test_exact_four_systems_and_sixteen_hardware_cells_pass (test_backend_runtime_qualification.BackendRuntimeQualificationTests.test_exact_four_systems_and_sixteen_hardware_cells_pass) ... ok
test_missing_duplicate_and_relabelled_cells_fail_closed (test_backend_runtime_qualification.BackendRuntimeQualificationTests.test_missing_duplicate_and_relabelled_cells_fail_closed) ... ok
test_output_collision_fails_closed_without_replacing_binding_index (test_backend_runtime_qualification.BackendRuntimeQualificationTests.test_output_collision_fails_closed_without_replacing_binding_index) ... ok
test_promote_writes_four_receipts_then_binding_index_last_and_is_idempotent (test_backend_runtime_qualification.BackendRuntimeQualificationTests.test_promote_writes_four_receipts_then_binding_index_last_and_is_idempotent) ... ok
test_promoted_outputs_are_accepted_by_identity_backend_validator (test_backend_runtime_qualification.BackendRuntimeQualificationTests.test_promoted_outputs_are_accepted_by_identity_backend_validator) ... ok
test_synthetic_nonpublication_unaccepted_and_generic_probes_fail (test_backend_runtime_qualification.BackendRuntimeQualificationTests.test_synthetic_nonpublication_unaccepted_and_generic_probes_fail) ... ok
test_upstream_receipt_self_hash_and_all_artifact_descriptors_are_rechecked (test_backend_runtime_qualification.BackendRuntimeQualificationTests.test_upstream_receipt_self_hash_and_all_artifact_descriptors_are_rechecked) ... ok
test_direct_source_admission_precedes_and_matches_all_baseline_consumers (test_checkpoint_admission.CheckpointAdmissionTests.test_direct_source_admission_precedes_and_matches_all_baseline_consumers) ... ok
test_incomplete_admitted_shared_frame_is_explicitly_censored_at_drain (test_checkpoint_admission.CheckpointAdmissionTests.test_incomplete_admitted_shared_frame_is_explicitly_censored_at_drain) ... ok
test_process_runtime_acknowledges_source_before_fanout_to_workers (test_checkpoint_admission.CheckpointAdmissionTests.test_process_runtime_acknowledges_source_before_fanout_to_workers) ... ok
test_runtime_terminal_ledger_is_rejected_by_publishable_validator (test_checkpoint_admission.CheckpointAdmissionTests.test_runtime_terminal_ledger_is_rejected_by_publishable_validator) ... ok
test_source_accepts_decode_order_with_reordered_native_pts (test_checkpoint_admission.CheckpointAdmissionTests.test_source_accepts_decode_order_with_reordered_native_pts) ... ok
test_source_cycles_are_ordered_and_pair_fingerprint_excludes_run_id (test_checkpoint_admission.CheckpointAdmissionTests.test_source_cycles_are_ordered_and_pair_fingerprint_excludes_run_id) ... ok
test_source_rejects_sequence_gap_and_nonincreasing_schedule (test_checkpoint_admission.CheckpointAdmissionTests.test_source_rejects_sequence_gap_and_nonincreasing_schedule) ... ok
test_worker_cannot_forge_payload_or_precede_source_admission (test_checkpoint_admission.CheckpointAdmissionTests.test_worker_cannot_forge_payload_or_precede_source_admission) ... ok
test_baseline_four_independent_workers_form_one_causal_join (test_checkpoint_deepstream_protocol_bridge.DeepStreamProtocolBridgeContractTests.test_baseline_four_independent_workers_form_one_causal_join) ... ok
test_corrupt_provenance_cannot_be_relabelled_as_branch_terminal (test_checkpoint_deepstream_protocol_bridge.DeepStreamProtocolBridgeContractTests.test_corrupt_provenance_cannot_be_relabelled_as_branch_terminal) ... ok
test_default_clock_keeps_decision_after_admission_across_host_clock_step_back (test_checkpoint_deepstream_protocol_bridge.DeepStreamProtocolBridgeContractTests.test_default_clock_keeps_decision_after_admission_across_host_clock_step_back) ... ok
test_gpu_topology_uses_native_d2h_boundaries (test_checkpoint_deepstream_protocol_bridge.DeepStreamProtocolBridgeContractTests.test_gpu_topology_uses_native_d2h_boundaries) ... ok
test_nonzero_logical_stream_uses_physical_single_mux_source_zero (test_checkpoint_deepstream_protocol_bridge.DeepStreamProtocolBridgeContractTests.test_nonzero_logical_stream_uses_physical_single_mux_source_zero) ... ok
test_nvds_decoded_counter_is_not_relabelled_as_admission_sequence (test_checkpoint_deepstream_protocol_bridge.DeepStreamProtocolBridgeContractTests.test_nvds_decoded_counter_is_not_relabelled_as_admission_sequence) ... ok
test_nvds_identity_cannot_relabel_software_decode_as_nvdec (test_checkpoint_deepstream_protocol_bridge.DeepStreamProtocolBridgeContractTests.test_nvds_identity_cannot_relabel_software_decode_as_nvdec) ... ok
test_policy_path_clamps_wall_clock_regression_after_decision_ack (test_checkpoint_deepstream_protocol_bridge.DeepStreamProtocolBridgeContractTests.test_policy_path_clamps_wall_clock_regression_after_decision_ack) ... ok
test_pre_detector_queue_drop_retains_verified_branch_model_identity (test_checkpoint_deepstream_protocol_bridge.DeepStreamProtocolBridgeContractTests.test_pre_detector_queue_drop_retains_verified_branch_model_identity) ... ok
test_public_bridge_surface_exists (test_checkpoint_deepstream_protocol_bridge.DeepStreamProtocolBridgeContractTests.test_public_bridge_surface_exists) ... ok
test_serialized_events_clamp_prelock_observation_timestamp_race (test_checkpoint_deepstream_protocol_bridge.DeepStreamProtocolBridgeContractTests.test_serialized_events_clamp_prelock_observation_timestamp_race) ... ok
test_shared_fanout_returns_clamped_serialized_timestamp (test_checkpoint_deepstream_protocol_bridge.DeepStreamProtocolBridgeContractTests.test_shared_fanout_returns_clamped_serialized_timestamp) ... ok
test_shared_graph_has_one_prefix_four_fanouts_and_cpu_gpu_terminals (test_checkpoint_deepstream_protocol_bridge.DeepStreamProtocolBridgeContractTests.test_shared_graph_has_one_prefix_four_fanouts_and_cpu_gpu_terminals) ... ok
test_failed_codec_probe_adds_exact_blocker (test_checkpoint_deepstream_runtime.DeepStreamCapabilityProbeTests.test_failed_codec_probe_adds_exact_blocker) ... ok
test_probe_command_is_argument_safe_and_mounts_only_read_only_inputs (test_checkpoint_deepstream_runtime.DeepStreamCapabilityProbeTests.test_probe_command_is_argument_safe_and_mounts_only_read_only_inputs) ... ok
test_probe_payload_is_strict_and_cannot_claim_publication_evidence (test_checkpoint_deepstream_runtime.DeepStreamCapabilityProbeTests.test_probe_payload_is_strict_and_cannot_claim_publication_evidence) ... ok
test_successful_sdk_and_nvdec_probe_remains_fail_closed (test_checkpoint_deepstream_runtime.DeepStreamCapabilityProbeTests.test_successful_sdk_and_nvdec_probe_remains_fail_closed) ... ok
test_baseline_expands_to_twenty_four_real_process_specs (test_checkpoint_deepstream_runtime.DeepStreamRuntimePlanTests.test_baseline_expands_to_twenty_four_real_process_specs) ... ok
test_baseline_worker_ids_fit_the_operational_request_domain (test_checkpoint_deepstream_runtime.DeepStreamRuntimePlanTests.test_baseline_worker_ids_fit_the_operational_request_domain) ... ok
test_h265_and_every_frozen_policy_deadline_are_propagated_exactly (test_checkpoint_deepstream_runtime.DeepStreamRuntimePlanTests.test_h265_and_every_frozen_policy_deadline_are_propagated_exactly) ... ok
test_pair_plan_requires_equal_persisted_measurement_schedule_fingerprint (test_checkpoint_deepstream_runtime.DeepStreamRuntimePlanTests.test_pair_plan_requires_equal_persisted_measurement_schedule_fingerprint) ... ok
test_plan_rejects_matrix_or_dataset_drift (test_checkpoint_deepstream_runtime.DeepStreamRuntimePlanTests.test_plan_rejects_matrix_or_dataset_drift) ... ok
test_shared_has_six_decode_preprocess_prefixes_and_four_queued_routes (test_checkpoint_deepstream_runtime.DeepStreamRuntimePlanTests.test_shared_has_six_decode_preprocess_prefixes_and_four_queued_routes) ... ok
test_validator_rejects_relabelled_or_collapsed_topology (test_checkpoint_deepstream_runtime.DeepStreamRuntimePlanTests.test_validator_rejects_relabelled_or_collapsed_topology) ... ok
test_dependency_closure_rejects_extraneous_symlinked_wheel (test_checkpoint_deepstream_runtime_source_closure_v3.DeepStreamRuntimeSourceClosureV3Tests.test_dependency_closure_rejects_extraneous_symlinked_wheel) ... ok
test_docker_copy_and_isolated_build_context_match_validated_sets (test_checkpoint_deepstream_runtime_source_closure_v3.DeepStreamRuntimeSourceClosureV3Tests.test_docker_copy_and_isolated_build_context_match_validated_sets) ... ok
test_missing_extraneous_and_unrelated_module_drift_fail_as_expected (test_checkpoint_deepstream_runtime_source_closure_v3.DeepStreamRuntimeSourceClosureV3Tests.test_missing_extraneous_and_unrelated_module_drift_fail_as_expected) ... ok
test_production_allowlist_is_exact_multi_entry_runtime_closure (test_checkpoint_deepstream_runtime_source_closure_v3.DeepStreamRuntimeSourceClosureV3Tests.test_production_allowlist_is_exact_multi_entry_runtime_closure) ... ok
test_baseline_and_shared_events_close_live_protocol_v3_joins (test_checkpoint_openvino_execution_bridge.OpenVINOGVAExecutionBridgeTests.test_baseline_and_shared_events_close_live_protocol_v3_joins) ... ok
test_cpu_and_gpu_dispatch_use_exact_frozen_native_engines (test_checkpoint_openvino_execution_bridge.OpenVINOGVAExecutionBridgeTests.test_cpu_and_gpu_dispatch_use_exact_frozen_native_engines) ... ok
test_exact_eight_endpoint_inventory_handshakes_nonpublication (test_checkpoint_openvino_execution_bridge.OpenVINOGVAExecutionBridgeTests.test_exact_eight_endpoint_inventory_handshakes_nonpublication) ... ok
test_expected_capability_is_assembled_from_binding_and_runtime_probe (test_checkpoint_openvino_execution_bridge.OpenVINOGVAExecutionBridgeTests.test_expected_capability_is_assembled_from_binding_and_runtime_probe) ... ok
test_gpu_endpoint_cannot_relabel_openvino_as_cuda (test_checkpoint_openvino_execution_bridge.OpenVINOGVAExecutionBridgeTests.test_gpu_endpoint_cannot_relabel_openvino_as_cuda) ... ok
test_native_queue_drop_is_protocol_v3_and_never_accepted_evidence (test_checkpoint_openvino_execution_bridge.OpenVINOGVAExecutionBridgeTests.test_native_queue_drop_is_protocol_v3_and_never_accepted_evidence) ... ok
test_real_execution_client_transport_receives_cpu_and_gpu_terminals (test_checkpoint_openvino_execution_bridge.OpenVINOGVAExecutionBridgeTests.test_real_execution_client_transport_receives_cpu_and_gpu_terminals) ... ok
test_rejects_aliased_topology_execution_ids_before_inference (test_checkpoint_openvino_execution_bridge.OpenVINOGVAExecutionBridgeTests.test_rejects_aliased_topology_execution_ids_before_inference) ... ok
test_rejects_generic_tensor_origin_before_inference (test_checkpoint_openvino_execution_bridge.OpenVINOGVAExecutionBridgeTests.test_rejects_generic_tensor_origin_before_inference) ... ok
test_exact_worker_receipt_and_resource_v2_evidence_are_bound (test_checkpoint_openvino_gva_qualification_fragment_v3.OpenVINOGVAQualificationFragmentV3Tests.test_exact_worker_receipt_and_resource_v2_evidence_are_bound) ... ok
test_phase_one_materializes_exact_policy_and_resource_bindings (test_checkpoint_openvino_gva_qualification_fragment_v3.OpenVINOGVAQualificationFragmentV3Tests.test_phase_one_materializes_exact_policy_and_resource_bindings) ... ok
test_physical_source_drift_is_rejected_after_fixture_is_pinned (test_checkpoint_openvino_gva_qualification_fragment_v3.OpenVINOGVAQualificationFragmentV3Tests.test_physical_source_drift_is_rejected_after_fixture_is_pinned) ... ok
test_policy_identity_is_the_external_worker_and_topology_v2_is_invariant (test_checkpoint_openvino_gva_qualification_fragment_v3.OpenVINOGVAQualificationFragmentV3Tests.test_policy_identity_is_the_external_worker_and_topology_v2_is_invariant) ... ok
test_acceptance_summary_serializes_unavailable_metrics_as_json_null (test_checkpoint_publication_runtime.CheckpointPublicationRuntimeTests.test_acceptance_summary_serializes_unavailable_metrics_as_json_null) ... ok
test_branch_promotion_requires_protocol_v3_native_outcomes (test_checkpoint_publication_runtime.CheckpointPublicationRuntimeTests.test_branch_promotion_requires_protocol_v3_native_outcomes) ... ok
test_checkpoint_aggregate_backend_is_exact_and_fail_closed_per_native_system (test_checkpoint_publication_runtime.CheckpointPublicationRuntimeTests.test_checkpoint_aggregate_backend_is_exact_and_fail_closed_per_native_system) ... ok
test_frame_intervals_are_derived_from_direct_parent_and_join_timestamps (test_checkpoint_publication_runtime.CheckpointPublicationRuntimeTests.test_frame_intervals_are_derived_from_direct_parent_and_join_timestamps) ... ok
test_frame_intervals_reject_inferred_policy_and_resource_labels (test_checkpoint_publication_runtime.CheckpointPublicationRuntimeTests.test_frame_intervals_reject_inferred_policy_and_resource_labels) ... ok
test_independent_mixed_and_all_prefix_reduce_only_completed_stages (test_checkpoint_publication_runtime.CheckpointPublicationRuntimeTests.test_independent_mixed_and_all_prefix_reduce_only_completed_stages) ... ok
test_ingress_promotion_rejects_censoring_and_non_native_terminal_provenance (test_checkpoint_publication_runtime.CheckpointPublicationRuntimeTests.test_ingress_promotion_rejects_censoring_and_non_native_terminal_provenance) ... ok
test_native_policy_promotion_rejects_duplicate_missing_and_drifted_cohort (test_checkpoint_publication_runtime.CheckpointPublicationRuntimeTests.test_native_policy_promotion_rejects_duplicate_missing_and_drifted_cohort) ... ok
test_native_policy_promotion_uses_only_accepted_measurement_frames (test_checkpoint_publication_runtime.CheckpointPublicationRuntimeTests.test_native_policy_promotion_uses_only_accepted_measurement_frames) ... ok
test_native_resource_producer_matches_physical_intervals_and_excludes_warmup_drain (test_checkpoint_publication_runtime.CheckpointPublicationRuntimeTests.test_native_resource_producer_matches_physical_intervals_and_excludes_warmup_drain) ... ok
test_native_resource_producer_refuses_existing_target_and_precedes_publication (test_checkpoint_publication_runtime.CheckpointPublicationRuntimeTests.test_native_resource_producer_refuses_existing_target_and_precedes_publication) ... ok
test_native_resource_producer_rejects_missing_duplicate_invalid_and_extra_intervals (test_checkpoint_publication_runtime.CheckpointPublicationRuntimeTests.test_native_resource_producer_rejects_missing_duplicate_invalid_and_extra_intervals) ... ok
test_native_resource_producer_uses_direct_reason_with_projected_topology_events (test_checkpoint_publication_runtime.CheckpointPublicationRuntimeTests.test_native_resource_producer_uses_direct_reason_with_projected_topology_events) ... ok
test_prefix_reduction_rejects_fabricated_or_missing_stages_and_forged_lineage (test_checkpoint_publication_runtime.CheckpointPublicationRuntimeTests.test_prefix_reduction_rejects_fabricated_or_missing_stages_and_forged_lineage) ... ok
test_publication_requires_preexisting_native_policy_and_resource_sidecars (test_checkpoint_publication_runtime.CheckpointPublicationRuntimeTests.test_publication_requires_preexisting_native_policy_and_resource_sidecars) ... ok
test_shared_all_prefix_has_decode_only_and_partial_prefix_fails (test_checkpoint_publication_runtime.CheckpointPublicationRuntimeTests.test_shared_all_prefix_has_decode_only_and_partial_prefix_fails) ... ok
test_acceptance_atomic_commit_three_windows_exact_retry (test_checkpoint_qualification_pilot_acceptance_v1.CheckpointQualificationPilotAcceptanceV1Tests.test_acceptance_atomic_commit_three_windows_exact_retry) ... ok
test_accepts_real_index_v2_and_bootstrap_v2_output_shapes (test_checkpoint_qualification_pilot_acceptance_v1.CheckpointQualificationPilotAcceptanceV1Tests.test_accepts_real_index_v2_and_bootstrap_v2_output_shapes) ... ok
test_commits_distinct_non_authorizing_acceptance_last (test_checkpoint_qualification_pilot_acceptance_v1.CheckpointQualificationPilotAcceptanceV1Tests.test_commits_distinct_non_authorizing_acceptance_last) ... ok
test_guardian_live_validation_is_bound_to_preprocessing_authority (test_checkpoint_qualification_pilot_acceptance_v1.CheckpointQualificationPilotAcceptanceV1Tests.test_guardian_live_validation_is_bound_to_preprocessing_authority) ... ok
test_validator_rehashes_evidence_bootstrap_and_model_parity_binding (test_checkpoint_qualification_pilot_acceptance_v1.CheckpointQualificationPilotAcceptanceV1Tests.test_validator_rehashes_evidence_bootstrap_and_model_parity_binding) ... ok
test_validator_requires_exact_14_hashes_and_exact_identities (test_checkpoint_qualification_pilot_acceptance_v1.CheckpointQualificationPilotAcceptanceV1Tests.test_validator_requires_exact_14_hashes_and_exact_identities) ... ok
test_baseline_join_pairs_native_input_key_not_worker_local_ordinals (test_checkpoint_runtime.CheckpointRuntimeTests.test_baseline_join_pairs_native_input_key_not_worker_local_ordinals) ... ok
test_baseline_workers_use_distinct_observed_pids_and_emit_live_join (test_checkpoint_runtime.CheckpointRuntimeTests.test_baseline_workers_use_distinct_observed_pids_and_emit_live_join) ... ok
test_blueprint_expands_to_24_baseline_and_6_shared_process_assignments (test_checkpoint_runtime.CheckpointRuntimeTests.test_blueprint_expands_to_24_baseline_and_6_shared_process_assignments) ... ok
test_central_admission_is_durable_before_failed_ack (test_checkpoint_runtime.CheckpointRuntimeTests.test_central_admission_is_durable_before_failed_ack) ... ok
test_common_start_rejects_unknown_native_clock_epoch (test_checkpoint_runtime.CheckpointRuntimeTests.test_common_start_rejects_unknown_native_clock_epoch) ... ok
test_common_start_selects_clock_matching_native_ready_epoch (test_checkpoint_runtime.CheckpointRuntimeTests.test_common_start_selects_clock_matching_native_ready_epoch) ... ok
test_cpp_admission_transport_round_trips_binary_payload_and_rejects_truncation (test_checkpoint_runtime.CheckpointRuntimeTests.test_cpp_admission_transport_round_trips_binary_payload_and_rejects_truncation) ... ok
test_cpp_analytics_terminal_transport_rejects_identity_and_ambiguous_drop (test_checkpoint_runtime.CheckpointRuntimeTests.test_cpp_analytics_terminal_transport_rejects_identity_and_ambiguous_drop) ... ok
test_cpp_emitter_writes_parseable_gap_free_protocol (test_checkpoint_runtime.CheckpointRuntimeTests.test_cpp_emitter_writes_parseable_gap_free_protocol) ... ok
test_cpp_gstreamer_frame_mapping_uses_negotiated_video_info (test_checkpoint_runtime.CheckpointRuntimeTests.test_cpp_gstreamer_frame_mapping_uses_negotiated_video_info) ... ok
test_cpp_resource_interval_emitter_writes_runtime_only_fanout_contract (test_checkpoint_runtime.CheckpointRuntimeTests.test_cpp_resource_interval_emitter_writes_runtime_only_fanout_contract) ... ok
test_decoder_placement_status_closes_during_warmup_before_measurement (test_checkpoint_runtime.CheckpointRuntimeTests.test_decoder_placement_status_closes_during_warmup_before_measurement) ... ok
test_decoder_placement_status_is_required_before_measurement (test_checkpoint_runtime.CheckpointRuntimeTests.test_decoder_placement_status_is_required_before_measurement) ... ok
test_decoder_placement_worker_exit_reports_identity_code_and_states (test_checkpoint_runtime.CheckpointRuntimeTests.test_decoder_placement_worker_exit_reports_identity_code_and_states) ... ok
test_early_exit_before_ready_lists_process_and_returncode (test_checkpoint_runtime.CheckpointRuntimeTests.test_early_exit_before_ready_lists_process_and_returncode) ... ok
test_explicit_native_branch_drop_resolves_frame_without_creating_join (test_checkpoint_runtime.CheckpointRuntimeTests.test_explicit_native_branch_drop_resolves_frame_without_creating_join) ... ok
test_full_publication_pair_plan_binds_h264_and_h265_exactly (test_checkpoint_runtime.CheckpointRuntimeTests.test_full_publication_pair_plan_binds_h264_and_h265_exactly) ... ok
test_gstreamer_analytics_terminal_and_queue_emit_native_outcomes (test_checkpoint_runtime.CheckpointRuntimeTests.test_gstreamer_analytics_terminal_and_queue_emit_native_outcomes) ... ok
test_gstreamer_engineering_specs_bind_every_blueprint_process_without_unblocking (test_checkpoint_runtime.CheckpointRuntimeTests.test_gstreamer_engineering_specs_bind_every_blueprint_process_without_unblocking) ... ok
test_gstreamer_native_runtime_selects_v2_join_contract (test_checkpoint_runtime.CheckpointRuntimeTests.test_gstreamer_native_runtime_selects_v2_join_contract) ... ok
test_incomplete_shared_branch_remains_unresolved_and_cannot_create_join (test_checkpoint_runtime.CheckpointRuntimeTests.test_incomplete_shared_branch_remains_unresolved_and_cannot_create_join) ... ok
test_join_coordinator_keeps_v1_and_v2_shapes_strictly_separate (test_checkpoint_runtime.CheckpointRuntimeTests.test_join_coordinator_keeps_v1_and_v2_shapes_strictly_separate) ... ok
test_native_analytics_terminal_mode_requires_explicit_branch_aware_adapter (test_checkpoint_runtime.CheckpointRuntimeTests.test_native_analytics_terminal_mode_requires_explicit_branch_aware_adapter) ... ok
test_native_policy_worker_specs_bind_exact_policy_and_deadline (test_checkpoint_runtime.CheckpointRuntimeTests.test_native_policy_worker_specs_bind_exact_policy_and_deadline) ... ok
test_native_policy_worker_specs_inject_frozen_manifest_identities (test_checkpoint_runtime.CheckpointRuntimeTests.test_native_policy_worker_specs_inject_frozen_manifest_identities) ... ok
test_native_postdecode_prefix_drop_closes_baseline_after_decode (test_checkpoint_runtime.CheckpointRuntimeTests.test_native_postdecode_prefix_drop_closes_baseline_after_decode) ... ok
test_native_postdecode_prefix_drop_closes_every_shared_branch_after_decode (test_checkpoint_runtime.CheckpointRuntimeTests.test_native_postdecode_prefix_drop_closes_every_shared_branch_after_decode) ... ok
test_native_predecode_ingress_drop_is_rejected_for_baseline (test_checkpoint_runtime.CheckpointRuntimeTests.test_native_predecode_ingress_drop_is_rejected_for_baseline) ... ok
test_native_predecode_ingress_drop_is_rejected_for_shared (test_checkpoint_runtime.CheckpointRuntimeTests.test_native_predecode_ingress_drop_is_rejected_for_shared) ... ok
test_native_probe_source_contains_physical_checkpoint_graphs_and_direct_emitter (test_checkpoint_runtime.CheckpointRuntimeTests.test_native_probe_source_contains_physical_checkpoint_graphs_and_direct_emitter) ... ok
test_native_subprocess_environment_does_not_leak_python_import_paths (test_checkpoint_runtime.CheckpointRuntimeTests.test_native_subprocess_environment_does_not_leak_python_import_paths) ... ok
test_parent_must_arrive_on_direct_pipe_before_child (test_checkpoint_runtime.CheckpointRuntimeTests.test_parent_must_arrive_on_direct_pipe_before_child) ... ok
test_post_start_failure_preserves_primary_process_stderr (test_checkpoint_runtime.CheckpointRuntimeTests.test_post_start_failure_preserves_primary_process_stderr) ... ok
test_publication_runtime_requires_gpu_aware_registry_refresh (test_checkpoint_runtime.CheckpointRuntimeTests.test_publication_runtime_requires_gpu_aware_registry_refresh) ... ok
test_ready_timeout_lists_missing_workers (test_checkpoint_runtime.CheckpointRuntimeTests.test_ready_timeout_lists_missing_workers) ... ok
test_reference_analytics_terminal_requires_verified_branch_model_manifest (test_checkpoint_runtime.CheckpointRuntimeTests.test_reference_analytics_terminal_requires_verified_branch_model_manifest) ... ok
test_registry_template_is_copied_to_distinct_immutable_runtime_seeds (test_checkpoint_runtime.CheckpointRuntimeTests.test_registry_template_is_copied_to_distinct_immutable_runtime_seeds) ... ok
test_runtime_branch_terminal_artifact_preserves_v3_without_becoming_accepted (test_checkpoint_runtime.CheckpointRuntimeTests.test_runtime_branch_terminal_artifact_preserves_v3_without_becoming_accepted) ... ok
test_runtime_fanout_fragments_are_topology_bound_and_not_accepted (test_checkpoint_runtime.CheckpointRuntimeTests.test_runtime_fanout_fragments_are_topology_bound_and_not_accepted) ... ok
test_runtime_stage_contract_fragments_are_pid_bound_merged_and_validated (test_checkpoint_runtime.CheckpointRuntimeTests.test_runtime_stage_contract_fragments_are_pid_bound_merged_and_validated) ... ok
test_shared_worker_emits_one_prefix_four_fanouts_and_live_join (test_checkpoint_runtime.CheckpointRuntimeTests.test_shared_worker_emits_one_prefix_four_fanouts_and_live_join) ... ok
test_slow_ready_does_not_consume_synchronized_execution_budget (test_checkpoint_runtime.CheckpointRuntimeTests.test_slow_ready_does_not_consume_synchronized_execution_budget) ... ok
test_source_provenance_validation_rejects_manifest_hash_drift (test_checkpoint_runtime.CheckpointRuntimeTests.test_source_provenance_validation_rejects_manifest_hash_drift) ... ok
test_spawn_fd_close_failure_still_reaps_the_original_child (test_checkpoint_runtime.CheckpointRuntimeTests.test_spawn_fd_close_failure_still_reaps_the_original_child) ... ok
test_term_ignoring_children_are_killed_and_reaped_before_cleanup_returns (test_checkpoint_runtime.CheckpointRuntimeTests.test_term_ignoring_children_are_killed_and_reaped_before_cleanup_returns) ... ok
test_terminal_cohort_uses_half_open_schedule_offsets_not_wall_clock_jitter (test_checkpoint_runtime.CheckpointRuntimeTests.test_terminal_cohort_uses_half_open_schedule_offsets_not_wall_clock_jitter) ... ok
test_worker_cannot_claim_join_or_skip_sequence (test_checkpoint_runtime.CheckpointRuntimeTests.test_worker_cannot_claim_join_or_skip_sequence) ... ok
test_worker_policy_sock_seqpacket_fd_is_inherited_and_served (test_checkpoint_runtime.CheckpointRuntimeTests.test_worker_policy_sock_seqpacket_fd_is_inherited_and_served) ... ok
test_baseline_module_is_bound_to_one_branch_and_module_identity (test_checkpoint_savant_protocol_bridge.SavantProtocolBridgeTests.test_baseline_module_is_bound_to_one_branch_and_module_identity) ... ok
test_bridge_and_delegate_topology_or_stream_drift_is_rejected (test_checkpoint_savant_protocol_bridge.SavantProtocolBridgeTests.test_bridge_and_delegate_topology_or_stream_drift_is_rejected) ... ok
test_savant_metadata_cannot_relabel_module_frame_or_origin (test_checkpoint_savant_protocol_bridge.SavantProtocolBridgeTests.test_savant_metadata_cannot_relabel_module_frame_or_origin) ... ok
test_shared_module_closes_one_live_protocol_v3_join (test_checkpoint_savant_protocol_bridge.SavantProtocolBridgeTests.test_shared_module_closes_one_live_protocol_v3_join) ... ok
test_constant_dynamic_local_import_is_in_the_reachable_set (test_checkpoint_savant_runtime_source_closure_v3.SavantRuntimeSourceClosureV3Tests.test_constant_dynamic_local_import_is_in_the_reachable_set) ... ok
test_docker_copy_and_ab_build_use_only_validated_allowlist (test_checkpoint_savant_runtime_source_closure_v3.SavantRuntimeSourceClosureV3Tests.test_docker_copy_and_ab_build_use_only_validated_allowlist) ... ok
test_frozen_cpu_manifest_is_hash_bound_into_the_runtime_image (test_checkpoint_savant_runtime_source_closure_v3.SavantRuntimeSourceClosureV3Tests.test_frozen_cpu_manifest_is_hash_bound_into_the_runtime_image) ... ok
test_missing_and_extraneous_transitive_imports_fail_closed (test_checkpoint_savant_runtime_source_closure_v3.SavantRuntimeSourceClosureV3Tests.test_missing_and_extraneous_transitive_imports_fail_closed) ... ok
test_production_allowlist_is_exact_multi_entry_runtime_closure (test_checkpoint_savant_runtime_source_closure_v3.SavantRuntimeSourceClosureV3Tests.test_production_allowlist_is_exact_multi_entry_runtime_closure) ... ok
test_runtime_consumes_the_native_foundation_drop_queue (test_checkpoint_savant_runtime_source_closure_v3.SavantRuntimeSourceClosureV3Tests.test_runtime_consumes_the_native_foundation_drop_queue) ... ok
test_accepted_policy_receipt_foreign_kind_is_rejected_before_output (test_full_consumers_foreign_kind_v1.AcceptedPolicyPreprocessingForeignKindTests.test_accepted_policy_receipt_foreign_kind_is_rejected_before_output) ... ok
test_completed_qualification_index_foreign_kind_is_rejected_before_output (test_full_consumers_foreign_kind_v1.AcceptedPolicyPreprocessingForeignKindTests.test_completed_qualification_index_foreign_kind_is_rejected_before_output) ... ok
test_every_nonplan_command_rejects_foreign_identity_manifest_before_run_root (test_full_consumers_foreign_kind_v1.FullPublicationEntrypointForeignKindTests.test_every_nonplan_command_rejects_foreign_identity_manifest_before_run_root) ... ok
test_foreign_policy_receipt_is_rejected_before_private_candidate (test_full_consumers_foreign_kind_v1.FullPublicationIdentityManifestV2ForeignKindTests.test_foreign_policy_receipt_is_rejected_before_private_candidate) ... ok
test_cli_rejects_foreign_identity_manifest_before_state_or_lock (test_full_consumers_foreign_kind_v1.FullPublicationSupervisorForeignKindTests.test_cli_rejects_foreign_identity_manifest_before_state_or_lock) ... ok
test_materialize_rejects_foreign_identity_manifest_before_bundle (test_full_consumers_foreign_kind_v1.FullPublicationWslServiceForeignKindTests.test_materialize_rejects_foreign_identity_manifest_before_bundle) ... ok
test_promotion_cli_rejects_foreign_index_kind_before_output (test_full_consumers_foreign_kind_v1.PolicyPromotionForeignKindTests.test_promotion_cli_rejects_foreign_index_kind_before_output) ... ok
test_foreign_pilot_acceptance_kind_is_rejected_before_index_output (test_full_consumers_foreign_kind_v1.PolicyQualificationIndexBuilderForeignKindTests.test_foreign_pilot_acceptance_kind_is_rejected_before_index_output) ... ok
test_phase1_rejects_foreign_source_spec_before_output (test_full_consumers_foreign_kind_v1.Q4AuthorityPlanPipelineForeignKindTests.test_phase1_rejects_foreign_source_spec_before_output) ... ok
test_phase2_rejects_foreign_phase1_receipt_before_output (test_full_consumers_foreign_kind_v1.Q4AuthorityPlanPipelineForeignKindTests.test_phase2_rejects_foreign_phase1_receipt_before_output) ... ok
test_source_spec_phase_rejects_foreign_source_material_before_output (test_full_consumers_foreign_kind_v1.Q4AuthorityPlanPipelineForeignKindTests.test_source_spec_phase_rejects_foreign_source_material_before_output) ... ok
test_foreign_nested_accepted_source_is_rejected_before_output (test_full_consumers_foreign_kind_v1.Q4AuthoritySourceMaterialForeignKindTests.test_foreign_nested_accepted_source_is_rejected_before_output) ... ok
test_foreign_accepted_policy_receipt_is_rejected_before_output (test_full_consumers_foreign_kind_v1.Q4AuthoritySourceRequestForeignKindTests.test_foreign_accepted_policy_receipt_is_rejected_before_output) ... ok
test_cli_rejects_foreign_source_registry_before_work_dir (test_full_consumers_foreign_kind_v1.Q4TwoPhaseExecutorForeignKindTests.test_cli_rejects_foreign_source_registry_before_work_dir) ... ok
test_cli_rejects_foreign_phase_receipts_before_work_dir_or_lock (test_full_consumers_foreign_kind_v1.Q4TwoPhaseExecutorPhaseReceiptForeignKindTests.test_cli_rejects_foreign_phase_receipts_before_work_dir_or_lock) ... ok
test_preprocessing_receipt_foreign_kind_exits_before_output (test_full_consumers_foreign_kind_v1.QualificationExecutionClosureForeignKindTests.test_preprocessing_receipt_foreign_kind_exits_before_output) ... ok
test_transaction_receipt_foreign_kind_exits_before_output (test_full_consumers_foreign_kind_v1.QualificationExecutionClosureForeignKindTests.test_transaction_receipt_foreign_kind_exits_before_output) ... ok
test_candidate_index_foreign_kind_is_rejected_before_pilot_root_or_lock (test_full_consumers_foreign_kind_v1.QualificationPilotExecutorForeignKindTests.test_candidate_index_foreign_kind_is_rejected_before_pilot_root_or_lock) ... ok
test_runtime_receipt_foreign_kind_is_rejected_before_pilot_root_or_lock (test_full_consumers_foreign_kind_v1.QualificationPilotExecutorForeignKindTests.test_runtime_receipt_foreign_kind_is_rejected_before_pilot_root_or_lock) ... ok
test_candidate_index_foreign_kind_is_rejected_before_bundle_output (test_full_consumers_foreign_kind_v1.QualificationRuntimeInputsForeignKindTests.test_candidate_index_foreign_kind_is_rejected_before_bundle_output) ... ok
test_transaction_receipt_foreign_kind_is_rejected_before_bundle_output (test_full_consumers_foreign_kind_v1.QualificationRuntimeInputsForeignKindTests.test_transaction_receipt_foreign_kind_is_rejected_before_bundle_output) ... ok
test_promotion_cli_rejects_foreign_index_kind_before_output (test_full_consumers_foreign_kind_v1.ResourcePromotionForeignKindTests.test_promotion_cli_rejects_foreign_index_kind_before_output) ... ok
test_foreign_pilot_acceptance_kind_is_rejected_before_index_output (test_full_consumers_foreign_kind_v1.ResourceQualificationIndexBuilderForeignKindTests.test_foreign_pilot_acceptance_kind_is_rejected_before_index_output) ... ok
test_coordinated_policy_manifest_sha_drift_is_rejected_by_literal_pin (test_full_publication_entrypoint.AcceptedPolicyCapabilityManifestTests.test_coordinated_policy_manifest_sha_drift_is_rejected_by_literal_pin) ... ok
test_descriptor_must_exactly_match_identity_file_set (test_full_publication_entrypoint.AcceptedPolicyCapabilityManifestTests.test_descriptor_must_exactly_match_identity_file_set) ... ok
test_failed_capability_assessment_is_rejected (test_full_publication_entrypoint.AcceptedPolicyCapabilityManifestTests.test_failed_capability_assessment_is_rejected) ... ok
test_happy_path_returns_detached_accepted_manifest (test_full_publication_entrypoint.AcceptedPolicyCapabilityManifestTests.test_happy_path_returns_detached_accepted_manifest) ... ok
test_hash_mismatch_is_rejected (test_full_publication_entrypoint.AcceptedPolicyCapabilityManifestTests.test_hash_mismatch_is_rejected) ... ok
test_missing_descriptor_is_rejected (test_full_publication_entrypoint.AcceptedPolicyCapabilityManifestTests.test_missing_descriptor_is_rejected) ... ok
test_missing_physical_file_is_rejected (test_full_publication_entrypoint.AcceptedPolicyCapabilityManifestTests.test_missing_physical_file_is_rejected) ... ok
test_noncanonical_json_is_rejected (test_full_publication_entrypoint.AcceptedPolicyCapabilityManifestTests.test_noncanonical_json_is_rejected) ... ok
test_path_escape_is_rejected (test_full_publication_entrypoint.AcceptedPolicyCapabilityManifestTests.test_path_escape_is_rejected) ... ok
test_size_mismatch_is_rejected (test_full_publication_entrypoint.AcceptedPolicyCapabilityManifestTests.test_size_mismatch_is_rejected) ... ok
test_symbolic_link_is_rejected (test_full_publication_entrypoint.AcceptedPolicyCapabilityManifestTests.test_symbolic_link_is_rejected) ... ok
test_cloud_capability_environment_cannot_replace_canonical_link_file (test_full_publication_entrypoint.IdentityMaterialTests.test_cloud_capability_environment_cannot_replace_canonical_link_file) ... ok
test_cloud_capability_file_is_consumed_without_layout_assumptions (test_full_publication_entrypoint.IdentityMaterialTests.test_cloud_capability_file_is_consumed_without_layout_assumptions) ... ok
test_cloud_identity_survives_capability_rotation_but_binds_destination_id (test_full_publication_entrypoint.IdentityMaterialTests.test_cloud_identity_survives_capability_rotation_but_binds_destination_id) ... ok
test_identity_binds_untracked_sources_actual_artifacts_images_hardware_and_redacted_cloud (test_full_publication_entrypoint.IdentityMaterialTests.test_identity_binds_untracked_sources_actual_artifacts_images_hardware_and_redacted_cloud) ... ok
test_legacy_identity_binding_cannot_build_execution_identity (test_full_publication_entrypoint.IdentityMaterialTests.test_legacy_identity_binding_cannot_build_execution_identity) ... ok
test_missing_local_container_image_fails_closed (test_full_publication_entrypoint.IdentityMaterialTests.test_missing_local_container_image_fails_closed) ... ok
test_model_hash_mismatch_is_permanent_contract_error (test_full_publication_entrypoint.IdentityMaterialTests.test_model_hash_mismatch_is_permanent_contract_error) ... ok
test_windows_cpu_probe_falls_back_to_cim_when_lscpu_is_unavailable (test_full_publication_entrypoint.IdentityMaterialTests.test_windows_cpu_probe_falls_back_to_cim_when_lscpu_is_unavailable) ... ok
test_cli_expected_pin_cannot_authorize_an_alternate_matrix (test_full_publication_entrypoint.OfflinePublicationPlanTests.test_cli_expected_pin_cannot_authorize_an_alternate_matrix) ... ok
test_nonplan_factory_still_requires_a_run_root (test_full_publication_entrypoint.OfflinePublicationPlanTests.test_nonplan_factory_still_requires_a_run_root) ... ok
test_nonplan_missing_identity_manifest_blocks_before_cloud_consumption (test_full_publication_entrypoint.OfflinePublicationPlanTests.test_nonplan_missing_identity_manifest_blocks_before_cloud_consumption) ... ok
test_offline_plan_fails_closed_on_frozen_policy_drift (test_full_publication_entrypoint.OfflinePublicationPlanTests.test_offline_plan_fails_closed_on_frozen_policy_drift) ... ok
test_policy_contract_literal_pin_rejects_coordinated_dynamic_drift (test_full_publication_entrypoint.OfflinePublicationPlanTests.test_policy_contract_literal_pin_rejects_coordinated_dynamic_drift) ... ok
test_real_plan_factory_is_offline_read_only_and_needs_no_run_root (test_full_publication_entrypoint.OfflinePublicationPlanTests.test_real_plan_factory_is_offline_read_only_and_needs_no_run_root) ... ok
test_system_probe_child_environment_excludes_seafile_capabilities (test_full_publication_entrypoint.OfflinePublicationPlanTests.test_system_probe_child_environment_excludes_seafile_capabilities) ... ok
test_valid_alternate_2800_pair_matrix_is_permanent_78 (test_full_publication_entrypoint.OfflinePublicationPlanTests.test_valid_alternate_2800_pair_matrix_is_permanent_78) ... ok
test_blocked_run_does_not_initialize_run_root (test_full_publication_entrypoint.ProductionEntrypointTests.test_blocked_run_does_not_initialize_run_root) ... ok
test_external_preflight_uses_durable_resume_prefix (test_full_publication_entrypoint.ProductionEntrypointTests.test_external_preflight_uses_durable_resume_prefix) ... ok
test_finalized_export_uses_run_root_default_destination (test_full_publication_entrypoint.ProductionEntrypointTests.test_finalized_export_uses_run_root_default_destination) ... ok
test_incomplete_run_is_not_exported (test_full_publication_entrypoint.ProductionEntrypointTests.test_incomplete_run_is_not_exported) ... ok
test_main_prints_json_and_returns_strict_exit (test_full_publication_entrypoint.ProductionEntrypointTests.test_main_prints_json_and_returns_strict_exit) ... ok
test_parser_exposes_no_cloud_credentials (test_full_publication_entrypoint.ProductionEntrypointTests.test_parser_exposes_no_cloud_credentials) ... ok
test_plan_and_preflight_are_read_only (test_full_publication_entrypoint.ProductionEntrypointTests.test_plan_and_preflight_are_read_only) ... ok
test_plan_preflight_and_run_reject_matrix_identity_drift_before_execution (test_full_publication_entrypoint.ProductionEntrypointTests.test_plan_preflight_and_run_reject_matrix_identity_drift_before_execution) ... ok
test_ready_run_delegates_and_preserves_runner_exit_semantics (test_full_publication_entrypoint.ProductionEntrypointTests.test_ready_run_delegates_and_preserves_runner_exit_semantics) ... ok
test_status_verify_and_finalize_exit_codes (test_full_publication_entrypoint.ProductionEntrypointTests.test_status_verify_and_finalize_exit_codes) ... ok
test_transient_external_preflight_maps_to_75_without_run (test_full_publication_entrypoint.ProductionEntrypointTests.test_transient_external_preflight_maps_to_75_without_run) ... ok
test_accepted_policy_manifest_is_injected_only_into_readiness_copy (test_full_publication_entrypoint.ProductionReadinessTests.test_accepted_policy_manifest_is_injected_only_into_readiness_copy) ... ok
test_conflicting_config_policy_manifest_is_rejected (test_full_publication_entrypoint.ProductionReadinessTests.test_conflicting_config_policy_manifest_is_rejected) ... ok
test_hardware_mismatch_blocks_otherwise_ready_assessment (test_full_publication_entrypoint.ProductionReadinessTests.test_hardware_mismatch_blocks_otherwise_ready_assessment) ... ok
test_tampered_parity_grant_is_rejected_before_scientific_readiness (test_full_publication_entrypoint.ProductionReadinessTests.test_tampered_parity_grant_is_rejected_before_scientific_readiness) ... ok
test_verified_grant_is_forwarded_to_scientific_readiness (test_full_publication_entrypoint.ProductionReadinessTests.test_verified_grant_is_forwarded_to_scientific_readiness) ... ok
test_verified_grant_rejects_legacy_scientific_validator_signature (test_full_publication_entrypoint.ProductionReadinessTests.test_verified_grant_rejects_legacy_scientific_validator_signature) ... ok
test_run_root_is_confined_to_a_dedicated_publication_child (test_full_publication_entrypoint.ProductionRunRootGuardTests.test_run_root_is_confined_to_a_dedicated_publication_child) ... ok
test_default_real_arm_routes_only_through_production_v3_transaction (test_full_publication_entrypoint.RealArmRunnerTests.test_default_real_arm_routes_only_through_production_v3_transaction) ... ok
test_exact_primary_architecture_pair_metadata_is_validated_and_forwarded (test_full_publication_entrypoint.RealArmRunnerTests.test_exact_primary_architecture_pair_metadata_is_validated_and_forwarded) ... ok
test_exactly_maps_frozen_arm_to_run_one_in_local_heterogeneous_mode (test_full_publication_entrypoint.RealArmRunnerTests.test_exactly_maps_frozen_arm_to_run_one_in_local_heterogeneous_mode) ... ok
test_identity_artifact_guard_rehashes_despite_unchanged_size_and_mtime (test_full_publication_entrypoint.RealArmRunnerTests.test_identity_artifact_guard_rehashes_despite_unchanged_size_and_mtime) ... ok
test_pins_every_container_reference_to_frozen_image_id (test_full_publication_entrypoint.RealArmRunnerTests.test_pins_every_container_reference_to_frozen_image_id) ... ok
test_primary_architecture_pair_arm_position_is_crossbound (test_full_publication_entrypoint.RealArmRunnerTests.test_primary_architecture_pair_arm_position_is_crossbound) ... ok
test_primary_architecture_pair_metadata_is_required_only_for_exact_cell (test_full_publication_entrypoint.RealArmRunnerTests.test_primary_architecture_pair_metadata_is_required_only_for_exact_cell) ... ok
test_production_executor_passes_ro_ext4_contract_to_transaction (test_full_publication_entrypoint.RealArmRunnerTests.test_production_executor_passes_ro_ext4_contract_to_transaction) ... ok
test_production_v3_existing_plain_arm_resumes_without_prepare (test_full_publication_entrypoint.RealArmRunnerTests.test_production_v3_existing_plain_arm_resumes_without_prepare) ... ok
test_production_v3_rejects_unaccepted_semantic_authority (test_full_publication_entrypoint.RealArmRunnerTests.test_production_v3_rejects_unaccepted_semantic_authority) ... ok
test_rejects_arm_protocol_drift_before_launch (test_full_publication_entrypoint.RealArmRunnerTests.test_rejects_arm_protocol_drift_before_launch) ... ok
test_rejects_codec_dataset_mapping_drift (test_full_publication_entrypoint.RealArmRunnerTests.test_rejects_codec_dataset_mapping_drift) ... ok
test_rejects_execution_input_drift_before_launch (test_full_publication_entrypoint.RealArmRunnerTests.test_rejects_execution_input_drift_before_launch) ... ok
test_rejects_parity_grant_that_does_not_match_immutable_identity (test_full_publication_entrypoint.RealArmRunnerTests.test_rejects_parity_grant_that_does_not_match_immutable_identity) ... ok
test_rejects_run_one_result_identity_drift (test_full_publication_entrypoint.RealArmRunnerTests.test_rejects_run_one_result_identity_drift) ... ok
test_rejects_run_one_that_cannot_receive_parity_grant_before_launch (test_full_publication_entrypoint.RealArmRunnerTests.test_rejects_run_one_that_cannot_receive_parity_grant_before_launch) ... ok
test_semantic_validator_crossbinds_acceptance_metadata_and_evidence (test_full_publication_entrypoint.RealArmRunnerTests.test_semantic_validator_crossbinds_acceptance_metadata_and_evidence) ... ok
test_accepted_artifacts_form_canonical_binding_and_guard_file_set (test_full_publication_identity_artifacts.FullPublicationIdentityArtifactTests.test_accepted_artifacts_form_canonical_binding_and_guard_file_set) ... ok
test_active_publication_dataset_ids_are_kpp_iss_v3 (test_full_publication_identity_artifacts.FullPublicationIdentityArtifactTests.test_active_publication_dataset_ids_are_kpp_iss_v3) ... ok
test_cold_load_parent_swap_never_accepts_attacker_receipt (test_full_publication_identity_artifacts.FullPublicationIdentityArtifactTests.test_cold_load_parent_swap_never_accepts_attacker_receipt) ... ok
test_cold_load_parent_swap_restored_with_exact_copy_fails_closed (test_full_publication_identity_artifacts.FullPublicationIdentityArtifactTests.test_cold_load_parent_swap_restored_with_exact_copy_fails_closed) ... ok
test_content_identity_and_hardlink_alias_fail_closed (test_full_publication_identity_artifacts.FullPublicationIdentityArtifactTests.test_content_identity_and_hardlink_alias_fail_closed) ... ok
test_descriptor_drift_and_unaccepted_receipt_fail_closed (test_full_publication_identity_artifacts.FullPublicationIdentityArtifactTests.test_descriptor_drift_and_unaccepted_receipt_fail_closed) ... ok
test_legacy_parity_acceptance_is_rejected_for_full_publication (test_full_publication_identity_artifacts.FullPublicationIdentityArtifactTests.test_legacy_parity_acceptance_is_rejected_for_full_publication) ... ok
test_missing_default_manifest_is_an_explicit_blocker (test_full_publication_identity_artifacts.FullPublicationIdentityArtifactTests.test_missing_default_manifest_is_an_explicit_blocker) ... ok
test_parity_transaction_descriptor_drift_fails_closed (test_full_publication_identity_artifacts.FullPublicationIdentityArtifactTests.test_parity_transaction_descriptor_drift_fails_closed) ... ok
test_resource_coverage_accepts_more_than_the_minimum_when_totals_bind (test_full_publication_identity_artifacts.FullPublicationIdentityArtifactTests.test_resource_coverage_accepts_more_than_the_minimum_when_totals_bind) ... ok
test_atomic_no_overwrite_failure_removes_only_private_tempfile (test_full_publication_identity_manifest_v2.FullPublicationIdentityManifestV2Tests.test_atomic_no_overwrite_failure_removes_only_private_tempfile) ... ok
test_candidate_loader_parent_swap_restored_after_read_fails_closed (test_full_publication_identity_manifest_v2.FullPublicationIdentityManifestV2Tests.test_candidate_loader_parent_swap_restored_after_read_fails_closed) ... ok
test_concurrent_destination_creation_is_never_overwritten (test_full_publication_identity_manifest_v2.FullPublicationIdentityManifestV2Tests.test_concurrent_destination_creation_is_never_overwritten) ... ok
test_materializes_then_physically_validates_complete_manifest (test_full_publication_identity_manifest_v2.FullPublicationIdentityManifestV2Tests.test_materializes_then_physically_validates_complete_manifest) ... ok
test_missing_artifact_alias_and_output_collision_fail_before_replacement (test_full_publication_identity_manifest_v2.FullPublicationIdentityManifestV2Tests.test_missing_artifact_alias_and_output_collision_fail_before_replacement) ... ok
test_same_path_retry_recovers_every_physical_publish_window (test_full_publication_identity_manifest_v2.FullPublicationIdentityManifestV2Tests.test_same_path_retry_recovers_every_physical_publish_window) ... ok
test_identity_descriptor_grammar_rejects_windows_and_root_escapes (test_full_publication_identity_runtime_authority_v3.FullPublicationIdentityRuntimeAuthorityV3Tests.test_identity_descriptor_grammar_rejects_windows_and_root_escapes) ... ok
test_launcher_registration_never_uses_shared_leaf_exception (test_full_publication_identity_runtime_authority_v3.FullPublicationIdentityRuntimeAuthorityV3Tests.test_launcher_registration_never_uses_shared_leaf_exception) ... ok
test_shared_leaf_registry_dedupes_only_exact_same_path_and_inode (test_full_publication_identity_runtime_authority_v3.FullPublicationIdentityRuntimeAuthorityV3Tests.test_shared_leaf_registry_dedupes_only_exact_same_path_and_inode) ... ok
test_v3_candidate_becomes_non_authorizing_identity_binding (test_full_publication_identity_runtime_authority_v3.FullPublicationIdentityRuntimeAuthorityV3Tests.test_v3_candidate_becomes_non_authorizing_identity_binding) ... ok
test_v3_inconsistent_untrusted_validator_identity_fails_closed (test_full_publication_identity_runtime_authority_v3.FullPublicationIdentityRuntimeAuthorityV3Tests.test_v3_inconsistent_untrusted_validator_identity_fails_closed) ... ok
test_v3_receipt_candidate_status_cannot_be_promoted_by_relabelling (test_full_publication_identity_runtime_authority_v3.FullPublicationIdentityRuntimeAuthorityV3Tests.test_v3_receipt_candidate_status_cannot_be_promoted_by_relabelling) ... ok
test_v3_shared_runtime_leaf_physical_drift_fails_closed (test_full_publication_identity_runtime_authority_v3.FullPublicationIdentityRuntimeAuthorityV3Tests.test_v3_shared_runtime_leaf_physical_drift_fails_closed) ... ok
test_adaptive_v2_bundle_rejects_missing_and_tampered_jsonl (test_full_resource_publication.FullResourcePublicationTests.test_adaptive_v2_bundle_rejects_missing_and_tampered_jsonl) ... ok
test_backend_run_contract_requires_current_crossbound_parity_grant (test_full_resource_publication.FullResourcePublicationTests.test_backend_run_contract_requires_current_crossbound_parity_grant) ... ok
test_config_self_declared_post_run_acceptance_cannot_select_full_scope (test_full_resource_publication.FullResourcePublicationTests.test_config_self_declared_post_run_acceptance_cannot_select_full_scope) ... ok
test_grant_is_derived_only_from_exact_validated_identity_binding (test_full_resource_publication.FullResourcePublicationTests.test_grant_is_derived_only_from_exact_validated_identity_binding) ... ok
test_grant_rejects_legacy_identity_binding_schema_v1 (test_full_resource_publication.FullResourcePublicationTests.test_grant_rejects_legacy_identity_binding_schema_v1) ... ok
test_run_contract_binds_grant_and_resume_identity_will_detect_drift (test_full_resource_publication.FullResourcePublicationTests.test_run_contract_binds_grant_and_resume_identity_will_detect_drift) ... ok
test_v2_bundle_identity_binds_every_resource_sidecar (test_full_resource_publication.FullResourcePublicationTests.test_v2_bundle_identity_binds_every_resource_sidecar) ... ok
test_v2_scope_extends_v1_with_exact_resource_evidence (test_full_resource_publication.FullResourcePublicationTests.test_v2_scope_extends_v1_with_exact_resource_evidence) ... ok
test_verified_pre_run_grant_selects_full_scope_while_config_evidence_is_false (test_full_resource_publication.FullResourcePublicationTests.test_verified_pre_run_grant_selects_full_scope_while_config_evidence_is_false) ... ok
test_active_publication_dataset_ids_are_kpp_iss_v3 (test_full_resource_qualification.FullResourceQualificationTests.test_active_publication_dataset_ids_are_kpp_iss_v3) ... ok
test_complete_matrix_is_pure_and_separates_pre_run_from_per_arm_acceptance (test_full_resource_qualification.FullResourceQualificationTests.test_complete_matrix_is_pure_and_separates_pre_run_from_per_arm_acceptance) ... ok
test_completed_legacy_schema_or_missing_closure_cannot_be_assessed (test_full_resource_qualification.FullResourceQualificationTests.test_completed_legacy_schema_or_missing_closure_cannot_be_assessed) ... ok
test_default_validator_rejects_self_declared_acceptance_before_heavy_validators (test_full_resource_qualification.FullResourceQualificationTests.test_default_validator_rejects_self_declared_acceptance_before_heavy_validators) ... ok
test_exact_shared_native_emitter_sources_are_not_false_aliases (test_full_resource_qualification.FullResourceQualificationTests.test_exact_shared_native_emitter_sources_are_not_false_aliases) ... ok
test_immutable_output_modes_accept_0555_only_without_mode_enforcement (test_full_resource_qualification.FullResourceQualificationTests.test_immutable_output_modes_accept_0555_only_without_mode_enforcement) ... ok
test_immutable_writer_accepts_only_completed_identical_concurrent_commit (test_full_resource_qualification.FullResourceQualificationTests.test_immutable_writer_accepts_only_completed_identical_concurrent_commit) ... ok
test_immutable_writer_refuses_no_overwrite_race (test_full_resource_qualification.FullResourceQualificationTests.test_immutable_writer_refuses_no_overwrite_race) ... ok
test_immutable_writer_waits_when_concurrent_leaf_is_already_visible (test_full_resource_qualification.FullResourceQualificationTests.test_immutable_writer_waits_when_concurrent_leaf_is_already_visible) ... ok
test_missing_cell_duplicate_sample_hash_drift_and_self_declaration_fail_closed (test_full_resource_qualification.FullResourceQualificationTests.test_missing_cell_duplicate_sample_hash_drift_and_self_declaration_fail_closed) ... ok
test_path_alias_hardlink_and_symlink_are_rejected (test_full_resource_qualification.FullResourceQualificationTests.test_path_alias_hardlink_and_symlink_are_rejected) ... ok
test_promotion_receipt_recovers_every_atomic_physical_window (test_full_resource_qualification.FullResourceQualificationTests.test_promotion_receipt_recovers_every_atomic_physical_window) ... ok
test_promotion_resumes_exact_prefix_after_pre_receipt_failure (test_full_resource_qualification.FullResourceQualificationTests.test_promotion_resumes_exact_prefix_after_pre_receipt_failure) ... ok
test_promotion_writes_receipt_last_is_idempotent_and_rejects_collisions (test_full_resource_qualification.FullResourceQualificationTests.test_promotion_writes_receipt_last_is_idempotent_and_rejects_collisions) ... ok
test_validator_contract_requires_policy_aware_hash_set_and_semantic_decisions (test_full_resource_qualification.FullResourceQualificationTests.test_validator_contract_requires_policy_aware_hash_set_and_semantic_decisions) ... ok
test_builds_exact_index_from_fragments_and_reuses_the_same_32_pilots (test_full_resource_qualification_index_v1.FullResourceQualificationIndexV1Tests.test_builds_exact_index_from_fragments_and_reuses_the_same_32_pilots) ... ok
test_commit_is_idempotent_and_rejects_conflict_dangling_and_hardlink (test_full_resource_qualification_index_v1.FullResourceQualificationIndexV1Tests.test_commit_is_idempotent_and_rejects_conflict_dangling_and_hardlink) ... ok
test_execution_closure_is_mandatory (test_full_resource_qualification_index_v1.FullResourceQualificationIndexV1Tests.test_execution_closure_is_mandatory) ... ok
test_index_modes_accept_0555_only_without_mode_enforcement (test_full_resource_qualification_index_v1.FullResourceQualificationIndexV1Tests.test_index_modes_accept_0555_only_without_mode_enforcement) ... ok
test_index_recovers_every_atomic_physical_window_same_path (test_full_resource_qualification_index_v1.FullResourceQualificationIndexV1Tests.test_index_recovers_every_atomic_physical_window_same_path) ... ok
test_missing_pilot_and_fragment_descriptor_drift_fail_before_commit (test_full_resource_qualification_index_v1.FullResourceQualificationIndexV1Tests.test_missing_pilot_and_fragment_descriptor_drift_fail_before_commit) ... ok
test_same_bytes_from_a_different_fragment_path_is_rejected (test_full_resource_qualification_index_v1.FullResourceQualificationIndexV1Tests.test_same_bytes_from_a_different_fragment_path_is_rejected) ... ok
test_authenticated_q4_protocol_grant_unlocks_exact_5600_runtime_arms (test_publication_matrix.PublicationMatrixTests.test_authenticated_q4_protocol_grant_unlocks_exact_5600_runtime_arms) ... ok
test_backend_grant_missing_cell_or_launcher_invocation_drift_blocks_arms (test_publication_matrix.PublicationMatrixTests.test_backend_grant_missing_cell_or_launcher_invocation_drift_blocks_arms) ... ok
test_current_config_fails_closed_until_all_v2_gates_are_ready (test_publication_matrix.PublicationMatrixTests.test_current_config_fails_closed_until_all_v2_gates_are_ready) ... ok
test_exact_backend_grant_stays_blocked_until_output_receipt_protocol (test_publication_matrix.PublicationMatrixTests.test_exact_backend_grant_stays_blocked_until_output_receipt_protocol) ... ok
test_full_matrix_is_deterministic_complete_and_paired (test_publication_matrix.PublicationMatrixTests.test_full_matrix_is_deterministic_complete_and_paired) ... ok
test_readiness_rejects_drifted_pre_run_grant (test_publication_matrix.PublicationMatrixTests.test_readiness_rejects_drifted_pre_run_grant) ... ok
test_readiness_rejects_missing_or_tampered_model_parity_grant (test_publication_matrix.PublicationMatrixTests.test_readiness_rejects_missing_or_tampered_model_parity_grant) ... ok
test_readiness_uses_exact_pre_run_grant_and_preserves_post_run_false (test_publication_matrix.PublicationMatrixTests.test_readiness_uses_exact_pre_run_grant_and_preserves_post_run_false) ... ok
test_active_publication_dataset_ids_are_kpp_iss_v3 (test_publication_policy_qualification.PublicationPolicyQualificationTests.test_active_publication_dataset_ids_are_kpp_iss_v3) ... ok
test_complete_matrix_is_pure_and_derives_manifest_and_balanced_calibration (test_publication_policy_qualification.PublicationPolicyQualificationTests.test_complete_matrix_is_pure_and_derives_manifest_and_balanced_calibration) ... ok
test_completed_legacy_schema_or_missing_closure_cannot_be_assessed (test_publication_policy_qualification.PublicationPolicyQualificationTests.test_completed_legacy_schema_or_missing_closure_cannot_be_assessed) ... ok
test_default_validator_rejects_self_declared_fake_acceptance_before_dependencies (test_publication_policy_qualification.PublicationPolicyQualificationTests.test_default_validator_rejects_self_declared_fake_acceptance_before_dependencies) ... ok
test_default_validator_uses_exact_policy_aware_acceptance_set (test_publication_policy_qualification.PublicationPolicyQualificationTests.test_default_validator_uses_exact_policy_aware_acceptance_set) ... ok
test_duplicate_and_hardlink_artifact_aliases_are_rejected (test_publication_policy_qualification.PublicationPolicyQualificationTests.test_duplicate_and_hardlink_artifact_aliases_are_rejected) ... ok
test_immutable_output_modes_accept_0555_only_without_mode_enforcement (test_publication_policy_qualification.PublicationPolicyQualificationTests.test_immutable_output_modes_accept_0555_only_without_mode_enforcement) ... ok
test_immutable_writer_accepts_only_completed_identical_concurrent_commit (test_publication_policy_qualification.PublicationPolicyQualificationTests.test_immutable_writer_accepts_only_completed_identical_concurrent_commit) ... ok
test_immutable_writer_waits_when_concurrent_leaf_is_already_visible (test_publication_policy_qualification.PublicationPolicyQualificationTests.test_immutable_writer_waits_when_concurrent_leaf_is_already_visible) ... ok
test_missing_cell_duplicate_sample_and_hash_drift_fail_closed (test_publication_policy_qualification.PublicationPolicyQualificationTests.test_missing_cell_duplicate_sample_and_hash_drift_fail_closed) ... ok
test_promotion_receipt_recovers_every_atomic_physical_window (test_publication_policy_qualification.PublicationPolicyQualificationTests.test_promotion_receipt_recovers_every_atomic_physical_window) ... ok
test_promotion_rejects_same_bytes_hardlink_no_overwrite_race_and_parent_symlink (test_publication_policy_qualification.PublicationPolicyQualificationTests.test_promotion_rejects_same_bytes_hardlink_no_overwrite_race_and_parent_symlink) ... ok
test_promotion_resumes_exact_prefix_after_pre_receipt_failure (test_publication_policy_qualification.PublicationPolicyQualificationTests.test_promotion_resumes_exact_prefix_after_pre_receipt_failure) ... ok
test_promotion_writes_receipt_last_and_is_immutable (test_publication_policy_qualification.PublicationPolicyQualificationTests.test_promotion_writes_receipt_last_and_is_immutable) ... ok
test_runtime_identity_requires_terminal_and_exact_cpu_gpu_coordinates (test_publication_policy_qualification.PublicationPolicyQualificationTests.test_runtime_identity_requires_terminal_and_exact_cpu_gpu_coordinates) ... ok
test_schema_v2_derives_bindings_only_from_revalidated_system_fragments (test_publication_policy_qualification.PublicationPolicyQualificationTests.test_schema_v2_derives_bindings_only_from_revalidated_system_fragments) ... ok
test_closure_receipt_atomic_commit_three_windows_exact_retry (test_publication_policy_qualification_execution_closure_v1.PublicationPolicyQualificationExecutionClosureV1Tests.test_closure_receipt_atomic_commit_three_windows_exact_retry) ... ok
test_cold_load_snapshot_modes_accept_0555_only_without_mode_enforcement (test_publication_policy_qualification_execution_closure_v1.PublicationPolicyQualificationExecutionClosureV1Tests.test_cold_load_snapshot_modes_accept_0555_only_without_mode_enforcement) ... ok
test_concurrent_identical_materializers_leave_one_exact_cold_bundle (test_publication_policy_qualification_execution_closure_v1.PublicationPolicyQualificationExecutionClosureV1Tests.test_concurrent_identical_materializers_leave_one_exact_cold_bundle) ... ok
test_dangling_symlink_and_same_bytes_hardlink_are_rejected (test_publication_policy_qualification_execution_closure_v1.PublicationPolicyQualificationExecutionClosureV1Tests.test_dangling_symlink_and_same_bytes_hardlink_are_rejected) ... ok
test_drifted_acceptance_operational_binding_fails_closed (test_publication_policy_qualification_execution_closure_v1.PublicationPolicyQualificationExecutionClosureV1Tests.test_drifted_acceptance_operational_binding_fails_closed) ... ok
test_external_runtime_expectations_reject_self_consistent_service_b (test_publication_policy_qualification_execution_closure_v1.PublicationPolicyQualificationExecutionClosureV1Tests.test_external_runtime_expectations_reject_self_consistent_service_b) ... ok
test_guardian_one_or_extra_request_cannot_match_accepted_workload (test_publication_policy_qualification_execution_closure_v1.PublicationPolicyQualificationExecutionClosureV1Tests.test_guardian_one_or_extra_request_cannot_match_accepted_workload) ... ok
test_noop_guardian_dependencies_cannot_bypass_authenticated_stop (test_publication_policy_qualification_execution_closure_v1.PublicationPolicyQualificationExecutionClosureV1Tests.test_noop_guardian_dependencies_cannot_bypass_authenticated_stop) ... ok
test_partial_checkpoint_cell_set_fails_closed (test_publication_policy_qualification_execution_closure_v1.PublicationPolicyQualificationExecutionClosureV1Tests.test_partial_checkpoint_cell_set_fails_closed) ... ok
test_receipt_last_closes_exact_32_cells_and_loads_cold (test_publication_policy_qualification_execution_closure_v1.PublicationPolicyQualificationExecutionClosureV1Tests.test_receipt_last_closes_exact_32_cells_and_loads_cold) ... ok
test_receipt_last_partial_commit_resumes_but_collisions_fail (test_publication_policy_qualification_execution_closure_v1.PublicationPolicyQualificationExecutionClosureV1Tests.test_receipt_last_partial_commit_resumes_but_collisions_fail) ... ok
test_service_authority_must_bind_exact_preprocessing_authority (test_publication_policy_qualification_execution_closure_v1.PublicationPolicyQualificationExecutionClosureV1Tests.test_service_authority_must_bind_exact_preprocessing_authority) ... ok
test_wrong_authority_or_nonclean_lifecycle_fails_closed (test_publication_policy_qualification_execution_closure_v1.PublicationPolicyQualificationExecutionClosureV1Tests.test_wrong_authority_or_nonclean_lifecycle_fails_closed) ... ok
test_wrong_runtime_socket_fails_before_output (test_publication_policy_qualification_execution_closure_v1.PublicationPolicyQualificationExecutionClosureV1Tests.test_wrong_runtime_socket_fails_before_output) ... ok
test_dangling_system_collision_is_never_treated_as_absent (test_publication_policy_qualification_fragments_from_authority_v2.QualificationFragmentsFromAuthorityV2Tests.test_dangling_system_collision_is_never_treated_as_absent) ... ok
test_materializes_exact_four_fragments_and_forty_unique_bindings (test_publication_policy_qualification_fragments_from_authority_v2.QualificationFragmentsFromAuthorityV2Tests.test_materializes_exact_four_fragments_and_forty_unique_bindings) ... ok
test_stale_patch_cross_binding_is_rejected (test_publication_policy_qualification_fragments_from_authority_v2.QualificationFragmentsFromAuthorityV2Tests.test_stale_patch_cross_binding_is_rejected) ... ok
test_tampered_binding_is_rejected (test_publication_policy_qualification_fragments_from_authority_v2.QualificationFragmentsFromAuthorityV2Tests.test_tampered_binding_is_rejected) ... ok
test_v3_cannot_resolve_refresh_only_patch (test_publication_policy_qualification_fragments_from_authority_v2.QualificationFragmentsFromAuthorityV2Tests.test_v3_cannot_resolve_refresh_only_patch) ... ok
test_v4_probe_authority_projects_descriptor_and_cross_binds_implementation (test_publication_policy_qualification_fragments_from_authority_v2.QualificationFragmentsFromAuthorityV2Tests.test_v4_probe_authority_projects_descriptor_and_cross_binds_implementation) ... ok
test_builds_nonaccepted_candidate_and_complete_fragment_bound_index (test_publication_policy_qualification_index_v2.PublicationPolicyQualificationIndexV2Tests.test_builds_nonaccepted_candidate_and_complete_fragment_bound_index) ... ok
test_candidate_receipt_recovers_every_atomic_physical_window (test_publication_policy_qualification_index_v2.PublicationPolicyQualificationIndexV2Tests.test_candidate_receipt_recovers_every_atomic_physical_window) ... ok
test_closure_rejects_same_bytes_from_a_different_fragment_path (test_publication_policy_qualification_index_v2.PublicationPolicyQualificationIndexV2Tests.test_closure_rejects_same_bytes_from_a_different_fragment_path) ... ok
test_commit_is_idempotent_and_rejects_conflict_dangling_and_hardlink (test_publication_policy_qualification_index_v2.PublicationPolicyQualificationIndexV2Tests.test_commit_is_idempotent_and_rejects_conflict_dangling_and_hardlink) ... ok
test_completed_index_requires_execution_closure (test_publication_policy_qualification_index_v2.PublicationPolicyQualificationIndexV2Tests.test_completed_index_requires_execution_closure) ... ok
test_drvfs_readonly_projection_accepts_0555_without_weakening_identity (test_publication_policy_qualification_index_v2.PublicationPolicyQualificationIndexV2Tests.test_drvfs_readonly_projection_accepts_0555_without_weakening_identity) ... ok
test_existing_drvfs_readonly_projection_is_immutable (test_publication_policy_qualification_index_v2.PublicationPolicyQualificationIndexV2Tests.test_existing_drvfs_readonly_projection_is_immutable) ... ok
test_fragment_only_candidate_breaks_bootstrap_cycle_and_stays_nonaccepted (test_publication_policy_qualification_index_v2.PublicationPolicyQualificationIndexV2Tests.test_fragment_only_candidate_breaks_bootstrap_cycle_and_stays_nonaccepted) ... ok
test_missing_pilot_evidence_and_fragment_drift_fail_before_commit (test_publication_policy_qualification_index_v2.PublicationPolicyQualificationIndexV2Tests.test_missing_pilot_evidence_and_fragment_drift_fail_before_commit) ... ok
test_pilot_index_requires_distinct_qualification_acceptance_filename (test_publication_policy_qualification_index_v2.PublicationPolicyQualificationIndexV2Tests.test_pilot_index_requires_distinct_qualification_acceptance_filename) ... ok
test_receipt_last_failure_is_safely_resumable (test_publication_policy_qualification_index_v2.PublicationPolicyQualificationIndexV2Tests.test_receipt_last_failure_is_safely_resumable) ... ok
test_acceptance_operational_binding_rehashes_collector_authority (test_publication_policy_qualification_pilot_executor_v2.QualificationPilotExecutorV2ContractTests.test_acceptance_operational_binding_rehashes_collector_authority) ... ok
test_bootstrap_accepts_exact_v4_refresh_and_rejects_receipt_drift (test_publication_policy_qualification_pilot_executor_v2.QualificationPilotExecutorV2ContractTests.test_bootstrap_accepts_exact_v4_refresh_and_rejects_receipt_drift) ... ok
test_canonical_bundle_mapping_order_is_not_semantic (test_publication_policy_qualification_pilot_executor_v2.QualificationPilotExecutorV2ContractTests.test_canonical_bundle_mapping_order_is_not_semantic) ... ok
test_checkpoint_exact_retry_binds_prior_inode_prefix_and_collisions (test_publication_policy_qualification_pilot_executor_v2.QualificationPilotExecutorV2ContractTests.test_checkpoint_exact_retry_binds_prior_inode_prefix_and_collisions) ... ok
test_child_parent_evidence_or_production_claim_is_rejected (test_publication_policy_qualification_pilot_executor_v2.QualificationPilotExecutorV2ContractTests.test_child_parent_evidence_or_production_claim_is_rejected) ... ok
test_cold_512_scan_rejects_mutate_restore_of_code_source (test_publication_policy_qualification_pilot_executor_v2.QualificationPilotExecutorV2ContractTests.test_cold_512_scan_rejects_mutate_restore_of_code_source) ... ok
test_custodied_pin_rejects_parent_swap (test_publication_policy_qualification_pilot_executor_v2.QualificationPilotExecutorV2ContractTests.test_custodied_pin_rejects_parent_swap) ... ok
test_deadline_duration_and_defer_mode_are_not_user_configurable (test_publication_policy_qualification_pilot_executor_v2.QualificationPilotExecutorV2ContractTests.test_deadline_duration_and_defer_mode_are_not_user_configurable) ... ok
test_default_guardian_assertion_requires_preprocessing_and_service_identity (test_publication_policy_qualification_pilot_executor_v2.QualificationPilotExecutorV2ContractTests.test_default_guardian_assertion_requires_preprocessing_and_service_identity) ... ok
test_drvfs_directory_commit_does_not_depend_on_ambient_cwd (test_publication_policy_qualification_pilot_executor_v2.QualificationPilotExecutorV2ContractTests.test_drvfs_directory_commit_does_not_depend_on_ambient_cwd) ... skipped 'live no-replace fallback requires the WSL DrvFS workspace'
test_drvfs_directory_commit_succeeds_and_never_overwrites_collision (test_publication_policy_qualification_pilot_executor_v2.QualificationPilotExecutorV2ContractTests.test_drvfs_directory_commit_succeeds_and_never_overwrites_collision) ... skipped 'live no-replace fallback requires the WSL DrvFS workspace'
test_executes_32_cells_with_host_collector_and_nonauthorizing_commit_last (test_publication_policy_qualification_pilot_executor_v2.QualificationPilotExecutorV2ContractTests.test_executes_32_cells_with_host_collector_and_nonauthorizing_commit_last) ... ok
test_finalizer_failure_retains_hardware_resource_samples (test_publication_policy_qualification_pilot_executor_v2.QualificationPilotExecutorV2ContractTests.test_finalizer_failure_retains_hardware_resource_samples) ... ok
test_frozen_matrix_is_exact_and_forced_resource_only (test_publication_policy_qualification_pilot_executor_v2.QualificationPilotExecutorV2ContractTests.test_frozen_matrix_is_exact_and_forced_resource_only) ... ok
test_hard_crash_after_barrier_b_before_checkpoint_is_exactly_adoptable (test_publication_policy_qualification_pilot_executor_v2.QualificationPilotExecutorV2ContractTests.test_hard_crash_after_barrier_b_before_checkpoint_is_exactly_adoptable) ... ok
test_initial_checkpoint_anchor_three_physical_windows (test_publication_policy_qualification_pilot_executor_v2.QualificationPilotExecutorV2ContractTests.test_initial_checkpoint_anchor_three_physical_windows) ... ok
test_late_project_import_fails_precommit_barrier_without_final_publish (test_publication_policy_qualification_pilot_executor_v2.QualificationPilotExecutorV2ContractTests.test_late_project_import_fails_precommit_barrier_without_final_publish) ... ok
test_mutate_restore_during_cell_poisoned_anchor_and_restart_rejects (test_publication_policy_qualification_pilot_executor_v2.QualificationPilotExecutorV2ContractTests.test_mutate_restore_during_cell_poisoned_anchor_and_restart_rejects) ... ok
test_openvino_probe_identity_failure_retains_observed_probe (test_publication_policy_qualification_pilot_executor_v2.QualificationPilotExecutorV2ContractTests.test_openvino_probe_identity_failure_retains_observed_probe) ... ok
test_operational_chain_fails_closed_on_each_live_authority_drift (test_publication_policy_qualification_pilot_executor_v2.QualificationPilotExecutorV2ContractTests.test_operational_chain_fails_closed_on_each_live_authority_drift) ... ok
test_orphan_staging_attempt_is_never_automatically_removed (test_publication_policy_qualification_pilot_executor_v2.QualificationPilotExecutorV2ContractTests.test_orphan_staging_attempt_is_never_automatically_removed) ... ok
test_precommit_barrier_mutate_restore_never_publishes_or_adopts (test_publication_policy_qualification_pilot_executor_v2.QualificationPilotExecutorV2ContractTests.test_precommit_barrier_mutate_restore_never_publishes_or_adopts) ... ok
test_registry_is_the_four_direct_lower_native_runtime_callables (test_publication_policy_qualification_pilot_executor_v2.QualificationPilotExecutorV2ContractTests.test_registry_is_the_four_direct_lower_native_runtime_callables) ... ok
test_resume_rejects_final_without_anchor_and_orphan_writer_state (test_publication_policy_qualification_pilot_executor_v2.QualificationPilotExecutorV2ContractTests.test_resume_rejects_final_without_anchor_and_orphan_writer_state) ... ok
test_resume_skips_valid_commits_and_never_overwrites_a_collision (test_publication_policy_qualification_pilot_executor_v2.QualificationPilotExecutorV2ContractTests.test_resume_skips_valid_commits_and_never_overwrites_a_collision) ... ok
test_runtime_generated_assets_cover_all_four_systems (test_publication_policy_qualification_pilot_executor_v2.QualificationPilotExecutorV2ContractTests.test_runtime_generated_assets_cover_all_four_systems) ... ok
test_runtime_generated_assets_reject_inventory_and_physical_drift (test_publication_policy_qualification_pilot_executor_v2.QualificationPilotExecutorV2ContractTests.test_runtime_generated_assets_reject_inventory_and_physical_drift) ... ok
test_sigkill_after_final_rename_recovers_owned_attempt_without_rerun (test_publication_policy_qualification_pilot_executor_v2.QualificationPilotExecutorV2ContractTests.test_sigkill_after_final_rename_recovers_owned_attempt_without_rerun) ... ok
test_sigkill_during_postcommit_barrier_adopts_without_rerun (test_publication_policy_qualification_pilot_executor_v2.QualificationPilotExecutorV2ContractTests.test_sigkill_during_postcommit_barrier_adopts_without_rerun) ... ok
test_bootstrap_calibration_filename_matches_real_producer_contract (test_publication_policy_qualification_transaction_v2.QualificationTransactionV2Tests.test_bootstrap_calibration_filename_matches_real_producer_contract) ... ok
test_candidate_nonprefix_partial_states_remain_fail_closed (test_publication_policy_qualification_transaction_v2.QualificationTransactionV2Tests.test_candidate_nonprefix_partial_states_remain_fail_closed) ... ok
test_candidate_receipt_last_prefixes_resume_via_candidate_producer (test_publication_policy_qualification_transaction_v2.QualificationTransactionV2Tests.test_candidate_receipt_last_prefixes_resume_via_candidate_producer) ... ok
test_committed_receipt_tamper_is_rejected_on_resume (test_publication_policy_qualification_transaction_v2.QualificationTransactionV2Tests.test_committed_receipt_tamper_is_rejected_on_resume) ... ok
test_exact_order_receipt_last_and_resume_without_rewriting (test_publication_policy_qualification_transaction_v2.QualificationTransactionV2Tests.test_exact_order_receipt_last_and_resume_without_rewriting) ... ok
test_exact_refresh_only_patch_requires_cross_bound_v4_acceptance (test_publication_policy_qualification_transaction_v2.QualificationTransactionV2Tests.test_exact_refresh_only_patch_requires_cross_bound_v4_acceptance) ... ok
test_hardware_collector_missing_or_tampered_is_fail_closed (test_publication_policy_qualification_transaction_v2.QualificationTransactionV2Tests.test_hardware_collector_missing_or_tampered_is_fail_closed) ... ok
test_ineligible_patch_fails_before_output_creation (test_publication_policy_qualification_transaction_v2.QualificationTransactionV2Tests.test_ineligible_patch_fails_before_output_creation) ... ok
test_receipt_recovers_every_atomic_physical_window_same_path (test_publication_policy_qualification_transaction_v2.QualificationTransactionV2Tests.test_receipt_recovers_every_atomic_physical_window_same_path) ... ok
test_resume_cold_rechecks_fragment_candidate_and_bootstrap_payloads (test_publication_policy_qualification_transaction_v2.QualificationTransactionV2Tests.test_resume_cold_rechecks_fragment_candidate_and_bootstrap_payloads) ... ok
test_source_contains_no_production_authority_or_overwrite_path (test_publication_policy_qualification_transaction_v2.QualificationTransactionV2Tests.test_source_contains_no_production_authority_or_overwrite_path) ... ok
test_transaction_receipt_accepts_drvfs_0555_projection (test_publication_policy_qualification_transaction_v2.QualificationTransactionV2Tests.test_transaction_receipt_accepts_drvfs_0555_projection) ... ok
test_default_production_crash_after_every_commit_resumes_exact_namespace (test_publication_q4_authority_source_request_v1.PublicationQ4AuthoritySourceRequestV1Tests.test_default_production_crash_after_every_commit_resumes_exact_namespace) ... ok
test_default_production_inputs_reach_cold_accepted_source_registry (test_publication_q4_authority_source_request_v1.PublicationQ4AuthoritySourceRequestV1Tests.test_default_production_inputs_reach_cold_accepted_source_registry) ... ok
test_default_production_recovers_every_atomic_physical_window (test_publication_q4_authority_source_request_v1.PublicationQ4AuthoritySourceRequestV1Tests.test_default_production_recovers_every_atomic_physical_window) ... ok
test_default_resume_rejects_tampered_partial_without_overwrite (test_publication_q4_authority_source_request_v1.PublicationQ4AuthoritySourceRequestV1Tests.test_default_resume_rejects_tampered_partial_without_overwrite) ... ok
test_directory_rebind_during_owned_commit_is_rejected_without_cleanup (test_publication_q4_authority_source_request_v1.PublicationQ4AuthoritySourceRequestV1Tests.test_directory_rebind_during_owned_commit_is_rejected_without_cleanup) ... ok
test_fault_after_every_owned_commit_rolls_back_and_same_path_retries (test_publication_q4_authority_source_request_v1.PublicationQ4AuthoritySourceRequestV1Tests.test_fault_after_every_owned_commit_rolls_back_and_same_path_retries) ... ok
test_incomplete_111_authority_coverage_fails_before_commit (test_publication_q4_authority_source_request_v1.PublicationQ4AuthoritySourceRequestV1Tests.test_incomplete_111_authority_coverage_fails_before_commit) ... ok
test_nonempty_namespace_is_never_overwritten (test_publication_q4_authority_source_request_v1.PublicationQ4AuthoritySourceRequestV1Tests.test_nonempty_namespace_is_never_overwritten) ... ok
test_output_root_confinement_rejects_before_prepare (test_publication_q4_authority_source_request_v1.PublicationQ4AuthoritySourceRequestV1Tests.test_output_root_confinement_rejects_before_prepare) ... ok
test_post_preflight_tamper_rolls_back_request_without_receipt (test_publication_q4_authority_source_request_v1.PublicationQ4AuthoritySourceRequestV1Tests.test_post_preflight_tamper_rolls_back_request_without_receipt) ... ok
test_public_request_reaches_accepted_source_registry_through_public_apis (test_publication_q4_authority_source_request_v1.PublicationQ4AuthoritySourceRequestV1Tests.test_public_request_reaches_accepted_source_registry_through_public_apis) ... ok
test_receipt_last_roundtrip_uses_public_112_authority_preflight (test_publication_q4_authority_source_request_v1.PublicationQ4AuthoritySourceRequestV1Tests.test_receipt_last_roundtrip_uses_public_112_authority_preflight) ... ok
test_same_prepared_inputs_produce_identical_canonical_request_bytes (test_publication_q4_authority_source_request_v1.PublicationQ4AuthoritySourceRequestV1Tests.test_same_prepared_inputs_produce_identical_canonical_request_bytes) ... ok
test_current_qualification_fragments_match_physical_receipts (test_publication_runtime_frozen_identity_constants_v1.PublicationRuntimeFrozenIdentityConstantsV1Tests.test_current_qualification_fragments_match_physical_receipts) ... ERROR
test_deepstream_child_failure_diagnostic_is_bounded_and_single_line (test_publication_runtime_frozen_identity_constants_v1.PublicationRuntimeFrozenIdentityConstantsV1Tests.test_deepstream_child_failure_diagnostic_is_bounded_and_single_line) ... ok
test_deepstream_dynamic_image_contract_keeps_exact_frozen_base_and_entrypoint (test_publication_runtime_frozen_identity_constants_v1.PublicationRuntimeFrozenIdentityConstantsV1Tests.test_deepstream_dynamic_image_contract_keeps_exact_frozen_base_and_entrypoint) ... ok
test_fix_benchmark_patch_matches_exact_runtime_constants (test_publication_runtime_frozen_identity_constants_v1.PublicationRuntimeFrozenIdentityConstantsV1Tests.test_fix_benchmark_patch_matches_exact_runtime_constants) ... ERROR
test_gstreamer_current_runtime_is_exactly_refrozen (test_publication_runtime_frozen_identity_constants_v1.PublicationRuntimeFrozenIdentityConstantsV1Tests.test_gstreamer_current_runtime_is_exactly_refrozen) ... ok
test_live_fix_benchmark_preflight_matches_runtime_materializer (test_publication_runtime_frozen_identity_constants_v1.PublicationRuntimeFrozenIdentityConstantsV1Tests.test_live_fix_benchmark_preflight_matches_runtime_materializer) ... skipped 'requires VAST_LIVE_PREFLIGHT=1, live WSL Docker and OMZ proxy models'
test_openvino_current_runtime_is_exactly_refrozen (test_publication_runtime_frozen_identity_constants_v1.PublicationRuntimeFrozenIdentityConstantsV1Tests.test_openvino_current_runtime_is_exactly_refrozen) ... ok
test_runtime_input_materializer_inspects_the_candidate_reference_not_only_id (test_publication_runtime_frozen_identity_constants_v1.PublicationRuntimeFrozenIdentityConstantsV1Tests.test_runtime_input_materializer_inspects_the_candidate_reference_not_only_id) ... ok
test_savant_native_builder_is_the_frozen_attempt14_builder (test_publication_runtime_frozen_identity_constants_v1.PublicationRuntimeFrozenIdentityConstantsV1Tests.test_savant_native_builder_is_the_frozen_attempt14_builder) ... ok
test_all_runtime_validators_accept_the_same_guardian_closure (test_publication_runtime_source_closure_guardian_v1.PublicationRuntimeSourceClosureGuardianV1Tests.test_all_runtime_validators_accept_the_same_guardian_closure) ... ok
test_all_runtime_validators_reject_the_same_missing_guardian_closure (test_publication_runtime_source_closure_guardian_v1.PublicationRuntimeSourceClosureGuardianV1Tests.test_all_runtime_validators_reject_the_same_missing_guardian_closure) ... ok
test_completed_policy_index_requires_strict_cold_accounting (test_qualification_complete_operational_promotion_gate_v1.CompleteOperationalPromotionGateV1Tests.test_completed_policy_index_requires_strict_cold_accounting) ... ok
test_completed_resource_index_requires_strict_cold_accounting (test_qualification_complete_operational_promotion_gate_v1.CompleteOperationalPromotionGateV1Tests.test_completed_resource_index_requires_strict_cold_accounting) ... ok
test_current_accepted_policy_guardian_requires_strict_cold_accounting (test_qualification_complete_operational_promotion_gate_v1.CompleteOperationalPromotionGateV1Tests.test_current_accepted_policy_guardian_requires_strict_cold_accounting) ... ok
test_full_resource_assessment_requires_strict_cold_accounting (test_qualification_complete_operational_promotion_gate_v1.CompleteOperationalPromotionGateV1Tests.test_full_resource_assessment_requires_strict_cold_accounting) ... ok
test_policy_assessment_requires_strict_cold_accounting (test_qualification_complete_operational_promotion_gate_v1.CompleteOperationalPromotionGateV1Tests.test_policy_assessment_requires_strict_cold_accounting) ... ok
test_policy_cli_invokes_physical_promotion_and_prints_redacted_result (test_qualification_promotion_clis.QualificationPromotionCliTests.test_policy_cli_invokes_physical_promotion_and_prints_redacted_result) ... ok
test_resource_cli_invokes_physical_promotion_and_prints_redacted_result (test_qualification_promotion_clis.QualificationPromotionCliTests.test_resource_cli_invokes_physical_promotion_and_prints_redacted_result) ... ok
test_collector_is_disabled_until_v2_scope_is_accepted (test_run_experiments_full_resource.RunExperimentsFullResourceTests.test_collector_is_disabled_until_v2_scope_is_accepted) ... ok
test_exception_before_last_commit_never_creates_accepted_arm (test_run_experiments_full_resource.RunExperimentsFullResourceTests.test_exception_before_last_commit_never_creates_accepted_arm) ... ok
test_finalization_fails_closed_without_started_and_closed_collector (test_run_experiments_full_resource.RunExperimentsFullResourceTests.test_finalization_fails_closed_without_started_and_closed_collector) ... ok
test_finalization_rejects_alive_collector_and_non_checkpoint_scope (test_run_experiments_full_resource.RunExperimentsFullResourceTests.test_finalization_rejects_alive_collector_and_non_checkpoint_scope) ... ok
test_finalization_uses_authoritative_resource_summary_not_stale_candidate (test_run_experiments_full_resource.RunExperimentsFullResourceTests.test_finalization_uses_authoritative_resource_summary_not_stale_candidate) ... ok
test_non_full_resource_run_never_calls_finalizer (test_run_experiments_full_resource.RunExperimentsFullResourceTests.test_non_full_resource_run_never_calls_finalizer) ... ok
test_process_kill_after_durable_metadata_cannot_leave_accepted_arm (test_run_experiments_full_resource.RunExperimentsFullResourceTests.test_process_kill_after_durable_metadata_cannot_leave_accepted_arm) ... ok
test_summary_schema_exposes_article_ready_v2_resource_metrics (test_run_experiments_full_resource.RunExperimentsFullResourceTests.test_summary_schema_exposes_article_ready_v2_resource_metrics) ... ok
test_verified_full_resource_path_explicitly_defers_child_acceptance (test_run_experiments_full_resource.RunExperimentsFullResourceTests.test_verified_full_resource_path_explicitly_defers_child_acceptance) ... ok
test_verified_pre_run_grant_binds_collector_while_post_run_config_is_false (test_run_experiments_full_resource.RunExperimentsFullResourceTests.test_verified_pre_run_grant_binds_collector_while_post_run_config_is_false) ... ok
test_benchmark_all_selects_supported_local_checkpoint_scenarios (test_scenario_planning.ScenarioPlanningTests.test_benchmark_all_selects_supported_local_checkpoint_scenarios) ... ok
test_benchmark_runner_fails_closed_on_hardware_mismatch (test_scenario_planning.ScenarioPlanningTests.test_benchmark_runner_fails_closed_on_hardware_mismatch) ... ok
test_builtin_strict_local_template_dry_run_commands (test_scenario_planning.ScenarioPlanningTests.test_builtin_strict_local_template_dry_run_commands) ... ok
test_builtin_strict_systems_build_role_steps (test_scenario_planning.ScenarioPlanningTests.test_builtin_strict_systems_build_role_steps) ... ok
test_builtin_strict_template_dry_run_commands (test_scenario_planning.ScenarioPlanningTests.test_builtin_strict_template_dry_run_commands) ... ok
test_builtin_templates_dispatch_multistage_local_and_distributed_profiles (test_scenario_planning.ScenarioPlanningTests.test_builtin_templates_dispatch_multistage_local_and_distributed_profiles) ... ok
test_checkpoint_adapter_requires_declared_topology_after_status_is_enabled (test_scenario_planning.ScenarioPlanningTests.test_checkpoint_adapter_requires_declared_topology_after_status_is_enabled) ... ok
test_checkpoint_dataset_requires_resolved_matching_routing (test_scenario_planning.ScenarioPlanningTests.test_checkpoint_dataset_requires_resolved_matching_routing) ... ok
test_checkpoint_profiles_share_workload_and_deadlines (test_scenario_planning.ScenarioPlanningTests.test_checkpoint_profiles_share_workload_and_deadlines) ... ok
test_checkpoint_shared_scenario_uses_real_kpp_schema (test_scenario_planning.ScenarioPlanningTests.test_checkpoint_shared_scenario_uses_real_kpp_schema) ... ok
test_checkpoint_shell_routes_only_local_gstreamer_to_publication_runtime (test_scenario_planning.ScenarioPlanningTests.test_checkpoint_shell_routes_only_local_gstreamer_to_publication_runtime) ... ok
test_custom_cpp_uses_per_stream_frame_ids_for_distributed_preroll (test_scenario_planning.ScenarioPlanningTests.test_custom_cpp_uses_per_stream_frame_ids_for_distributed_preroll) ... ok
test_custom_cuda_app_uses_monotonic_telemetry_timestamps (test_scenario_planning.ScenarioPlanningTests.test_custom_cuda_app_uses_monotonic_telemetry_timestamps) ... ok
test_custom_gstreamer_template_prepends_project_plugin_path (test_scenario_planning.ScenarioPlanningTests.test_custom_gstreamer_template_prepends_project_plugin_path) ... ok
test_custom_signal_adapter_is_rejected_as_publishable_benchmark (test_scenario_planning.ScenarioPlanningTests.test_custom_signal_adapter_is_rejected_as_publishable_benchmark) ... ok
test_custom_signal_shell_adapter_rejects_benchmark_mode (test_scenario_planning.ScenarioPlanningTests.test_custom_signal_shell_adapter_rejects_benchmark_mode) ... ok
test_deepstream_native_probe_uses_nvstreammux_topology (test_scenario_planning.ScenarioPlanningTests.test_deepstream_native_probe_uses_nvstreammux_topology) ... ok
test_default_benchmark_matrix_excludes_diagnostic_signal_adapter (test_scenario_planning.ScenarioPlanningTests.test_default_benchmark_matrix_excludes_diagnostic_signal_adapter) ... ok
test_distributed_edge_preroll_keeps_rtp_producer_alive_for_cold_workers (test_scenario_planning.ScenarioPlanningTests.test_distributed_edge_preroll_keeps_rtp_producer_alive_for_cold_workers) ... ok
test_distributed_plan_maps_roles_to_hosts (test_scenario_planning.ScenarioPlanningTests.test_distributed_plan_maps_roles_to_hosts) ... ok
test_dlstreamer_installer_prefers_clean_docker_fallback (test_scenario_planning.ScenarioPlanningTests.test_dlstreamer_installer_prefers_clean_docker_fallback) ... ok
test_explicit_checkpoint_benchmark_request_is_selectable (test_scenario_planning.ScenarioPlanningTests.test_explicit_checkpoint_benchmark_request_is_selectable) ... ok
test_explicit_diagnostic_signal_benchmark_request_fails (test_scenario_planning.ScenarioPlanningTests.test_explicit_diagnostic_signal_benchmark_request_fails) ... ok
test_formal_aw_heft_reference_assessment_fails_closed_on_hash_or_binding_drift (test_scenario_planning.ScenarioPlanningTests.test_formal_aw_heft_reference_assessment_fails_closed_on_hash_or_binding_drift) ... ok
test_gstreamer_custom_plugin_is_bundled (test_scenario_planning.ScenarioPlanningTests.test_gstreamer_custom_plugin_is_bundled) ... ok
test_hardware_target_assessment_requires_cpu_gpu_and_ram_match (test_scenario_planning.ScenarioPlanningTests.test_hardware_target_assessment_requires_cpu_gpu_and_ram_match) ... ok
test_heterogeneous_context_forces_distributed_env_off (test_scenario_planning.ScenarioPlanningTests.test_heterogeneous_context_forces_distributed_env_off) ... ok
test_independent_baseline_repeats_common_stages_per_branch (test_scenario_planning.ScenarioPlanningTests.test_independent_baseline_repeats_common_stages_per_branch) ... ok
test_kpp_codec_manifests_are_six_replicas_of_two_recordings (test_scenario_planning.ScenarioPlanningTests.test_kpp_codec_manifests_are_six_replicas_of_two_recordings) ... ok
test_native_probe_builds_dynamic_stage_probes (test_scenario_planning.ScenarioPlanningTests.test_native_probe_builds_dynamic_stage_probes) ... ok
test_native_probe_dockerfiles_compile_only_the_probe_sources (test_scenario_planning.ScenarioPlanningTests.test_native_probe_dockerfiles_compile_only_the_probe_sources) ... ok
test_native_probe_handles_rtp_payload_buffer_lists (test_scenario_planning.ScenarioPlanningTests.test_native_probe_handles_rtp_payload_buffer_lists) ... ok
test_native_probe_measurement_timer_starts_on_first_frame_event (test_scenario_planning.ScenarioPlanningTests.test_native_probe_measurement_timer_starts_on_first_frame_event) ... ok
test_native_probe_receives_configured_dataset_streams (test_scenario_planning.ScenarioPlanningTests.test_native_probe_receives_configured_dataset_streams) ... ok
test_native_probe_sets_string_properties_after_parse_launch (test_scenario_planning.ScenarioPlanningTests.test_native_probe_sets_string_properties_after_parse_launch) ... ok
test_native_probe_stops_before_flushing_telemetry (test_scenario_planning.ScenarioPlanningTests.test_native_probe_stops_before_flushing_telemetry) ... ok
test_openvino_container_fallback_uses_short_finite_input_chunks (test_scenario_planning.ScenarioPlanningTests.test_openvino_container_fallback_uses_short_finite_input_chunks) ... ok
test_openvino_host_fallback_validates_runtime_model_load (test_scenario_planning.ScenarioPlanningTests.test_openvino_host_fallback_validates_runtime_model_load) ... ok
test_openvino_local_template_can_force_container_runtime (test_scenario_planning.ScenarioPlanningTests.test_openvino_local_template_can_force_container_runtime) ... ok
test_primary_architecture_contrast_is_fully_preregistered (test_scenario_planning.ScenarioPlanningTests.test_primary_architecture_contrast_is_fully_preregistered) ... ok
test_primary_architecture_contrast_rejects_coordinate_drift (test_scenario_planning.ScenarioPlanningTests.test_primary_architecture_contrast_rejects_coordinate_drift) ... ok
test_primary_architecture_execution_cells_preserve_frozen_order (test_scenario_planning.ScenarioPlanningTests.test_primary_architecture_execution_cells_preserve_frozen_order) ... ok
test_primary_architecture_executor_invokes_frozen_order (test_scenario_planning.ScenarioPlanningTests.test_primary_architecture_executor_invokes_frozen_order) ... ok
test_primary_architecture_pair_metadata_rejects_order_drift (test_scenario_planning.ScenarioPlanningTests.test_primary_architecture_pair_metadata_rejects_order_drift) ... ok
test_primary_architecture_plan_cli_reports_runtime_ready (test_scenario_planning.ScenarioPlanningTests.test_primary_architecture_plan_cli_reports_runtime_ready) ... ok
test_primary_architecture_resume_requires_contiguous_prefix (test_scenario_planning.ScenarioPlanningTests.test_primary_architecture_resume_requires_contiguous_prefix) ... ok
test_primary_architecture_run_cli_rejects_matrix_overrides (test_scenario_planning.ScenarioPlanningTests.test_primary_architecture_run_cli_rejects_matrix_overrides) ... ok
test_primary_architecture_run_cli_rejects_seed_drift_before_output_creation (test_scenario_planning.ScenarioPlanningTests.test_primary_architecture_run_cli_rejects_seed_drift_before_output_creation) ... ok
test_primary_architecture_runtime_plan_preserves_counterbalanced_pairs (test_scenario_planning.ScenarioPlanningTests.test_primary_architecture_runtime_plan_preserves_counterbalanced_pairs) ... ok
test_primary_policy_ablation_is_fully_preregistered_but_not_active (test_scenario_planning.ScenarioPlanningTests.test_primary_policy_ablation_is_fully_preregistered_but_not_active) ... ok
test_primary_policy_ablation_rejects_preregistered_design_drift (test_scenario_planning.ScenarioPlanningTests.test_primary_policy_ablation_rejects_preregistered_design_drift) ... ok
test_primary_policy_equivalence_scope_keeps_proxy_and_formal_gates_separate (test_scenario_planning.ScenarioPlanningTests.test_primary_policy_equivalence_scope_keeps_proxy_and_formal_gates_separate) ... ok
test_primary_policy_pair_metadata_rejects_order_drift (test_scenario_planning.ScenarioPlanningTests.test_primary_policy_pair_metadata_rejects_order_drift) ... ok
test_primary_policy_plan_cli_reports_blocker_without_running_matrix (test_scenario_planning.ScenarioPlanningTests.test_primary_policy_plan_cli_reports_blocker_without_running_matrix) ... ok
test_primary_policy_runtime_plan_freezes_order_but_disables_execution (test_scenario_planning.ScenarioPlanningTests.test_primary_policy_runtime_plan_freezes_order_but_disables_execution) ... ok
test_publication_report_accepts_supported_checkpoint_scenarios (test_scenario_planning.ScenarioPlanningTests.test_publication_report_accepts_supported_checkpoint_scenarios) ... ok
test_resource_interval_extension_is_verified_but_not_publication_bound (test_scenario_planning.ScenarioPlanningTests.test_resource_interval_extension_is_verified_but_not_publication_bound) ... ok
test_runner_binds_project_root_before_long_lived_docker_execution (test_scenario_planning.ScenarioPlanningTests.test_runner_binds_project_root_before_long_lived_docker_execution) ... ok
test_savant_local_template_preserves_benchmark_dataset_paths (test_scenario_planning.ScenarioPlanningTests.test_savant_local_template_preserves_benchmark_dataset_paths) ... ok
test_savant_local_template_waits_for_native_rows_before_measurement (test_scenario_planning.ScenarioPlanningTests.test_savant_local_template_waits_for_native_rows_before_measurement) ... ok
test_savant_local_timeout_allows_prewarm_and_shutdown (test_scenario_planning.ScenarioPlanningTests.test_savant_local_timeout_allows_prewarm_and_shutdown) ... ok
test_single_server_distributed_uses_localhost_without_sync (test_scenario_planning.ScenarioPlanningTests.test_single_server_distributed_uses_localhost_without_sync) ... ok
test_single_server_preflight_records_loopback_metrics (test_scenario_planning.ScenarioPlanningTests.test_single_server_preflight_records_loopback_metrics) ... ok
test_strict_adapter_accepts_checkpoint_local_and_distributed_fixture (test_scenario_planning.ScenarioPlanningTests.test_strict_adapter_accepts_checkpoint_local_and_distributed_fixture) ... ok
test_strict_adapter_binds_checkpoint_publication_to_gstreamer_custom (test_scenario_planning.ScenarioPlanningTests.test_strict_adapter_binds_checkpoint_publication_to_gstreamer_custom) ... ok
test_strict_adapter_rejects_unknown_distributed_role (test_scenario_planning.ScenarioPlanningTests.test_strict_adapter_rejects_unknown_distributed_role) ... ok
test_summary_csv_serializes_pairing_passport_and_reset_fields (test_scenario_planning.ScenarioPlanningTests.test_summary_csv_serializes_pairing_passport_and_reset_fields) ... ok
test_summary_schema_accepts_incomplete_noncompleted_rows (test_scenario_planning.ScenarioPlanningTests.test_summary_schema_accepts_incomplete_noncompleted_rows) ... ok
test_summary_schema_allows_smoke_completed_row_without_proof_fields (test_scenario_planning.ScenarioPlanningTests.test_summary_schema_allows_smoke_completed_row_without_proof_fields) ... ok
test_summary_schema_rejects_non_native_benchmark_completed_row (test_scenario_planning.ScenarioPlanningTests.test_summary_schema_rejects_non_native_benchmark_completed_row) ... ok
test_summary_schema_rejects_unexpected_key_before_opening_file (test_scenario_planning.ScenarioPlanningTests.test_summary_schema_rejects_unexpected_key_before_opening_file) ... ok
test_summary_schema_requires_every_proof_field_for_native_completed_row (test_scenario_planning.ScenarioPlanningTests.test_summary_schema_requires_every_proof_field_for_native_completed_row) ... ok
test_template_rejects_stale_native_probe_images (test_scenario_planning.ScenarioPlanningTests.test_template_rejects_stale_native_probe_images) ... ok
test_workload_seed_is_independent_of_system (test_scenario_planning.ScenarioPlanningTests.test_workload_seed_is_independent_of_system) ... ok
test_all_branches_must_share_input_frame_identity (test_topology_contract.TopologyContractTests.test_all_branches_must_share_input_frame_identity) ... ok
test_baseline_branches_require_independent_execution_domains (test_topology_contract.TopologyContractTests.test_baseline_branches_require_independent_execution_domains) ... ok
test_distributed_executor_collects_topology_fragments (test_topology_contract.TopologyContractTests.test_distributed_executor_collects_topology_fragments) ... ok
test_publication_summary_requires_complete_topology_trace (test_topology_contract.TopologyContractTests.test_publication_summary_requires_complete_topology_trace) ... ok
test_publication_summary_requires_matching_pair_censoring_rule (test_topology_contract.TopologyContractTests.test_publication_summary_requires_matching_pair_censoring_rule) ... ok
test_report_matrix_rejects_out_of_contract_rows_but_allows_missing_cells (test_topology_contract.TopologyContractTests.test_report_matrix_rejects_out_of_contract_rows_but_allows_missing_cells) ... ok
test_shared_topology_requires_every_fanout_execution (test_topology_contract.TopologyContractTests.test_shared_topology_requires_every_fanout_execution) ... ok
test_stage_completion_must_link_to_native_frame_event (test_topology_contract.TopologyContractTests.test_stage_completion_must_link_to_native_frame_event) ... ok
test_topology_trace_rejects_derived_provenance (test_topology_contract.TopologyContractTests.test_topology_trace_rejects_derived_provenance) ... ok
test_v1_rejects_unregistered_postprocess_stage (test_topology_contract.TopologyContractTests.test_v1_rejects_unregistered_postprocess_stage) ... ok
test_v2_requires_explicit_cpu_postprocess_after_every_analytics_stage (test_topology_contract.TopologyContractTests.test_v2_requires_explicit_cpu_postprocess_after_every_analytics_stage) ... ok
test_valid_independent_process_topology (test_topology_contract.TopologyContractTests.test_valid_independent_process_topology) ... ok
test_valid_shared_fanout_and_join_topology (test_topology_contract.TopologyContractTests.test_valid_shared_fanout_and_join_topology) ... ok

======================================================================
ERROR: test_current_qualification_fragments_match_physical_receipts (test_publication_runtime_frozen_identity_constants_v1.PublicationRuntimeFrozenIdentityConstantsV1Tests.test_current_qualification_fragments_match_physical_receipts)
----------------------------------------------------------------------
Traceback (most recent call last):
  File "/home/s-a-balashov/work/vast-a8-green-20261009T141657/tests/test_publication_runtime_frozen_identity_constants_v1.py", line 85, in test_current_qualification_fragments_match_physical_receipts
    patch = json.loads((base / "qualification_image_identity_patch.json").read_bytes())
                       ^^^^^^^^^^^^^^^^^^^^^^^^^^^^^^^^^^^^^^^^^^^^^^^^^^^^^^^^^^^^^^^
  File "/usr/lib/python3.12/pathlib.py", line 1021, in read_bytes
    with self.open(mode='rb') as f:
         ^^^^^^^^^^^^^^^^^^^^
  File "/usr/lib/python3.12/pathlib.py", line 1015, in open
    return io.open(self, mode, buffering, encoding, errors, newline)
           ^^^^^^^^^^^^^^^^^^^^^^^^^^^^^^^^^^^^^^^^^^^^^^^^^^^^^^^^^
FileNotFoundError: [Errno 2] No such file or directory: '/home/s-a-balashov/work/vast-a8-green-20261009T141657/artifacts/qualify_full_benchmark_20261008e/qualification_image_identity_patch.json'

======================================================================
ERROR: test_fix_benchmark_patch_matches_exact_runtime_constants (test_publication_runtime_frozen_identity_constants_v1.PublicationRuntimeFrozenIdentityConstantsV1Tests.test_fix_benchmark_patch_matches_exact_runtime_constants)
----------------------------------------------------------------------
Traceback (most recent call last):
  File "/home/s-a-balashov/work/vast-a8-green-20261009T141657/tests/test_publication_runtime_frozen_identity_constants_v1.py", line 69, in test_fix_benchmark_patch_matches_exact_runtime_constants
    patch = json.loads(patch_path.read_bytes())
                       ^^^^^^^^^^^^^^^^^^^^^^^
  File "/usr/lib/python3.12/pathlib.py", line 1021, in read_bytes
    with self.open(mode='rb') as f:
         ^^^^^^^^^^^^^^^^^^^^
  File "/usr/lib/python3.12/pathlib.py", line 1015, in open
    return io.open(self, mode, buffering, encoding, errors, newline)
           ^^^^^^^^^^^^^^^^^^^^^^^^^^^^^^^^^^^^^^^^^^^^^^^^^^^^^^^^^
FileNotFoundError: [Errno 2] No such file or directory: '/home/s-a-balashov/work/vast-a8-green-20261009T141657/artifacts/qualify_full_benchmark_20261008e/qualification_image_identity_patch.json'

----------------------------------------------------------------------
Ran 555 tests in 346.006s

FAILED (errors=2, skipped=3)
[hardware] detected GPU: unknown
[hardware] detected CPU: Apple M4 Max
[hardware] detected RAM: 64.0 GB
[warning] hardware target mismatch: detected_gpu_model_missing, cpu_model_mismatch, ram_gb_mismatch
[hardware] detected GPU: unknown
[hardware] detected CPU: Apple M4 Max
[hardware] detected RAM: 64.0 GB
[done-primary-architecture] step=1/20 scenario=checkpoint_independent_processes_baseline rep=1
[done-primary-architecture] step=2/20 scenario=checkpoint_video_dag_shared rep=1
[done-primary-architecture] step=3/20 scenario=checkpoint_video_dag_shared rep=2
[done-primary-architecture] step=4/20 scenario=checkpoint_independent_processes_baseline rep=2
[done-primary-architecture] step=5/20 scenario=checkpoint_independent_processes_baseline rep=3
[done-primary-architecture] step=6/20 scenario=checkpoint_video_dag_shared rep=3
[done-primary-architecture] step=7/20 scenario=checkpoint_video_dag_shared rep=4
[done-primary-architecture] step=8/20 scenario=checkpoint_independent_processes_baseline rep=4
[done-primary-architecture] step=9/20 scenario=checkpoint_independent_processes_baseline rep=5
[done-primary-architecture] step=10/20 scenario=checkpoint_video_dag_shared rep=5
[done-primary-architecture] step=11/20 scenario=checkpoint_video_dag_shared rep=6
[done-primary-architecture] step=12/20 scenario=checkpoint_independent_processes_baseline rep=6
[done-primary-architecture] step=13/20 scenario=checkpoint_independent_processes_baseline rep=7
[done-primary-architecture] step=14/20 scenario=checkpoint_video_dag_shared rep=7
[done-primary-architecture] step=15/20 scenario=checkpoint_video_dag_shared rep=8
[done-primary-architecture] step=16/20 scenario=checkpoint_independent_processes_baseline rep=8
[done-primary-architecture] step=17/20 scenario=checkpoint_independent_processes_baseline rep=9
[done-primary-architecture] step=18/20 scenario=checkpoint_video_dag_shared rep=9
[done-primary-architecture] step=19/20 scenario=checkpoint_video_dag_shared rep=10
[done-primary-architecture] step=20/20 scenario=checkpoint_independent_processes_baseline rep=10
[result] primary architecture summary saved to /tmp/tmp8lwtfhd7/20261009_172250/summary.csv
exit=1
