run_id,trace_id,stream_id,frame_id,critical_branch,decoder_prefix_ms,postdecode_residual_ms,e2e_latency_ms,decoder_share,decoder_share_reason
qualification-v2-gstreamer_custom-gpu-h264-independent-processes,qualification-v2-gstreamer_custom-gpu-h264-independent-processes:0:30,0,30,damage,2056,159,2215,0.9282167042889390519187358916,
qualification-v2-gstreamer_custom-gpu-h264-independent-processes,qualification-v2-gstreamer_custom-gpu-h264-independent-processes:0:31,0,31,damage,1036,106,1142,0.9071803852889667250437828371,
qualification-v2-gstreamer_custom-gpu-h264-independent-processes,qualification-v2-gstreamer_custom-gpu-h264-independent-processes:0:32,0,32,damage,1026,96,1122,0.9144385026737967914438502674,
qualification-v2-gstreamer_custom-gpu-h264-independent-processes,qualification-v2-gstreamer_custom-gpu-h264-independent-processes:0:33,0,33,foreign_object,6029,234,6263,0.9626377135558039278301133642,
qualification-v2-gstreamer_custom-gpu-h264-independent-processes,qualification-v2-gstreamer_custom-gpu-h264-independent-processes:0:34,0,34,foreign_object,2057,147,2204,0.9333030852994555353901996370,
qualification-v2-gstreamer_custom-gpu-h264-independent-processes,qualification-v2-gstreamer_custom-gpu-h264-independent-processes:0:35,0,35,foreign_object,1031,114,1145,0.9004366812227074235807860262,
qualification-v2-gstreamer_custom-gpu-h264-independent-processes,qualification-v2-gstreamer_custom-gpu-h264-independent-processes:0:36,0,36,vehicle_type,1027,66,1093,0.9396157365050320219579139982,
qualification-v2-gstreamer_custom-gpu-h264-independent-processes,qualification-v2-gstreamer_custom-gpu-h264-independent-processes:0:37,0,37,damage,6033,279,6312,0.9557984790874524714828897338,
qualification-v2-gstreamer_custom-gpu-h264-independent-processes,qualification-v2-gstreamer_custom-gpu-h264-independent-processes:0:38,0,38,foreign_object,2052,125,2177,0.9425815342214056040422599908,
qualification-v2-gstreamer_custom-gpu-h264-independent-processes,qualification-v2-gstreamer_custom-gpu-h264-independent-processes:0:39,0,39,plate_number,1031,81,1112,0.9271582733812949640287769784,
qualification-v2-gstreamer_custom-gpu-h264-independent-processes,qualification-v2-gstreamer_custom-gpu-h264-independent-processes:0:40,0,40,damage,1024,88,1112,0.9208633093525179856115107914,
qualification-v2-gstreamer_custom-gpu-h264-independent-processes,qualification-v2-gstreamer_custom-gpu-h264-independent-processes:0:41,0,41,vehicle_type,6028,289,6317,0.9542504353332277980053823017,
qualification-v2-gstreamer_custom-gpu-h264-independent-processes,qualification-v2-gstreamer_custom-gpu-h264-independent-processes:0:42,0,42,foreign_object,2058,140,2198,0.9363057324840764331210191083,
qualification-v2-gstreamer_custom-gpu-h264-independent-processes,qualification-v2-gstreamer_custom-gpu-h264-independent-processes:0:43,0,43,foreign_object,1031,90,1121,0.9197145405887600356824264050,
qualification-v2-gstreamer_custom-gpu-h264-independent-processes,qualification-v2-gstreamer_custom-gpu-h264-independent-processes:0:44,0,44,damage,1023,105,1128,0.9069148936170212765957446809,
qualification-v2-gstreamer_custom-gpu-h264-independent-processes,qualification-v2-gstreamer_custom-gpu-h264-independent-processes:0:45,0,45,foreign_object,6029,224,6253,0.9641771949464257156564848873,
qualification-v2-gstreamer_custom-gpu-h264-independent-processes,qualification-v2-gstreamer_custom-gpu-h264-independent-processes:0:46,0,46,damage,2059,144,2203,0.9346345891965501588742623695,
qualification-v2-gstreamer_custom-gpu-h264-independent-processes,qualification-v2-gstreamer_custom-gpu-h264-independent-processes:0:47,0,47,damage,1031,124,1155,0.8926406926406926406926406926,
qualification-v2-gstreamer_custom-gpu-h264-independent-processes,qualification-v2-gstreamer_custom-gpu-h264-independent-processes:0:48,0,48,foreign_object,1025,67,1092,0.9386446886446886446886446886,
qualification-v2-gstreamer_custom-gpu-h264-independent-processes,qualification-v2-gstreamer_custom-gpu-h264-independent-processes:0:49,0,49,foreign_object,6031,293,6324,0.9536685641998734977862112587,
qualification-v2-gstreamer_custom-gpu-h264-independent-processes,qualification-v2-gstreamer_custom-gpu-h264-independent-processes:0:50,0,50,vehicle_type,2045,140,2185,0.9359267734553775743707093822,
qualification-v2-gstreamer_custom-gpu-h264-independent-processes,qualification-v2-gstreamer_custom-gpu-h264-independent-processes:0:51,0,51,vehicle_type,1026,99,1125,0.912,
qualification-v2-gstreamer_custom-gpu-h264-independent-processes,qualification-v2-gstreamer_custom-gpu-h264-independent-processes:0:52,0,52,damage,1032,85,1117,0.9239033124440465532676812892,
qualification-v2-gstreamer_custom-gpu-h264-independent-processes,qualification-v2-gstreamer_custom-gpu-h264-independent-processes:0:53,0,53,foreign_object,6022,272,6294,0.9567842389577375278042580235,
qualification-v2-gstreamer_custom-gpu-h264-independent-processes,qualification-v2-gstreamer_custom-gpu-h264-independent-processes:0:54,0,54,damage,2060,133,2193,0.9393524851801185590515275878,
qualification-v2-gstreamer_custom-gpu-h264-independent-processes,qualification-v2-gstreamer_custom-gpu-h264-independent-processes:0:55,0,55,damage,1039,94,1133,0.9170344218887908208296557811,
qualification-v2-gstreamer_custom-gpu-h264-independent-processes,qualification-v2-gstreamer_custom-gpu-h264-independent-processes:0:56,0,56,foreign_object,1028,86,1114,0.9228007181328545780969479354,
qualification-v2-gstreamer_custom-gpu-h264-independent-processes,qualification-v2-gstreamer_custom-gpu-h264-independent-processes:0:57,0,57,vehicle_type,6030,154,6184,0.9750970245795601552393272962,
qualification-v2-gstreamer_custom-gpu-h264-independent-processes,qualification-v2-gstreamer_custom-gpu-h264-independent-processes:0:58,0,58,foreign_object,2046,149,2195,0.9321184510250569476082004556,
qualification-v2-gstreamer_custom-gpu-h264-independent-processes,qualification-v2-gstreamer_custom-gpu-h264-independent-processes:0:59,0,59,damage,1031,96,1127,0.9148181011535048802129547471,
qualification-v2-gstreamer_custom-gpu-h264-independent-processes,qualification-v2-gstreamer_custom-gpu-h264-independent-processes:0:60,0,60,foreign_object,1025,80,1105,0.9276018099547511312217194570,
qualification-v2-gstreamer_custom-gpu-h264-independent-processes,qualification-v2-gstreamer_custom-gpu-h264-independent-processes:0:61,0,61,foreign_object,6025,262,6287,0.9583267059010656911086368697,
qualification-v2-gstreamer_custom-gpu-h264-independent-processes,qualification-v2-gstreamer_custom-gpu-h264-independent-processes:0:62,0,62,foreign_object,2052,137,2189,0.9374143444495203289173138419,
qualification-v2-gstreamer_custom-gpu-h264-independent-processes,qualification-v2-gstreamer_custom-gpu-h264-independent-processes:0:63,0,63,foreign_object,1028,102,1130,0.9097345132743362831858407080,
qualification-v2-gstreamer_custom-gpu-h264-independent-processes,qualification-v2-gstreamer_custom-gpu-h264-independent-processes:0:64,0,64,foreign_object,1030,79,1109,0.9287646528403967538322813345,
qualification-v2-gstreamer_custom-gpu-h264-independent-processes,qualification-v2-gstreamer_custom-gpu-h264-independent-processes:0:65,0,65,foreign_object,6042,275,6317,0.9564666772201994617698274497,
qualification-v2-gstreamer_custom-gpu-h264-independent-processes,qualification-v2-gstreamer_custom-gpu-h264-independent-processes:0:66,0,66,foreign_object,2056,167,2223,0.9248762932973459289248762933,
qualification-v2-gstreamer_custom-gpu-h264-independent-processes,qualification-v2-gstreamer_custom-gpu-h264-independent-processes:0:67,0,67,foreign_object,1031,129,1160,0.8887931034482758620689655172,
qualification-v2-gstreamer_custom-gpu-h264-independent-processes,qualification-v2-gstreamer_custom-gpu-h264-independent-processes:0:68,0,68,vehicle_type,1026,84,1110,0.9243243243243243243243243243,
qualification-v2-gstreamer_custom-gpu-h264-independent-processes,qualification-v2-gstreamer_custom-gpu-h264-independent-processes:0:69,0,69,foreign_object,6026,200,6226,0.9678766463218760038548024414,
qualification-v2-gstreamer_custom-gpu-h264-independent-processes,qualification-v2-gstreamer_custom-gpu-h264-independent-processes:0:70,0,70,plate_number,2058,125,2183,0.9427393495190105359596885021,
qualification-v2-gstreamer_custom-gpu-h264-independent-processes,qualification-v2-gstreamer_custom-gpu-h264-independent-processes:0:71,0,71,plate_number,1036,90,1126,0.9200710479573712255772646536,
qualification-v2-gstreamer_custom-gpu-h264-independent-processes,qualification-v2-gstreamer_custom-gpu-h264-independent-processes:0:72,0,72,foreign_object,1024,85,1109,0.9233543733092876465284039675,
qualification-v2-gstreamer_custom-gpu-h264-independent-processes,qualification-v2-gstreamer_custom-gpu-h264-independent-processes:0:73,0,73,foreign_object,6036,273,6309,0.9567284831193533048026628626,
qualification-v2-gstreamer_custom-gpu-h264-independent-processes,qualification-v2-gstreamer_custom-gpu-h264-independent-processes:0:74,0,74,foreign_object,2056,140,2196,0.9362477231329690346083788707,
qualification-v2-gstreamer_custom-gpu-h264-independent-processes,qualification-v2-gstreamer_custom-gpu-h264-independent-processes:0:75,0,75,foreign_object,1030,121,1151,0.8948740225890529973935708080,
qualification-v2-gstreamer_custom-gpu-h264-independent-processes,qualification-v2-gstreamer_custom-gpu-h264-independent-processes:0:76,0,76,foreign_object,1032,80,1112,0.9280575539568345323741007194,
qualification-v2-gstreamer_custom-gpu-h264-independent-processes,qualification-v2-gstreamer_custom-gpu-h264-independent-processes:0:77,0,77,foreign_object,6024,289,6313,0.9542214478061143671788373198,
qualification-v2-gstreamer_custom-gpu-h264-independent-processes,qualification-v2-gstreamer_custom-gpu-h264-independent-processes:0:78,0,78,damage,2060,150,2210,0.9321266968325791855203619910,
qualification-v2-gstreamer_custom-gpu-h264-independent-processes,qualification-v2-gstreamer_custom-gpu-h264-independent-processes:0:79,0,79,damage,1036,110,1146,0.9040139616055846422338568935,
qualification-v2-gstreamer_custom-gpu-h264-independent-processes,qualification-v2-gstreamer_custom-gpu-h264-independent-processes:0:80,0,80,foreign_object,1032,92,1124,0.9181494661921708185053380783,
qualification-v2-gstreamer_custom-gpu-h264-independent-processes,qualification-v2-gstreamer_custom-gpu-h264-independent-processes:0:81,0,81,foreign_object,6026,228,6254,0.9635433322673488967061080908,
qualification-v2-gstreamer_custom-gpu-h264-independent-processes,qualification-v2-gstreamer_custom-gpu-h264-independent-processes:0:82,0,82,foreign_object,2054,130,2184,0.9404761904761904761904761905,
qualification-v2-gstreamer_custom-gpu-h264-independent-processes,qualification-v2-gstreamer_custom-gpu-h264-independent-processes:0:83,0,83,vehicle_type,1028,94,1122,0.9162210338680926916221033868,
qualification-v2-gstreamer_custom-gpu-h264-independent-processes,qualification-v2-gstreamer_custom-gpu-h264-independent-processes:0:84,0,84,foreign_object,1030,76,1106,0.9312839059674502712477396022,
qualification-v2-gstreamer_custom-gpu-h264-independent-processes,qualification-v2-gstreamer_custom-gpu-h264-independent-processes:0:85,0,85,vehicle_type,6039,257,6296,0.9591804320203303684879288437,
qualification-v2-gstreamer_custom-gpu-h264-independent-processes,qualification-v2-gstreamer_custom-gpu-h264-independent-processes:0:86,0,86,foreign_object,2052,144,2196,0.9344262295081967213114754098,
qualification-v2-gstreamer_custom-gpu-h264-independent-processes,qualification-v2-gstreamer_custom-gpu-h264-independent-processes:0:87,0,87,foreign_object,1029,115,1144,0.8994755244755244755244755245,
qualification-v2-gstreamer_custom-gpu-h264-independent-processes,qualification-v2-gstreamer_custom-gpu-h264-independent-processes:0:88,0,88,foreign_object,1027,87,1114,0.9219030520646319569120287253,
qualification-v2-gstreamer_custom-gpu-h264-independent-processes,qualification-v2-gstreamer_custom-gpu-h264-independent-processes:0:89,0,89,foreign_object,6029,288,6317,0.9544087383251543454171283837,
qualification-v2-gstreamer_custom-gpu-h264-independent-processes,qualification-v2-gstreamer_custom-gpu-h264-independent-processes:0:90,0,90,foreign_object,2057,160,2217,0.9278304014433919711321605774,
qualification-v2-gstreamer_custom-gpu-h264-independent-processes,qualification-v2-gstreamer_custom-gpu-h264-independent-processes:0:91,0,91,foreign_object,1037,116,1153,0.8993928881179531656548135299,
qualification-v2-gstreamer_custom-gpu-h264-independent-processes,qualification-v2-gstreamer_custom-gpu-h264-independent-processes:0:92,0,92,damage,1028,91,1119,0.9186773905272564789991063450,
qualification-v2-gstreamer_custom-gpu-h264-independent-processes,qualification-v2-gstreamer_custom-gpu-h264-independent-processes:0:93,0,93,foreign_object,6023,174,6197,0.9719218976924318218492819106,
qualification-v2-gstreamer_custom-gpu-h264-independent-processes,qualification-v2-gstreamer_custom-gpu-h264-independent-processes:0:94,0,94,foreign_object,2056,151,2207,0.9315813321250566379700951518,
qualification-v2-gstreamer_custom-gpu-h264-independent-processes,qualification-v2-gstreamer_custom-gpu-h264-independent-processes:0:95,0,95,foreign_object,1040,106,1146,0.9075043630017452006980802792,
qualification-v2-gstreamer_custom-gpu-h264-independent-processes,qualification-v2-gstreamer_custom-gpu-h264-independent-processes:0:96,0,96,plate_number,1023,69,1092,0.9368131868131868131868131868,
qualification-v2-gstreamer_custom-gpu-h264-independent-processes,qualification-v2-gstreamer_custom-gpu-h264-independent-processes:0:97,0,97,damage,6034,260,6294,0.9586908166507785192246584048,
qualification-v2-gstreamer_custom-gpu-h264-independent-processes,qualification-v2-gstreamer_custom-gpu-h264-independent-processes:0:98,0,98,foreign_object,2043,159,2202,0.9277929155313351498637602180,
qualification-v2-gstreamer_custom-gpu-h264-independent-processes,qualification-v2-gstreamer_custom-gpu-h264-independent-processes:0:99,0,99,foreign_object,1020,116,1136,0.8978873239436619718309859155,
qualification-v2-gstreamer_custom-gpu-h264-independent-processes,qualification-v2-gstreamer_custom-gpu-h264-independent-processes:0:100,0,100,damage,1024,72,1096,0.9343065693430656934306569343,
qualification-v2-gstreamer_custom-gpu-h264-independent-processes,qualification-v2-gstreamer_custom-gpu-h264-independent-processes:0:101,0,101,foreign_object,6023,297,6320,0.9530063291139240506329113924,
qualification-v2-gstreamer_custom-gpu-h264-independent-processes,qualification-v2-gstreamer_custom-gpu-h264-independent-processes:0:102,0,102,foreign_object,2051,169,2220,0.9238738738738738738738738739,
qualification-v2-gstreamer_custom-gpu-h264-independent-processes,qualification-v2-gstreamer_custom-gpu-h264-independent-processes:0:103,0,103,vehicle_type,1028,123,1151,0.8931364031277150304083405734,
qualification-v2-gstreamer_custom-gpu-h264-independent-processes,qualification-v2-gstreamer_custom-gpu-h264-independent-processes:0:104,0,104,vehicle_type,1026,86,1112,0.9226618705035971223021582734,
qualification-v2-gstreamer_custom-gpu-h264-independent-processes,qualification-v2-gstreamer_custom-gpu-h264-independent-processes:0:105,0,105,foreign_object,6027,173,6200,0.9720967741935483870967741935,
qualification-v2-gstreamer_custom-gpu-h264-independent-processes,qualification-v2-gstreamer_custom-gpu-h264-independent-processes:0:106,0,106,vehicle_type,2054,157,2211,0.9289914066033469018543645409,
qualification-v2-gstreamer_custom-gpu-h264-independent-processes,qualification-v2-gstreamer_custom-gpu-h264-independent-processes:0:107,0,107,vehicle_type,1033,110,1143,0.9037620297462817147856517935,
qualification-v2-gstreamer_custom-gpu-h264-independent-processes,qualification-v2-gstreamer_custom-gpu-h264-independent-processes:0:108,0,108,damage,1024,66,1090,0.9394495412844036697247706422,
qualification-v2-gstreamer_custom-gpu-h264-independent-processes,qualification-v2-gstreamer_custom-gpu-h264-independent-processes:0:109,0,109,vehicle_type,6033,244,6277,0.9611279273538314481440178429,
qualification-v2-gstreamer_custom-gpu-h264-independent-processes,qualification-v2-gstreamer_custom-gpu-h264-independent-processes:0:110,0,110,damage,2052,139,2191,0.9365586490187129164764947513,
qualification-v2-gstreamer_custom-gpu-h264-independent-processes,qualification-v2-gstreamer_custom-gpu-h264-independent-processes:0:111,0,111,damage,1032,102,1134,0.9100529100529100529100529101,
qualification-v2-gstreamer_custom-gpu-h264-independent-processes,qualification-v2-gstreamer_custom-gpu-h264-independent-processes:0:112,0,112,foreign_object,1024,112,1136,0.9014084507042253521126760563,
qualification-v2-gstreamer_custom-gpu-h264-independent-processes,qualification-v2-gstreamer_custom-gpu-h264-independent-processes:0:113,0,113,damage,6038,262,6300,0.9584126984126984126984126984,
qualification-v2-gstreamer_custom-gpu-h264-independent-processes,qualification-v2-gstreamer_custom-gpu-h264-independent-processes:0:114,0,114,foreign_object,2055,126,2181,0.9422283356258596973865199450,
qualification-v2-gstreamer_custom-gpu-h264-independent-processes,qualification-v2-gstreamer_custom-gpu-h264-independent-processes:0:115,0,115,foreign_object,1028,74,1102,0.9328493647912885662431941924,
qualification-v2-gstreamer_custom-gpu-h264-independent-processes,qualification-v2-gstreamer_custom-gpu-h264-independent-processes:0:116,0,116,foreign_object,1028,89,1117,0.9203222918531781557743957028,
qualification-v2-gstreamer_custom-gpu-h264-independent-processes,qualification-v2-gstreamer_custom-gpu-h264-independent-processes:0:117,0,117,foreign_object,6031,93,6124,0.9848138471587197909862834749,
qualification-v2-gstreamer_custom-gpu-h264-independent-processes,qualification-v2-gstreamer_custom-gpu-h264-independent-processes:0:118,0,118,damage,2048,145,2193,0.9338805289557683538531691746,
qualification-v2-gstreamer_custom-gpu-h264-independent-processes,qualification-v2-gstreamer_custom-gpu-h264-independent-processes:0:119,0,119,damage,1024,115,1139,0.8990342405618964003511852502,
qualification-v2-gstreamer_custom-gpu-h264-independent-processes,qualification-v2-gstreamer_custom-gpu-h264-independent-processes:0:120,0,120,plate_number,1028,78,1106,0.9294755877034358047016274864,
qualification-v2-gstreamer_custom-gpu-h264-independent-processes,qualification-v2-gstreamer_custom-gpu-h264-independent-processes:0:121,0,121,damage,6035,252,6287,0.9599172896452998250357881342,
qualification-v2-gstreamer_custom-gpu-h264-independent-processes,qualification-v2-gstreamer_custom-gpu-h264-independent-processes:0:122,0,122,foreign_object,2052,135,2187,0.9382716049382716049382716049,
qualification-v2-gstreamer_custom-gpu-h264-independent-processes,qualification-v2-gstreamer_custom-gpu-h264-independent-processes:0:123,0,123,foreign_object,1026,108,1134,0.9047619047619047619047619048,
qualification-v2-gstreamer_custom-gpu-h264-independent-processes,qualification-v2-gstreamer_custom-gpu-h264-independent-processes:0:124,0,124,damage,1024,58,1082,0.9463955637707948243992606285,
qualification-v2-gstreamer_custom-gpu-h264-independent-processes,qualification-v2-gstreamer_custom-gpu-h264-independent-processes:0:125,0,125,damage,6036,272,6308,0.9568801521876981610653138871,
qualification-v2-gstreamer_custom-gpu-h264-independent-processes,qualification-v2-gstreamer_custom-gpu-h264-independent-processes:0:126,0,126,foreign_object,2052,167,2219,0.9247408742676881478143307796,
qualification-v2-gstreamer_custom-gpu-h264-independent-processes,qualification-v2-gstreamer_custom-gpu-h264-independent-processes:0:127,0,127,foreign_object,1032,112,1144,0.9020979020979020979020979021,
qualification-v2-gstreamer_custom-gpu-h264-independent-processes,qualification-v2-gstreamer_custom-gpu-h264-independent-processes:0:128,0,128,foreign_object,1028,89,1117,0.9203222918531781557743957028,
qualification-v2-gstreamer_custom-gpu-h264-independent-processes,qualification-v2-gstreamer_custom-gpu-h264-independent-processes:0:129,0,129,foreign_object,6022,214,6236,0.9656831302116741500962155228,
qualification-v2-gstreamer_custom-gpu-h264-independent-processes,qualification-v2-gstreamer_custom-gpu-h264-independent-processes:0:130,0,130,foreign_object,2062,131,2193,0.9402644778841769265845873233,
qualification-v2-gstreamer_custom-gpu-h264-independent-processes,qualification-v2-gstreamer_custom-gpu-h264-independent-processes:0:131,0,131,foreign_object,1035,95,1130,0.9159292035398230088495575221,
qualification-v2-gstreamer_custom-gpu-h264-independent-processes,qualification-v2-gstreamer_custom-gpu-h264-independent-processes:0:132,0,132,damage,1030,68,1098,0.9380692167577413479052823315,
qualification-v2-gstreamer_custom-gpu-h264-independent-processes,qualification-v2-gstreamer_custom-gpu-h264-independent-processes:0:133,0,133,foreign_object,6033,257,6290,0.9591414944356120826709062003,
qualification-v2-gstreamer_custom-gpu-h264-independent-processes,qualification-v2-gstreamer_custom-gpu-h264-independent-processes:0:134,0,134,vehicle_type,2058,136,2194,0.9380127620783956244302643573,
qualification-v2-gstreamer_custom-gpu-h264-independent-processes,qualification-v2-gstreamer_custom-gpu-h264-independent-processes:0:135,0,135,vehicle_type,1031,97,1128,0.9140070921985815602836879433,
qualification-v2-gstreamer_custom-gpu-h264-independent-processes,qualification-v2-gstreamer_custom-gpu-h264-independent-processes:0:136,0,136,plate_number,1023,58,1081,0.9463459759481961147086031452,
qualification-v2-gstreamer_custom-gpu-h264-independent-processes,qualification-v2-gstreamer_custom-gpu-h264-independent-processes:0:137,0,137,damage,6040,249,6289,0.9604070599459373509301955796,
qualification-v2-gstreamer_custom-gpu-h264-independent-processes,qualification-v2-gstreamer_custom-gpu-h264-independent-processes:0:138,0,138,foreign_object,2044,178,2222,0.9198919891989198919891989199,
qualification-v2-gstreamer_custom-gpu-h264-independent-processes,qualification-v2-gstreamer_custom-gpu-h264-independent-processes:0:139,0,139,damage,1031,122,1153,0.8941890719861231569817866435,
qualification-v2-gstreamer_custom-gpu-h264-independent-processes,qualification-v2-gstreamer_custom-gpu-h264-independent-processes:0:140,0,140,foreign_object,1026,90,1116,0.9193548387096774193548387097,
qualification-v2-gstreamer_custom-gpu-h264-independent-processes,qualification-v2-gstreamer_custom-gpu-h264-independent-processes:0:141,0,141,vehicle_type,6024,138,6162,0.9776046738072054527750730282,
qualification-v2-gstreamer_custom-gpu-h264-independent-processes,qualification-v2-gstreamer_custom-gpu-h264-independent-processes:0:142,0,142,damage,2054,148,2202,0.9327883742052679382379654859,
qualification-v2-gstreamer_custom-gpu-h264-independent-processes,qualification-v2-gstreamer_custom-gpu-h264-independent-processes:0:143,0,143,damage,1026,127,1153,0.8898525585429314830875975716,
qualification-v2-gstreamer_custom-gpu-h264-independent-processes,qualification-v2-gstreamer_custom-gpu-h264-independent-processes:0:144,0,144,plate_number,1027,79,1106,0.9285714285714285714285714286,
qualification-v2-gstreamer_custom-gpu-h264-independent-processes,qualification-v2-gstreamer_custom-gpu-h264-independent-processes:0:145,0,145,damage,6036,241,6277,0.9616058626732515532897881153,
qualification-v2-gstreamer_custom-gpu-h264-independent-processes,qualification-v2-gstreamer_custom-gpu-h264-independent-processes:0:146,0,146,foreign_object,2056,140,2196,0.9362477231329690346083788707,
qualification-v2-gstreamer_custom-gpu-h264-independent-processes,qualification-v2-gstreamer_custom-gpu-h264-independent-processes:0:147,0,147,foreign_object,1032,90,1122,0.9197860962566844919786096257,
qualification-v2-gstreamer_custom-gpu-h264-independent-processes,qualification-v2-gstreamer_custom-gpu-h264-independent-processes:0:148,0,148,foreign_object,1026,99,1125,0.912,
qualification-v2-gstreamer_custom-gpu-h264-independent-processes,qualification-v2-gstreamer_custom-gpu-h264-independent-processes:0:149,0,149,foreign_object,6040,267,6307,0.9576660853020453464404629776,
qualification-v2-gstreamer_custom-gpu-h264-independent-processes,qualification-v2-gstreamer_custom-gpu-h264-independent-processes:0:150,0,150,foreign_object,2043,173,2216,0.9219314079422382671480144404,
qualification-v2-gstreamer_custom-gpu-h264-independent-processes,qualification-v2-gstreamer_custom-gpu-h264-independent-processes:0:151,0,151,foreign_object,1023,121,1144,0.8942307692307692307692307692,
qualification-v2-gstreamer_custom-gpu-h264-independent-processes,qualification-v2-gstreamer_custom-gpu-h264-independent-processes:0:152,0,152,vehicle_type,1026,76,1102,0.9310344827586206896551724138,
qualification-v2-gstreamer_custom-gpu-h264-independent-processes,qualification-v2-gstreamer_custom-gpu-h264-independent-processes:0:153,0,153,damage,6025,181,6206,0.9708346761198839832420238479,
qualification-v2-gstreamer_custom-gpu-h264-independent-processes,qualification-v2-gstreamer_custom-gpu-h264-independent-processes:0:154,0,154,vehicle_type,2056,142,2198,0.9353958143767060964513193813,
qualification-v2-gstreamer_custom-gpu-h264-independent-processes,qualification-v2-gstreamer_custom-gpu-h264-independent-processes:0:155,0,155,damage,1040,100,1140,0.9122807017543859649122807018,
qualification-v2-gstreamer_custom-gpu-h264-independent-processes,qualification-v2-gstreamer_custom-gpu-h264-independent-processes:0:156,0,156,foreign_object,1024,83,1107,0.9250225835591689250225835592,
qualification-v2-gstreamer_custom-gpu-h264-independent-processes,qualification-v2-gstreamer_custom-gpu-h264-independent-processes:0:157,0,157,foreign_object,6034,256,6290,0.9593004769475357710651828299,
qualification-v2-gstreamer_custom-gpu-h264-independent-processes,qualification-v2-gstreamer_custom-gpu-h264-independent-processes:0:158,0,158,damage,2049,132,2181,0.9394773039889958734525447043,
qualification-v2-gstreamer_custom-gpu-h264-independent-processes,qualification-v2-gstreamer_custom-gpu-h264-independent-processes:0:159,0,159,damage,1024,110,1134,0.9029982363315696649029982363,
qualification-v2-gstreamer_custom-gpu-h264-independent-processes,qualification-v2-gstreamer_custom-gpu-h264-independent-processes:0:160,0,160,damage,1030,80,1110,0.9279279279279279279279279279,
qualification-v2-gstreamer_custom-gpu-h264-independent-processes,qualification-v2-gstreamer_custom-gpu-h264-independent-processes:0:161,0,161,foreign_object,6039,263,6302,0.9582672167565852110441129800,
qualification-v2-gstreamer_custom-gpu-h264-independent-processes,qualification-v2-gstreamer_custom-gpu-h264-independent-processes:0:162,0,162,foreign_object,2048,161,2209,0.9271163422363060208239022182,
qualification-v2-gstreamer_custom-gpu-h264-independent-processes,qualification-v2-gstreamer_custom-gpu-h264-independent-processes:0:163,0,163,foreign_object,1024,129,1153,0.8881179531656548135299219428,
qualification-v2-gstreamer_custom-gpu-h264-independent-processes,qualification-v2-gstreamer_custom-gpu-h264-independent-processes:0:164,0,164,damage,1025,81,1106,0.9267631103074141048824593128,
qualification-v2-gstreamer_custom-gpu-h264-independent-processes,qualification-v2-gstreamer_custom-gpu-h264-independent-processes:0:165,0,165,damage,6029,198,6227,0.9682029869921310422354263690,
qualification-v2-gstreamer_custom-gpu-h264-independent-processes,qualification-v2-gstreamer_custom-gpu-h264-independent-processes:0:166,0,166,foreign_object,2066,136,2202,0.9382379654859218891916439600,
qualification-v2-gstreamer_custom-gpu-h264-independent-processes,qualification-v2-gstreamer_custom-gpu-h264-independent-processes:0:167,0,167,foreign_object,1044,95,1139,0.9165935030728709394205443371,
qualification-v2-gstreamer_custom-gpu-h264-independent-processes,qualification-v2-gstreamer_custom-gpu-h264-independent-processes:0:168,0,168,foreign_object,1021,67,1088,0.9384191176470588235294117647,
qualification-v2-gstreamer_custom-gpu-h264-independent-processes,qualification-v2-gstreamer_custom-gpu-h264-independent-processes:0:169,0,169,vehicle_type,6031,247,6278,0.9606562599553998088563236700,
qualification-v2-gstreamer_custom-gpu-h264-independent-processes,qualification-v2-gstreamer_custom-gpu-h264-independent-processes:0:170,0,170,damage,2055,123,2178,0.9435261707988980716253443526,
qualification-v2-gstreamer_custom-gpu-h264-independent-processes,qualification-v2-gstreamer_custom-gpu-h264-independent-processes:0:171,0,171,damage,1040,83,1123,0.9260908281389136242208370436,
qualification-v2-gstreamer_custom-gpu-h264-independent-processes,qualification-v2-gstreamer_custom-gpu-h264-independent-processes:0:172,0,172,foreign_object,1028,87,1115,0.9219730941704035874439461883,
qualification-v2-gstreamer_custom-gpu-h264-independent-processes,qualification-v2-gstreamer_custom-gpu-h264-independent-processes:0:173,0,173,foreign_object,6038,242,6280,0.9614649681528662420382165605,
qualification-v2-gstreamer_custom-gpu-h264-independent-processes,qualification-v2-gstreamer_custom-gpu-h264-independent-processes:0:174,0,174,damage,2056,161,2217,0.9273793414524131709517365810,
qualification-v2-gstreamer_custom-gpu-h264-independent-processes,qualification-v2-gstreamer_custom-gpu-h264-independent-processes:0:175,0,175,damage,1034,111,1145,0.9030567685589519650655021834,
qualification-v2-gstreamer_custom-gpu-h264-independent-processes,qualification-v2-gstreamer_custom-gpu-h264-independent-processes:0:176,0,176,plate_number,1026,86,1112,0.9226618705035971223021582734,
qualification-v2-gstreamer_custom-gpu-h264-independent-processes,qualification-v2-gstreamer_custom-gpu-h264-independent-processes:0:177,0,177,damage,6024,174,6198,0.9719264278799612778315585673,
qualification-v2-gstreamer_custom-gpu-h264-independent-processes,qualification-v2-gstreamer_custom-gpu-h264-independent-processes:0:178,0,178,foreign_object,2060,149,2209,0.9325486645540968764146672703,
qualification-v2-gstreamer_custom-gpu-h264-independent-processes,qualification-v2-gstreamer_custom-gpu-h264-independent-processes:0:179,0,179,foreign_object,1032,118,1150,0.8973913043478260869565217391,
qualification-v2-gstreamer_custom-gpu-h264-independent-processes,qualification-v2-gstreamer_custom-gpu-h264-independent-processes:0:180,0,180,vehicle_type,1026,114,1140,0.9,
qualification-v2-gstreamer_custom-gpu-h264-independent-processes,qualification-v2-gstreamer_custom-gpu-h264-independent-processes:0:181,0,181,damage,6028,234,6262,0.9626317470456723091664005110,
qualification-v2-gstreamer_custom-gpu-h264-independent-processes,qualification-v2-gstreamer_custom-gpu-h264-independent-processes:0:182,0,182,foreign_object,2056,133,2189,0.9392416628597533120146185473,
qualification-v2-gstreamer_custom-gpu-h264-independent-processes,qualification-v2-gstreamer_custom-gpu-h264-independent-processes:0:183,0,183,foreign_object,1033,98,1131,0.9133510167992926613616268789,
qualification-v2-gstreamer_custom-gpu-h264-independent-processes,qualification-v2-gstreamer_custom-gpu-h264-independent-processes:0:184,0,184,damage,1033,86,1119,0.9231456657730116175156389634,
qualification-v2-gstreamer_custom-gpu-h264-independent-processes,qualification-v2-gstreamer_custom-gpu-h264-independent-processes:0:185,0,185,foreign_object,6036,245,6281,0.9609934723770100302499601974,
qualification-v2-gstreamer_custom-gpu-h264-independent-processes,qualification-v2-gstreamer_custom-gpu-h264-independent-processes:0:186,0,186,plate_number,2052,165,2217,0.9255751014884979702300405954,
qualification-v2-gstreamer_custom-gpu-h264-independent-processes,qualification-v2-gstreamer_custom-gpu-h264-independent-processes:0:187,0,187,plate_number,1027,121,1148,0.8945993031358885017421602787,
qualification-v2-gstreamer_custom-gpu-h264-independent-processes,qualification-v2-gstreamer_custom-gpu-h264-independent-processes:0:188,0,188,plate_number,1031,59,1090,0.9458715596330275229357798165,
qualification-v2-gstreamer_custom-gpu-h264-independent-processes,qualification-v2-gstreamer_custom-gpu-h264-independent-processes:0:189,0,189,foreign_object,6023,200,6223,0.9678611602121163426000321388,
qualification-v2-gstreamer_custom-gpu-h264-independent-processes,qualification-v2-gstreamer_custom-gpu-h264-independent-processes:0:190,0,190,plate_number,2053,150,2203,0.9319110304130730821606899682,
qualification-v2-gstreamer_custom-gpu-h264-independent-processes,qualification-v2-gstreamer_custom-gpu-h264-independent-processes:0:191,0,191,plate_number,1023,121,1144,0.8942307692307692307692307692,
qualification-v2-gstreamer_custom-gpu-h264-independent-processes,qualification-v2-gstreamer_custom-gpu-h264-independent-processes:0:192,0,192,plate_number,1022,73,1095,0.9333333333333333333333333333,
qualification-v2-gstreamer_custom-gpu-h264-independent-processes,qualification-v2-gstreamer_custom-gpu-h264-independent-processes:0:193,0,193,foreign_object,6032,241,6273,0.9615813805196875498166746373,
qualification-v2-gstreamer_custom-gpu-h264-independent-processes,qualification-v2-gstreamer_custom-gpu-h264-independent-processes:0:194,0,194,vehicle_type,2058,124,2182,0.9431714023831347387717690192,
qualification-v2-gstreamer_custom-gpu-h264-independent-processes,qualification-v2-gstreamer_custom-gpu-h264-independent-processes:0:195,0,195,vehicle_type,1031,101,1132,0.9107773851590106007067137809,
qualification-v2-gstreamer_custom-gpu-h264-independent-processes,qualification-v2-gstreamer_custom-gpu-h264-independent-processes:0:196,0,196,foreign_object,1026,79,1105,0.9285067873303167420814479638,
qualification-v2-gstreamer_custom-gpu-h264-independent-processes,qualification-v2-gstreamer_custom-gpu-h264-independent-processes:0:197,0,197,foreign_object,6036,246,6282,0.9608404966571155682903533906,
qualification-v2-gstreamer_custom-gpu-h264-independent-processes,qualification-v2-gstreamer_custom-gpu-h264-independent-processes:0:198,0,198,foreign_object,2053,154,2207,0.9302220208427729950158586316,
qualification-v2-gstreamer_custom-gpu-h264-independent-processes,qualification-v2-gstreamer_custom-gpu-h264-independent-processes:0:199,0,199,plate_number,1027,101,1128,0.9104609929078014184397163121,
qualification-v2-gstreamer_custom-gpu-h264-independent-processes,qualification-v2-gstreamer_custom-gpu-h264-independent-processes:0:200,0,200,foreign_object,1029,84,1113,0.9245283018867924528301886792,
qualification-v2-gstreamer_custom-gpu-h264-independent-processes,qualification-v2-gstreamer_custom-gpu-h264-independent-processes:0:201,0,201,foreign_object,6028,198,6226,0.9681978798586572438162544170,
qualification-v2-gstreamer_custom-gpu-h264-independent-processes,qualification-v2-gstreamer_custom-gpu-h264-independent-processes:0:202,0,202,vehicle_type,2055,148,2203,0.9328188833408987743985474353,
qualification-v2-gstreamer_custom-gpu-h264-independent-processes,qualification-v2-gstreamer_custom-gpu-h264-independent-processes:0:203,0,203,vehicle_type,1035,126,1161,0.8914728682170542635658914729,
qualification-v2-gstreamer_custom-gpu-h264-independent-processes,qualification-v2-gstreamer_custom-gpu-h264-independent-processes:0:204,0,204,plate_number,1027,72,1099,0.9344858962693357597816196542,
qualification-v2-gstreamer_custom-gpu-h264-independent-processes,qualification-v2-gstreamer_custom-gpu-h264-independent-processes:0:205,0,205,damage,6050,246,6296,0.9609275730622617534942820839,
qualification-v2-gstreamer_custom-gpu-h264-independent-processes,qualification-v2-gstreamer_custom-gpu-h264-independent-processes:0:206,0,206,foreign_object,2056,147,2203,0.9332728098048116205174761689,
qualification-v2-gstreamer_custom-gpu-h264-independent-processes,qualification-v2-gstreamer_custom-gpu-h264-independent-processes:0:207,0,207,foreign_object,1032,111,1143,0.9028871391076115485564304462,
qualification-v2-gstreamer_custom-gpu-h264-independent-processes,qualification-v2-gstreamer_custom-gpu-h264-independent-processes:0:208,0,208,vehicle_type,1029,97,1126,0.9138543516873889875666074600,
qualification-v2-gstreamer_custom-gpu-h264-independent-processes,qualification-v2-gstreamer_custom-gpu-h264-independent-processes:1:30,1,30,foreign_object,2047,170,2217,0.9233198015336039693279206134,
qualification-v2-gstreamer_custom-gpu-h264-independent-processes,qualification-v2-gstreamer_custom-gpu-h264-independent-processes:1:31,1,31,foreign_object,1028,119,1147,0.8962510897994768962510897995,
qualification-v2-gstreamer_custom-gpu-h264-independent-processes,qualification-v2-gstreamer_custom-gpu-h264-independent-processes:1:32,1,32,foreign_object,1022,96,1118,0.9141323792486583184257602862,
qualification-v2-gstreamer_custom-gpu-h264-independent-processes,qualification-v2-gstreamer_custom-gpu-h264-independent-processes:1:33,1,33,foreign_object,6028,242,6270,0.9614035087719298245614035088,
qualification-v2-gstreamer_custom-gpu-h264-independent-processes,qualification-v2-gstreamer_custom-gpu-h264-independent-processes:1:34,1,34,foreign_object,2058,151,2209,0.9316432775011317338162064282,
qualification-v2-gstreamer_custom-gpu-h264-independent-processes,qualification-v2-gstreamer_custom-gpu-h264-independent-processes:1:35,1,35,foreign_object,1034,124,1158,0.8929188255613126079447322971,
qualification-v2-gstreamer_custom-gpu-h264-independent-processes,qualification-v2-gstreamer_custom-gpu-h264-independent-processes:1:36,1,36,foreign_object,1029,67,1096,0.9388686131386861313868613139,
qualification-v2-gstreamer_custom-gpu-h264-independent-processes,qualification-v2-gstreamer_custom-gpu-h264-independent-processes:1:37,1,37,plate_number,6033,268,6301,0.9574670687192509125535629265,
qualification-v2-gstreamer_custom-gpu-h264-independent-processes,qualification-v2-gstreamer_custom-gpu-h264-independent-processes:1:38,1,38,foreign_object,2054,139,2193,0.9366165070679434564523483812,
qualification-v2-gstreamer_custom-gpu-h264-independent-processes,qualification-v2-gstreamer_custom-gpu-h264-independent-processes:1:39,1,39,plate_number,1020,109,1129,0.9034543844109831709477413640,
qualification-v2-gstreamer_custom-gpu-h264-independent-processes,qualification-v2-gstreamer_custom-gpu-h264-independent-processes:1:40,1,40,damage,1025,77,1102,0.9301270417422867513611615245,
qualification-v2-gstreamer_custom-gpu-h264-independent-processes,qualification-v2-gstreamer_custom-gpu-h264-independent-processes:1:41,1,41,plate_number,6028,266,6294,0.9577375278042580235144582142,
qualification-v2-gstreamer_custom-gpu-h264-independent-processes,qualification-v2-gstreamer_custom-gpu-h264-independent-processes:1:42,1,42,plate_number,2051,153,2204,0.9305807622504537205081669691,
qualification-v2-gstreamer_custom-gpu-h264-independent-processes,qualification-v2-gstreamer_custom-gpu-h264-independent-processes:1:43,1,43,plate_number,1035,101,1136,0.9110915492957746478873239437,
qualification-v2-gstreamer_custom-gpu-h264-independent-processes,qualification-v2-gstreamer_custom-gpu-h264-independent-processes:1:44,1,44,vehicle_type,1024,100,1124,0.9110320284697508896797153025,
qualification-v2-gstreamer_custom-gpu-h264-independent-processes,qualification-v2-gstreamer_custom-gpu-h264-independent-processes:1:45,1,45,foreign_object,6022,219,6241,0.9649094696362762377824066656,
qualification-v2-gstreamer_custom-gpu-h264-independent-processes,qualification-v2-gstreamer_custom-gpu-h264-independent-processes:1:46,1,46,damage,2055,146,2201,0.9336665152203543843707405725,
qualification-v2-gstreamer_custom-gpu-h264-independent-processes,qualification-v2-gstreamer_custom-gpu-h264-independent-processes:1:47,1,47,damage,1031,113,1144,0.9012237762237762237762237762,
qualification-v2-gstreamer_custom-gpu-h264-independent-processes,qualification-v2-gstreamer_custom-gpu-h264-independent-processes:1:48,1,48,plate_number,1025,63,1088,0.9420955882352941176470588235,
qualification-v2-gstreamer_custom-gpu-h264-independent-processes,qualification-v2-gstreamer_custom-gpu-h264-independent-processes:1:49,1,49,foreign_object,6034,285,6319,0.9548979268871656907738566229,
qualification-v2-gstreamer_custom-gpu-h264-independent-processes,qualification-v2-gstreamer_custom-gpu-h264-independent-processes:1:50,1,50,vehicle_type,2049,130,2179,0.9403396053235429095915557595,
qualification-v2-gstreamer_custom-gpu-h264-independent-processes,qualification-v2-gstreamer_custom-gpu-h264-independent-processes:1:51,1,51,vehicle_type,1028,90,1118,0.9194991055456171735241502683,
qualification-v2-gstreamer_custom-gpu-h264-independent-processes,qualification-v2-gstreamer_custom-gpu-h264-independent-processes:1:52,1,52,damage,1028,66,1094,0.9396709323583180987202925046,
qualification-v2-gstreamer_custom-gpu-h264-independent-processes,qualification-v2-gstreamer_custom-gpu-h264-independent-processes:1:53,1,53,foreign_object,6030,297,6327,0.9530583214793741109530583215,
qualification-v2-gstreamer_custom-gpu-h264-independent-processes,qualification-v2-gstreamer_custom-gpu-h264-independent-processes:1:54,1,54,vehicle_type,2049,144,2193,0.9343365253077975376196990424,
qualification-v2-gstreamer_custom-gpu-h264-independent-processes,qualification-v2-gstreamer_custom-gpu-h264-independent-processes:1:55,1,55,vehicle_type,1032,104,1136,0.9084507042253521126760563380,
qualification-v2-gstreamer_custom-gpu-h264-independent-processes,qualification-v2-gstreamer_custom-gpu-h264-independent-processes:1:56,1,56,vehicle_type,1025,84,1109,0.9242560865644724977457168620,
qualification-v2-gstreamer_custom-gpu-h264-independent-processes,qualification-v2-gstreamer_custom-gpu-h264-independent-processes:1:57,1,57,foreign_object,6025,199,6224,0.9680269922879177377892030848,
qualification-v2-gstreamer_custom-gpu-h264-independent-processes,qualification-v2-gstreamer_custom-gpu-h264-independent-processes:1:58,1,58,foreign_object,2053,158,2211,0.9285391225689733152419719584,
qualification-v2-gstreamer_custom-gpu-h264-independent-processes,qualification-v2-gstreamer_custom-gpu-h264-independent-processes:1:59,1,59,foreign_object,1026,136,1162,0.8829604130808950086058519793,
qualification-v2-gstreamer_custom-gpu-h264-independent-processes,qualification-v2-gstreamer_custom-gpu-h264-independent-processes:1:60,1,60,vehicle_type,1026,80,1106,0.9276672694394213381555153707,
qualification-v2-gstreamer_custom-gpu-h264-independent-processes,qualification-v2-gstreamer_custom-gpu-h264-independent-processes:1:61,1,61,foreign_object,6037,273,6310,0.9567353407290015847860538827,
qualification-v2-gstreamer_custom-gpu-h264-independent-processes,qualification-v2-gstreamer_custom-gpu-h264-independent-processes:1:62,1,62,foreign_object,2055,138,2193,0.9370725034199726402188782490,
qualification-v2-gstreamer_custom-gpu-h264-independent-processes,qualification-v2-gstreamer_custom-gpu-h264-independent-processes:1:63,1,63,foreign_object,1034,110,1144,0.9038461538461538461538461538,
qualification-v2-gstreamer_custom-gpu-h264-independent-processes,qualification-v2-gstreamer_custom-gpu-h264-independent-processes:1:64,1,64,damage,1028,68,1096,0.9379562043795620437956204380,
qualification-v2-gstreamer_custom-gpu-h264-independent-processes,qualification-v2-gstreamer_custom-gpu-h264-independent-processes:1:65,1,65,damage,6035,276,6311,0.9562668356837268261765171922,
qualification-v2-gstreamer_custom-gpu-h264-independent-processes,qualification-v2-gstreamer_custom-gpu-h264-independent-processes:1:66,1,66,foreign_object,2049,165,2214,0.9254742547425474254742547425,
qualification-v2-gstreamer_custom-gpu-h264-independent-processes,qualification-v2-gstreamer_custom-gpu-h264-independent-processes:1:67,1,67,foreign_object,1027,121,1148,0.8945993031358885017421602787,
qualification-v2-gstreamer_custom-gpu-h264-independent-processes,qualification-v2-gstreamer_custom-gpu-h264-independent-processes:1:68,1,68,plate_number,1030,76,1106,0.9312839059674502712477396022,
qualification-v2-gstreamer_custom-gpu-h264-independent-processes,qualification-v2-gstreamer_custom-gpu-h264-independent-processes:1:69,1,69,foreign_object,6022,229,6251,0.9633658614621660534314509678,
qualification-v2-gstreamer_custom-gpu-h264-independent-processes,qualification-v2-gstreamer_custom-gpu-h264-independent-processes:1:70,1,70,foreign_object,2054,151,2205,0.9315192743764172335600907029,
qualification-v2-gstreamer_custom-gpu-h264-independent-processes,qualification-v2-gstreamer_custom-gpu-h264-independent-processes:1:71,1,71,foreign_object,1032,106,1138,0.9068541300527240773286467487,
qualification-v2-gstreamer_custom-gpu-h264-independent-processes,qualification-v2-gstreamer_custom-gpu-h264-independent-processes:1:72,1,72,damage,1026,84,1110,0.9243243243243243243243243243,
qualification-v2-gstreamer_custom-gpu-h264-independent-processes,qualification-v2-gstreamer_custom-gpu-h264-independent-processes:1:73,1,73,foreign_object,6031,270,6301,0.9571496587843199492144104110,
qualification-v2-gstreamer_custom-gpu-h264-independent-processes,qualification-v2-gstreamer_custom-gpu-h264-independent-processes:1:74,1,74,vehicle_type,2052,129,2181,0.9408528198074277854195323246,
qualification-v2-gstreamer_custom-gpu-h264-independent-processes,qualification-v2-gstreamer_custom-gpu-h264-independent-processes:1:75,1,75,damage,1021,103,1124,0.9083629893238434163701067616,
qualification-v2-gstreamer_custom-gpu-h264-independent-processes,qualification-v2-gstreamer_custom-gpu-h264-independent-processes:1:76,1,76,foreign_object,1029,78,1107,0.9295392953929539295392953930,
qualification-v2-gstreamer_custom-gpu-h264-independent-processes,qualification-v2-gstreamer_custom-gpu-h264-independent-processes:1:77,1,77,foreign_object,6030,295,6325,0.9533596837944664031620553360,
qualification-v2-gstreamer_custom-gpu-h264-independent-processes,qualification-v2-gstreamer_custom-gpu-h264-independent-processes:1:78,1,78,foreign_object,2044,161,2205,0.9269841269841269841269841270,
qualification-v2-gstreamer_custom-gpu-h264-independent-processes,qualification-v2-gstreamer_custom-gpu-h264-independent-processes:1:79,1,79,damage,1028,102,1130,0.9097345132743362831858407080,
qualification-v2-gstreamer_custom-gpu-h264-independent-processes,qualification-v2-gstreamer_custom-gpu-h264-independent-processes:1:80,1,80,damage,1030,86,1116,0.9229390681003584229390681004,
qualification-v2-gstreamer_custom-gpu-h264-independent-processes,qualification-v2-gstreamer_custom-gpu-h264-independent-processes:1:81,1,81,foreign_object,6022,141,6163,0.9771215317215641732922278111,
qualification-v2-gstreamer_custom-gpu-h264-independent-processes,qualification-v2-gstreamer_custom-gpu-h264-independent-processes:1:82,1,82,damage,2053,142,2195,0.9353075170842824601366742597,
qualification-v2-gstreamer_custom-gpu-h264-independent-processes,qualification-v2-gstreamer_custom-gpu-h264-independent-processes:1:83,1,83,damage,1030,108,1138,0.9050966608084358523725834798,
qualification-v2-gstreamer_custom-gpu-h264-independent-processes,qualification-v2-gstreamer_custom-gpu-h264-independent-processes:1:84,1,84,damage,1026,72,1098,0.9344262295081967213114754098,
qualification-v2-gstreamer_custom-gpu-h264-independent-processes,qualification-v2-gstreamer_custom-gpu-h264-independent-processes:1:85,1,85,damage,6033,268,6301,0.9574670687192509125535629265,
qualification-v2-gstreamer_custom-gpu-h264-independent-processes,qualification-v2-gstreamer_custom-gpu-h264-independent-processes:1:86,1,86,damage,2059,128,2187,0.9414723365340649291266575217,
qualification-v2-gstreamer_custom-gpu-h264-independent-processes,qualification-v2-gstreamer_custom-gpu-h264-independent-processes:1:87,1,87,damage,1040,91,1131,0.9195402298850574712643678161,
qualification-v2-gstreamer_custom-gpu-h264-independent-processes,qualification-v2-gstreamer_custom-gpu-h264-independent-processes:1:88,1,88,damage,1026,75,1101,0.9318801089918256130790190736,
qualification-v2-gstreamer_custom-gpu-h264-independent-processes,qualification-v2-gstreamer_custom-gpu-h264-independent-processes:1:89,1,89,foreign_object,6031,295,6326,0.9533670565918431868479291812,
qualification-v2-gstreamer_custom-gpu-h264-independent-processes,qualification-v2-gstreamer_custom-gpu-h264-independent-processes:1:90,1,90,foreign_object,2053,175,2228,0.9214542190305206463195691203,
qualification-v2-gstreamer_custom-gpu-h264-independent-processes,qualification-v2-gstreamer_custom-gpu-h264-independent-processes:1:91,1,91,foreign_object,1035,139,1174,0.8816013628620102214650766610,
qualification-v2-gstreamer_custom-gpu-h264-independent-processes,qualification-v2-gstreamer_custom-gpu-h264-independent-processes:1:92,1,92,foreign_object,1025,87,1112,0.9217625899280575539568345324,
qualification-v2-gstreamer_custom-gpu-h264-independent-processes,qualification-v2-gstreamer_custom-gpu-h264-independent-processes:1:93,1,93,foreign_object,6029,201,6230,0.9677367576243980738362760835,
qualification-v2-gstreamer_custom-gpu-h264-independent-processes,qualification-v2-gstreamer_custom-gpu-h264-independent-processes:1:94,1,94,foreign_object,2048,165,2213,0.9254405784003615002259376412,
qualification-v2-gstreamer_custom-gpu-h264-independent-processes,qualification-v2-gstreamer_custom-gpu-h264-independent-processes:1:95,1,95,foreign_object,1032,124,1156,0.8927335640138408304498269896,
qualification-v2-gstreamer_custom-gpu-h264-independent-processes,qualification-v2-gstreamer_custom-gpu-h264-independent-processes:1:96,1,96,vehicle_type,1028,72,1100,0.9345454545454545454545454545,
qualification-v2-gstreamer_custom-gpu-h264-independent-processes,qualification-v2-gstreamer_custom-gpu-h264-independent-processes:1:97,1,97,foreign_object,6027,267,6294,0.9575786463298379408960915157,
qualification-v2-gstreamer_custom-gpu-h264-independent-processes,qualification-v2-gstreamer_custom-gpu-h264-independent-processes:1:98,1,98,vehicle_type,2050,132,2182,0.9395050412465627864344637947,
qualification-v2-gstreamer_custom-gpu-h264-independent-processes,qualification-v2-gstreamer_custom-gpu-h264-independent-processes:1:99,1,99,vehicle_type,1030,93,1123,0.9171861086375779162956366874,
qualification-v2-gstreamer_custom-gpu-h264-independent-processes,qualification-v2-gstreamer_custom-gpu-h264-independent-processes:1:100,1,100,damage,1027,98,1125,0.9128888888888888888888888889,
qualification-v2-gstreamer_custom-gpu-h264-independent-processes,qualification-v2-gstreamer_custom-gpu-h264-independent-processes:1:101,1,101,plate_number,6030,260,6290,0.9586645468998410174880763116,
qualification-v2-gstreamer_custom-gpu-h264-independent-processes,qualification-v2-gstreamer_custom-gpu-h264-independent-processes:1:102,1,102,damage,2054,158,2212,0.9285714285714285714285714286,
qualification-v2-gstreamer_custom-gpu-h264-independent-processes,qualification-v2-gstreamer_custom-gpu-h264-independent-processes:1:103,1,103,foreign_object,1032,96,1128,0.9148936170212765957446808511,
qualification-v2-gstreamer_custom-gpu-h264-independent-processes,qualification-v2-gstreamer_custom-gpu-h264-independent-processes:1:104,1,104,vehicle_type,1028,76,1104,0.9311594202898550724637681159,
qualification-v2-gstreamer_custom-gpu-h264-independent-processes,qualification-v2-gstreamer_custom-gpu-h264-independent-processes:1:105,1,105,foreign_object,6024,150,6174,0.9757045675413022351797862002,
qualification-v2-gstreamer_custom-gpu-h264-independent-processes,qualification-v2-gstreamer_custom-gpu-h264-independent-processes:1:106,1,106,damage,2049,157,2206,0.9288304623753399818676337262,
qualification-v2-gstreamer_custom-gpu-h264-independent-processes,qualification-v2-gstreamer_custom-gpu-h264-independent-processes:1:107,1,107,damage,1028,109,1137,0.9041336851363236587510993843,
qualification-v2-gstreamer_custom-gpu-h264-independent-processes,qualification-v2-gstreamer_custom-gpu-h264-independent-processes:1:108,1,108,foreign_object,1028,89,1117,0.9203222918531781557743957028,
qualification-v2-gstreamer_custom-gpu-h264-independent-processes,qualification-v2-gstreamer_custom-gpu-h264-independent-processes:1:109,1,109,plate_number,6038,252,6290,0.9599364069952305246422893482,
qualification-v2-gstreamer_custom-gpu-h264-independent-processes,qualification-v2-gstreamer_custom-gpu-h264-independent-processes:1:110,1,110,foreign_object,2052,144,2196,0.9344262295081967213114754098,
qualification-v2-gstreamer_custom-gpu-h264-independent-processes,qualification-v2-gstreamer_custom-gpu-h264-independent-processes:1:111,1,111,vehicle_type,1032,99,1131,0.9124668435013262599469496021,
qualification-v2-gstreamer_custom-gpu-h264-independent-processes,qualification-v2-gstreamer_custom-gpu-h264-independent-processes:1:112,1,112,foreign_object,1026,135,1161,0.8837209302325581395348837209,
qualification-v2-gstreamer_custom-gpu-h264-independent-processes,qualification-v2-gstreamer_custom-gpu-h264-independent-processes:1:113,1,113,damage,6037,273,6310,0.9567353407290015847860538827,
qualification-v2-gstreamer_custom-gpu-h264-independent-processes,qualification-v2-gstreamer_custom-gpu-h264-independent-processes:1:114,1,114,foreign_object,2052,169,2221,0.9239081494822152183701035570,
qualification-v2-gstreamer_custom-gpu-h264-independent-processes,qualification-v2-gstreamer_custom-gpu-h264-independent-processes:1:115,1,115,foreign_object,1027,126,1153,0.8907198612315698178664353859,
qualification-v2-gstreamer_custom-gpu-h264-independent-processes,qualification-v2-gstreamer_custom-gpu-h264-independent-processes:1:116,1,116,foreign_object,1025,84,1109,0.9242560865644724977457168620,
qualification-v2-gstreamer_custom-gpu-h264-independent-processes,qualification-v2-gstreamer_custom-gpu-h264-independent-processes:1:117,1,117,vehicle_type,6024,72,6096,0.9881889763779527559055118110,
qualification-v2-gstreamer_custom-gpu-h264-independent-processes,qualification-v2-gstreamer_custom-gpu-h264-independent-processes:1:118,1,118,damage,2061,139,2200,0.9368181818181818181818181818,
qualification-v2-gstreamer_custom-gpu-h264-independent-processes,qualification-v2-gstreamer_custom-gpu-h264-independent-processes:1:119,1,119,damage,1038,109,1147,0.9049694856146469049694856146,
qualification-v2-gstreamer_custom-gpu-h264-independent-processes,qualification-v2-gstreamer_custom-gpu-h264-independent-processes:1:120,1,120,vehicle_type,1031,64,1095,0.9415525114155251141552511416,
qualification-v2-gstreamer_custom-gpu-h264-independent-processes,qualification-v2-gstreamer_custom-gpu-h264-independent-processes:1:121,1,121,vehicle_type,6033,254,6287,0.9595991728964529982503578813,
qualification-v2-gstreamer_custom-gpu-h264-independent-processes,qualification-v2-gstreamer_custom-gpu-h264-independent-processes:1:122,1,122,vehicle_type,2049,131,2180,0.9399082568807339449541284404,
qualification-v2-gstreamer_custom-gpu-h264-independent-processes,qualification-v2-gstreamer_custom-gpu-h264-independent-processes:1:123,1,123,vehicle_type,1032,94,1126,0.9165186500888099467140319716,
qualification-v2-gstreamer_custom-gpu-h264-independent-processes,qualification-v2-gstreamer_custom-gpu-h264-independent-processes:1:124,1,124,damage,1028,93,1121,0.9170383586083853702051739518,
qualification-v2-gstreamer_custom-gpu-h264-independent-processes,qualification-v2-gstreamer_custom-gpu-h264-independent-processes:1:125,1,125,foreign_object,6041,269,6310,0.9573692551505546751188589540,
qualification-v2-gstreamer_custom-gpu-h264-independent-processes,qualification-v2-gstreamer_custom-gpu-h264-independent-processes:1:126,1,126,damage,2050,173,2223,0.9221772379667116509221772380,
qualification-v2-gstreamer_custom-gpu-h264-independent-processes,qualification-v2-gstreamer_custom-gpu-h264-independent-processes:1:127,1,127,damage,1031,120,1151,0.8957428323197219808861859253,
qualification-v2-gstreamer_custom-gpu-h264-independent-processes,qualification-v2-gstreamer_custom-gpu-h264-independent-processes:1:128,1,128,damage,1031,81,1112,0.9271582733812949640287769784,
qualification-v2-gstreamer_custom-gpu-h264-independent-processes,qualification-v2-gstreamer_custom-gpu-h264-independent-processes:1:129,1,129,foreign_object,6025,179,6204,0.9711476466795615731785944552,
qualification-v2-gstreamer_custom-gpu-h264-independent-processes,qualification-v2-gstreamer_custom-gpu-h264-independent-processes:1:130,1,130,foreign_object,2056,140,2196,0.9362477231329690346083788707,
qualification-v2-gstreamer_custom-gpu-h264-independent-processes,qualification-v2-gstreamer_custom-gpu-h264-independent-processes:1:131,1,131,foreign_object,1031,113,1144,0.9012237762237762237762237762,
qualification-v2-gstreamer_custom-gpu-h264-independent-processes,qualification-v2-gstreamer_custom-gpu-h264-independent-processes:1:132,1,132,plate_number,1029,66,1095,0.9397260273972602739726027397,
qualification-v2-gstreamer_custom-gpu-h264-independent-processes,qualification-v2-gstreamer_custom-gpu-h264-independent-processes:1:133,1,133,foreign_object,6038,258,6296,0.9590216010165184243964421855,
qualification-v2-gstreamer_custom-gpu-h264-independent-processes,qualification-v2-gstreamer_custom-gpu-h264-independent-processes:1:134,1,134,foreign_object,2054,151,2205,0.9315192743764172335600907029,
qualification-v2-gstreamer_custom-gpu-h264-independent-processes,qualification-v2-gstreamer_custom-gpu-h264-independent-processes:1:135,1,135,foreign_object,1031,112,1143,0.9020122484689413823272090989,
qualification-v2-gstreamer_custom-gpu-h264-independent-processes,qualification-v2-gstreamer_custom-gpu-h264-independent-processes:1:136,1,136,foreign_object,1030,93,1123,0.9171861086375779162956366874,
qualification-v2-gstreamer_custom-gpu-h264-independent-processes,qualification-v2-gstreamer_custom-gpu-h264-independent-processes:1:137,1,137,vehicle_type,6040,249,6289,0.9604070599459373509301955796,
qualification-v2-gstreamer_custom-gpu-h264-independent-processes,qualification-v2-gstreamer_custom-gpu-h264-independent-processes:1:138,1,138,vehicle_type,2052,158,2210,0.9285067873303167420814479638,
qualification-v2-gstreamer_custom-gpu-h264-independent-processes,qualification-v2-gstreamer_custom-gpu-h264-independent-processes:1:139,1,139,vehicle_type,1031,109,1140,0.9043859649122807017543859649,
qualification-v2-gstreamer_custom-gpu-h264-independent-processes,qualification-v2-gstreamer_custom-gpu-h264-independent-processes:1:140,1,140,plate_number,1031,84,1115,0.9246636771300448430493273543,
qualification-v2-gstreamer_custom-gpu-h264-independent-processes,qualification-v2-gstreamer_custom-gpu-h264-independent-processes:1:141,1,141,foreign_object,6027,209,6236,0.9664849262347658755612572162,
qualification-v2-gstreamer_custom-gpu-h264-independent-processes,qualification-v2-gstreamer_custom-gpu-h264-independent-processes:1:142,1,142,foreign_object,2058,137,2195,0.9375854214123006833712984055,
qualification-v2-gstreamer_custom-gpu-h264-independent-processes,qualification-v2-gstreamer_custom-gpu-h264-independent-processes:1:143,1,143,damage,1031,95,1126,0.9156305506216696269982238011,
qualification-v2-gstreamer_custom-gpu-h264-independent-processes,qualification-v2-gstreamer_custom-gpu-h264-independent-processes:1:144,1,144,vehicle_type,1024,79,1103,0.9283771532184950135992747053,
qualification-v2-gstreamer_custom-gpu-h264-independent-processes,qualification-v2-gstreamer_custom-gpu-h264-independent-processes:1:145,1,145,foreign_object,6037,241,6278,0.9616119783370500159286396942,
qualification-v2-gstreamer_custom-gpu-h264-independent-processes,qualification-v2-gstreamer_custom-gpu-h264-independent-processes:1:146,1,146,foreign_object,2057,146,2203,0.9337267362687244666364049024,
qualification-v2-gstreamer_custom-gpu-h264-independent-processes,qualification-v2-gstreamer_custom-gpu-h264-independent-processes:1:147,1,147,foreign_object,1035,132,1167,0.8868894601542416452442159383,
qualification-v2-gstreamer_custom-gpu-h264-independent-processes,qualification-v2-gstreamer_custom-gpu-h264-independent-processes:1:148,1,148,damage,1027,83,1110,0.9252252252252252252252252252,
qualification-v2-gstreamer_custom-gpu-h264-independent-processes,qualification-v2-gstreamer_custom-gpu-h264-independent-processes:1:149,1,149,foreign_object,6036,260,6296,0.9587039390088945362134688691,
qualification-v2-gstreamer_custom-gpu-h264-independent-processes,qualification-v2-gstreamer_custom-gpu-h264-independent-processes:1:150,1,150,damage,2055,145,2200,0.9340909090909090909090909091,
qualification-v2-gstreamer_custom-gpu-h264-independent-processes,qualification-v2-gstreamer_custom-gpu-h264-independent-processes:1:151,1,151,damage,1030,90,1120,0.9196428571428571428571428571,
qualification-v2-gstreamer_custom-gpu-h264-independent-processes,qualification-v2-gstreamer_custom-gpu-h264-independent-processes:1:152,1,152,plate_number,1031,81,1112,0.9271582733812949640287769784,
qualification-v2-gstreamer_custom-gpu-h264-independent-processes,qualification-v2-gstreamer_custom-gpu-h264-independent-processes:1:153,1,153,damage,6028,197,6225,0.9683534136546184738955823293,
qualification-v2-gstreamer_custom-gpu-h264-independent-processes,qualification-v2-gstreamer_custom-gpu-h264-independent-processes:1:154,1,154,vehicle_type,2055,124,2179,0.9430931620009178522257916475,
qualification-v2-gstreamer_custom-gpu-h264-independent-processes,qualification-v2-gstreamer_custom-gpu-h264-independent-processes:1:155,1,155,vehicle_type,1030,89,1119,0.9204647006255585344057193923,
qualification-v2-gstreamer_custom-gpu-h264-independent-processes,qualification-v2-gstreamer_custom-gpu-h264-independent-processes:1:156,1,156,plate_number,1024,70,1094,0.9360146252285191956124314442,
qualification-v2-gstreamer_custom-gpu-h264-independent-processes,qualification-v2-gstreamer_custom-gpu-h264-independent-processes:1:157,1,157,foreign_object,6034,262,6296,0.9583862770012706480304955527,
qualification-v2-gstreamer_custom-gpu-h264-independent-processes,qualification-v2-gstreamer_custom-gpu-h264-independent-processes:1:158,1,158,vehicle_type,2044,117,2161,0.9458583988894030541416011106,
qualification-v2-gstreamer_custom-gpu-h264-independent-processes,qualification-v2-gstreamer_custom-gpu-h264-independent-processes:1:159,1,159,plate_number,1026,77,1103,0.9301903898458748866727107888,
qualification-v2-gstreamer_custom-gpu-h264-independent-processes,qualification-v2-gstreamer_custom-gpu-h264-independent-processes:1:160,1,160,damage,1042,80,1122,0.9286987522281639928698752228,
qualification-v2-gstreamer_custom-gpu-h264-independent-processes,qualification-v2-gstreamer_custom-gpu-h264-independent-processes:1:161,1,161,foreign_object,6037,261,6298,0.9585582724674499841219434741,
qualification-v2-gstreamer_custom-gpu-h264-independent-processes,qualification-v2-gstreamer_custom-gpu-h264-independent-processes:1:162,1,162,vehicle_type,2045,151,2196,0.9312386156648451730418943534,
qualification-v2-gstreamer_custom-gpu-h264-independent-processes,qualification-v2-gstreamer_custom-gpu-h264-independent-processes:1:163,1,163,vehicle_type,1026,112,1138,0.9015817223198594024604569420,
qualification-v2-gstreamer_custom-gpu-h264-independent-processes,qualification-v2-gstreamer_custom-gpu-h264-independent-processes:1:164,1,164,damage,1028,75,1103,0.9320036264732547597461468722,
qualification-v2-gstreamer_custom-gpu-h264-independent-processes,qualification-v2-gstreamer_custom-gpu-h264-independent-processes:1:165,1,165,foreign_object,6028,200,6228,0.9678869621066152858060372511,
qualification-v2-gstreamer_custom-gpu-h264-independent-processes,qualification-v2-gstreamer_custom-gpu-h264-independent-processes:1:166,1,166,foreign_object,2056,138,2194,0.9371011850501367365542388332,
qualification-v2-gstreamer_custom-gpu-h264-independent-processes,qualification-v2-gstreamer_custom-gpu-h264-independent-processes:1:167,1,167,damage,1037,88,1125,0.9217777777777777777777777778,
qualification-v2-gstreamer_custom-gpu-h264-independent-processes,qualification-v2-gstreamer_custom-gpu-h264-independent-processes:1:168,1,168,damage,1024,47,1071,0.9561157796451914098972922502,
qualification-v2-gstreamer_custom-gpu-h264-independent-processes,qualification-v2-gstreamer_custom-gpu-h264-independent-processes:1:169,1,169,damage,6031,239,6270,0.9618819776714513556618819777,
qualification-v2-gstreamer_custom-gpu-h264-independent-processes,qualification-v2-gstreamer_custom-gpu-h264-independent-processes:1:170,1,170,damage,2048,146,2194,0.9334548769371011850501367366,
qualification-v2-gstreamer_custom-gpu-h264-independent-processes,qualification-v2-gstreamer_custom-gpu-h264-independent-processes:1:171,1,171,damage,1040,104,1144,0.9090909090909090909090909091,
qualification-v2-gstreamer_custom-gpu-h264-independent-processes,qualification-v2-gstreamer_custom-gpu-h264-independent-processes:1:172,1,172,damage,1030,76,1106,0.9312839059674502712477396022,
qualification-v2-gstreamer_custom-gpu-h264-independent-processes,qualification-v2-gstreamer_custom-gpu-h264-independent-processes:1:173,1,173,damage,6039,246,6285,0.9608591885441527446300715990,
qualification-v2-gstreamer_custom-gpu-h264-independent-processes,qualification-v2-gstreamer_custom-gpu-h264-independent-processes:1:174,1,174,vehicle_type,2057,156,2213,0.9295074559421599638499774062,
qualification-v2-gstreamer_custom-gpu-h264-independent-processes,qualification-v2-gstreamer_custom-gpu-h264-independent-processes:1:175,1,175,vehicle_type,1032,107,1139,0.9060579455662862159789288850,
qualification-v2-gstreamer_custom-gpu-h264-independent-processes,qualification-v2-gstreamer_custom-gpu-h264-independent-processes:1:176,1,176,foreign_object,1030,85,1115,0.9237668161434977578475336323,
qualification-v2-gstreamer_custom-gpu-h264-independent-processes,qualification-v2-gstreamer_custom-gpu-h264-independent-processes:1:177,1,177,foreign_object,6027,198,6225,0.9681927710843373493975903614,
qualification-v2-gstreamer_custom-gpu-h264-independent-processes,qualification-v2-gstreamer_custom-gpu-h264-independent-processes:1:178,1,178,plate_number,2052,145,2197,0.9340009103322712790168411470,
qualification-v2-gstreamer_custom-gpu-h264-independent-processes,qualification-v2-gstreamer_custom-gpu-h264-independent-processes:1:179,1,179,plate_number,1030,110,1140,0.9035087719298245614035087719,
qualification-v2-gstreamer_custom-gpu-h264-independent-processes,qualification-v2-gstreamer_custom-gpu-h264-independent-processes:1:180,1,180,plate_number,1020,107,1127,0.9050576752440106477373558119,
qualification-v2-gstreamer_custom-gpu-h264-independent-processes,qualification-v2-gstreamer_custom-gpu-h264-independent-processes:1:181,1,181,foreign_object,6034,240,6274,0.9617468919349697162894485177,
qualification-v2-gstreamer_custom-gpu-h264-independent-processes,qualification-v2-gstreamer_custom-gpu-h264-independent-processes:1:182,1,182,foreign_object,2044,151,2195,0.9312072892938496583143507973,
qualification-v2-gstreamer_custom-gpu-h264-independent-processes,qualification-v2-gstreamer_custom-gpu-h264-independent-processes:1:183,1,183,foreign_object,1022,115,1137,0.8988566402814423922603342128,
qualification-v2-gstreamer_custom-gpu-h264-independent-processes,qualification-v2-gstreamer_custom-gpu-h264-independent-processes:1:184,1,184,vehicle_type,1033,84,1117,0.9247985675917636526410026858,
qualification-v2-gstreamer_custom-gpu-h264-independent-processes,qualification-v2-gstreamer_custom-gpu-h264-independent-processes:1:185,1,185,damage,6036,247,6283,0.9606875696323412382619767627,
qualification-v2-gstreamer_custom-gpu-h264-independent-processes,qualification-v2-gstreamer_custom-gpu-h264-independent-processes:1:186,1,186,damage,2055,156,2211,0.9294436906377204884667571235,
qualification-v2-gstreamer_custom-gpu-h264-independent-processes,qualification-v2-gstreamer_custom-gpu-h264-independent-processes:1:187,1,187,damage,1035,111,1146,0.9031413612565445026178010471,
qualification-v2-gstreamer_custom-gpu-h264-independent-processes,qualification-v2-gstreamer_custom-gpu-h264-independent-processes:1:188,1,188,damage,1027,91,1118,0.9186046511627906976744186047,
qualification-v2-gstreamer_custom-gpu-h264-independent-processes,qualification-v2-gstreamer_custom-gpu-h264-independent-processes:1:189,1,189,vehicle_type,6030,187,6217,0.9699211838507318642432041177,
qualification-v2-gstreamer_custom-gpu-h264-independent-processes,qualification-v2-gstreamer_custom-gpu-h264-independent-processes:1:190,1,190,foreign_object,2055,151,2206,0.9315503173164097914777878513,
qualification-v2-gstreamer_custom-gpu-h264-independent-processes,qualification-v2-gstreamer_custom-gpu-h264-independent-processes:1:191,1,191,foreign_object,1032,110,1142,0.9036777583187390542907180385,
qualification-v2-gstreamer_custom-gpu-h264-independent-processes,qualification-v2-gstreamer_custom-gpu-h264-independent-processes:1:192,1,192,foreign_object,1029,82,1111,0.9261926192619261926192619262,
qualification-v2-gstreamer_custom-gpu-h264-independent-processes,qualification-v2-gstreamer_custom-gpu-h264-independent-processes:1:193,1,193,damage,6032,235,6267,0.9625019945747566618796872507,
qualification-v2-gstreamer_custom-gpu-h264-independent-processes,qualification-v2-gstreamer_custom-gpu-h264-independent-processes:1:194,1,194,damage,2044,148,2192,0.9324817518248175182481751825,
qualification-v2-gstreamer_custom-gpu-h264-independent-processes,qualification-v2-gstreamer_custom-gpu-h264-independent-processes:1:195,1,195,foreign_object,1029,108,1137,0.9050131926121372031662269129,
qualification-v2-gstreamer_custom-gpu-h264-independent-processes,qualification-v2-gstreamer_custom-gpu-h264-independent-processes:1:196,1,196,foreign_object,1032,94,1126,0.9165186500888099467140319716,
qualification-v2-gstreamer_custom-gpu-h264-independent-processes,qualification-v2-gstreamer_custom-gpu-h264-independent-processes:1:197,1,197,damage,6036,244,6280,0.9611464968152866242038216561,
qualification-v2-gstreamer_custom-gpu-h264-independent-processes,qualification-v2-gstreamer_custom-gpu-h264-independent-processes:1:198,1,198,vehicle_type,2055,154,2209,0.9302851969216840199185151652,
qualification-v2-gstreamer_custom-gpu-h264-independent-processes,qualification-v2-gstreamer_custom-gpu-h264-independent-processes:1:199,1,199,vehicle_type,1031,105,1136,0.9075704225352112676056338028,
qualification-v2-gstreamer_custom-gpu-h264-independent-processes,qualification-v2-gstreamer_custom-gpu-h264-independent-processes:1:200,1,200,foreign_object,1028,91,1119,0.9186773905272564789991063450,
qualification-v2-gstreamer_custom-gpu-h264-independent-processes,qualification-v2-gstreamer_custom-gpu-h264-independent-processes:1:201,1,201,foreign_object,6029,191,6220,0.9692926045016077170418006431,
qualification-v2-gstreamer_custom-gpu-h264-independent-processes,qualification-v2-gstreamer_custom-gpu-h264-independent-processes:1:202,1,202,foreign_object,2059,138,2197,0.9371870732817478379608557123,
qualification-v2-gstreamer_custom-gpu-h264-independent-processes,qualification-v2-gstreamer_custom-gpu-h264-independent-processes:1:203,1,203,foreign_object,1026,107,1133,0.9055604589585172109443954104,
qualification-v2-gstreamer_custom-gpu-h264-independent-processes,qualification-v2-gstreamer_custom-gpu-h264-independent-processes:1:204,1,204,plate_number,1025,68,1093,0.9377859103385178408051235133,
qualification-v2-gstreamer_custom-gpu-h264-independent-processes,qualification-v2-gstreamer_custom-gpu-h264-independent-processes:1:205,1,205,vehicle_type,6038,256,6294,0.9593263425484588496981251986,
qualification-v2-gstreamer_custom-gpu-h264-independent-processes,qualification-v2-gstreamer_custom-gpu-h264-independent-processes:1:206,1,206,damage,2052,134,2186,0.9387008234217749313815187557,
qualification-v2-gstreamer_custom-gpu-h264-independent-processes,qualification-v2-gstreamer_custom-gpu-h264-independent-processes:1:207,1,207,damage,1026,104,1130,0.9079646017699115044247787611,
qualification-v2-gstreamer_custom-gpu-h264-independent-processes,qualification-v2-gstreamer_custom-gpu-h264-independent-processes:1:208,1,208,damage,1028,91,1119,0.9186773905272564789991063450,
qualification-v2-gstreamer_custom-gpu-h264-independent-processes,qualification-v2-gstreamer_custom-gpu-h264-independent-processes:2:30,2,30,damage,2055,167,2222,0.9248424842484248424842484248,
qualification-v2-gstreamer_custom-gpu-h264-independent-processes,qualification-v2-gstreamer_custom-gpu-h264-independent-processes:2:31,2,31,damage,1030,127,1157,0.8902333621434745030250648228,
qualification-v2-gstreamer_custom-gpu-h264-independent-processes,qualification-v2-gstreamer_custom-gpu-h264-independent-processes:2:32,2,32,damage,1028,85,1113,0.9236298292902066486972147350,
qualification-v2-gstreamer_custom-gpu-h264-independent-processes,qualification-v2-gstreamer_custom-gpu-h264-independent-processes:2:33,2,33,foreign_object,6022,228,6250,0.96352,
qualification-v2-gstreamer_custom-gpu-h264-independent-processes,qualification-v2-gstreamer_custom-gpu-h264-independent-processes:2:34,2,34,foreign_object,2051,148,2199,0.9326966803092314688494770350,
qualification-v2-gstreamer_custom-gpu-h264-independent-processes,qualification-v2-gstreamer_custom-gpu-h264-independent-processes:2:35,2,35,foreign_object,1028,99,1127,0.9121561668145519077196095830,
qualification-v2-gstreamer_custom-gpu-h264-independent-processes,qualification-v2-gstreamer_custom-gpu-h264-independent-processes:2:36,2,36,damage,1028,65,1093,0.9405306495882891125343092406,
qualification-v2-gstreamer_custom-gpu-h264-independent-processes,qualification-v2-gstreamer_custom-gpu-h264-independent-processes:2:37,2,37,foreign_object,6033,287,6320,0.9545886075949367088607594937,
qualification-v2-gstreamer_custom-gpu-h264-independent-processes,qualification-v2-gstreamer_custom-gpu-h264-independent-processes:2:38,2,38,damage,2051,131,2182,0.9399633363886342804766269478,
qualification-v2-gstreamer_custom-gpu-h264-independent-processes,qualification-v2-gstreamer_custom-gpu-h264-independent-processes:2:39,2,39,vehicle_type,1027,83,1110,0.9252252252252252252252252252,
qualification-v2-gstreamer_custom-gpu-h264-independent-processes,qualification-v2-gstreamer_custom-gpu-h264-independent-processes:2:40,2,40,foreign_object,1029,97,1126,0.9138543516873889875666074600,
qualification-v2-gstreamer_custom-gpu-h264-independent-processes,qualification-v2-gstreamer_custom-gpu-h264-independent-processes:2:41,2,41,foreign_object,6026,299,6325,0.9527272727272727272727272727,
qualification-v2-gstreamer_custom-gpu-h264-independent-processes,qualification-v2-gstreamer_custom-gpu-h264-independent-processes:2:42,2,42,foreign_object,2048,162,2210,0.9266968325791855203619909502,
qualification-v2-gstreamer_custom-gpu-h264-independent-processes,qualification-v2-gstreamer_custom-gpu-h264-independent-processes:2:43,2,43,foreign_object,1026,113,1139,0.9007901668129938542581211589,
qualification-v2-gstreamer_custom-gpu-h264-independent-processes,qualification-v2-gstreamer_custom-gpu-h264-independent-processes:2:44,2,44,vehicle_type,1026,120,1146,0.8952879581151832460732984293,
qualification-v2-gstreamer_custom-gpu-h264-independent-processes,qualification-v2-gstreamer_custom-gpu-h264-independent-processes:2:45,2,45,foreign_object,6025,178,6203,0.9713042076414638078349185878,
qualification-v2-gstreamer_custom-gpu-h264-independent-processes,qualification-v2-gstreamer_custom-gpu-h264-independent-processes:2:46,2,46,foreign_object,2058,138,2196,0.9371584699453551912568306011,
qualification-v2-gstreamer_custom-gpu-h264-independent-processes,qualification-v2-gstreamer_custom-gpu-h264-independent-processes:2:47,2,47,foreign_object,1031,107,1138,0.9059753954305799648506151142,
qualification-v2-gstreamer_custom-gpu-h264-independent-processes,qualification-v2-gstreamer_custom-gpu-h264-independent-processes:2:48,2,48,foreign_object,1030,69,1099,0.9372156505914467697907188353,
qualification-v2-gstreamer_custom-gpu-h264-independent-processes,qualification-v2-gstreamer_custom-gpu-h264-independent-processes:2:49,2,49,damage,6038,282,6320,0.9553797468354430379746835443,
qualification-v2-gstreamer_custom-gpu-h264-independent-processes,qualification-v2-gstreamer_custom-gpu-h264-independent-processes:2:50,2,50,plate_number,2059,116,2175,0.9466666666666666666666666667,
qualification-v2-gstreamer_custom-gpu-h264-independent-processes,qualification-v2-gstreamer_custom-gpu-h264-independent-processes:2:51,2,51,plate_number,1032,82,1114,0.9263913824057450628366247756,
qualification-v2-gstreamer_custom-gpu-h264-independent-processes,qualification-v2-gstreamer_custom-gpu-h264-independent-processes:2:52,2,52,foreign_object,1030,88,1118,0.9212880143112701252236135957,
qualification-v2-gstreamer_custom-gpu-h264-independent-processes,qualification-v2-gstreamer_custom-gpu-h264-independent-processes:2:53,2,53,foreign_object,6029,280,6309,0.9556189570454905690283721667,
qualification-v2-gstreamer_custom-gpu-h264-independent-processes,qualification-v2-gstreamer_custom-gpu-h264-independent-processes:2:54,2,54,foreign_object,2051,159,2210,0.9280542986425339366515837104,
qualification-v2-gstreamer_custom-gpu-h264-independent-processes,qualification-v2-gstreamer_custom-gpu-h264-independent-processes:2:55,2,55,foreign_object,1023,133,1156,0.8849480968858131487889273356,
qualification-v2-gstreamer_custom-gpu-h264-independent-processes,qualification-v2-gstreamer_custom-gpu-h264-independent-processes:2:56,2,56,foreign_object,1023,88,1111,0.9207920792079207920792079208,
qualification-v2-gstreamer_custom-gpu-h264-independent-processes,qualification-v2-gstreamer_custom-gpu-h264-independent-processes:2:57,2,57,foreign_object,6027,223,6250,0.96432,
qualification-v2-gstreamer_custom-gpu-h264-independent-processes,qualification-v2-gstreamer_custom-gpu-h264-independent-processes:2:58,2,58,foreign_object,2045,157,2202,0.9287011807447774750227066303,
qualification-v2-gstreamer_custom-gpu-h264-independent-processes,qualification-v2-gstreamer_custom-gpu-h264-independent-processes:2:59,2,59,foreign_object,1023,116,1139,0.8981562774363476733977172959,
qualification-v2-gstreamer_custom-gpu-h264-independent-processes,qualification-v2-gstreamer_custom-gpu-h264-independent-processes:2:60,2,60,foreign_object,1024,68,1092,0.9377289377289377289377289377,
qualification-v2-gstreamer_custom-gpu-h264-independent-processes,qualification-v2-gstreamer_custom-gpu-h264-independent-processes:2:61,2,61,foreign_object,6034,281,6315,0.9555027711797307996832937451,
qualification-v2-gstreamer_custom-gpu-h264-independent-processes,qualification-v2-gstreamer_custom-gpu-h264-independent-processes:2:62,2,62,foreign_object,2052,133,2185,0.9391304347826086956521739130,
qualification-v2-gstreamer_custom-gpu-h264-independent-processes,qualification-v2-gstreamer_custom-gpu-h264-independent-processes:2:63,2,63,foreign_object,1031,77,1108,0.9305054151624548736462093863,
qualification-v2-gstreamer_custom-gpu-h264-independent-processes,qualification-v2-gstreamer_custom-gpu-h264-independent-processes:2:64,2,64,foreign_object,1030,57,1087,0.9475620975160993560257589696,
qualification-v2-gstreamer_custom-gpu-h264-independent-processes,qualification-v2-gstreamer_custom-gpu-h264-independent-processes:2:65,2,65,plate_number,6038,263,6301,0.9582605935565783209014442152,
qualification-v2-gstreamer_custom-gpu-h264-independent-processes,qualification-v2-gstreamer_custom-gpu-h264-independent-processes:2:66,2,66,foreign_object,2053,155,2208,0.9298007246376811594202898551,
qualification-v2-gstreamer_custom-gpu-h264-independent-processes,qualification-v2-gstreamer_custom-gpu-h264-independent-processes:2:67,2,67,foreign_object,1031,98,1129,0.9131975199291408325952170062,
qualification-v2-gstreamer_custom-gpu-h264-independent-processes,qualification-v2-gstreamer_custom-gpu-h264-independent-processes:2:68,2,68,foreign_object,1026,76,1102,0.9310344827586206896551724138,
qualification-v2-gstreamer_custom-gpu-h264-independent-processes,qualification-v2-gstreamer_custom-gpu-h264-independent-processes:2:69,2,69,foreign_object,6029,210,6239,0.9663407597371373617566917775,
qualification-v2-gstreamer_custom-gpu-h264-independent-processes,qualification-v2-gstreamer_custom-gpu-h264-independent-processes:2:70,2,70,foreign_object,2052,149,2201,0.9323034984098137210358927760,
qualification-v2-gstreamer_custom-gpu-h264-independent-processes,qualification-v2-gstreamer_custom-gpu-h264-independent-processes:2:71,2,71,foreign_object,1028,94,1122,0.9162210338680926916221033868,
qualification-v2-gstreamer_custom-gpu-h264-independent-processes,qualification-v2-gstreamer_custom-gpu-h264-independent-processes:2:72,2,72,damage,1022,76,1098,0.9307832422586520947176684882,
qualification-v2-gstreamer_custom-gpu-h264-independent-processes,qualification-v2-gstreamer_custom-gpu-h264-independent-processes:2:73,2,73,vehicle_type,6033,262,6295,0.9583796664019062748212867355,
qualification-v2-gstreamer_custom-gpu-h264-independent-processes,qualification-v2-gstreamer_custom-gpu-h264-independent-processes:2:74,2,74,foreign_object,2044,127,2171,0.9415016121602947950253339475,
qualification-v2-gstreamer_custom-gpu-h264-independent-processes,qualification-v2-gstreamer_custom-gpu-h264-independent-processes:2:75,2,75,damage,1022,90,1112,0.9190647482014388489208633094,
qualification-v2-gstreamer_custom-gpu-h264-independent-processes,qualification-v2-gstreamer_custom-gpu-h264-independent-processes:2:76,2,76,vehicle_type,1031,73,1104,0.9338768115942028985507246377,
qualification-v2-gstreamer_custom-gpu-h264-independent-processes,qualification-v2-gstreamer_custom-gpu-h264-independent-processes:2:77,2,77,foreign_object,6028,291,6319,0.9539484095584744421585693939,
qualification-v2-gstreamer_custom-gpu-h264-independent-processes,qualification-v2-gstreamer_custom-gpu-h264-independent-processes:2:78,2,78,foreign_object,2064,150,2214,0.9322493224932249322493224932,
qualification-v2-gstreamer_custom-gpu-h264-independent-processes,qualification-v2-gstreamer_custom-gpu-h264-independent-processes:2:79,2,79,foreign_object,1035,106,1141,0.9070990359333917616126205083,
qualification-v2-gstreamer_custom-gpu-h264-independent-processes,qualification-v2-gstreamer_custom-gpu-h264-independent-processes:2:80,2,80,foreign_object,1030,91,1121,0.9188224799286351471900089206,
qualification-v2-gstreamer_custom-gpu-h264-independent-processes,qualification-v2-gstreamer_custom-gpu-h264-independent-processes:2:81,2,81,foreign_object,6029,220,6249,0.9647943670987357977276364218,
qualification-v2-gstreamer_custom-gpu-h264-independent-processes,qualification-v2-gstreamer_custom-gpu-h264-independent-processes:2:82,2,82,foreign_object,2046,124,2170,0.9428571428571428571428571429,
qualification-v2-gstreamer_custom-gpu-h264-independent-processes,qualification-v2-gstreamer_custom-gpu-h264-independent-processes:2:83,2,83,plate_number,1031,77,1108,0.9305054151624548736462093863,
qualification-v2-gstreamer_custom-gpu-h264-independent-processes,qualification-v2-gstreamer_custom-gpu-h264-independent-processes:2:84,2,84,damage,1031,74,1105,0.9330316742081447963800904977,
qualification-v2-gstreamer_custom-gpu-h264-independent-processes,qualification-v2-gstreamer_custom-gpu-h264-independent-processes:2:85,2,85,foreign_object,6035,266,6301,0.9577844786541818758927154420,
qualification-v2-gstreamer_custom-gpu-h264-independent-processes,qualification-v2-gstreamer_custom-gpu-h264-independent-processes:2:86,2,86,foreign_object,2058,132,2190,0.9397260273972602739726027397,
qualification-v2-gstreamer_custom-gpu-h264-independent-processes,qualification-v2-gstreamer_custom-gpu-h264-independent-processes:2:87,2,87,foreign_object,1028,105,1133,0.9073256840247131509267431598,
qualification-v2-gstreamer_custom-gpu-h264-independent-processes,qualification-v2-gstreamer_custom-gpu-h264-independent-processes:2:88,2,88,damage,1030,87,1117,0.9221128021486123545210384960,
qualification-v2-gstreamer_custom-gpu-h264-independent-processes,qualification-v2-gstreamer_custom-gpu-h264-independent-processes:2:89,2,89,damage,6031,285,6316,0.9548765041165294490183660545,
qualification-v2-gstreamer_custom-gpu-h264-independent-processes,qualification-v2-gstreamer_custom-gpu-h264-independent-processes:2:90,2,90,foreign_object,2053,162,2215,0.9268623024830699774266365688,
qualification-v2-gstreamer_custom-gpu-h264-independent-processes,qualification-v2-gstreamer_custom-gpu-h264-independent-processes:2:91,2,91,foreign_object,1029,108,1137,0.9050131926121372031662269129,
qualification-v2-gstreamer_custom-gpu-h264-independent-processes,qualification-v2-gstreamer_custom-gpu-h264-independent-processes:2:92,2,92,damage,1028,88,1116,0.9211469534050179211469534050,
qualification-v2-gstreamer_custom-gpu-h264-independent-processes,qualification-v2-gstreamer_custom-gpu-h264-independent-processes:2:93,2,93,foreign_object,6023,227,6250,0.96368,
qualification-v2-gstreamer_custom-gpu-h264-independent-processes,qualification-v2-gstreamer_custom-gpu-h264-independent-processes:2:94,2,94,plate_number,2050,147,2197,0.9330905780609922621756941284,
qualification-v2-gstreamer_custom-gpu-h264-independent-processes,qualification-v2-gstreamer_custom-gpu-h264-independent-processes:2:95,2,95,plate_number,1023,107,1130,0.9053097345132743362831858407,
qualification-v2-gstreamer_custom-gpu-h264-independent-processes,qualification-v2-gstreamer_custom-gpu-h264-independent-processes:2:96,2,96,plate_number,1030,72,1102,0.9346642468239564428312159710,
qualification-v2-gstreamer_custom-gpu-h264-independent-processes,qualification-v2-gstreamer_custom-gpu-h264-independent-processes:2:97,2,97,foreign_object,6034,271,6305,0.9570182394924662965900079302,
qualification-v2-gstreamer_custom-gpu-h264-independent-processes,qualification-v2-gstreamer_custom-gpu-h264-independent-processes:2:98,2,98,foreign_object,2048,148,2196,0.9326047358834244080145719490,
qualification-v2-gstreamer_custom-gpu-h264-independent-processes,qualification-v2-gstreamer_custom-gpu-h264-independent-processes:2:99,2,99,foreign_object,1024,133,1157,0.8850475367329299913569576491,
qualification-v2-gstreamer_custom-gpu-h264-independent-processes,qualification-v2-gstreamer_custom-gpu-h264-independent-processes:2:100,2,100,foreign_object,1030,102,1132,0.9098939929328621908127208481,
qualification-v2-gstreamer_custom-gpu-h264-independent-processes,qualification-v2-gstreamer_custom-gpu-h264-independent-processes:2:101,2,101,foreign_object,6026,284,6310,0.9549920760697305863708399366,
qualification-v2-gstreamer_custom-gpu-h264-independent-processes,qualification-v2-gstreamer_custom-gpu-h264-independent-processes:2:102,2,102,foreign_object,2057,169,2226,0.9240790655884995507637017071,
qualification-v2-gstreamer_custom-gpu-h264-independent-processes,qualification-v2-gstreamer_custom-gpu-h264-independent-processes:2:103,2,103,foreign_object,1036,122,1158,0.8946459412780656303972366149,
qualification-v2-gstreamer_custom-gpu-h264-independent-processes,qualification-v2-gstreamer_custom-gpu-h264-independent-processes:2:104,2,104,damage,1029,85,1114,0.9236983842010771992818671454,
qualification-v2-gstreamer_custom-gpu-h264-independent-processes,qualification-v2-gstreamer_custom-gpu-h264-independent-processes:2:105,2,105,damage,6027,119,6146,0.9806378132118451025056947608,
qualification-v2-gstreamer_custom-gpu-h264-independent-processes,qualification-v2-gstreamer_custom-gpu-h264-independent-processes:2:106,2,106,foreign_object,2057,159,2216,0.9282490974729241877256317690,
qualification-v2-gstreamer_custom-gpu-h264-independent-processes,qualification-v2-gstreamer_custom-gpu-h264-independent-processes:2:107,2,107,foreign_object,1036,115,1151,0.9000868809730668983492615117,
qualification-v2-gstreamer_custom-gpu-h264-independent-processes,qualification-v2-gstreamer_custom-gpu-h264-independent-processes:2:108,2,108,damage,1031,78,1109,0.9296663660955816050495942290,
qualification-v2-gstreamer_custom-gpu-h264-independent-processes,qualification-v2-gstreamer_custom-gpu-h264-independent-processes:2:109,2,109,damage,6032,260,6292,0.9586776859504132231404958678,
qualification-v2-gstreamer_custom-gpu-h264-independent-processes,qualification-v2-gstreamer_custom-gpu-h264-independent-processes:2:110,2,110,vehicle_type,2058,136,2194,0.9380127620783956244302643573,
qualification-v2-gstreamer_custom-gpu-h264-independent-processes,qualification-v2-gstreamer_custom-gpu-h264-independent-processes:2:111,2,111,vehicle_type,1039,102,1141,0.9106047326906222611744084137,
qualification-v2-gstreamer_custom-gpu-h264-independent-processes,qualification-v2-gstreamer_custom-gpu-h264-independent-processes:2:112,2,112,foreign_object,1028,136,1164,0.8831615120274914089347079038,
qualification-v2-gstreamer_custom-gpu-h264-independent-processes,qualification-v2-gstreamer_custom-gpu-h264-independent-processes:2:113,2,113,plate_number,6039,249,6288,0.9604007633587786259541984733,
qualification-v2-gstreamer_custom-gpu-h264-independent-processes,qualification-v2-gstreamer_custom-gpu-h264-independent-processes:2:114,2,114,foreign_object,2047,173,2220,0.9220720720720720720720720721,
qualification-v2-gstreamer_custom-gpu-h264-independent-processes,qualification-v2-gstreamer_custom-gpu-h264-independent-processes:2:115,2,115,foreign_object,1025,117,1142,0.8975481611208406304728546410,
qualification-v2-gstreamer_custom-gpu-h264-independent-processes,qualification-v2-gstreamer_custom-gpu-h264-independent-processes:2:116,2,116,plate_number,1022,64,1086,0.9410681399631675874769797422,
qualification-v2-gstreamer_custom-gpu-h264-independent-processes,qualification-v2-gstreamer_custom-gpu-h264-independent-processes:2:117,2,117,foreign_object,6033,94,6127,0.9846580708340133833850171373,
qualification-v2-gstreamer_custom-gpu-h264-independent-processes,qualification-v2-gstreamer_custom-gpu-h264-independent-processes:2:118,2,118,foreign_object,2047,155,2202,0.9296094459582198001816530427,
qualification-v2-gstreamer_custom-gpu-h264-independent-processes,qualification-v2-gstreamer_custom-gpu-h264-independent-processes:2:119,2,119,foreign_object,1028,105,1133,0.9073256840247131509267431598,
qualification-v2-gstreamer_custom-gpu-h264-independent-processes,qualification-v2-gstreamer_custom-gpu-h264-independent-processes:2:120,2,120,foreign_object,1020,67,1087,0.9383624655013799448022079117,
qualification-v2-gstreamer_custom-gpu-h264-independent-processes,qualification-v2-gstreamer_custom-gpu-h264-independent-processes:2:121,2,121,foreign_object,6039,256,6295,0.9593328038125496425734710087,
qualification-v2-gstreamer_custom-gpu-h264-independent-processes,qualification-v2-gstreamer_custom-gpu-h264-independent-processes:2:122,2,122,foreign_object,2053,140,2193,0.9361605107159142726858185135,
qualification-v2-gstreamer_custom-gpu-h264-independent-processes,qualification-v2-gstreamer_custom-gpu-h264-independent-processes:2:123,2,123,foreign_object,1032,110,1142,0.9036777583187390542907180385,
qualification-v2-gstreamer_custom-gpu-h264-independent-processes,qualification-v2-gstreamer_custom-gpu-h264-independent-processes:2:124,2,124,foreign_object,1032,79,1111,0.9288928892889288928892889289,
qualification-v2-gstreamer_custom-gpu-h264-independent-processes,qualification-v2-gstreamer_custom-gpu-h264-independent-processes:2:125,2,125,vehicle_type,6038,270,6308,0.9571972098922003804692454027,
qualification-v2-gstreamer_custom-gpu-h264-independent-processes,qualification-v2-gstreamer_custom-gpu-h264-independent-processes:2:126,2,126,foreign_object,2055,151,2206,0.9315503173164097914777878513,
qualification-v2-gstreamer_custom-gpu-h264-independent-processes,qualification-v2-gstreamer_custom-gpu-h264-independent-processes:2:127,2,127,foreign_object,1036,91,1127,0.9192546583850931677018633540,
qualification-v2-gstreamer_custom-gpu-h264-independent-processes,qualification-v2-gstreamer_custom-gpu-h264-independent-processes:2:128,2,128,vehicle_type,1032,68,1100,0.9381818181818181818181818182,
qualification-v2-gstreamer_custom-gpu-h264-independent-processes,qualification-v2-gstreamer_custom-gpu-h264-independent-processes:2:129,2,129,foreign_object,6022,220,6242,0.9647548862544056392181992951,
qualification-v2-gstreamer_custom-gpu-h264-independent-processes,qualification-v2-gstreamer_custom-gpu-h264-independent-processes:2:130,2,130,plate_number,2051,138,2189,0.9369575148469620831429876656,
qualification-v2-gstreamer_custom-gpu-h264-independent-processes,qualification-v2-gstreamer_custom-gpu-h264-independent-processes:2:131,2,131,plate_number,1027,99,1126,0.9120781527531083481349911190,
qualification-v2-gstreamer_custom-gpu-h264-independent-processes,qualification-v2-gstreamer_custom-gpu-h264-independent-processes:2:132,2,132,damage,1023,79,1102,0.9283121597096188747731397459,
qualification-v2-gstreamer_custom-gpu-h264-independent-processes,qualification-v2-gstreamer_custom-gpu-h264-independent-processes:2:133,2,133,foreign_object,6035,247,6282,0.9606813116841770136899076727,
qualification-v2-gstreamer_custom-gpu-h264-independent-processes,qualification-v2-gstreamer_custom-gpu-h264-independent-processes:2:134,2,134,foreign_object,2056,155,2211,0.9298959746720940750791497060,
qualification-v2-gstreamer_custom-gpu-h264-independent-processes,qualification-v2-gstreamer_custom-gpu-h264-independent-processes:2:135,2,135,foreign_object,1035,123,1158,0.8937823834196891191709844560,
qualification-v2-gstreamer_custom-gpu-h264-independent-processes,qualification-v2-gstreamer_custom-gpu-h264-independent-processes:2:136,2,136,foreign_object,1029,88,1117,0.9212175470008952551477170994,
qualification-v2-gstreamer_custom-gpu-h264-independent-processes,qualification-v2-gstreamer_custom-gpu-h264-independent-processes:2:137,2,137,foreign_object,6037,268,6305,0.9574940523394131641554321967,
qualification-v2-gstreamer_custom-gpu-h264-independent-processes,qualification-v2-gstreamer_custom-gpu-h264-independent-processes:2:138,2,138,foreign_object,2051,149,2200,0.9322727272727272727272727273,
qualification-v2-gstreamer_custom-gpu-h264-independent-processes,qualification-v2-gstreamer_custom-gpu-h264-independent-processes:2:139,2,139,foreign_object,1025,76,1101,0.9309718437783832879200726612,
qualification-v2-gstreamer_custom-gpu-h264-independent-processes,qualification-v2-gstreamer_custom-gpu-h264-independent-processes:2:140,2,140,plate_number,1027,58,1085,0.9465437788018433179723502304,
qualification-v2-gstreamer_custom-gpu-h264-independent-processes,qualification-v2-gstreamer_custom-gpu-h264-independent-processes:2:141,2,141,foreign_object,6028,215,6243,0.9655614288002562870414864648,
qualification-v2-gstreamer_custom-gpu-h264-independent-processes,qualification-v2-gstreamer_custom-gpu-h264-independent-processes:2:142,2,142,foreign_object,2048,159,2207,0.9279565020389669234254644314,
qualification-v2-gstreamer_custom-gpu-h264-independent-processes,qualification-v2-gstreamer_custom-gpu-h264-independent-processes:2:143,2,143,foreign_object,1027,124,1151,0.8922675933970460469157254561,
qualification-v2-gstreamer_custom-gpu-h264-independent-processes,qualification-v2-gstreamer_custom-gpu-h264-independent-processes:2:144,2,144,foreign_object,1022,86,1108,0.9223826714801444043321299639,
qualification-v2-gstreamer_custom-gpu-h264-independent-processes,qualification-v2-gstreamer_custom-gpu-h264-independent-processes:2:145,2,145,damage,6029,251,6280,0.9600318471337579617834394904,
qualification-v2-gstreamer_custom-gpu-h264-independent-processes,qualification-v2-gstreamer_custom-gpu-h264-independent-processes:2:146,2,146,plate_number,2052,132,2184,0.9395604395604395604395604396,
qualification-v2-gstreamer_custom-gpu-h264-independent-processes,qualification-v2-gstreamer_custom-gpu-h264-independent-processes:2:147,2,147,plate_number,1023,104,1127,0.9077196095829636202307009760,
qualification-v2-gstreamer_custom-gpu-h264-independent-processes,qualification-v2-gstreamer_custom-gpu-h264-independent-processes:2:148,2,148,foreign_object,1031,99,1130,0.9123893805309734513274336283,
qualification-v2-gstreamer_custom-gpu-h264-independent-processes,qualification-v2-gstreamer_custom-gpu-h264-independent-processes:2:149,2,149,vehicle_type,6041,251,6292,0.9601080737444373808010171647,
qualification-v2-gstreamer_custom-gpu-h264-independent-processes,qualification-v2-gstreamer_custom-gpu-h264-independent-processes:2:150,2,150,vehicle_type,2057,159,2216,0.9282490974729241877256317690,
qualification-v2-gstreamer_custom-gpu-h264-independent-processes,qualification-v2-gstreamer_custom-gpu-h264-independent-processes:2:151,2,151,vehicle_type,1030,109,1139,0.9043020193151887620719929763,
qualification-v2-gstreamer_custom-gpu-h264-independent-processes,qualification-v2-gstreamer_custom-gpu-h264-independent-processes:2:152,2,152,foreign_object,1028,91,1119,0.9186773905272564789991063450,
qualification-v2-gstreamer_custom-gpu-h264-independent-processes,qualification-v2-gstreamer_custom-gpu-h264-independent-processes:2:153,2,153,foreign_object,6027,200,6227,0.9678818050425566083186124940,
qualification-v2-gstreamer_custom-gpu-h264-independent-processes,qualification-v2-gstreamer_custom-gpu-h264-independent-processes:2:154,2,154,foreign_object,2055,151,2206,0.9315503173164097914777878513,
qualification-v2-gstreamer_custom-gpu-h264-independent-processes,qualification-v2-gstreamer_custom-gpu-h264-independent-processes:2:155,2,155,damage,1020,124,1144,0.8916083916083916083916083916,
qualification-v2-gstreamer_custom-gpu-h264-independent-processes,qualification-v2-gstreamer_custom-gpu-h264-independent-processes:2:156,2,156,plate_number,1026,72,1098,0.9344262295081967213114754098,
qualification-v2-gstreamer_custom-gpu-h264-independent-processes,qualification-v2-gstreamer_custom-gpu-h264-independent-processes:2:157,2,157,damage,6033,256,6289,0.9592940054062649069804420417,
qualification-v2-gstreamer_custom-gpu-h264-independent-processes,qualification-v2-gstreamer_custom-gpu-h264-independent-processes:2:158,2,158,vehicle_type,2049,129,2178,0.9407713498622589531680440771,
qualification-v2-gstreamer_custom-gpu-h264-independent-processes,qualification-v2-gstreamer_custom-gpu-h264-independent-processes:2:159,2,159,vehicle_type,1021,100,1121,0.9107939339875111507582515611,
qualification-v2-gstreamer_custom-gpu-h264-independent-processes,qualification-v2-gstreamer_custom-gpu-h264-independent-processes:2:160,2,160,foreign_object,1032,100,1132,0.9116607773851590106007067138,
qualification-v2-gstreamer_custom-gpu-h264-independent-processes,qualification-v2-gstreamer_custom-gpu-h264-independent-processes:2:161,2,161,damage,6037,252,6289,0.9599300365717920178088726348,
qualification-v2-gstreamer_custom-gpu-h264-independent-processes,qualification-v2-gstreamer_custom-gpu-h264-independent-processes:2:162,2,162,foreign_object,2051,165,2216,0.9255415162454873646209386282,
qualification-v2-gstreamer_custom-gpu-h264-independent-processes,qualification-v2-gstreamer_custom-gpu-h264-independent-processes:2:163,2,163,damage,1038,111,1149,0.9033942558746736292428198433,
qualification-v2-gstreamer_custom-gpu-h264-independent-processes,qualification-v2-gstreamer_custom-gpu-h264-independent-processes:2:164,2,164,vehicle_type,1026,71,1097,0.9352780309936189608021877849,
qualification-v2-gstreamer_custom-gpu-h264-independent-processes,qualification-v2-gstreamer_custom-gpu-h264-independent-processes:2:165,2,165,foreign_object,6029,207,6236,0.9668056446440025657472738935,
qualification-v2-gstreamer_custom-gpu-h264-independent-processes,qualification-v2-gstreamer_custom-gpu-h264-independent-processes:2:166,2,166,damage,2053,151,2204,0.9314882032667876588021778584,
qualification-v2-gstreamer_custom-gpu-h264-independent-processes,qualification-v2-gstreamer_custom-gpu-h264-independent-processes:2:167,2,167,damage,1033,109,1142,0.9045534150612959719789842382,
qualification-v2-gstreamer_custom-gpu-h264-independent-processes,qualification-v2-gstreamer_custom-gpu-h264-independent-processes:2:168,2,168,plate_number,1028,62,1090,0.9431192660550458715596330275,
qualification-v2-gstreamer_custom-gpu-h264-independent-processes,qualification-v2-gstreamer_custom-gpu-h264-independent-processes:2:169,2,169,damage,6036,244,6280,0.9611464968152866242038216561,
qualification-v2-gstreamer_custom-gpu-h264-independent-processes,qualification-v2-gstreamer_custom-gpu-h264-independent-processes:2:170,2,170,foreign_object,2051,145,2196,0.9339708561020036429872495446,
qualification-v2-gstreamer_custom-gpu-h264-independent-processes,qualification-v2-gstreamer_custom-gpu-h264-independent-processes:2:171,2,171,foreign_object,1027,114,1141,0.9000876424189307624890446976,
qualification-v2-gstreamer_custom-gpu-h264-independent-processes,qualification-v2-gstreamer_custom-gpu-h264-independent-processes:2:172,2,172,vehicle_type,1022,97,1119,0.9133154602323503127792672029,
qualification-v2-gstreamer_custom-gpu-h264-independent-processes,qualification-v2-gstreamer_custom-gpu-h264-independent-processes:2:173,2,173,foreign_object,6040,252,6292,0.9599491417673235855054036872,
qualification-v2-gstreamer_custom-gpu-h264-independent-processes,qualification-v2-gstreamer_custom-gpu-h264-independent-processes:2:174,2,174,foreign_object,2041,152,2193,0.9306885544915640674874601003,
qualification-v2-gstreamer_custom-gpu-h264-independent-processes,qualification-v2-gstreamer_custom-gpu-h264-independent-processes:2:175,2,175,foreign_object,1021,93,1114,0.9165170556552962298025134650,
qualification-v2-gstreamer_custom-gpu-h264-independent-processes,qualification-v2-gstreamer_custom-gpu-h264-independent-processes:2:176,2,176,foreign_object,1028,91,1119,0.9186773905272564789991063450,
qualification-v2-gstreamer_custom-gpu-h264-independent-processes,qualification-v2-gstreamer_custom-gpu-h264-independent-processes:2:177,2,177,foreign_object,6027,209,6236,0.9664849262347658755612572162,
qualification-v2-gstreamer_custom-gpu-h264-independent-processes,qualification-v2-gstreamer_custom-gpu-h264-independent-processes:2:178,2,178,foreign_object,2049,149,2198,0.9322111010009099181073703367,
qualification-v2-gstreamer_custom-gpu-h264-independent-processes,qualification-v2-gstreamer_custom-gpu-h264-independent-processes:2:179,2,179,foreign_object,1028,103,1131,0.9089301503094606542882404951,
qualification-v2-gstreamer_custom-gpu-h264-independent-processes,qualification-v2-gstreamer_custom-gpu-h264-independent-processes:2:180,2,180,vehicle_type,1027,106,1133,0.9064430714916151809355692851,
qualification-v2-gstreamer_custom-gpu-h264-independent-processes,qualification-v2-gstreamer_custom-gpu-h264-independent-processes:2:181,2,181,damage,6032,238,6270,0.9620414673046251993620414673,
qualification-v2-gstreamer_custom-gpu-h264-independent-processes,qualification-v2-gstreamer_custom-gpu-h264-independent-processes:2:182,2,182,vehicle_type,2058,126,2184,0.9423076923076923076923076923,
qualification-v2-gstreamer_custom-gpu-h264-independent-processes,qualification-v2-gstreamer_custom-gpu-h264-independent-processes:2:183,2,183,vehicle_type,1039,86,1125,0.9235555555555555555555555556,
qualification-v2-gstreamer_custom-gpu-h264-independent-processes,qualification-v2-gstreamer_custom-gpu-h264-independent-processes:2:184,2,184,vehicle_type,1029,98,1127,0.9130434782608695652173913043,
qualification-v2-gstreamer_custom-gpu-h264-independent-processes,qualification-v2-gstreamer_custom-gpu-h264-independent-processes:2:185,2,185,vehicle_type,6033,237,6270,0.9622009569377990430622009569,
qualification-v2-gstreamer_custom-gpu-h264-independent-processes,qualification-v2-gstreamer_custom-gpu-h264-independent-processes:2:186,2,186,foreign_object,2057,162,2219,0.9269941415051825146462370437,
qualification-v2-gstreamer_custom-gpu-h264-independent-processes,qualification-v2-gstreamer_custom-gpu-h264-independent-processes:2:187,2,187,foreign_object,1036,106,1142,0.9071803852889667250437828371,
qualification-v2-gstreamer_custom-gpu-h264-independent-processes,qualification-v2-gstreamer_custom-gpu-h264-independent-processes:2:188,2,188,foreign_object,1033,98,1131,0.9133510167992926613616268789,
qualification-v2-gstreamer_custom-gpu-h264-independent-processes,qualification-v2-gstreamer_custom-gpu-h264-independent-processes:2:189,2,189,foreign_object,6024,206,6230,0.9669341894060995184590690209,
qualification-v2-gstreamer_custom-gpu-h264-independent-processes,qualification-v2-gstreamer_custom-gpu-h264-independent-processes:2:190,2,190,vehicle_type,2057,142,2199,0.9354251932696680309231468849,
qualification-v2-gstreamer_custom-gpu-h264-independent-processes,qualification-v2-gstreamer_custom-gpu-h264-independent-processes:2:191,2,191,vehicle_type,1028,106,1134,0.9065255731922398589065255732,
qualification-v2-gstreamer_custom-gpu-h264-independent-processes,qualification-v2-gstreamer_custom-gpu-h264-independent-processes:2:192,2,192,foreign_object,1023,85,1108,0.9232851985559566787003610108,
qualification-v2-gstreamer_custom-gpu-h264-independent-processes,qualification-v2-gstreamer_custom-gpu-h264-independent-processes:2:193,2,193,foreign_object,6035,243,6278,0.9612934055431666135712010194,
qualification-v2-gstreamer_custom-gpu-h264-independent-processes,qualification-v2-gstreamer_custom-gpu-h264-independent-processes:2:194,2,194,damage,2054,133,2187,0.9391860996799268404206675812,
qualification-v2-gstreamer_custom-gpu-h264-independent-processes,qualification-v2-gstreamer_custom-gpu-h264-independent-processes:2:195,2,195,damage,1023,103,1126,0.9085257548845470692717584369,
qualification-v2-gstreamer_custom-gpu-h264-independent-processes,qualification-v2-gstreamer_custom-gpu-h264-independent-processes:2:196,2,196,damage,1024,78,1102,0.9292196007259528130671506352,
qualification-v2-gstreamer_custom-gpu-h264-independent-processes,qualification-v2-gstreamer_custom-gpu-h264-independent-processes:2:197,2,197,vehicle_type,6033,249,6282,0.9603629417382999044890162369,
qualification-v2-gstreamer_custom-gpu-h264-independent-processes,qualification-v2-gstreamer_custom-gpu-h264-independent-processes:2:198,2,198,damage,2054,156,2210,0.9294117647058823529411764706,
qualification-v2-gstreamer_custom-gpu-h264-independent-processes,qualification-v2-gstreamer_custom-gpu-h264-independent-processes:2:199,2,199,damage,1031,104,1135,0.9083700440528634361233480176,
qualification-v2-gstreamer_custom-gpu-h264-independent-processes,qualification-v2-gstreamer_custom-gpu-h264-independent-processes:2:200,2,200,vehicle_type,1024,79,1103,0.9283771532184950135992747053,
qualification-v2-gstreamer_custom-gpu-h264-independent-processes,qualification-v2-gstreamer_custom-gpu-h264-independent-processes:2:201,2,201,plate_number,6028,125,6153,0.9796847066471639850479440923,
qualification-v2-gstreamer_custom-gpu-h264-independent-processes,qualification-v2-gstreamer_custom-gpu-h264-independent-processes:2:202,2,202,foreign_object,2058,152,2210,0.9312217194570135746606334842,
qualification-v2-gstreamer_custom-gpu-h264-independent-processes,qualification-v2-gstreamer_custom-gpu-h264-independent-processes:2:203,2,203,foreign_object,1036,126,1162,0.8915662650602409638554216867,
qualification-v2-gstreamer_custom-gpu-h264-independent-processes,qualification-v2-gstreamer_custom-gpu-h264-independent-processes:2:204,2,204,foreign_object,1027,80,1107,0.9277326106594399277326106594,
qualification-v2-gstreamer_custom-gpu-h264-independent-processes,qualification-v2-gstreamer_custom-gpu-h264-independent-processes:2:205,2,205,damage,6040,243,6283,0.9613242081808053477638070985,
qualification-v2-gstreamer_custom-gpu-h264-independent-processes,qualification-v2-gstreamer_custom-gpu-h264-independent-processes:2:206,2,206,foreign_object,2056,134,2190,0.9388127853881278538812785388,
qualification-v2-gstreamer_custom-gpu-h264-independent-processes,qualification-v2-gstreamer_custom-gpu-h264-independent-processes:2:207,2,207,foreign_object,1029,95,1124,0.9154804270462633451957295374,
qualification-v2-gstreamer_custom-gpu-h264-independent-processes,qualification-v2-gstreamer_custom-gpu-h264-independent-processes:2:208,2,208,vehicle_type,1031,88,1119,0.9213583556747095621090259160,
qualification-v2-gstreamer_custom-gpu-h264-independent-processes,qualification-v2-gstreamer_custom-gpu-h264-independent-processes:3:30,3,30,plate_number,2054,145,2199,0.9340609367894497498863119600,
qualification-v2-gstreamer_custom-gpu-h264-independent-processes,qualification-v2-gstreamer_custom-gpu-h264-independent-processes:3:31,3,31,damage,1032,87,1119,0.9222520107238605898123324397,
qualification-v2-gstreamer_custom-gpu-h264-independent-processes,qualification-v2-gstreamer_custom-gpu-h264-independent-processes:3:32,3,32,foreign_object,1028,97,1125,0.9137777777777777777777777778,
qualification-v2-gstreamer_custom-gpu-h264-independent-processes,qualification-v2-gstreamer_custom-gpu-h264-independent-processes:3:33,3,33,damage,6025,211,6236,0.9661642078255291853752405388,
qualification-v2-gstreamer_custom-gpu-h264-independent-processes,qualification-v2-gstreamer_custom-gpu-h264-independent-processes:3:34,3,34,damage,2054,145,2199,0.9340609367894497498863119600,
qualification-v2-gstreamer_custom-gpu-h264-independent-processes,qualification-v2-gstreamer_custom-gpu-h264-independent-processes:3:35,3,35,damage,1028,116,1144,0.8986013986013986013986013986,
qualification-v2-gstreamer_custom-gpu-h264-independent-processes,qualification-v2-gstreamer_custom-gpu-h264-independent-processes:3:36,3,36,damage,1029,68,1097,0.9380127620783956244302643573,
qualification-v2-gstreamer_custom-gpu-h264-independent-processes,qualification-v2-gstreamer_custom-gpu-h264-independent-processes:3:37,3,37,vehicle_type,6033,280,6313,0.9556470774592111515919531126,
qualification-v2-gstreamer_custom-gpu-h264-independent-processes,qualification-v2-gstreamer_custom-gpu-h264-independent-processes:3:38,3,38,vehicle_type,2052,140,2192,0.9361313868613138686131386861,
qualification-v2-gstreamer_custom-gpu-h264-independent-processes,qualification-v2-gstreamer_custom-gpu-h264-independent-processes:3:39,3,39,vehicle_type,1032,103,1135,0.9092511013215859030837004405,
qualification-v2-gstreamer_custom-gpu-h264-independent-processes,qualification-v2-gstreamer_custom-gpu-h264-independent-processes:3:40,3,40,plate_number,1030,87,1117,0.9221128021486123545210384960,
qualification-v2-gstreamer_custom-gpu-h264-independent-processes,qualification-v2-gstreamer_custom-gpu-h264-independent-processes:3:41,3,41,foreign_object,6029,299,6328,0.9527496839443742098609355247,
qualification-v2-gstreamer_custom-gpu-h264-independent-processes,qualification-v2-gstreamer_custom-gpu-h264-independent-processes:3:42,3,42,foreign_object,2056,159,2215,0.9282167042889390519187358916,
qualification-v2-gstreamer_custom-gpu-h264-independent-processes,qualification-v2-gstreamer_custom-gpu-h264-independent-processes:3:43,3,43,foreign_object,1031,125,1156,0.8918685121107266435986159170,
qualification-v2-gstreamer_custom-gpu-h264-independent-processes,qualification-v2-gstreamer_custom-gpu-h264-independent-processes:3:44,3,44,damage,1025,120,1145,0.8951965065502183406113537118,
qualification-v2-gstreamer_custom-gpu-h264-independent-processes,qualification-v2-gstreamer_custom-gpu-h264-independent-processes:3:45,3,45,foreign_object,6022,135,6157,0.9780737372096800389800227383,
qualification-v2-gstreamer_custom-gpu-h264-independent-processes,qualification-v2-gstreamer_custom-gpu-h264-independent-processes:3:46,3,46,plate_number,2050,134,2184,0.9386446886446886446886446886,
qualification-v2-gstreamer_custom-gpu-h264-independent-processes,qualification-v2-gstreamer_custom-gpu-h264-independent-processes:3:47,3,47,plate_number,1022,105,1127,0.9068322981366459627329192547,
qualification-v2-gstreamer_custom-gpu-h264-independent-processes,qualification-v2-gstreamer_custom-gpu-h264-independent-processes:3:48,3,48,foreign_object,1026,76,1102,0.9310344827586206896551724138,
qualification-v2-gstreamer_custom-gpu-h264-independent-processes,qualification-v2-gstreamer_custom-gpu-h264-independent-processes:3:49,3,49,vehicle_type,6035,272,6307,0.9568733153638814016172506739,
qualification-v2-gstreamer_custom-gpu-h264-independent-processes,qualification-v2-gstreamer_custom-gpu-h264-independent-processes:3:50,3,50,vehicle_type,2054,137,2191,0.9374714742126882701962574167,
qualification-v2-gstreamer_custom-gpu-h264-independent-processes,qualification-v2-gstreamer_custom-gpu-h264-independent-processes:3:51,3,51,vehicle_type,1030,105,1135,0.9074889867841409691629955947,
qualification-v2-gstreamer_custom-gpu-h264-independent-processes,qualification-v2-gstreamer_custom-gpu-h264-independent-processes:3:52,3,52,foreign_object,1028,97,1125,0.9137777777777777777777777778,
qualification-v2-gstreamer_custom-gpu-h264-independent-processes,qualification-v2-gstreamer_custom-gpu-h264-independent-processes:3:53,3,53,foreign_object,6029,291,6320,0.9539556962025316455696202532,
qualification-v2-gstreamer_custom-gpu-h264-independent-processes,qualification-v2-gstreamer_custom-gpu-h264-independent-processes:3:54,3,54,foreign_object,2055,153,2208,0.9307065217391304347826086957,
qualification-v2-gstreamer_custom-gpu-h264-independent-processes,qualification-v2-gstreamer_custom-gpu-h264-independent-processes:3:55,3,55,damage,1031,120,1151,0.8957428323197219808861859253,
qualification-v2-gstreamer_custom-gpu-h264-independent-processes,qualification-v2-gstreamer_custom-gpu-h264-independent-processes:3:56,3,56,foreign_object,1026,93,1119,0.9168900804289544235924932976,
qualification-v2-gstreamer_custom-gpu-h264-independent-processes,qualification-v2-gstreamer_custom-gpu-h264-independent-processes:3:57,3,57,foreign_object,6029,167,6196,0.9730471271788250484183344093,
qualification-v2-gstreamer_custom-gpu-h264-independent-processes,qualification-v2-gstreamer_custom-gpu-h264-independent-processes:3:58,3,58,foreign_object,2053,152,2205,0.9310657596371882086167800454,
qualification-v2-gstreamer_custom-gpu-h264-independent-processes,qualification-v2-gstreamer_custom-gpu-h264-independent-processes:3:59,3,59,foreign_object,1031,125,1156,0.8918685121107266435986159170,
qualification-v2-gstreamer_custom-gpu-h264-independent-processes,qualification-v2-gstreamer_custom-gpu-h264-independent-processes:3:60,3,60,plate_number,1027,63,1090,0.9422018348623853211009174312,
qualification-v2-gstreamer_custom-gpu-h264-independent-processes,qualification-v2-gstreamer_custom-gpu-h264-independent-processes:3:61,3,61,damage,6032,278,6310,0.9559429477020602218700475436,
qualification-v2-gstreamer_custom-gpu-h264-independent-processes,qualification-v2-gstreamer_custom-gpu-h264-independent-processes:3:62,3,62,foreign_object,2041,113,2154,0.9475394614670380687093779016,
qualification-v2-gstreamer_custom-gpu-h264-independent-processes,qualification-v2-gstreamer_custom-gpu-h264-independent-processes:3:63,3,63,damage,1018,65,1083,0.9399815327793167128347183749,
qualification-v2-gstreamer_custom-gpu-h264-independent-processes,qualification-v2-gstreamer_custom-gpu-h264-independent-processes:3:64,3,64,foreign_object,1029,89,1118,0.9203935599284436493738819320,
qualification-v2-gstreamer_custom-gpu-h264-independent-processes,qualification-v2-gstreamer_custom-gpu-h264-independent-processes:3:65,3,65,damage,6035,258,6293,0.9590020657873828062927061815,
qualification-v2-gstreamer_custom-gpu-h264-independent-processes,qualification-v2-gstreamer_custom-gpu-h264-independent-processes:3:66,3,66,vehicle_type,2051,159,2210,0.9280542986425339366515837104,
qualification-v2-gstreamer_custom-gpu-h264-independent-processes,qualification-v2-gstreamer_custom-gpu-h264-independent-processes:3:67,3,67,vehicle_type,1031,103,1134,0.9091710758377425044091710758,
qualification-v2-gstreamer_custom-gpu-h264-independent-processes,qualification-v2-gstreamer_custom-gpu-h264-independent-processes:3:68,3,68,vehicle_type,1024,81,1105,0.9266968325791855203619909502,
qualification-v2-gstreamer_custom-gpu-h264-independent-processes,qualification-v2-gstreamer_custom-gpu-h264-independent-processes:3:69,3,69,foreign_object,6022,175,6197,0.9717605292883653380668065193,
qualification-v2-gstreamer_custom-gpu-h264-independent-processes,qualification-v2-gstreamer_custom-gpu-h264-independent-processes:3:70,3,70,plate_number,2054,144,2198,0.9344858962693357597816196542,
qualification-v2-gstreamer_custom-gpu-h264-independent-processes,qualification-v2-gstreamer_custom-gpu-h264-independent-processes:3:71,3,71,plate_number,1033,110,1143,0.9037620297462817147856517935,
qualification-v2-gstreamer_custom-gpu-h264-independent-processes,qualification-v2-gstreamer_custom-gpu-h264-independent-processes:3:72,3,72,plate_number,1028,66,1094,0.9396709323583180987202925046,
qualification-v2-gstreamer_custom-gpu-h264-independent-processes,qualification-v2-gstreamer_custom-gpu-h264-independent-processes:3:73,3,73,damage,6031,272,6303,0.9568459463747421862605108678,
qualification-v2-gstreamer_custom-gpu-h264-independent-processes,qualification-v2-gstreamer_custom-gpu-h264-independent-processes:3:74,3,74,foreign_object,2042,148,2190,0.9324200913242009132420091324,
qualification-v2-gstreamer_custom-gpu-h264-independent-processes,qualification-v2-gstreamer_custom-gpu-h264-independent-processes:3:75,3,75,foreign_object,1024,111,1135,0.9022026431718061674008810573,
qualification-v2-gstreamer_custom-gpu-h264-independent-processes,qualification-v2-gstreamer_custom-gpu-h264-independent-processes:3:76,3,76,foreign_object,1032,91,1123,0.9189670525378450578806767587,
qualification-v2-gstreamer_custom-gpu-h264-independent-processes,qualification-v2-gstreamer_custom-gpu-h264-independent-processes:3:77,3,77,foreign_object,6024,281,6305,0.9554321966693100713719270420,
qualification-v2-gstreamer_custom-gpu-h264-independent-processes,qualification-v2-gstreamer_custom-gpu-h264-independent-processes:3:78,3,78,foreign_object,2046,173,2219,0.9220369535826949076160432627,
qualification-v2-gstreamer_custom-gpu-h264-independent-processes,qualification-v2-gstreamer_custom-gpu-h264-independent-processes:3:79,3,79,foreign_object,1026,126,1152,0.890625,
qualification-v2-gstreamer_custom-gpu-h264-independent-processes,qualification-v2-gstreamer_custom-gpu-h264-independent-processes:3:80,3,80,foreign_object,1026,65,1091,0.9404216315307057745187901008,
qualification-v2-gstreamer_custom-gpu-h264-independent-processes,qualification-v2-gstreamer_custom-gpu-h264-independent-processes:3:81,3,81,foreign_object,6029,206,6235,0.9669607056936647955092221331,
qualification-v2-gstreamer_custom-gpu-h264-independent-processes,qualification-v2-gstreamer_custom-gpu-h264-independent-processes:3:82,3,82,foreign_object,2050,145,2195,0.9339407744874715261958997722,
qualification-v2-gstreamer_custom-gpu-h264-independent-processes,qualification-v2-gstreamer_custom-gpu-h264-independent-processes:3:83,3,83,foreign_object,1030,101,1131,0.9106984969053934571175950486,
qualification-v2-gstreamer_custom-gpu-h264-independent-processes,qualification-v2-gstreamer_custom-gpu-h264-independent-processes:3:84,3,84,damage,1026,63,1089,0.9421487603305785123966942149,
qualification-v2-gstreamer_custom-gpu-h264-independent-processes,qualification-v2-gstreamer_custom-gpu-h264-independent-processes:3:85,3,85,foreign_object,6032,275,6307,0.9563976534009830347233232916,
qualification-v2-gstreamer_custom-gpu-h264-independent-processes,qualification-v2-gstreamer_custom-gpu-h264-independent-processes:3:86,3,86,vehicle_type,2046,129,2175,0.9406896551724137931034482759,
qualification-v2-gstreamer_custom-gpu-h264-independent-processes,qualification-v2-gstreamer_custom-gpu-h264-independent-processes:3:87,3,87,vehicle_type,1024,89,1113,0.9200359389038634321653189578,
qualification-v2-gstreamer_custom-gpu-h264-independent-processes,qualification-v2-gstreamer_custom-gpu-h264-independent-processes:3:88,3,88,plate_number,1026,87,1113,0.9218328840970350404312668464,
qualification-v2-gstreamer_custom-gpu-h264-independent-processes,qualification-v2-gstreamer_custom-gpu-h264-independent-processes:3:89,3,89,damage,6024,292,6316,0.9537682077264091196960101330,
qualification-v2-gstreamer_custom-gpu-h264-independent-processes,qualification-v2-gstreamer_custom-gpu-h264-independent-processes:3:90,3,90,damage,2051,162,2213,0.9267962042476276547672842296,
qualification-v2-gstreamer_custom-gpu-h264-independent-processes,qualification-v2-gstreamer_custom-gpu-h264-independent-processes:3:91,3,91,damage,1028,113,1141,0.9009640666082383873794916740,
qualification-v2-gstreamer_custom-gpu-h264-independent-processes,qualification-v2-gstreamer_custom-gpu-h264-independent-processes:3:92,3,92,foreign_object,1030,90,1120,0.9196428571428571428571428571,
qualification-v2-gstreamer_custom-gpu-h264-independent-processes,qualification-v2-gstreamer_custom-gpu-h264-independent-processes:3:93,3,93,foreign_object,6028,213,6241,0.9658708540298029161993270309,
qualification-v2-gstreamer_custom-gpu-h264-independent-processes,qualification-v2-gstreamer_custom-gpu-h264-independent-processes:3:94,3,94,foreign_object,2055,147,2202,0.9332425068119891008174386921,
qualification-v2-gstreamer_custom-gpu-h264-independent-processes,qualification-v2-gstreamer_custom-gpu-h264-independent-processes:3:95,3,95,foreign_object,1032,94,1126,0.9165186500888099467140319716,
qualification-v2-gstreamer_custom-gpu-h264-independent-processes,qualification-v2-gstreamer_custom-gpu-h264-independent-processes:3:96,3,96,foreign_object,1024,81,1105,0.9266968325791855203619909502,
qualification-v2-gstreamer_custom-gpu-h264-independent-processes,qualification-v2-gstreamer_custom-gpu-h264-independent-processes:3:97,3,97,foreign_object,6029,270,6299,0.9571360533418002857596443880,
qualification-v2-gstreamer_custom-gpu-h264-independent-processes,qualification-v2-gstreamer_custom-gpu-h264-independent-processes:3:98,3,98,foreign_object,2042,147,2189,0.9328460484239378711740520786,
qualification-v2-gstreamer_custom-gpu-h264-independent-processes,qualification-v2-gstreamer_custom-gpu-h264-independent-processes:3:99,3,99,foreign_object,1022,108,1130,0.9044247787610619469026548673,
qualification-v2-gstreamer_custom-gpu-h264-independent-processes,qualification-v2-gstreamer_custom-gpu-h264-independent-processes:3:100,3,100,vehicle_type,1030,102,1132,0.9098939929328621908127208481,
qualification-v2-gstreamer_custom-gpu-h264-independent-processes,qualification-v2-gstreamer_custom-gpu-h264-independent-processes:3:101,3,101,damage,6026,279,6305,0.9557494052339413164155432197,
qualification-v2-gstreamer_custom-gpu-h264-independent-processes,qualification-v2-gstreamer_custom-gpu-h264-independent-processes:3:102,3,102,foreign_object,2058,154,2212,0.9303797468354430379746835443,
qualification-v2-gstreamer_custom-gpu-h264-independent-processes,qualification-v2-gstreamer_custom-gpu-h264-independent-processes:3:103,3,103,foreign_object,1040,93,1133,0.9179170344218887908208296558,
qualification-v2-gstreamer_custom-gpu-h264-independent-processes,qualification-v2-gstreamer_custom-gpu-h264-independent-processes:3:104,3,104,foreign_object,1027,72,1099,0.9344858962693357597816196542,
qualification-v2-gstreamer_custom-gpu-h264-independent-processes,qualification-v2-gstreamer_custom-gpu-h264-independent-processes:3:105,3,105,foreign_object,6023,119,6142,0.9806252035167697818300227939,
qualification-v2-gstreamer_custom-gpu-h264-independent-processes,qualification-v2-gstreamer_custom-gpu-h264-independent-processes:3:106,3,106,foreign_object,2057,154,2211,0.9303482587064676616915422886,
qualification-v2-gstreamer_custom-gpu-h264-independent-processes,qualification-v2-gstreamer_custom-gpu-h264-independent-processes:3:107,3,107,foreign_object,1032,107,1139,0.9060579455662862159789288850,
qualification-v2-gstreamer_custom-gpu-h264-independent-processes,qualification-v2-gstreamer_custom-gpu-h264-independent-processes:3:108,3,108,plate_number,1025,83,1108,0.9250902527075812274368231047,
qualification-v2-gstreamer_custom-gpu-h264-independent-processes,qualification-v2-gstreamer_custom-gpu-h264-independent-processes:3:109,3,109,foreign_object,6027,267,6294,0.9575786463298379408960915157,
qualification-v2-gstreamer_custom-gpu-h264-independent-processes,qualification-v2-gstreamer_custom-gpu-h264-independent-processes:3:110,3,110,foreign_object,2045,134,2179,0.9385039008719596145020651675,
qualification-v2-gstreamer_custom-gpu-h264-independent-processes,qualification-v2-gstreamer_custom-gpu-h264-independent-processes:3:111,3,111,damage,1028,74,1102,0.9328493647912885662431941924,
qualification-v2-gstreamer_custom-gpu-h264-independent-processes,qualification-v2-gstreamer_custom-gpu-h264-independent-processes:3:112,3,112,foreign_object,1024,122,1146,0.8935427574171029668411867365,
qualification-v2-gstreamer_custom-gpu-h264-independent-processes,qualification-v2-gstreamer_custom-gpu-h264-independent-processes:3:113,3,113,foreign_object,6041,277,6318,0.9561570117125672681228236784,
qualification-v2-gstreamer_custom-gpu-h264-independent-processes,qualification-v2-gstreamer_custom-gpu-h264-independent-processes:3:114,3,114,vehicle_type,2051,166,2217,0.9251240414975191700496165990,
qualification-v2-gstreamer_custom-gpu-h264-independent-processes,qualification-v2-gstreamer_custom-gpu-h264-independent-processes:3:115,3,115,vehicle_type,1028,111,1139,0.9025460930640913081650570676,
qualification-v2-gstreamer_custom-gpu-h264-independent-processes,qualification-v2-gstreamer_custom-gpu-h264-independent-processes:3:116,3,116,damage,1027,78,1105,0.9294117647058823529411764706,
qualification-v2-gstreamer_custom-gpu-h264-independent-processes,qualification-v2-gstreamer_custom-gpu-h264-independent-processes:3:117,3,117,foreign_object,6027,87,6114,0.9857703631010794896957801766,
qualification-v2-gstreamer_custom-gpu-h264-independent-processes,qualification-v2-gstreamer_custom-gpu-h264-independent-processes:3:118,3,118,foreign_object,2046,162,2208,0.9266304347826086956521739130,
qualification-v2-gstreamer_custom-gpu-h264-independent-processes,qualification-v2-gstreamer_custom-gpu-h264-independent-processes:3:119,3,119,foreign_object,1028,117,1145,0.8978165938864628820960698690,
qualification-v2-gstreamer_custom-gpu-h264-independent-processes,qualification-v2-gstreamer_custom-gpu-h264-independent-processes:3:120,3,120,foreign_object,1031,76,1107,0.9313459801264679313459801265,
qualification-v2-gstreamer_custom-gpu-h264-independent-processes,qualification-v2-gstreamer_custom-gpu-h264-independent-processes:3:121,3,121,foreign_object,6033,256,6289,0.9592940054062649069804420417,
qualification-v2-gstreamer_custom-gpu-h264-independent-processes,qualification-v2-gstreamer_custom-gpu-h264-independent-processes:3:122,3,122,vehicle_type,2052,125,2177,0.9425815342214056040422599908,
qualification-v2-gstreamer_custom-gpu-h264-independent-processes,qualification-v2-gstreamer_custom-gpu-h264-independent-processes:3:123,3,123,vehicle_type,1034,85,1119,0.9240393208221626452189454870,
qualification-v2-gstreamer_custom-gpu-h264-independent-processes,qualification-v2-gstreamer_custom-gpu-h264-independent-processes:3:124,3,124,foreign_object,1031,90,1121,0.9197145405887600356824264050,
qualification-v2-gstreamer_custom-gpu-h264-independent-processes,qualification-v2-gstreamer_custom-gpu-h264-independent-processes:3:125,3,125,vehicle_type,6037,262,6299,0.9584060962057469439593586284,
qualification-v2-gstreamer_custom-gpu-h264-independent-processes,qualification-v2-gstreamer_custom-gpu-h264-independent-processes:3:126,3,126,plate_number,2051,168,2219,0.9242902208201892744479495268,
qualification-v2-gstreamer_custom-gpu-h264-independent-processes,qualification-v2-gstreamer_custom-gpu-h264-independent-processes:3:127,3,127,plate_number,1032,126,1158,0.8911917098445595854922279793,
qualification-v2-gstreamer_custom-gpu-h264-independent-processes,qualification-v2-gstreamer_custom-gpu-h264-independent-processes:3:128,3,128,vehicle_type,1029,68,1097,0.9380127620783956244302643573,
qualification-v2-gstreamer_custom-gpu-h264-independent-processes,qualification-v2-gstreamer_custom-gpu-h264-independent-processes:3:129,3,129,foreign_object,6030,218,6248,0.9651088348271446862996158771,
qualification-v2-gstreamer_custom-gpu-h264-independent-processes,qualification-v2-gstreamer_custom-gpu-h264-independent-processes:3:130,3,130,foreign_object,2051,150,2201,0.9318491594729668332576101772,
qualification-v2-gstreamer_custom-gpu-h264-independent-processes,qualification-v2-gstreamer_custom-gpu-h264-independent-processes:3:131,3,131,foreign_object,1025,128,1153,0.8889852558542931483087597572,
qualification-v2-gstreamer_custom-gpu-h264-independent-processes,qualification-v2-gstreamer_custom-gpu-h264-independent-processes:3:132,3,132,plate_number,1023,68,1091,0.9376718606782768102658111824,
qualification-v2-gstreamer_custom-gpu-h264-independent-processes,qualification-v2-gstreamer_custom-gpu-h264-independent-processes:3:133,3,133,vehicle_type,6031,246,6277,0.9608093038075513780468376613,
qualification-v2-gstreamer_custom-gpu-h264-independent-processes,qualification-v2-gstreamer_custom-gpu-h264-independent-processes:3:134,3,134,foreign_object,2057,145,2202,0.9341507720254314259763851045,
qualification-v2-gstreamer_custom-gpu-h264-independent-processes,qualification-v2-gstreamer_custom-gpu-h264-independent-processes:3:135,3,135,vehicle_type,1028,117,1145,0.8978165938864628820960698690,
qualification-v2-gstreamer_custom-gpu-h264-independent-processes,qualification-v2-gstreamer_custom-gpu-h264-independent-processes:3:136,3,136,foreign_object,1026,88,1114,0.9210053859964093357271095153,
qualification-v2-gstreamer_custom-gpu-h264-independent-processes,qualification-v2-gstreamer_custom-gpu-h264-independent-processes:3:137,3,137,damage,6035,262,6297,0.9583928855010322375734476735,
qualification-v2-gstreamer_custom-gpu-h264-independent-processes,qualification-v2-gstreamer_custom-gpu-h264-independent-processes:3:138,3,138,foreign_object,2046,179,2225,0.9195505617977528089887640449,
qualification-v2-gstreamer_custom-gpu-h264-independent-processes,qualification-v2-gstreamer_custom-gpu-h264-independent-processes:3:139,3,139,foreign_object,1027,129,1156,0.8884083044982698961937716263,
qualification-v2-gstreamer_custom-gpu-h264-independent-processes,qualification-v2-gstreamer_custom-gpu-h264-independent-processes:3:140,3,140,foreign_object,1028,86,1114,0.9228007181328545780969479354,
qualification-v2-gstreamer_custom-gpu-h264-independent-processes,qualification-v2-gstreamer_custom-gpu-h264-independent-processes:3:141,3,141,foreign_object,6029,201,6230,0.9677367576243980738362760835,
qualification-v2-gstreamer_custom-gpu-h264-independent-processes,qualification-v2-gstreamer_custom-gpu-h264-independent-processes:3:142,3,142,foreign_object,2058,144,2202,0.9346049046321525885558583106,
qualification-v2-gstreamer_custom-gpu-h264-independent-processes,qualification-v2-gstreamer_custom-gpu-h264-independent-processes:3:143,3,143,foreign_object,1035,103,1138,0.9094903339191564147627416520,
qualification-v2-gstreamer_custom-gpu-h264-independent-processes,qualification-v2-gstreamer_custom-gpu-h264-independent-processes:3:144,3,144,foreign_object,1028,81,1109,0.9269612263300270513976555455,
qualification-v2-gstreamer_custom-gpu-h264-independent-processes,qualification-v2-gstreamer_custom-gpu-h264-independent-processes:3:145,3,145,plate_number,6037,238,6275,0.9620717131474103585657370518,
qualification-v2-gstreamer_custom-gpu-h264-independent-processes,qualification-v2-gstreamer_custom-gpu-h264-independent-processes:3:146,3,146,foreign_object,2046,162,2208,0.9266304347826086956521739130,
qualification-v2-gstreamer_custom-gpu-h264-independent-processes,qualification-v2-gstreamer_custom-gpu-h264-independent-processes:3:147,3,147,foreign_object,1023,127,1150,0.8895652173913043478260869565,
qualification-v2-gstreamer_custom-gpu-h264-independent-processes,qualification-v2-gstreamer_custom-gpu-h264-independent-processes:3:148,3,148,vehicle_type,1028,92,1120,0.9178571428571428571428571429,
qualification-v2-gstreamer_custom-gpu-h264-independent-processes,qualification-v2-gstreamer_custom-gpu-h264-independent-processes:3:149,3,149,vehicle_type,6034,255,6289,0.9594530131976466846875496899,
qualification-v2-gstreamer_custom-gpu-h264-independent-processes,qualification-v2-gstreamer_custom-gpu-h264-independent-processes:3:150,3,150,foreign_object,2055,143,2198,0.9349408553230209281164695177,
qualification-v2-gstreamer_custom-gpu-h264-independent-processes,qualification-v2-gstreamer_custom-gpu-h264-independent-processes:3:151,3,151,vehicle_type,1031,85,1116,0.9238351254480286738351254480,
qualification-v2-gstreamer_custom-gpu-h264-independent-processes,qualification-v2-gstreamer_custom-gpu-h264-independent-processes:3:152,3,152,foreign_object,1029,84,1113,0.9245283018867924528301886792,
qualification-v2-gstreamer_custom-gpu-h264-independent-processes,qualification-v2-gstreamer_custom-gpu-h264-independent-processes:3:153,3,153,foreign_object,6026,214,6240,0.9657051282051282051282051282,
qualification-v2-gstreamer_custom-gpu-h264-independent-processes,qualification-v2-gstreamer_custom-gpu-h264-independent-processes:3:154,3,154,damage,2049,139,2188,0.9364716636197440585009140768,
qualification-v2-gstreamer_custom-gpu-h264-independent-processes,qualification-v2-gstreamer_custom-gpu-h264-independent-processes:3:155,3,155,damage,1027,94,1121,0.9161462979482604817127564674,
qualification-v2-gstreamer_custom-gpu-h264-independent-processes,qualification-v2-gstreamer_custom-gpu-h264-independent-processes:3:156,3,156,vehicle_type,1029,75,1104,0.9320652173913043478260869565,
qualification-v2-gstreamer_custom-gpu-h264-independent-processes,qualification-v2-gstreamer_custom-gpu-h264-independent-processes:3:157,3,157,vehicle_type,6033,242,6275,0.9614342629482071713147410359,
qualification-v2-gstreamer_custom-gpu-h264-independent-processes,qualification-v2-gstreamer_custom-gpu-h264-independent-processes:3:158,3,158,foreign_object,2045,147,2192,0.9329379562043795620437956204,
qualification-v2-gstreamer_custom-gpu-h264-independent-processes,qualification-v2-gstreamer_custom-gpu-h264-independent-processes:3:159,3,159,foreign_object,1022,113,1135,0.9004405286343612334801762115,
qualification-v2-gstreamer_custom-gpu-h264-independent-processes,qualification-v2-gstreamer_custom-gpu-h264-independent-processes:3:160,3,160,foreign_object,1033,82,1115,0.9264573991031390134529147982,
qualification-v2-gstreamer_custom-gpu-h264-independent-processes,qualification-v2-gstreamer_custom-gpu-h264-independent-processes:3:161,3,161,foreign_object,6034,250,6284,0.9602164226607256524506683641,
qualification-v2-gstreamer_custom-gpu-h264-independent-processes,qualification-v2-gstreamer_custom-gpu-h264-independent-processes:3:162,3,162,plate_number,2042,152,2194,0.9307201458523245214220601641,
qualification-v2-gstreamer_custom-gpu-h264-independent-processes,qualification-v2-gstreamer_custom-gpu-h264-independent-processes:3:163,3,163,foreign_object,1028,106,1134,0.9065255731922398589065255732,
qualification-v2-gstreamer_custom-gpu-h264-independent-processes,qualification-v2-gstreamer_custom-gpu-h264-independent-processes:3:164,3,164,foreign_object,1024,82,1106,0.9258589511754068716094032550,
qualification-v2-gstreamer_custom-gpu-h264-independent-processes,qualification-v2-gstreamer_custom-gpu-h264-independent-processes:3:165,3,165,damage,6029,185,6214,0.9702285162536208561313163824,
qualification-v2-gstreamer_custom-gpu-h264-independent-processes,qualification-v2-gstreamer_custom-gpu-h264-independent-processes:3:166,3,166,damage,2060,140,2200,0.9363636363636363636363636364,
qualification-v2-gstreamer_custom-gpu-h264-independent-processes,qualification-v2-gstreamer_custom-gpu-h264-independent-processes:3:167,3,167,damage,1035,97,1132,0.9143109540636042402826855124,
qualification-v2-gstreamer_custom-gpu-h264-independent-processes,qualification-v2-gstreamer_custom-gpu-h264-independent-processes:3:168,3,168,foreign_object,1026,78,1104,0.9293478260869565217391304348,
qualification-v2-gstreamer_custom-gpu-h264-independent-processes,qualification-v2-gstreamer_custom-gpu-h264-independent-processes:3:169,3,169,vehicle_type,6032,231,6263,0.9631167172281654159348555006,
qualification-v2-gstreamer_custom-gpu-h264-independent-processes,qualification-v2-gstreamer_custom-gpu-h264-independent-processes:3:170,3,170,vehicle_type,2049,134,2183,0.9386165826843792945487860742,
qualification-v2-gstreamer_custom-gpu-h264-independent-processes,qualification-v2-gstreamer_custom-gpu-h264-independent-processes:3:171,3,171,plate_number,1032,95,1127,0.9157054125998225377107364685,
qualification-v2-gstreamer_custom-gpu-h264-independent-processes,qualification-v2-gstreamer_custom-gpu-h264-independent-processes:3:172,3,172,plate_number,1031,82,1113,0.9263252470799640610961365678,
qualification-v2-gstreamer_custom-gpu-h264-independent-processes,qualification-v2-gstreamer_custom-gpu-h264-independent-processes:3:173,3,173,vehicle_type,6034,235,6269,0.9625139575689902695804753549,
qualification-v2-gstreamer_custom-gpu-h264-independent-processes,qualification-v2-gstreamer_custom-gpu-h264-independent-processes:3:174,3,174,foreign_object,2048,168,2216,0.9241877256317689530685920578,
qualification-v2-gstreamer_custom-gpu-h264-independent-processes,qualification-v2-gstreamer_custom-gpu-h264-independent-processes:3:175,3,175,foreign_object,1029,115,1144,0.8994755244755244755244755245,
qualification-v2-gstreamer_custom-gpu-h264-independent-processes,qualification-v2-gstreamer_custom-gpu-h264-independent-processes:3:176,3,176,damage,1026,84,1110,0.9243243243243243243243243243,
qualification-v2-gstreamer_custom-gpu-h264-independent-processes,qualification-v2-gstreamer_custom-gpu-h264-independent-processes:3:177,3,177,damage,6024,201,6225,0.9677108433734939759036144578,
qualification-v2-gstreamer_custom-gpu-h264-independent-processes,qualification-v2-gstreamer_custom-gpu-h264-independent-processes:3:178,3,178,foreign_object,2057,146,2203,0.9337267362687244666364049024,
qualification-v2-gstreamer_custom-gpu-h264-independent-processes,qualification-v2-gstreamer_custom-gpu-h264-independent-processes:3:179,3,179,foreign_object,1030,116,1146,0.8987783595113438045375218150,
qualification-v2-gstreamer_custom-gpu-h264-independent-processes,qualification-v2-gstreamer_custom-gpu-h264-independent-processes:3:180,3,180,foreign_object,1029,102,1131,0.9098143236074270557029177719,
qualification-v2-gstreamer_custom-gpu-h264-independent-processes,qualification-v2-gstreamer_custom-gpu-h264-independent-processes:3:181,3,181,vehicle_type,6035,228,6263,0.9635957209005269040395976369,
qualification-v2-gstreamer_custom-gpu-h264-independent-processes,qualification-v2-gstreamer_custom-gpu-h264-independent-processes:3:182,3,182,foreign_object,2058,118,2176,0.9457720588235294117647058824,
qualification-v2-gstreamer_custom-gpu-h264-independent-processes,qualification-v2-gstreamer_custom-gpu-h264-independent-processes:3:183,3,183,foreign_object,1031,78,1109,0.9296663660955816050495942290,
qualification-v2-gstreamer_custom-gpu-h264-independent-processes,qualification-v2-gstreamer_custom-gpu-h264-independent-processes:3:184,3,184,foreign_object,1025,103,1128,0.9086879432624113475177304965,
qualification-v2-gstreamer_custom-gpu-h264-independent-processes,qualification-v2-gstreamer_custom-gpu-h264-independent-processes:3:185,3,185,foreign_object,6033,221,6254,0.9646626159258074832107451231,
qualification-v2-gstreamer_custom-gpu-h264-independent-processes,qualification-v2-gstreamer_custom-gpu-h264-independent-processes:3:186,3,186,foreign_object,2061,143,2204,0.9351179673321234119782214156,
qualification-v2-gstreamer_custom-gpu-h264-independent-processes,qualification-v2-gstreamer_custom-gpu-h264-independent-processes:3:187,3,187,plate_number,1030,91,1121,0.9188224799286351471900089206,
qualification-v2-gstreamer_custom-gpu-h264-independent-processes,qualification-v2-gstreamer_custom-gpu-h264-independent-processes:3:188,3,188,foreign_object,1027,89,1116,0.9202508960573476702508960573,
qualification-v2-gstreamer_custom-gpu-h264-independent-processes,qualification-v2-gstreamer_custom-gpu-h264-independent-processes:3:189,3,189,foreign_object,6022,188,6210,0.9697262479871175523349436393,
qualification-v2-gstreamer_custom-gpu-h264-independent-processes,qualification-v2-gstreamer_custom-gpu-h264-independent-processes:3:190,3,190,damage,2054,152,2206,0.9310970081595648232094288305,
qualification-v2-gstreamer_custom-gpu-h264-independent-processes,qualification-v2-gstreamer_custom-gpu-h264-independent-processes:3:191,3,191,damage,1027,110,1137,0.9032541776605101143359718558,
qualification-v2-gstreamer_custom-gpu-h264-independent-processes,qualification-v2-gstreamer_custom-gpu-h264-independent-processes:3:192,3,192,damage,1028,79,1107,0.9286359530261969286359530262,
qualification-v2-gstreamer_custom-gpu-h264-independent-processes,qualification-v2-gstreamer_custom-gpu-h264-independent-processes:3:193,3,193,vehicle_type,6032,223,6255,0.9643485211830535571542765787,
qualification-v2-gstreamer_custom-gpu-h264-independent-processes,qualification-v2-gstreamer_custom-gpu-h264-independent-processes:3:194,3,194,foreign_object,2061,133,2194,0.9393801276207839562443026436,
qualification-v2-gstreamer_custom-gpu-h264-independent-processes,qualification-v2-gstreamer_custom-gpu-h264-independent-processes:3:195,3,195,foreign_object,1033,113,1146,0.9013961605584642233856893543,
qualification-v2-gstreamer_custom-gpu-h264-independent-processes,qualification-v2-gstreamer_custom-gpu-h264-independent-processes:3:196,3,196,foreign_object,1029,103,1132,0.9090106007067137809187279152,
qualification-v2-gstreamer_custom-gpu-h264-independent-processes,qualification-v2-gstreamer_custom-gpu-h264-independent-processes:3:197,3,197,foreign_object,6032,224,6256,0.9641943734015345268542199488,
qualification-v2-gstreamer_custom-gpu-h264-independent-processes,qualification-v2-gstreamer_custom-gpu-h264-independent-processes:3:198,3,198,foreign_object,2053,168,2221,0.9243583971184151283205763170,
qualification-v2-gstreamer_custom-gpu-h264-independent-processes,qualification-v2-gstreamer_custom-gpu-h264-independent-processes:3:199,3,199,foreign_object,1028,125,1153,0.8915871639202081526452732003,
qualification-v2-gstreamer_custom-gpu-h264-independent-processes,qualification-v2-gstreamer_custom-gpu-h264-independent-processes:3:200,3,200,foreign_object,1027,80,1107,0.9277326106594399277326106594,
qualification-v2-gstreamer_custom-gpu-h264-independent-processes,qualification-v2-gstreamer_custom-gpu-h264-independent-processes:3:201,3,201,foreign_object,6028,172,6200,0.9722580645161290322580645161,
qualification-v2-gstreamer_custom-gpu-h264-independent-processes,qualification-v2-gstreamer_custom-gpu-h264-independent-processes:3:202,3,202,damage,2051,133,2184,0.9391025641025641025641025641,
qualification-v2-gstreamer_custom-gpu-h264-independent-processes,qualification-v2-gstreamer_custom-gpu-h264-independent-processes:3:203,3,203,damage,1023,105,1128,0.9069148936170212765957446809,
qualification-v2-gstreamer_custom-gpu-h264-independent-processes,qualification-v2-gstreamer_custom-gpu-h264-independent-processes:3:204,3,204,foreign_object,1026,82,1108,0.9259927797833935018050541516,
qualification-v2-gstreamer_custom-gpu-h264-independent-processes,qualification-v2-gstreamer_custom-gpu-h264-independent-processes:3:205,3,205,damage,6040,232,6272,0.9630102040816326530612244898,
qualification-v2-gstreamer_custom-gpu-h264-independent-processes,qualification-v2-gstreamer_custom-gpu-h264-independent-processes:3:206,3,206,foreign_object,2051,148,2199,0.9326966803092314688494770350,
qualification-v2-gstreamer_custom-gpu-h264-independent-processes,qualification-v2-gstreamer_custom-gpu-h264-independent-processes:3:207,3,207,vehicle_type,1022,118,1140,0.8964912280701754385964912281,
qualification-v2-gstreamer_custom-gpu-h264-independent-processes,qualification-v2-gstreamer_custom-gpu-h264-independent-processes:3:208,3,208,foreign_object,1026,83,1109,0.9251577998196573489630297565,
qualification-v2-gstreamer_custom-gpu-h264-independent-processes,qualification-v2-gstreamer_custom-gpu-h264-independent-processes:4:30,4,30,foreign_object,2049,174,2223,0.9217273954116059379217273954,
qualification-v2-gstreamer_custom-gpu-h264-independent-processes,qualification-v2-gstreamer_custom-gpu-h264-independent-processes:4:31,4,31,foreign_object,1028,133,1161,0.8854435831180017226528854436,
qualification-v2-gstreamer_custom-gpu-h264-independent-processes,qualification-v2-gstreamer_custom-gpu-h264-independent-processes:4:32,4,32,vehicle_type,1025,88,1113,0.9209344115004492362982929021,
qualification-v2-gstreamer_custom-gpu-h264-independent-processes,qualification-v2-gstreamer_custom-gpu-h264-independent-processes:4:33,4,33,damage,6025,227,6252,0.9636916186820217530390275112,
qualification-v2-gstreamer_custom-gpu-h264-independent-processes,qualification-v2-gstreamer_custom-gpu-h264-independent-processes:4:34,4,34,foreign_object,2043,147,2190,0.9328767123287671232876712329,
qualification-v2-gstreamer_custom-gpu-h264-independent-processes,qualification-v2-gstreamer_custom-gpu-h264-independent-processes:4:35,4,35,vehicle_type,1031,84,1115,0.9246636771300448430493273543,
qualification-v2-gstreamer_custom-gpu-h264-independent-processes,qualification-v2-gstreamer_custom-gpu-h264-independent-processes:4:36,4,36,damage,1026,74,1100,0.9327272727272727272727272727,
qualification-v2-gstreamer_custom-gpu-h264-independent-processes,qualification-v2-gstreamer_custom-gpu-h264-independent-processes:4:37,4,37,foreign_object,6033,282,6315,0.9553444180522565320665083135,
qualification-v2-gstreamer_custom-gpu-h264-independent-processes,qualification-v2-gstreamer_custom-gpu-h264-independent-processes:4:38,4,38,foreign_object,2050,136,2186,0.9377859103385178408051235133,
qualification-v2-gstreamer_custom-gpu-h264-independent-processes,qualification-v2-gstreamer_custom-gpu-h264-independent-processes:4:39,4,39,vehicle_type,1029,96,1125,0.9146666666666666666666666667,
qualification-v2-gstreamer_custom-gpu-h264-independent-processes,qualification-v2-gstreamer_custom-gpu-h264-independent-processes:4:40,4,40,damage,1026,98,1124,0.9128113879003558718861209964,
qualification-v2-gstreamer_custom-gpu-h264-independent-processes,qualification-v2-gstreamer_custom-gpu-h264-independent-processes:4:41,4,41,foreign_object,6026,297,6323,0.9530286256523801992724972323,
qualification-v2-gstreamer_custom-gpu-h264-independent-processes,qualification-v2-gstreamer_custom-gpu-h264-independent-processes:4:42,4,42,foreign_object,2047,157,2204,0.9287658802177858439201451906,
qualification-v2-gstreamer_custom-gpu-h264-independent-processes,qualification-v2-gstreamer_custom-gpu-h264-independent-processes:4:43,4,43,vehicle_type,1028,107,1135,0.9057268722466960352422907489,
qualification-v2-gstreamer_custom-gpu-h264-independent-processes,qualification-v2-gstreamer_custom-gpu-h264-independent-processes:4:44,4,44,foreign_object,1023,124,1147,0.8918918918918918918918918919,
qualification-v2-gstreamer_custom-gpu-h264-independent-processes,qualification-v2-gstreamer_custom-gpu-h264-independent-processes:4:45,4,45,foreign_object,6024,204,6228,0.9672447013487475915221579961,
qualification-v2-gstreamer_custom-gpu-h264-independent-processes,qualification-v2-gstreamer_custom-gpu-h264-independent-processes:4:46,4,46,vehicle_type,2058,134,2192,0.9388686131386861313868613139,
qualification-v2-gstreamer_custom-gpu-h264-independent-processes,qualification-v2-gstreamer_custom-gpu-h264-independent-processes:4:47,4,47,vehicle_type,1035,95,1130,0.9159292035398230088495575221,
qualification-v2-gstreamer_custom-gpu-h264-independent-processes,qualification-v2-gstreamer_custom-gpu-h264-independent-processes:4:48,4,48,plate_number,1025,72,1097,0.9343664539653600729261622607,
qualification-v2-gstreamer_custom-gpu-h264-independent-processes,qualification-v2-gstreamer_custom-gpu-h264-independent-processes:4:49,4,49,foreign_object,6039,291,6330,0.9540284360189573459715639810,
qualification-v2-gstreamer_custom-gpu-h264-independent-processes,qualification-v2-gstreamer_custom-gpu-h264-independent-processes:4:50,4,50,vehicle_type,2049,150,2199,0.9317871759890859481582537517,
qualification-v2-gstreamer_custom-gpu-h264-independent-processes,qualification-v2-gstreamer_custom-gpu-h264-independent-processes:4:51,4,51,vehicle_type,1028,115,1143,0.8993875765529308836395450569,
qualification-v2-gstreamer_custom-gpu-h264-independent-processes,qualification-v2-gstreamer_custom-gpu-h264-independent-processes:4:52,4,52,foreign_object,1030,71,1101,0.9355131698455949137148047230,
qualification-v2-gstreamer_custom-gpu-h264-independent-processes,qualification-v2-gstreamer_custom-gpu-h264-independent-processes:4:53,4,53,damage,6023,261,6284,0.9584659452577975811584977721,
qualification-v2-gstreamer_custom-gpu-h264-independent-processes,qualification-v2-gstreamer_custom-gpu-h264-independent-processes:4:54,4,54,damage,2046,160,2206,0.9274705349048050770625566636,
qualification-v2-gstreamer_custom-gpu-h264-independent-processes,qualification-v2-gstreamer_custom-gpu-h264-independent-processes:4:55,4,55,damage,1024,136,1160,0.8827586206896551724137931034,
qualification-v2-gstreamer_custom-gpu-h264-independent-processes,qualification-v2-gstreamer_custom-gpu-h264-independent-processes:4:56,4,56,plate_number,1024,77,1101,0.9300635785649409627611262489,
qualification-v2-gstreamer_custom-gpu-h264-independent-processes,qualification-v2-gstreamer_custom-gpu-h264-independent-processes:4:57,4,57,foreign_object,6024,213,6237,0.9658489658489658489658489658,
qualification-v2-gstreamer_custom-gpu-h264-independent-processes,qualification-v2-gstreamer_custom-gpu-h264-independent-processes:4:58,4,58,plate_number,2049,153,2202,0.9305177111716621253405994550,
qualification-v2-gstreamer_custom-gpu-h264-independent-processes,qualification-v2-gstreamer_custom-gpu-h264-independent-processes:4:59,4,59,plate_number,1028,112,1140,0.9017543859649122807017543860,
qualification-v2-gstreamer_custom-gpu-h264-independent-processes,qualification-v2-gstreamer_custom-gpu-h264-independent-processes:4:60,4,60,vehicle_type,1030,72,1102,0.9346642468239564428312159710,
qualification-v2-gstreamer_custom-gpu-h264-independent-processes,qualification-v2-gstreamer_custom-gpu-h264-independent-processes:4:61,4,61,foreign_object,6028,274,6302,0.9565217391304347826086956522,
qualification-v2-gstreamer_custom-gpu-h264-independent-processes,qualification-v2-gstreamer_custom-gpu-h264-independent-processes:4:62,4,62,vehicle_type,2049,135,2184,0.9381868131868131868131868132,
qualification-v2-gstreamer_custom-gpu-h264-independent-processes,qualification-v2-gstreamer_custom-gpu-h264-independent-processes:4:63,4,63,plate_number,1027,102,1129,0.9096545615589016829052258636,
qualification-v2-gstreamer_custom-gpu-h264-independent-processes,qualification-v2-gstreamer_custom-gpu-h264-independent-processes:4:64,4,64,damage,1032,74,1106,0.9330922242314647377938517179,
qualification-v2-gstreamer_custom-gpu-h264-independent-processes,qualification-v2-gstreamer_custom-gpu-h264-independent-processes:4:65,4,65,foreign_object,6033,277,6310,0.9561014263074484944532488114,
qualification-v2-gstreamer_custom-gpu-h264-independent-processes,qualification-v2-gstreamer_custom-gpu-h264-independent-processes:4:66,4,66,vehicle_type,2053,170,2223,0.9235267656320287899235267656,
qualification-v2-gstreamer_custom-gpu-h264-independent-processes,qualification-v2-gstreamer_custom-gpu-h264-independent-processes:4:67,4,67,vehicle_type,1029,121,1150,0.8947826086956521739130434783,
qualification-v2-gstreamer_custom-gpu-h264-independent-processes,qualification-v2-gstreamer_custom-gpu-h264-independent-processes:4:68,4,68,foreign_object,1028,83,1111,0.9252925292529252925292529253,
qualification-v2-gstreamer_custom-gpu-h264-independent-processes,qualification-v2-gstreamer_custom-gpu-h264-independent-processes:4:69,4,69,vehicle_type,6026,183,6209,0.9705266548558544048961185376,
qualification-v2-gstreamer_custom-gpu-h264-independent-processes,qualification-v2-gstreamer_custom-gpu-h264-independent-processes:4:70,4,70,damage,2059,143,2202,0.9350590372388737511353315168,
qualification-v2-gstreamer_custom-gpu-h264-independent-processes,qualification-v2-gstreamer_custom-gpu-h264-independent-processes:4:71,4,71,damage,1037,108,1145,0.9056768558951965065502183406,
qualification-v2-gstreamer_custom-gpu-h264-independent-processes,qualification-v2-gstreamer_custom-gpu-h264-independent-processes:4:72,4,72,damage,1023,82,1105,0.9257918552036199095022624434,
qualification-v2-gstreamer_custom-gpu-h264-independent-processes,qualification-v2-gstreamer_custom-gpu-h264-independent-processes:4:73,4,73,vehicle_type,6037,265,6302,0.9579498571881942240558552840,
qualification-v2-gstreamer_custom-gpu-h264-independent-processes,qualification-v2-gstreamer_custom-gpu-h264-independent-processes:4:74,4,74,vehicle_type,2041,147,2188,0.9328153564899451553930530165,
qualification-v2-gstreamer_custom-gpu-h264-independent-processes,qualification-v2-gstreamer_custom-gpu-h264-independent-processes:4:75,4,75,vehicle_type,1022,110,1132,0.9028268551236749116607773852,
qualification-v2-gstreamer_custom-gpu-h264-independent-processes,qualification-v2-gstreamer_custom-gpu-h264-independent-processes:4:76,4,76,damage,1025,70,1095,0.9360730593607305936073059361,
qualification-v2-gstreamer_custom-gpu-h264-independent-processes,qualification-v2-gstreamer_custom-gpu-h264-independent-processes:4:77,4,77,vehicle_type,6030,272,6302,0.9568390986988257695969533481,
qualification-v2-gstreamer_custom-gpu-h264-independent-processes,qualification-v2-gstreamer_custom-gpu-h264-independent-processes:4:78,4,78,foreign_object,2063,162,2225,0.9271910112359550561797752809,
qualification-v2-gstreamer_custom-gpu-h264-independent-processes,qualification-v2-gstreamer_custom-gpu-h264-independent-processes:4:79,4,79,foreign_object,1037,128,1165,0.8901287553648068669527896996,
qualification-v2-gstreamer_custom-gpu-h264-independent-processes,qualification-v2-gstreamer_custom-gpu-h264-independent-processes:4:80,4,80,vehicle_type,1023,80,1103,0.9274705349048050770625566636,
qualification-v2-gstreamer_custom-gpu-h264-independent-processes,qualification-v2-gstreamer_custom-gpu-h264-independent-processes:4:81,4,81,damage,6025,189,6214,0.9695848084969423881557772771,
qualification-v2-gstreamer_custom-gpu-h264-independent-processes,qualification-v2-gstreamer_custom-gpu-h264-independent-processes:4:82,4,82,foreign_object,2051,146,2197,0.9335457441966317705962676377,
qualification-v2-gstreamer_custom-gpu-h264-independent-processes,qualification-v2-gstreamer_custom-gpu-h264-independent-processes:4:83,4,83,foreign_object,1028,130,1158,0.8877374784110535405872193437,
qualification-v2-gstreamer_custom-gpu-h264-independent-processes,qualification-v2-gstreamer_custom-gpu-h264-independent-processes:4:84,4,84,foreign_object,1024,74,1098,0.9326047358834244080145719490,
qualification-v2-gstreamer_custom-gpu-h264-independent-processes,qualification-v2-gstreamer_custom-gpu-h264-independent-processes:4:85,4,85,foreign_object,6031,263,6294,0.9582141722275182713695583095,
qualification-v2-gstreamer_custom-gpu-h264-independent-processes,qualification-v2-gstreamer_custom-gpu-h264-independent-processes:4:86,4,86,foreign_object,2046,139,2185,0.9363844393592677345537757437,
qualification-v2-gstreamer_custom-gpu-h264-independent-processes,qualification-v2-gstreamer_custom-gpu-h264-independent-processes:4:87,4,87,foreign_object,1021,102,1123,0.9091718610863757791629563669,
qualification-v2-gstreamer_custom-gpu-h264-independent-processes,qualification-v2-gstreamer_custom-gpu-h264-independent-processes:4:88,4,88,plate_number,1027,73,1100,0.9336363636363636363636363636,
qualification-v2-gstreamer_custom-gpu-h264-independent-processes,qualification-v2-gstreamer_custom-gpu-h264-independent-processes:4:89,4,89,foreign_object,6030,291,6321,0.9539629805410536307546274324,
qualification-v2-gstreamer_custom-gpu-h264-independent-processes,qualification-v2-gstreamer_custom-gpu-h264-independent-processes:4:90,4,90,foreign_object,2051,172,2223,0.9226270805218173639226270805,
qualification-v2-gstreamer_custom-gpu-h264-independent-processes,qualification-v2-gstreamer_custom-gpu-h264-independent-processes:4:91,4,91,foreign_object,1030,137,1167,0.8826049700085689802913453299,
qualification-v2-gstreamer_custom-gpu-h264-independent-processes,qualification-v2-gstreamer_custom-gpu-h264-independent-processes:4:92,4,92,plate_number,1029,77,1106,0.9303797468354430379746835443,
qualification-v2-gstreamer_custom-gpu-h264-independent-processes,qualification-v2-gstreamer_custom-gpu-h264-independent-processes:4:93,4,93,damage,6031,194,6225,0.9688353413654618473895582329,
qualification-v2-gstreamer_custom-gpu-h264-independent-processes,qualification-v2-gstreamer_custom-gpu-h264-independent-processes:4:94,4,94,vehicle_type,2050,141,2191,0.9356458238247375627567320858,
qualification-v2-gstreamer_custom-gpu-h264-independent-processes,qualification-v2-gstreamer_custom-gpu-h264-independent-processes:4:95,4,95,vehicle_type,1027,93,1120,0.9169642857142857142857142857,
qualification-v2-gstreamer_custom-gpu-h264-independent-processes,qualification-v2-gstreamer_custom-gpu-h264-independent-processes:4:96,4,96,plate_number,1028,70,1098,0.9362477231329690346083788707,
qualification-v2-gstreamer_custom-gpu-h264-independent-processes,qualification-v2-gstreamer_custom-gpu-h264-independent-processes:4:97,4,97,damage,6032,264,6296,0.9580686149936467598475222363,
qualification-v2-gstreamer_custom-gpu-h264-independent-processes,qualification-v2-gstreamer_custom-gpu-h264-independent-processes:4:98,4,98,vehicle_type,2053,135,2188,0.9382998171846435100548446069,
qualification-v2-gstreamer_custom-gpu-h264-independent-processes,qualification-v2-gstreamer_custom-gpu-h264-independent-processes:4:99,4,99,vehicle_type,1030,103,1133,0.9090909090909090909090909091,
qualification-v2-gstreamer_custom-gpu-h264-independent-processes,qualification-v2-gstreamer_custom-gpu-h264-independent-processes:4:100,4,100,vehicle_type,1026,93,1119,0.9168900804289544235924932976,
qualification-v2-gstreamer_custom-gpu-h264-independent-processes,qualification-v2-gstreamer_custom-gpu-h264-independent-processes:4:101,4,101,foreign_object,6026,289,6315,0.9542359461599366587490102930,
qualification-v2-gstreamer_custom-gpu-h264-independent-processes,qualification-v2-gstreamer_custom-gpu-h264-independent-processes:4:102,4,102,damage,2051,166,2217,0.9251240414975191700496165990,
qualification-v2-gstreamer_custom-gpu-h264-independent-processes,qualification-v2-gstreamer_custom-gpu-h264-independent-processes:4:103,4,103,damage,1028,115,1143,0.8993875765529308836395450569,
qualification-v2-gstreamer_custom-gpu-h264-independent-processes,qualification-v2-gstreamer_custom-gpu-h264-independent-processes:4:104,4,104,foreign_object,1026,88,1114,0.9210053859964093357271095153,
qualification-v2-gstreamer_custom-gpu-h264-independent-processes,qualification-v2-gstreamer_custom-gpu-h264-independent-processes:4:105,4,105,foreign_object,6026,187,6213,0.9699018187671012393368742958,
qualification-v2-gstreamer_custom-gpu-h264-independent-processes,qualification-v2-gstreamer_custom-gpu-h264-independent-processes:4:106,4,106,foreign_object,2047,144,2191,0.9342765860337745321770880876,
qualification-v2-gstreamer_custom-gpu-h264-independent-processes,qualification-v2-gstreamer_custom-gpu-h264-independent-processes:4:107,4,107,damage,1032,84,1116,0.9247311827956989247311827957,
qualification-v2-gstreamer_custom-gpu-h264-independent-processes,qualification-v2-gstreamer_custom-gpu-h264-independent-processes:4:108,4,108,foreign_object,1023,88,1111,0.9207920792079207920792079208,
qualification-v2-gstreamer_custom-gpu-h264-independent-processes,qualification-v2-gstreamer_custom-gpu-h264-independent-processes:4:109,4,109,foreign_object,6031,266,6297,0.9577576623789105923455613784,
qualification-v2-gstreamer_custom-gpu-h264-independent-processes,qualification-v2-gstreamer_custom-gpu-h264-independent-processes:4:110,4,110,foreign_object,2050,143,2193,0.9347925216598267213862289102,
qualification-v2-gstreamer_custom-gpu-h264-independent-processes,qualification-v2-gstreamer_custom-gpu-h264-independent-processes:4:111,4,111,damage,1032,93,1125,0.9173333333333333333333333333,
qualification-v2-gstreamer_custom-gpu-h264-independent-processes,qualification-v2-gstreamer_custom-gpu-h264-independent-processes:4:112,4,112,damage,1030,123,1153,0.8933217692974848222029488291,
qualification-v2-gstreamer_custom-gpu-h264-independent-processes,qualification-v2-gstreamer_custom-gpu-h264-independent-processes:4:113,4,113,foreign_object,6039,268,6307,0.9575075313144125574758205169,
qualification-v2-gstreamer_custom-gpu-h264-independent-processes,qualification-v2-gstreamer_custom-gpu-h264-independent-processes:4:114,4,114,plate_number,2056,157,2213,0.9290555806597379123361952101,
qualification-v2-gstreamer_custom-gpu-h264-independent-processes,qualification-v2-gstreamer_custom-gpu-h264-independent-processes:4:115,4,115,plate_number,1030,111,1141,0.9027169149868536371603856266,
qualification-v2-gstreamer_custom-gpu-h264-independent-processes,qualification-v2-gstreamer_custom-gpu-h264-independent-processes:4:116,4,116,damage,1025,84,1109,0.9242560865644724977457168620,
qualification-v2-gstreamer_custom-gpu-h264-independent-processes,qualification-v2-gstreamer_custom-gpu-h264-independent-processes:4:117,4,117,damage,6032,85,6117,0.9861042994932156285760993951,
qualification-v2-gstreamer_custom-gpu-h264-independent-processes,qualification-v2-gstreamer_custom-gpu-h264-independent-processes:4:118,4,118,foreign_object,2059,132,2191,0.9397535371976266544956640803,
qualification-v2-gstreamer_custom-gpu-h264-independent-processes,qualification-v2-gstreamer_custom-gpu-h264-independent-processes:4:119,4,119,plate_number,1027,98,1125,0.9128888888888888888888888889,
qualification-v2-gstreamer_custom-gpu-h264-independent-processes,qualification-v2-gstreamer_custom-gpu-h264-independent-processes:4:120,4,120,foreign_object,1023,78,1101,0.9291553133514986376021798365,
qualification-v2-gstreamer_custom-gpu-h264-independent-processes,qualification-v2-gstreamer_custom-gpu-h264-independent-processes:4:121,4,121,foreign_object,6032,255,6287,0.9594401145220295848576427549,
qualification-v2-gstreamer_custom-gpu-h264-independent-processes,qualification-v2-gstreamer_custom-gpu-h264-independent-processes:4:122,4,122,foreign_object,2041,122,2163,0.9435968562182154415164123902,
qualification-v2-gstreamer_custom-gpu-h264-independent-processes,qualification-v2-gstreamer_custom-gpu-h264-independent-processes:4:123,4,123,damage,1021,80,1101,0.9273387829246139872842870118,
qualification-v2-gstreamer_custom-gpu-h264-independent-processes,qualification-v2-gstreamer_custom-gpu-h264-independent-processes:4:124,4,124,vehicle_type,1030,89,1119,0.9204647006255585344057193923,
qualification-v2-gstreamer_custom-gpu-h264-independent-processes,qualification-v2-gstreamer_custom-gpu-h264-independent-processes:4:125,4,125,foreign_object,6043,258,6301,0.9590541183939057292493255039,
qualification-v2-gstreamer_custom-gpu-h264-independent-processes,qualification-v2-gstreamer_custom-gpu-h264-independent-processes:4:126,4,126,foreign_object,2058,167,2225,0.9249438202247191011235955056,
qualification-v2-gstreamer_custom-gpu-h264-independent-processes,qualification-v2-gstreamer_custom-gpu-h264-independent-processes:4:127,4,127,foreign_object,1030,125,1155,0.8917748917748917748917748918,
qualification-v2-gstreamer_custom-gpu-h264-independent-processes,qualification-v2-gstreamer_custom-gpu-h264-independent-processes:4:128,4,128,foreign_object,1028,84,1112,0.9244604316546762589928057554,
qualification-v2-gstreamer_custom-gpu-h264-independent-processes,qualification-v2-gstreamer_custom-gpu-h264-independent-processes:4:129,4,129,damage,6024,209,6233,0.9664687951227338360340125140,
qualification-v2-gstreamer_custom-gpu-h264-independent-processes,qualification-v2-gstreamer_custom-gpu-h264-independent-processes:4:130,4,130,vehicle_type,2053,138,2191,0.9370150616157005933363760840,
qualification-v2-gstreamer_custom-gpu-h264-independent-processes,qualification-v2-gstreamer_custom-gpu-h264-independent-processes:4:131,4,131,vehicle_type,1031,97,1128,0.9140070921985815602836879433,
qualification-v2-gstreamer_custom-gpu-h264-independent-processes,qualification-v2-gstreamer_custom-gpu-h264-independent-processes:4:132,4,132,vehicle_type,1020,57,1077,0.9470752089136490250696378830,
qualification-v2-gstreamer_custom-gpu-h264-independent-processes,qualification-v2-gstreamer_custom-gpu-h264-independent-processes:4:133,4,133,vehicle_type,6033,251,6284,0.9600572883513685550604710376,
qualification-v2-gstreamer_custom-gpu-h264-independent-processes,qualification-v2-gstreamer_custom-gpu-h264-independent-processes:4:134,4,134,damage,2045,156,2201,0.9291231258518855065879145843,
qualification-v2-gstreamer_custom-gpu-h264-independent-processes,qualification-v2-gstreamer_custom-gpu-h264-independent-processes:4:135,4,135,damage,1022,116,1138,0.8980667838312829525483304042,
qualification-v2-gstreamer_custom-gpu-h264-independent-processes,qualification-v2-gstreamer_custom-gpu-h264-independent-processes:4:136,4,136,vehicle_type,1025,86,1111,0.9225922592259225922592259226,
qualification-v2-gstreamer_custom-gpu-h264-independent-processes,qualification-v2-gstreamer_custom-gpu-h264-independent-processes:4:137,4,137,foreign_object,6033,250,6283,0.9602100907209931561356040108,
qualification-v2-gstreamer_custom-gpu-h264-independent-processes,qualification-v2-gstreamer_custom-gpu-h264-independent-processes:4:138,4,138,damage,2055,166,2221,0.9252588923908149482215218370,
qualification-v2-gstreamer_custom-gpu-h264-independent-processes,qualification-v2-gstreamer_custom-gpu-h264-independent-processes:4:139,4,139,damage,1031,128,1159,0.8895599654874892148403796376,
qualification-v2-gstreamer_custom-gpu-h264-independent-processes,qualification-v2-gstreamer_custom-gpu-h264-independent-processes:4:140,4,140,damage,1027,84,1111,0.9243924392439243924392439244,
qualification-v2-gstreamer_custom-gpu-h264-independent-processes,qualification-v2-gstreamer_custom-gpu-h264-independent-processes:4:141,4,141,foreign_object,6026,178,6204,0.9713088330109606705351386202,
qualification-v2-gstreamer_custom-gpu-h264-independent-processes,qualification-v2-gstreamer_custom-gpu-h264-independent-processes:4:142,4,142,vehicle_type,2051,141,2192,0.9356751824817518248175182482,
qualification-v2-gstreamer_custom-gpu-h264-independent-processes,qualification-v2-gstreamer_custom-gpu-h264-independent-processes:4:143,4,143,vehicle_type,1027,101,1128,0.9104609929078014184397163121,
qualification-v2-gstreamer_custom-gpu-h264-independent-processes,qualification-v2-gstreamer_custom-gpu-h264-independent-processes:4:144,4,144,plate_number,1029,65,1094,0.9405850091407678244972577697,
qualification-v2-gstreamer_custom-gpu-h264-independent-processes,qualification-v2-gstreamer_custom-gpu-h264-independent-processes:4:145,4,145,foreign_object,6034,249,6283,0.9603692503581091835110615948,
qualification-v2-gstreamer_custom-gpu-h264-independent-processes,qualification-v2-gstreamer_custom-gpu-h264-independent-processes:4:146,4,146,foreign_object,2049,149,2198,0.9322111010009099181073703367,
qualification-v2-gstreamer_custom-gpu-h264-independent-processes,qualification-v2-gstreamer_custom-gpu-h264-independent-processes:4:147,4,147,foreign_object,1027,108,1135,0.9048458149779735682819383260,
qualification-v2-gstreamer_custom-gpu-h264-independent-processes,qualification-v2-gstreamer_custom-gpu-h264-independent-processes:4:148,4,148,plate_number,1022,75,1097,0.9316317228805834092980856882,
qualification-v2-gstreamer_custom-gpu-h264-independent-processes,qualification-v2-gstreamer_custom-gpu-h264-independent-processes:4:149,4,149,foreign_object,6040,261,6301,0.9585780034915092842405967307,
qualification-v2-gstreamer_custom-gpu-h264-independent-processes,qualification-v2-gstreamer_custom-gpu-h264-independent-processes:4:150,4,150,foreign_object,2063,157,2220,0.9292792792792792792792792793,
qualification-v2-gstreamer_custom-gpu-h264-independent-processes,qualification-v2-gstreamer_custom-gpu-h264-independent-processes:4:151,4,151,foreign_object,1039,115,1154,0.9003466204506065857885615251,
qualification-v2-gstreamer_custom-gpu-h264-independent-processes,qualification-v2-gstreamer_custom-gpu-h264-independent-processes:4:152,4,152,damage,1030,82,1112,0.9262589928057553956834532374,
qualification-v2-gstreamer_custom-gpu-h264-independent-processes,qualification-v2-gstreamer_custom-gpu-h264-independent-processes:4:153,4,153,foreign_object,6031,203,6234,0.9674366377927494385627205646,
qualification-v2-gstreamer_custom-gpu-h264-independent-processes,qualification-v2-gstreamer_custom-gpu-h264-independent-processes:4:154,4,154,damage,2044,164,2208,0.9257246376811594202898550725,
qualification-v2-gstreamer_custom-gpu-h264-independent-processes,qualification-v2-gstreamer_custom-gpu-h264-independent-processes:4:155,4,155,damage,1023,131,1154,0.8864818024263431542461005199,
qualification-v2-gstreamer_custom-gpu-h264-independent-processes,qualification-v2-gstreamer_custom-gpu-h264-independent-processes:4:156,4,156,foreign_object,1024,78,1102,0.9292196007259528130671506352,
qualification-v2-gstreamer_custom-gpu-h264-independent-processes,qualification-v2-gstreamer_custom-gpu-h264-independent-processes:4:157,4,157,vehicle_type,6032,242,6274,0.9614281160344277972585272553,
qualification-v2-gstreamer_custom-gpu-h264-independent-processes,qualification-v2-gstreamer_custom-gpu-h264-independent-processes:4:158,4,158,foreign_object,2045,142,2187,0.9350708733424782807498856882,
qualification-v2-gstreamer_custom-gpu-h264-independent-processes,qualification-v2-gstreamer_custom-gpu-h264-independent-processes:4:159,4,159,foreign_object,1026,102,1128,0.9095744680851063829787234043,
qualification-v2-gstreamer_custom-gpu-h264-independent-processes,qualification-v2-gstreamer_custom-gpu-h264-independent-processes:4:160,4,160,damage,1036,90,1126,0.9200710479573712255772646536,
qualification-v2-gstreamer_custom-gpu-h264-independent-processes,qualification-v2-gstreamer_custom-gpu-h264-independent-processes:4:161,4,161,foreign_object,6040,250,6290,0.9602543720190779014308426073,
qualification-v2-gstreamer_custom-gpu-h264-independent-processes,qualification-v2-gstreamer_custom-gpu-h264-independent-processes:4:162,4,162,vehicle_type,2050,157,2207,0.9288627095604893520616221115,
qualification-v2-gstreamer_custom-gpu-h264-independent-processes,qualification-v2-gstreamer_custom-gpu-h264-independent-processes:4:163,4,163,vehicle_type,1028,119,1147,0.8962510897994768962510897995,
qualification-v2-gstreamer_custom-gpu-h264-independent-processes,qualification-v2-gstreamer_custom-gpu-h264-independent-processes:4:164,4,164,foreign_object,1023,85,1108,0.9232851985559566787003610108,
qualification-v2-gstreamer_custom-gpu-h264-independent-processes,qualification-v2-gstreamer_custom-gpu-h264-independent-processes:4:165,4,165,foreign_object,6026,216,6242,0.9653957065043255366869593079,
qualification-v2-gstreamer_custom-gpu-h264-independent-processes,qualification-v2-gstreamer_custom-gpu-h264-independent-processes:4:166,4,166,plate_number,2057,139,2196,0.9367030965391621129326047359,
qualification-v2-gstreamer_custom-gpu-h264-independent-processes,qualification-v2-gstreamer_custom-gpu-h264-independent-processes:4:167,4,167,plate_number,1031,98,1129,0.9131975199291408325952170062,
qualification-v2-gstreamer_custom-gpu-h264-independent-processes,qualification-v2-gstreamer_custom-gpu-h264-independent-processes:4:168,4,168,damage,1026,78,1104,0.9293478260869565217391304348,
qualification-v2-gstreamer_custom-gpu-h264-independent-processes,qualification-v2-gstreamer_custom-gpu-h264-independent-processes:4:169,4,169,foreign_object,6037,243,6280,0.9613057324840764331210191083,
qualification-v2-gstreamer_custom-gpu-h264-independent-processes,qualification-v2-gstreamer_custom-gpu-h264-independent-processes:4:170,4,170,foreign_object,2056,145,2201,0.9341208541572012721490231713,
qualification-v2-gstreamer_custom-gpu-h264-independent-processes,qualification-v2-gstreamer_custom-gpu-h264-independent-processes:4:171,4,171,foreign_object,1026,120,1146,0.8952879581151832460732984293,
qualification-v2-gstreamer_custom-gpu-h264-independent-processes,qualification-v2-gstreamer_custom-gpu-h264-independent-processes:4:172,4,172,foreign_object,1032,71,1103,0.9356300997280145058930190390,
qualification-v2-gstreamer_custom-gpu-h264-independent-processes,qualification-v2-gstreamer_custom-gpu-h264-independent-processes:4:173,4,173,foreign_object,6041,258,6299,0.9590411176377202730592157485,
qualification-v2-gstreamer_custom-gpu-h264-independent-processes,qualification-v2-gstreamer_custom-gpu-h264-independent-processes:4:174,4,174,foreign_object,2047,174,2221,0.9216569113012156686177397569,
qualification-v2-gstreamer_custom-gpu-h264-independent-processes,qualification-v2-gstreamer_custom-gpu-h264-independent-processes:4:175,4,175,foreign_object,1027,125,1152,0.8914930555555555555555555556,
qualification-v2-gstreamer_custom-gpu-h264-independent-processes,qualification-v2-gstreamer_custom-gpu-h264-independent-processes:4:176,4,176,plate_number,1031,70,1101,0.9364214350590372388737511353,
qualification-v2-gstreamer_custom-gpu-h264-independent-processes,qualification-v2-gstreamer_custom-gpu-h264-independent-processes:4:177,4,177,foreign_object,6024,206,6230,0.9669341894060995184590690209,
qualification-v2-gstreamer_custom-gpu-h264-independent-processes,qualification-v2-gstreamer_custom-gpu-h264-independent-processes:4:178,4,178,plate_number,2052,141,2193,0.9357045143638850889192886457,
qualification-v2-gstreamer_custom-gpu-h264-independent-processes,qualification-v2-gstreamer_custom-gpu-h264-independent-processes:4:179,4,179,plate_number,1024,111,1135,0.9022026431718061674008810573,
qualification-v2-gstreamer_custom-gpu-h264-independent-processes,qualification-v2-gstreamer_custom-gpu-h264-independent-processes:4:180,4,180,foreign_object,1026,97,1123,0.9136242208370436331255565450,
qualification-v2-gstreamer_custom-gpu-h264-independent-processes,qualification-v2-gstreamer_custom-gpu-h264-independent-processes:4:181,4,181,foreign_object,6034,246,6280,0.9608280254777070063694267516,
qualification-v2-gstreamer_custom-gpu-h264-independent-processes,qualification-v2-gstreamer_custom-gpu-h264-independent-processes:4:182,4,182,foreign_object,2056,144,2200,0.9345454545454545454545454545,
qualification-v2-gstreamer_custom-gpu-h264-independent-processes,qualification-v2-gstreamer_custom-gpu-h264-independent-processes:4:183,4,183,foreign_object,1039,115,1154,0.9003466204506065857885615251,
qualification-v2-gstreamer_custom-gpu-h264-independent-processes,qualification-v2-gstreamer_custom-gpu-h264-independent-processes:4:184,4,184,plate_number,1027,92,1119,0.9177837354781054512957998213,
qualification-v2-gstreamer_custom-gpu-h264-independent-processes,qualification-v2-gstreamer_custom-gpu-h264-independent-processes:4:185,4,185,plate_number,6037,222,6259,0.9645310752516376417958140278,
qualification-v2-gstreamer_custom-gpu-h264-independent-processes,qualification-v2-gstreamer_custom-gpu-h264-independent-processes:4:186,4,186,foreign_object,2051,174,2225,0.9217977528089887640449438202,
qualification-v2-gstreamer_custom-gpu-h264-independent-processes,qualification-v2-gstreamer_custom-gpu-h264-independent-processes:4:187,4,187,foreign_object,1036,115,1151,0.9000868809730668983492615117,
qualification-v2-gstreamer_custom-gpu-h264-independent-processes,qualification-v2-gstreamer_custom-gpu-h264-independent-processes:4:188,4,188,foreign_object,1027,100,1127,0.9112688553682342502218278616,
qualification-v2-gstreamer_custom-gpu-h264-independent-processes,qualification-v2-gstreamer_custom-gpu-h264-independent-processes:4:189,4,189,foreign_object,6026,208,6234,0.9666345845364132178376644209,
qualification-v2-gstreamer_custom-gpu-h264-independent-processes,qualification-v2-gstreamer_custom-gpu-h264-independent-processes:4:190,4,190,damage,2057,145,2202,0.9341507720254314259763851045,
qualification-v2-gstreamer_custom-gpu-h264-independent-processes,qualification-v2-gstreamer_custom-gpu-h264-independent-processes:4:191,4,191,damage,1035,96,1131,0.9151193633952254641909814324,
qualification-v2-gstreamer_custom-gpu-h264-independent-processes,qualification-v2-gstreamer_custom-gpu-h264-independent-processes:4:192,4,192,vehicle_type,1025,76,1101,0.9309718437783832879200726612,
qualification-v2-gstreamer_custom-gpu-h264-independent-processes,qualification-v2-gstreamer_custom-gpu-h264-independent-processes:4:193,4,193,damage,6036,238,6274,0.9620656678355116353203697800,
qualification-v2-gstreamer_custom-gpu-h264-independent-processes,qualification-v2-gstreamer_custom-gpu-h264-independent-processes:4:194,4,194,vehicle_type,2057,122,2179,0.9440110142267094997705369436,
qualification-v2-gstreamer_custom-gpu-h264-independent-processes,qualification-v2-gstreamer_custom-gpu-h264-independent-processes:4:195,4,195,plate_number,1033,92,1125,0.9182222222222222222222222222,
qualification-v2-gstreamer_custom-gpu-h264-independent-processes,qualification-v2-gstreamer_custom-gpu-h264-independent-processes:4:196,4,196,vehicle_type,1033,89,1122,0.9206773618538324420677361854,
qualification-v2-gstreamer_custom-gpu-h264-independent-processes,qualification-v2-gstreamer_custom-gpu-h264-independent-processes:4:197,4,197,foreign_object,6041,250,6291,0.9602606898744237800031791448,
qualification-v2-gstreamer_custom-gpu-h264-independent-processes,qualification-v2-gstreamer_custom-gpu-h264-independent-processes:4:198,4,198,foreign_object,2050,167,2217,0.9246729815065403698691926026,
qualification-v2-gstreamer_custom-gpu-h264-independent-processes,qualification-v2-gstreamer_custom-gpu-h264-independent-processes:4:199,4,199,foreign_object,1030,99,1129,0.9123117803365810451727192205,
qualification-v2-gstreamer_custom-gpu-h264-independent-processes,qualification-v2-gstreamer_custom-gpu-h264-independent-processes:4:200,4,200,vehicle_type,1025,72,1097,0.9343664539653600729261622607,
qualification-v2-gstreamer_custom-gpu-h264-independent-processes,qualification-v2-gstreamer_custom-gpu-h264-independent-processes:4:201,4,201,foreign_object,6029,203,6232,0.9674261874197689345314505777,
qualification-v2-gstreamer_custom-gpu-h264-independent-processes,qualification-v2-gstreamer_custom-gpu-h264-independent-processes:4:202,4,202,foreign_object,2058,147,2205,0.9333333333333333333333333333,
qualification-v2-gstreamer_custom-gpu-h264-independent-processes,qualification-v2-gstreamer_custom-gpu-h264-independent-processes:4:203,4,203,foreign_object,1035,113,1148,0.9015679442508710801393728223,
qualification-v2-gstreamer_custom-gpu-h264-independent-processes,qualification-v2-gstreamer_custom-gpu-h264-independent-processes:4:204,4,204,vehicle_type,1021,74,1095,0.9324200913242009132420091324,
qualification-v2-gstreamer_custom-gpu-h264-independent-processes,qualification-v2-gstreamer_custom-gpu-h264-independent-processes:4:205,4,205,foreign_object,6038,262,6300,0.9584126984126984126984126984,
qualification-v2-gstreamer_custom-gpu-h264-independent-processes,qualification-v2-gstreamer_custom-gpu-h264-independent-processes:4:206,4,206,vehicle_type,2052,137,2189,0.9374143444495203289173138419,
qualification-v2-gstreamer_custom-gpu-h264-independent-processes,qualification-v2-gstreamer_custom-gpu-h264-independent-processes:4:207,4,207,vehicle_type,1029,102,1131,0.9098143236074270557029177719,
qualification-v2-gstreamer_custom-gpu-h264-independent-processes,qualification-v2-gstreamer_custom-gpu-h264-independent-processes:4:208,4,208,foreign_object,1028,90,1118,0.9194991055456171735241502683,
qualification-v2-gstreamer_custom-gpu-h264-independent-processes,qualification-v2-gstreamer_custom-gpu-h264-independent-processes:5:30,5,30,foreign_object,2012,155,2167,0.9284725426857406552838024919,
qualification-v2-gstreamer_custom-gpu-h264-independent-processes,qualification-v2-gstreamer_custom-gpu-h264-independent-processes:5:31,5,31,foreign_object,4008,170,4178,0.9593106749640976543800861656,
qualification-v2-gstreamer_custom-gpu-h264-independent-processes,qualification-v2-gstreamer_custom-gpu-h264-independent-processes:5:32,5,32,foreign_object,1013,41,1054,0.9611005692599620493358633776,
qualification-v2-gstreamer_custom-gpu-h264-independent-processes,qualification-v2-gstreamer_custom-gpu-h264-independent-processes:5:33,5,33,foreign_object,2013,324,2337,0.8613607188703465982028241335,
qualification-v2-gstreamer_custom-gpu-h264-independent-processes,qualification-v2-gstreamer_custom-gpu-h264-independent-processes:5:34,5,34,foreign_object,4005,34,4039,0.9915820747709829165635058183,
qualification-v2-gstreamer_custom-gpu-h264-independent-processes,qualification-v2-gstreamer_custom-gpu-h264-independent-processes:5:35,5,35,vehicle_type,1010,69,1079,0.9360518999073215940685820204,
qualification-v2-gstreamer_custom-gpu-h264-independent-processes,qualification-v2-gstreamer_custom-gpu-h264-independent-processes:5:36,5,36,foreign_object,2007,63,2070,0.9695652173913043478260869565,
qualification-v2-gstreamer_custom-gpu-h264-independent-processes,qualification-v2-gstreamer_custom-gpu-h264-independent-processes:5:37,5,37,foreign_object,4007,51,4058,0.9874322326269098077870872351,
qualification-v2-gstreamer_custom-gpu-h264-independent-processes,qualification-v2-gstreamer_custom-gpu-h264-independent-processes:5:38,5,38,damage,1010,80,1090,0.9266055045871559633027522936,
qualification-v2-gstreamer_custom-gpu-h264-independent-processes,qualification-v2-gstreamer_custom-gpu-h264-independent-processes:5:39,5,39,foreign_object,2011,119,2130,0.9441314553990610328638497653,
qualification-v2-gstreamer_custom-gpu-h264-independent-processes,qualification-v2-gstreamer_custom-gpu-h264-independent-processes:5:40,5,40,vehicle_type,4011,80,4091,0.9804448790026888291371302860,
qualification-v2-gstreamer_custom-gpu-h264-independent-processes,qualification-v2-gstreamer_custom-gpu-h264-independent-processes:5:41,5,41,foreign_object,1005,32,1037,0.9691417550626808100289296046,
qualification-v2-gstreamer_custom-gpu-h264-independent-processes,qualification-v2-gstreamer_custom-gpu-h264-independent-processes:5:42,5,42,vehicle_type,2011,157,2168,0.9275830258302583025830258303,
qualification-v2-gstreamer_custom-gpu-h264-independent-processes,qualification-v2-gstreamer_custom-gpu-h264-independent-processes:5:43,5,43,foreign_object,4005,169,4174,0.9595112601820795400095831337,
qualification-v2-gstreamer_custom-gpu-h264-independent-processes,qualification-v2-gstreamer_custom-gpu-h264-independent-processes:5:44,5,44,damage,1009,61,1070,0.9429906542056074766355140187,
qualification-v2-gstreamer_custom-gpu-h264-independent-processes,qualification-v2-gstreamer_custom-gpu-h264-independent-processes:5:45,5,45,foreign_object,2012,322,2334,0.8620394173093401885175664096,
qualification-v2-gstreamer_custom-gpu-h264-independent-processes,qualification-v2-gstreamer_custom-gpu-h264-independent-processes:5:46,5,46,foreign_object,4005,33,4038,0.9918276374442793462109955423,
qualification-v2-gstreamer_custom-gpu-h264-independent-processes,qualification-v2-gstreamer_custom-gpu-h264-independent-processes:5:47,5,47,damage,1010,65,1075,0.9395348837209302325581395349,
qualification-v2-gstreamer_custom-gpu-h264-independent-processes,qualification-v2-gstreamer_custom-gpu-h264-independent-processes:5:48,5,48,foreign_object,2008,66,2074,0.9681774349083895853423336548,
qualification-v2-gstreamer_custom-gpu-h264-independent-processes,qualification-v2-gstreamer_custom-gpu-h264-independent-processes:5:49,5,49,foreign_object,4007,52,4059,0.9871889627987188962798718896,
qualification-v2-gstreamer_custom-gpu-h264-independent-processes,qualification-v2-gstreamer_custom-gpu-h264-independent-processes:5:50,5,50,foreign_object,1009,88,1097,0.9197812215132178669097538742,
qualification-v2-gstreamer_custom-gpu-h264-independent-processes,qualification-v2-gstreamer_custom-gpu-h264-independent-processes:5:51,5,51,foreign_object,2012,116,2128,0.9454887218045112781954887218,
qualification-v2-gstreamer_custom-gpu-h264-independent-processes,qualification-v2-gstreamer_custom-gpu-h264-independent-processes:5:52,5,52,foreign_object,2006,54,2060,0.9737864077669902912621359223,
qualification-v2-gstreamer_custom-gpu-h264-independent-processes,qualification-v2-gstreamer_custom-gpu-h264-independent-processes:5:53,5,53,foreign_object,1004,31,1035,0.9700483091787439613526570048,
qualification-v2-gstreamer_custom-gpu-h264-independent-processes,qualification-v2-gstreamer_custom-gpu-h264-independent-processes:5:54,5,54,foreign_object,1019,263,1282,0.7948517940717628705148205928,
qualification-v2-gstreamer_custom-gpu-h264-independent-processes,qualification-v2-gstreamer_custom-gpu-h264-independent-processes:5:55,5,55,vehicle_type,4010,260,4270,0.9391100702576112412177985948,
qualification-v2-gstreamer_custom-gpu-h264-independent-processes,qualification-v2-gstreamer_custom-gpu-h264-independent-processes:5:56,5,56,damage,39,105,144,0.2708333333333333333333333333,
qualification-v2-gstreamer_custom-gpu-h264-independent-processes,qualification-v2-gstreamer_custom-gpu-h264-independent-processes:5:57,5,57,foreign_object,2015,317,2332,0.8640651801029159519725557461,
qualification-v2-gstreamer_custom-gpu-h264-independent-processes,qualification-v2-gstreamer_custom-gpu-h264-independent-processes:5:58,5,58,foreign_object,4004,30,4034,0.9925632126921170054536440258,
qualification-v2-gstreamer_custom-gpu-h264-independent-processes,qualification-v2-gstreamer_custom-gpu-h264-independent-processes:5:59,5,59,damage,1011,74,1085,0.9317972350230414746543778802,
qualification-v2-gstreamer_custom-gpu-h264-independent-processes,qualification-v2-gstreamer_custom-gpu-h264-independent-processes:5:60,5,60,foreign_object,2008,54,2062,0.9738118331716779825412221145,
qualification-v2-gstreamer_custom-gpu-h264-independent-processes,qualification-v2-gstreamer_custom-gpu-h264-independent-processes:5:61,5,61,damage,4010,43,4053,0.9893905748828028620774734764,
qualification-v2-gstreamer_custom-gpu-h264-independent-processes,qualification-v2-gstreamer_custom-gpu-h264-independent-processes:5:62,5,62,foreign_object,1007,77,1084,0.9289667896678966789667896679,
qualification-v2-gstreamer_custom-gpu-h264-independent-processes,qualification-v2-gstreamer_custom-gpu-h264-independent-processes:5:63,5,63,damage,2013,114,2127,0.9464033850493653032440056417,
qualification-v2-gstreamer_custom-gpu-h264-independent-processes,qualification-v2-gstreamer_custom-gpu-h264-independent-processes:5:64,5,64,damage,4007,78,4085,0.9809057527539779681762545900,
qualification-v2-gstreamer_custom-gpu-h264-independent-processes,qualification-v2-gstreamer_custom-gpu-h264-independent-processes:5:65,5,65,foreign_object,1006,32,1038,0.9691714836223506743737957611,
qualification-v2-gstreamer_custom-gpu-h264-independent-processes,qualification-v2-gstreamer_custom-gpu-h264-independent-processes:5:66,5,66,foreign_object,2013,155,2168,0.9285055350553505535055350554,
qualification-v2-gstreamer_custom-gpu-h264-independent-processes,qualification-v2-gstreamer_custom-gpu-h264-independent-processes:5:67,5,67,damage,4010,260,4270,0.9391100702576112412177985948,
qualification-v2-gstreamer_custom-gpu-h264-independent-processes,qualification-v2-gstreamer_custom-gpu-h264-independent-processes:5:68,5,68,foreign_object,1010,44,1054,0.9582542694497153700189753321,
qualification-v2-gstreamer_custom-gpu-h264-independent-processes,qualification-v2-gstreamer_custom-gpu-h264-independent-processes:5:70,5,70,vehicle_type,4005,35,4040,0.9913366336633663366336633663,
qualification-v2-gstreamer_custom-gpu-h264-independent-processes,qualification-v2-gstreamer_custom-gpu-h264-independent-processes:5:71,5,71,foreign_object,1011,73,1084,0.9326568265682656826568265683,
qualification-v2-gstreamer_custom-gpu-h264-independent-processes,qualification-v2-gstreamer_custom-gpu-h264-independent-processes:5:72,5,72,foreign_object,2008,70,2078,0.9663137632338787295476419634,
qualification-v2-gstreamer_custom-gpu-h264-independent-processes,qualification-v2-gstreamer_custom-gpu-h264-independent-processes:5:73,5,73,damage,4012,44,4056,0.9891518737672583826429980276,
qualification-v2-gstreamer_custom-gpu-h264-independent-processes,qualification-v2-gstreamer_custom-gpu-h264-independent-processes:5:74,5,74,foreign_object,1011,76,1087,0.9300827966881324747010119595,
qualification-v2-gstreamer_custom-gpu-h264-independent-processes,qualification-v2-gstreamer_custom-gpu-h264-independent-processes:5:75,5,75,foreign_object,2010,116,2126,0.9454374412041392285983066792,
qualification-v2-gstreamer_custom-gpu-h264-independent-processes,qualification-v2-gstreamer_custom-gpu-h264-independent-processes:5:76,5,76,foreign_object,4008,73,4081,0.9821122273952462631707914727,
qualification-v2-gstreamer_custom-gpu-h264-independent-processes,qualification-v2-gstreamer_custom-gpu-h264-independent-processes:5:77,5,77,foreign_object,1007,31,1038,0.9701348747591522157996146435,
qualification-v2-gstreamer_custom-gpu-h264-independent-processes,qualification-v2-gstreamer_custom-gpu-h264-independent-processes:5:78,5,78,foreign_object,2015,168,2183,0.9230416857535501603298213468,
qualification-v2-gstreamer_custom-gpu-h264-independent-processes,qualification-v2-gstreamer_custom-gpu-h264-independent-processes:5:79,5,79,foreign_object,2011,120,2131,0.9436884091975598310652275927,
qualification-v2-gstreamer_custom-gpu-h264-independent-processes,qualification-v2-gstreamer_custom-gpu-h264-independent-processes:5:80,5,80,foreign_object,1006,51,1057,0.9517502365184484389782403027,
qualification-v2-gstreamer_custom-gpu-h264-independent-processes,qualification-v2-gstreamer_custom-gpu-h264-independent-processes:5:81,5,81,foreign_object,1004,31,1035,0.9700483091787439613526570048,
qualification-v2-gstreamer_custom-gpu-h264-independent-processes,qualification-v2-gstreamer_custom-gpu-h264-independent-processes:5:82,5,82,foreign_object,4005,31,4036,0.9923191278493557978196233895,
qualification-v2-gstreamer_custom-gpu-h264-independent-processes,qualification-v2-gstreamer_custom-gpu-h264-independent-processes:5:83,5,83,foreign_object,13,278,291,0.04467353951890034364261168385,
qualification-v2-gstreamer_custom-gpu-h264-independent-processes,qualification-v2-gstreamer_custom-gpu-h264-independent-processes:5:84,5,84,foreign_object,2007,63,2070,0.9695652173913043478260869565,
qualification-v2-gstreamer_custom-gpu-h264-independent-processes,qualification-v2-gstreamer_custom-gpu-h264-independent-processes:5:85,5,85,damage,4004,54,4058,0.9866929521931986200098570724,
qualification-v2-gstreamer_custom-gpu-h264-independent-processes,qualification-v2-gstreamer_custom-gpu-h264-independent-processes:5:86,5,86,foreign_object,1011,93,1104,0.9157608695652173913043478261,
qualification-v2-gstreamer_custom-gpu-h264-independent-processes,qualification-v2-gstreamer_custom-gpu-h264-independent-processes:5:87,5,87,foreign_object,2009,116,2125,0.9454117647058823529411764706,
qualification-v2-gstreamer_custom-gpu-h264-independent-processes,qualification-v2-gstreamer_custom-gpu-h264-independent-processes:5:88,5,88,foreign_object,4005,72,4077,0.9823399558498896247240618102,
qualification-v2-gstreamer_custom-gpu-h264-independent-processes,qualification-v2-gstreamer_custom-gpu-h264-independent-processes:5:89,5,89,foreign_object,1007,33,1040,0.9682692307692307692307692308,
qualification-v2-gstreamer_custom-gpu-h264-independent-processes,qualification-v2-gstreamer_custom-gpu-h264-independent-processes:5:90,5,90,foreign_object,2010,172,2182,0.9211732355637030247479376719,
qualification-v2-gstreamer_custom-gpu-h264-independent-processes,qualification-v2-gstreamer_custom-gpu-h264-independent-processes:5:91,5,91,foreign_object,4009,269,4278,0.9371201496026180458158017765,
qualification-v2-gstreamer_custom-gpu-h264-independent-processes,qualification-v2-gstreamer_custom-gpu-h264-independent-processes:5:92,5,92,foreign_object,1010,46,1056,0.9564393939393939393939393939,
qualification-v2-gstreamer_custom-gpu-h264-independent-processes,qualification-v2-gstreamer_custom-gpu-h264-independent-processes:5:93,5,93,foreign_object,2013,317,2330,0.8639484978540772532188841202,
qualification-v2-gstreamer_custom-gpu-h264-independent-processes,qualification-v2-gstreamer_custom-gpu-h264-independent-processes:5:94,5,94,foreign_object,4005,28,4033,0.9930572774609471857178279197,
qualification-v2-gstreamer_custom-gpu-h264-independent-processes,qualification-v2-gstreamer_custom-gpu-h264-independent-processes:5:95,5,95,foreign_object,1010,69,1079,0.9360518999073215940685820204,
qualification-v2-gstreamer_custom-gpu-h264-independent-processes,qualification-v2-gstreamer_custom-gpu-h264-independent-processes:5:96,5,96,foreign_object,2007,60,2067,0.9709724238026124818577648766,
qualification-v2-gstreamer_custom-gpu-h264-independent-processes,qualification-v2-gstreamer_custom-gpu-h264-independent-processes:5:97,5,97,damage,4005,49,4054,0.9879131721756290083867784904,
qualification-v2-gstreamer_custom-gpu-h264-independent-processes,qualification-v2-gstreamer_custom-gpu-h264-independent-processes:5:98,5,98,foreign_object,1010,76,1086,0.9300184162062615101289134438,
qualification-v2-gstreamer_custom-gpu-h264-independent-processes,qualification-v2-gstreamer_custom-gpu-h264-independent-processes:5:99,5,99,foreign_object,2010,121,2131,0.9432191459408728296574378226,
qualification-v2-gstreamer_custom-gpu-h264-independent-processes,qualification-v2-gstreamer_custom-gpu-h264-independent-processes:5:100,5,100,foreign_object,4008,75,4083,0.9816311535635562086700955180,
qualification-v2-gstreamer_custom-gpu-h264-independent-processes,qualification-v2-gstreamer_custom-gpu-h264-independent-processes:5:101,5,101,foreign_object,1005,33,1038,0.9682080924855491329479768786,
qualification-v2-gstreamer_custom-gpu-h264-independent-processes,qualification-v2-gstreamer_custom-gpu-h264-independent-processes:5:102,5,102,foreign_object,2011,155,2166,0.9284395198522622345337026777,
qualification-v2-gstreamer_custom-gpu-h264-independent-processes,qualification-v2-gstreamer_custom-gpu-h264-independent-processes:5:103,5,103,foreign_object,4011,254,4265,0.9404454865181711606096131301,
qualification-v2-gstreamer_custom-gpu-h264-independent-processes,qualification-v2-gstreamer_custom-gpu-h264-independent-processes:5:104,5,104,vehicle_type,1010,47,1057,0.9555345316934720908230842006,
qualification-v2-gstreamer_custom-gpu-h264-independent-processes,qualification-v2-gstreamer_custom-gpu-h264-independent-processes:5:105,5,105,foreign_object,2017,308,2325,0.8675268817204301075268817204,
qualification-v2-gstreamer_custom-gpu-h264-independent-processes,qualification-v2-gstreamer_custom-gpu-h264-independent-processes:5:106,5,106,foreign_object,2014,147,2161,0.9319759370661730680240629338,
qualification-v2-gstreamer_custom-gpu-h264-independent-processes,qualification-v2-gstreamer_custom-gpu-h264-independent-processes:5:107,5,107,damage,1009,74,1083,0.9316712834718374884579870729,
qualification-v2-gstreamer_custom-gpu-h264-independent-processes,qualification-v2-gstreamer_custom-gpu-h264-independent-processes:5:108,5,108,foreign_object,1007,45,1052,0.9572243346007604562737642586,
qualification-v2-gstreamer_custom-gpu-h264-independent-processes,qualification-v2-gstreamer_custom-gpu-h264-independent-processes:5:109,5,109,foreign_object,4008,77,4085,0.9811505507955936352509179927,
qualification-v2-gstreamer_custom-gpu-h264-independent-processes,qualification-v2-gstreamer_custom-gpu-h264-independent-processes:5:110,5,110,foreign_object,34,26,60,0.5666666666666666666666666667,
qualification-v2-gstreamer_custom-gpu-h264-independent-processes,qualification-v2-gstreamer_custom-gpu-h264-independent-processes:5:111,5,111,foreign_object,2013,155,2168,0.9285055350553505535055350554,
qualification-v2-gstreamer_custom-gpu-h264-independent-processes,qualification-v2-gstreamer_custom-gpu-h264-independent-processes:5:112,5,112,vehicle_type,4008,68,4076,0.9833169774288518155053974485,
qualification-v2-gstreamer_custom-gpu-h264-independent-processes,qualification-v2-gstreamer_custom-gpu-h264-independent-processes:5:113,5,113,foreign_object,1005,33,1038,0.9682080924855491329479768786,
qualification-v2-gstreamer_custom-gpu-h264-independent-processes,qualification-v2-gstreamer_custom-gpu-h264-independent-processes:5:114,5,114,foreign_object,2015,143,2158,0.9337349397590361445783132530,
qualification-v2-gstreamer_custom-gpu-h264-independent-processes,qualification-v2-gstreamer_custom-gpu-h264-independent-processes:5:115,5,115,vehicle_type,4017,251,4268,0.9411902530459231490159325211,
qualification-v2-gstreamer_custom-gpu-h264-independent-processes,qualification-v2-gstreamer_custom-gpu-h264-independent-processes:5:116,5,116,damage,1010,48,1058,0.9546313799621928166351606805,
qualification-v2-gstreamer_custom-gpu-h264-independent-processes,qualification-v2-gstreamer_custom-gpu-h264-independent-processes:5:117,5,117,foreign_object,2021,300,2321,0.8707453683757001292546316243,
qualification-v2-gstreamer_custom-gpu-h264-independent-processes,qualification-v2-gstreamer_custom-gpu-h264-independent-processes:5:118,5,118,foreign_object,4005,31,4036,0.9923191278493557978196233895,
qualification-v2-gstreamer_custom-gpu-h264-independent-processes,qualification-v2-gstreamer_custom-gpu-h264-independent-processes:5:119,5,119,damage,1010,66,1076,0.9386617100371747211895910781,
qualification-v2-gstreamer_custom-gpu-h264-independent-processes,qualification-v2-gstreamer_custom-gpu-h264-independent-processes:5:120,5,120,foreign_object,2006,67,2073,0.9676796912686927158707187651,
qualification-v2-gstreamer_custom-gpu-h264-independent-processes,qualification-v2-gstreamer_custom-gpu-h264-independent-processes:5:121,5,121,damage,4009,47,4056,0.9884122287968441814595660750,
qualification-v2-gstreamer_custom-gpu-h264-independent-processes,qualification-v2-gstreamer_custom-gpu-h264-independent-processes:5:122,5,122,foreign_object,1011,47,1058,0.9555765595463137996219281664,
qualification-v2-gstreamer_custom-gpu-h264-independent-processes,qualification-v2-gstreamer_custom-gpu-h264-independent-processes:5:123,5,123,foreign_object,2014,113,2127,0.9468735307945463093559003291,
qualification-v2-gstreamer_custom-gpu-h264-independent-processes,qualification-v2-gstreamer_custom-gpu-h264-independent-processes:5:124,5,124,foreign_object,4005,72,4077,0.9823399558498896247240618102,
qualification-v2-gstreamer_custom-gpu-h264-independent-processes,qualification-v2-gstreamer_custom-gpu-h264-independent-processes:5:125,5,125,foreign_object,1006,31,1037,0.9701060752169720347155255545,
qualification-v2-gstreamer_custom-gpu-h264-independent-processes,qualification-v2-gstreamer_custom-gpu-h264-independent-processes:5:126,5,126,foreign_object,2011,155,2166,0.9284395198522622345337026777,
qualification-v2-gstreamer_custom-gpu-h264-independent-processes,qualification-v2-gstreamer_custom-gpu-h264-independent-processes:5:127,5,127,vehicle_type,4017,240,4257,0.9436222692036645525017618041,
qualification-v2-gstreamer_custom-gpu-h264-independent-processes,qualification-v2-gstreamer_custom-gpu-h264-independent-processes:5:128,5,128,damage,1011,44,1055,0.9582938388625592417061611374,
qualification-v2-gstreamer_custom-gpu-h264-independent-processes,qualification-v2-gstreamer_custom-gpu-h264-independent-processes:5:129,5,129,foreign_object,2018,300,2318,0.8705780845556514236410698878,
qualification-v2-gstreamer_custom-gpu-h264-independent-processes,qualification-v2-gstreamer_custom-gpu-h264-independent-processes:5:130,5,130,foreign_object,4004,27,4031,0.9933019101959811461175886877,
qualification-v2-gstreamer_custom-gpu-h264-independent-processes,qualification-v2-gstreamer_custom-gpu-h264-independent-processes:5:131,5,131,vehicle_type,1010,63,1073,0.9412861136999068033550792171,
qualification-v2-gstreamer_custom-gpu-h264-independent-processes,qualification-v2-gstreamer_custom-gpu-h264-independent-processes:5:132,5,132,foreign_object,2007,57,2064,0.9723837209302325581395348837,
qualification-v2-gstreamer_custom-gpu-h264-independent-processes,qualification-v2-gstreamer_custom-gpu-h264-independent-processes:5:134,5,134,foreign_object,1007,84,1091,0.9230064161319890009165902841,
qualification-v2-gstreamer_custom-gpu-h264-independent-processes,qualification-v2-gstreamer_custom-gpu-h264-independent-processes:5:135,5,135,foreign_object,1009,72,1081,0.9333950046253469010175763182,
qualification-v2-gstreamer_custom-gpu-h264-independent-processes,qualification-v2-gstreamer_custom-gpu-h264-independent-processes:5:136,5,136,vehicle_type,4009,70,4079,0.9828389311105663152733513116,
qualification-v2-gstreamer_custom-gpu-h264-independent-processes,qualification-v2-gstreamer_custom-gpu-h264-independent-processes:5:137,5,137,damage,27,71,98,0.2755102040816326530612244898,
qualification-v2-gstreamer_custom-gpu-h264-independent-processes,qualification-v2-gstreamer_custom-gpu-h264-independent-processes:5:138,5,138,foreign_object,2013,158,2171,0.9272224781206817134960847536,
qualification-v2-gstreamer_custom-gpu-h264-independent-processes,qualification-v2-gstreamer_custom-gpu-h264-independent-processes:5:139,5,139,damage,4020,230,4250,0.9458823529411764705882352941,
qualification-v2-gstreamer_custom-gpu-h264-independent-processes,qualification-v2-gstreamer_custom-gpu-h264-independent-processes:5:140,5,140,foreign_object,1008,52,1060,0.9509433962264150943396226415,
qualification-v2-gstreamer_custom-gpu-h264-independent-processes,qualification-v2-gstreamer_custom-gpu-h264-independent-processes:5:141,5,141,foreign_object,2020,289,2309,0.8748375920311823300129926375,
qualification-v2-gstreamer_custom-gpu-h264-independent-processes,qualification-v2-gstreamer_custom-gpu-h264-independent-processes:5:142,5,142,foreign_object,4005,31,4036,0.9923191278493557978196233895,
qualification-v2-gstreamer_custom-gpu-h264-independent-processes,qualification-v2-gstreamer_custom-gpu-h264-independent-processes:5:143,5,143,damage,1009,67,1076,0.9377323420074349442379182156,
qualification-v2-gstreamer_custom-gpu-h264-independent-processes,qualification-v2-gstreamer_custom-gpu-h264-independent-processes:5:144,5,144,foreign_object,2008,66,2074,0.9681774349083895853423336548,
qualification-v2-gstreamer_custom-gpu-h264-independent-processes,qualification-v2-gstreamer_custom-gpu-h264-independent-processes:5:145,5,145,foreign_object,4009,45,4054,0.9888998519980266403552047361,
qualification-v2-gstreamer_custom-gpu-h264-independent-processes,qualification-v2-gstreamer_custom-gpu-h264-independent-processes:5:146,5,146,foreign_object,1010,84,1094,0.9232175502742230347349177331,
qualification-v2-gstreamer_custom-gpu-h264-independent-processes,qualification-v2-gstreamer_custom-gpu-h264-independent-processes:5:147,5,147,foreign_object,2014,118,2132,0.9446529080675422138836772983,
qualification-v2-gstreamer_custom-gpu-h264-independent-processes,qualification-v2-gstreamer_custom-gpu-h264-independent-processes:5:148,5,148,foreign_object,4008,71,4079,0.9825937729835744054915420446,
qualification-v2-gstreamer_custom-gpu-h264-independent-processes,qualification-v2-gstreamer_custom-gpu-h264-independent-processes:5:149,5,149,foreign_object,1004,35,1039,0.9663137632338787295476419634,
qualification-v2-gstreamer_custom-gpu-h264-independent-processes,qualification-v2-gstreamer_custom-gpu-h264-independent-processes:5:150,5,150,foreign_object,2013,158,2171,0.9272224781206817134960847536,
qualification-v2-gstreamer_custom-gpu-h264-independent-processes,qualification-v2-gstreamer_custom-gpu-h264-independent-processes:5:151,5,151,foreign_object,4019,233,4252,0.9452022577610536218250235183,
qualification-v2-gstreamer_custom-gpu-h264-independent-processes,qualification-v2-gstreamer_custom-gpu-h264-independent-processes:5:152,5,152,plate_number,1010,46,1056,0.9564393939393939393939393939,
qualification-v2-gstreamer_custom-gpu-h264-independent-processes,qualification-v2-gstreamer_custom-gpu-h264-independent-processes:5:153,5,153,foreign_object,2025,287,2312,0.8758650519031141868512110727,
qualification-v2-gstreamer_custom-gpu-h264-independent-processes,qualification-v2-gstreamer_custom-gpu-h264-independent-processes:5:154,5,154,foreign_object,4005,36,4041,0.9910913140311804008908685969,
qualification-v2-gstreamer_custom-gpu-h264-independent-processes,qualification-v2-gstreamer_custom-gpu-h264-independent-processes:5:155,5,155,foreign_object,1009,67,1076,0.9377323420074349442379182156,
qualification-v2-gstreamer_custom-gpu-h264-independent-processes,qualification-v2-gstreamer_custom-gpu-h264-independent-processes:5:156,5,156,foreign_object,2008,63,2071,0.9695799130854659584741670690,
qualification-v2-gstreamer_custom-gpu-h264-independent-processes,qualification-v2-gstreamer_custom-gpu-h264-independent-processes:5:157,5,157,vehicle_type,4005,63,4068,0.9845132743362831858407079646,
qualification-v2-gstreamer_custom-gpu-h264-independent-processes,qualification-v2-gstreamer_custom-gpu-h264-independent-processes:5:158,5,158,foreign_object,1009,80,1089,0.9265381083562901744719926538,
qualification-v2-gstreamer_custom-gpu-h264-independent-processes,qualification-v2-gstreamer_custom-gpu-h264-independent-processes:5:159,5,159,foreign_object,2012,125,2137,0.9415067852129153018249883014,
qualification-v2-gstreamer_custom-gpu-h264-independent-processes,qualification-v2-gstreamer_custom-gpu-h264-independent-processes:5:160,5,160,foreign_object,2010,56,2066,0.9728944820909970958373668925,
qualification-v2-gstreamer_custom-gpu-h264-independent-processes,qualification-v2-gstreamer_custom-gpu-h264-independent-processes:5:161,5,161,foreign_object,1007,35,1042,0.9664107485604606525911708253,
qualification-v2-gstreamer_custom-gpu-h264-independent-processes,qualification-v2-gstreamer_custom-gpu-h264-independent-processes:5:162,5,162,damage,1018,225,1243,0.8189863234111021721641190668,
qualification-v2-gstreamer_custom-gpu-h264-independent-processes,qualification-v2-gstreamer_custom-gpu-h264-independent-processes:5:163,5,163,foreign_object,4018,230,4248,0.9458568738229755178907721281,
qualification-v2-gstreamer_custom-gpu-h264-independent-processes,qualification-v2-gstreamer_custom-gpu-h264-independent-processes:5:164,5,164,foreign_object,11,66,77,0.1428571428571428571428571429,
qualification-v2-gstreamer_custom-gpu-h264-independent-processes,qualification-v2-gstreamer_custom-gpu-h264-independent-processes:5:166,5,166,foreign_object,4005,45,4050,0.9888888888888888888888888889,
qualification-v2-gstreamer_custom-gpu-h264-independent-processes,qualification-v2-gstreamer_custom-gpu-h264-independent-processes:5:167,5,167,vehicle_type,1011,67,1078,0.9378478664192949907235621521,
qualification-v2-gstreamer_custom-gpu-h264-independent-processes,qualification-v2-gstreamer_custom-gpu-h264-independent-processes:5:168,5,168,foreign_object,2007,70,2077,0.9662975445353875782378430429,
qualification-v2-gstreamer_custom-gpu-h264-independent-processes,qualification-v2-gstreamer_custom-gpu-h264-independent-processes:5:169,5,169,vehicle_type,4010,46,4056,0.9886587771203155818540433925,
qualification-v2-gstreamer_custom-gpu-h264-independent-processes,qualification-v2-gstreamer_custom-gpu-h264-independent-processes:5:170,5,170,foreign_object,1010,98,1108,0.9115523465703971119133574007,
qualification-v2-gstreamer_custom-gpu-h264-independent-processes,qualification-v2-gstreamer_custom-gpu-h264-independent-processes:5:172,5,172,vehicle_type,4009,72,4081,0.9823572653761333006616025484,
qualification-v2-gstreamer_custom-gpu-h264-independent-processes,qualification-v2-gstreamer_custom-gpu-h264-independent-processes:5:173,5,173,foreign_object,1006,39,1045,0.9626794258373205741626794258,
qualification-v2-gstreamer_custom-gpu-h264-independent-processes,qualification-v2-gstreamer_custom-gpu-h264-independent-processes:5:174,5,174,foreign_object,2014,145,2159,0.9328392774432607688744789254,
qualification-v2-gstreamer_custom-gpu-h264-independent-processes,qualification-v2-gstreamer_custom-gpu-h264-independent-processes:5:175,5,175,damage,4019,225,4244,0.9469839773798303487276154571,
qualification-v2-gstreamer_custom-gpu-h264-independent-processes,qualification-v2-gstreamer_custom-gpu-h264-independent-processes:5:176,5,176,damage,1011,46,1057,0.9564806054872280037842951750,
qualification-v2-gstreamer_custom-gpu-h264-independent-processes,qualification-v2-gstreamer_custom-gpu-h264-independent-processes:5:177,5,177,foreign_object,2022,279,2301,0.8787483702737940026075619296,
qualification-v2-gstreamer_custom-gpu-h264-independent-processes,qualification-v2-gstreamer_custom-gpu-h264-independent-processes:5:178,5,178,foreign_object,4005,45,4050,0.9888888888888888888888888889,
qualification-v2-gstreamer_custom-gpu-h264-independent-processes,qualification-v2-gstreamer_custom-gpu-h264-independent-processes:5:179,5,179,foreign_object,1010,77,1087,0.9291628334866605335786568537,
qualification-v2-gstreamer_custom-gpu-h264-independent-processes,qualification-v2-gstreamer_custom-gpu-h264-independent-processes:5:180,5,180,foreign_object,2006,76,2082,0.9634966378482228626320845341,
qualification-v2-gstreamer_custom-gpu-h264-independent-processes,qualification-v2-gstreamer_custom-gpu-h264-independent-processes:5:181,5,181,foreign_object,4010,44,4054,0.9891465219536260483473112975,
qualification-v2-gstreamer_custom-gpu-h264-independent-processes,qualification-v2-gstreamer_custom-gpu-h264-independent-processes:5:182,5,182,foreign_object,1011,67,1078,0.9378478664192949907235621521,
qualification-v2-gstreamer_custom-gpu-h264-independent-processes,qualification-v2-gstreamer_custom-gpu-h264-independent-processes:5:183,5,183,foreign_object,2014,118,2132,0.9446529080675422138836772983,
qualification-v2-gstreamer_custom-gpu-h264-independent-processes,qualification-v2-gstreamer_custom-gpu-h264-independent-processes:5:184,5,184,vehicle_type,4011,79,4090,0.9806845965770171149144254279,
qualification-v2-gstreamer_custom-gpu-h264-independent-processes,qualification-v2-gstreamer_custom-gpu-h264-independent-processes:5:185,5,185,foreign_object,1006,41,1047,0.9608404966571155682903533906,
qualification-v2-gstreamer_custom-gpu-h264-independent-processes,qualification-v2-gstreamer_custom-gpu-h264-independent-processes:5:186,5,186,foreign_object,2014,147,2161,0.9319759370661730680240629338,
qualification-v2-gstreamer_custom-gpu-h264-independent-processes,qualification-v2-gstreamer_custom-gpu-h264-independent-processes:5:187,5,187,foreign_object,2015,122,2137,0.9429106223678053345811885821,
qualification-v2-gstreamer_custom-gpu-h264-independent-processes,qualification-v2-gstreamer_custom-gpu-h264-independent-processes:5:188,5,188,foreign_object,1011,43,1054,0.9592030360531309297912713472,
qualification-v2-gstreamer_custom-gpu-h264-independent-processes,qualification-v2-gstreamer_custom-gpu-h264-independent-processes:5:189,5,189,foreign_object,1003,37,1040,0.9644230769230769230769230769,
qualification-v2-gstreamer_custom-gpu-h264-independent-processes,qualification-v2-gstreamer_custom-gpu-h264-independent-processes:5:190,5,190,foreign_object,4005,42,4047,0.9896219421793921423276501112,
qualification-v2-gstreamer_custom-gpu-h264-independent-processes,qualification-v2-gstreamer_custom-gpu-h264-independent-processes:5:191,5,191,foreign_object,44,243,287,0.1533101045296167247386759582,
qualification-v2-gstreamer_custom-gpu-h264-independent-processes,qualification-v2-gstreamer_custom-gpu-h264-independent-processes:5:192,5,192,foreign_object,2008,67,2075,0.9677108433734939759036144578,
qualification-v2-gstreamer_custom-gpu-h264-independent-processes,qualification-v2-gstreamer_custom-gpu-h264-independent-processes:5:193,5,193,damage,4009,47,4056,0.9884122287968441814595660750,
qualification-v2-gstreamer_custom-gpu-h264-independent-processes,qualification-v2-gstreamer_custom-gpu-h264-independent-processes:5:194,5,194,foreign_object,1009,89,1098,0.9189435336976320582877959927,
qualification-v2-gstreamer_custom-gpu-h264-independent-processes,qualification-v2-gstreamer_custom-gpu-h264-independent-processes:5:196,5,196,foreign_object,4006,74,4080,0.9818627450980392156862745098,
qualification-v2-gstreamer_custom-gpu-h264-independent-processes,qualification-v2-gstreamer_custom-gpu-h264-independent-processes:5:197,5,197,foreign_object,1005,40,1045,0.9617224880382775119617224880,
qualification-v2-gstreamer_custom-gpu-h264-independent-processes,qualification-v2-gstreamer_custom-gpu-h264-independent-processes:5:198,5,198,foreign_object,2011,149,2160,0.9310185185185185185185185185,
qualification-v2-gstreamer_custom-gpu-h264-independent-processes,qualification-v2-gstreamer_custom-gpu-h264-independent-processes:5:199,5,199,foreign_object,4021,223,4244,0.9474552309142318567389255419,
qualification-v2-gstreamer_custom-gpu-h264-independent-processes,qualification-v2-gstreamer_custom-gpu-h264-independent-processes:5:200,5,200,plate_number,1010,45,1055,0.9573459715639810426540284360,
qualification-v2-gstreamer_custom-gpu-h264-independent-processes,qualification-v2-gstreamer_custom-gpu-h264-independent-processes:5:201,5,201,foreign_object,2022,274,2296,0.8806620209059233449477351916,
qualification-v2-gstreamer_custom-gpu-h264-independent-processes,qualification-v2-gstreamer_custom-gpu-h264-independent-processes:5:202,5,202,foreign_object,4004,42,4046,0.9896193771626297577854671280,
qualification-v2-gstreamer_custom-gpu-h264-independent-processes,qualification-v2-gstreamer_custom-gpu-h264-independent-processes:5:203,5,203,foreign_object,1009,71,1080,0.9342592592592592592592592593,
qualification-v2-gstreamer_custom-gpu-h264-independent-processes,qualification-v2-gstreamer_custom-gpu-h264-independent-processes:5:204,5,204,foreign_object,2006,70,2076,0.9662813102119460500963391137,
qualification-v2-gstreamer_custom-gpu-h264-independent-processes,qualification-v2-gstreamer_custom-gpu-h264-independent-processes:5:205,5,205,foreign_object,4009,47,4056,0.9884122287968441814595660750,
qualification-v2-gstreamer_custom-gpu-h264-independent-processes,qualification-v2-gstreamer_custom-gpu-h264-independent-processes:5:206,5,206,foreign_object,1008,84,1092,0.9230769230769230769230769231,
qualification-v2-gstreamer_custom-gpu-h264-independent-processes,qualification-v2-gstreamer_custom-gpu-h264-independent-processes:5:207,5,207,foreign_object,2014,116,2130,0.9455399061032863849765258216,
qualification-v2-gstreamer_custom-gpu-h264-independent-processes,qualification-v2-gstreamer_custom-gpu-h264-independent-processes:5:208,5,208,vehicle_type,3014,219,3233,0.9322610578410145375811939375,
qualification-v2-gstreamer_custom-gpu-h264-independent-processes,qualification-v2-gstreamer_custom-gpu-h264-independent-processes:5:209,5,209,foreign_object,1005,38,1043,0.9635666347075743048897411314,
