run_id,trace_id,stream_id,frame_id,critical_branch,decoder_prefix_ms,postdecode_residual_ms,e2e_latency_ms,decoder_share,decoder_share_reason
qualification-v2-gstreamer_custom-gpu-h264-shared-video-dag,qualification-v2-gstreamer_custom-gpu-h264-shared-video-dag:0:30,0,30,foreign_object,2034,440,2474,0.8221503637833468067906224737,
qualification-v2-gstreamer_custom-gpu-h264-shared-video-dag,qualification-v2-gstreamer_custom-gpu-h264-shared-video-dag:0:31,0,31,foreign_object,1016,380,1396,0.7277936962750716332378223496,
qualification-v2-gstreamer_custom-gpu-h264-shared-video-dag,qualification-v2-gstreamer_custom-gpu-h264-shared-video-dag:0:32,0,32,foreign_object,1013,98,1111,0.9117911791179117911791179118,
qualification-v2-gstreamer_custom-gpu-h264-shared-video-dag,qualification-v2-gstreamer_custom-gpu-h264-shared-video-dag:0:33,0,33,foreign_object,6016,376,6392,0.9411764705882352941176470588,
qualification-v2-gstreamer_custom-gpu-h264-shared-video-dag,qualification-v2-gstreamer_custom-gpu-h264-shared-video-dag:0:34,0,34,vehicle_type,2026,156,2182,0.9285059578368469294225481210,
qualification-v2-gstreamer_custom-gpu-h264-shared-video-dag,qualification-v2-gstreamer_custom-gpu-h264-shared-video-dag:0:35,0,35,vehicle_type,1014,90,1104,0.9184782608695652173913043478,
qualification-v2-gstreamer_custom-gpu-h264-shared-video-dag,qualification-v2-gstreamer_custom-gpu-h264-shared-video-dag:0:36,0,36,vehicle_type,1012,95,1107,0.9141824751580849141824751581,
qualification-v2-gstreamer_custom-gpu-h264-shared-video-dag,qualification-v2-gstreamer_custom-gpu-h264-shared-video-dag:0:37,0,37,plate_number,6013,159,6172,0.9742384964355152300712896954,
qualification-v2-gstreamer_custom-gpu-h264-shared-video-dag,qualification-v2-gstreamer_custom-gpu-h264-shared-video-dag:0:38,0,38,damage,2030,155,2185,0.9290617848970251716247139588,
qualification-v2-gstreamer_custom-gpu-h264-shared-video-dag,qualification-v2-gstreamer_custom-gpu-h264-shared-video-dag:0:39,0,39,damage,1017,88,1105,0.9203619909502262443438914027,
qualification-v2-gstreamer_custom-gpu-h264-shared-video-dag,qualification-v2-gstreamer_custom-gpu-h264-shared-video-dag:0:40,0,40,foreign_object,1013,96,1109,0.9134355275022542831379621280,
qualification-v2-gstreamer_custom-gpu-h264-shared-video-dag,qualification-v2-gstreamer_custom-gpu-h264-shared-video-dag:0:41,0,41,foreign_object,6014,205,6219,0.9670365010451841132014793375,
qualification-v2-gstreamer_custom-gpu-h264-shared-video-dag,qualification-v2-gstreamer_custom-gpu-h264-shared-video-dag:0:42,0,42,damage,2028,457,2485,0.8160965794768611670020120724,
qualification-v2-gstreamer_custom-gpu-h264-shared-video-dag,qualification-v2-gstreamer_custom-gpu-h264-shared-video-dag:0:43,0,43,damage,1015,391,1406,0.7219061166429587482219061166,
qualification-v2-gstreamer_custom-gpu-h264-shared-video-dag,qualification-v2-gstreamer_custom-gpu-h264-shared-video-dag:0:44,0,44,foreign_object,1013,89,1102,0.9192377495462794918330308530,
qualification-v2-gstreamer_custom-gpu-h264-shared-video-dag,qualification-v2-gstreamer_custom-gpu-h264-shared-video-dag:0:45,0,45,vehicle_type,6015,379,6394,0.9407256803253049734125742884,
qualification-v2-gstreamer_custom-gpu-h264-shared-video-dag,qualification-v2-gstreamer_custom-gpu-h264-shared-video-dag:0:46,0,46,vehicle_type,2028,157,2185,0.9281464530892448512585812357,
qualification-v2-gstreamer_custom-gpu-h264-shared-video-dag,qualification-v2-gstreamer_custom-gpu-h264-shared-video-dag:0:47,0,47,vehicle_type,1013,100,1113,0.9101527403414195867026055705,
qualification-v2-gstreamer_custom-gpu-h264-shared-video-dag,qualification-v2-gstreamer_custom-gpu-h264-shared-video-dag:0:48,0,48,damage,1012,119,1131,0.8947833775419982316534040672,
qualification-v2-gstreamer_custom-gpu-h264-shared-video-dag,qualification-v2-gstreamer_custom-gpu-h264-shared-video-dag:0:49,0,49,vehicle_type,6013,181,6194,0.9707781724249273490474652890,
qualification-v2-gstreamer_custom-gpu-h264-shared-video-dag,qualification-v2-gstreamer_custom-gpu-h264-shared-video-dag:0:50,0,50,vehicle_type,2027,154,2181,0.9293901879871618523613021550,
qualification-v2-gstreamer_custom-gpu-h264-shared-video-dag,qualification-v2-gstreamer_custom-gpu-h264-shared-video-dag:0:51,0,51,vehicle_type,1013,88,1101,0.9200726612170753860127157130,
qualification-v2-gstreamer_custom-gpu-h264-shared-video-dag,qualification-v2-gstreamer_custom-gpu-h264-shared-video-dag:0:52,0,52,foreign_object,1012,104,1116,0.9068100358422939068100358423,
qualification-v2-gstreamer_custom-gpu-h264-shared-video-dag,qualification-v2-gstreamer_custom-gpu-h264-shared-video-dag:0:53,0,53,vehicle_type,6015,369,6384,0.9421992481203007518796992481,
qualification-v2-gstreamer_custom-gpu-h264-shared-video-dag,qualification-v2-gstreamer_custom-gpu-h264-shared-video-dag:0:54,0,54,plate_number,2028,236,2264,0.8957597173144876325088339223,
qualification-v2-gstreamer_custom-gpu-h264-shared-video-dag,qualification-v2-gstreamer_custom-gpu-h264-shared-video-dag:0:55,0,55,plate_number,1012,136,1148,0.8815331010452961672473867596,
qualification-v2-gstreamer_custom-gpu-h264-shared-video-dag,qualification-v2-gstreamer_custom-gpu-h264-shared-video-dag:0:56,0,56,plate_number,1013,95,1108,0.9142599277978339350180505415,
qualification-v2-gstreamer_custom-gpu-h264-shared-video-dag,qualification-v2-gstreamer_custom-gpu-h264-shared-video-dag:0:57,0,57,foreign_object,6015,347,6362,0.9454574033322854448286702295,
qualification-v2-gstreamer_custom-gpu-h264-shared-video-dag,qualification-v2-gstreamer_custom-gpu-h264-shared-video-dag:0:58,0,58,vehicle_type,2029,169,2198,0.9231119199272065514103730664,
qualification-v2-gstreamer_custom-gpu-h264-shared-video-dag,qualification-v2-gstreamer_custom-gpu-h264-shared-video-dag:0:59,0,59,vehicle_type,1014,103,1117,0.9077887197851387645478961504,
qualification-v2-gstreamer_custom-gpu-h264-shared-video-dag,qualification-v2-gstreamer_custom-gpu-h264-shared-video-dag:0:60,0,60,foreign_object,1012,98,1110,0.9117117117117117117117117117,
qualification-v2-gstreamer_custom-gpu-h264-shared-video-dag,qualification-v2-gstreamer_custom-gpu-h264-shared-video-dag:0:61,0,61,vehicle_type,6014,174,6188,0.9718810601163542340012928248,
qualification-v2-gstreamer_custom-gpu-h264-shared-video-dag,qualification-v2-gstreamer_custom-gpu-h264-shared-video-dag:0:62,0,62,foreign_object,2027,146,2173,0.9328117809479981592268752876,
qualification-v2-gstreamer_custom-gpu-h264-shared-video-dag,qualification-v2-gstreamer_custom-gpu-h264-shared-video-dag:0:63,0,63,foreign_object,1012,86,1098,0.9216757741347905282331511840,
qualification-v2-gstreamer_custom-gpu-h264-shared-video-dag,qualification-v2-gstreamer_custom-gpu-h264-shared-video-dag:0:64,0,64,foreign_object,1012,101,1113,0.9092542677448337825696316262,
qualification-v2-gstreamer_custom-gpu-h264-shared-video-dag,qualification-v2-gstreamer_custom-gpu-h264-shared-video-dag:0:65,0,65,foreign_object,6016,247,6263,0.9605620309755708127095641067,
qualification-v2-gstreamer_custom-gpu-h264-shared-video-dag,qualification-v2-gstreamer_custom-gpu-h264-shared-video-dag:0:66,0,66,vehicle_type,2036,433,2469,0.8246253543944916970433373836,
qualification-v2-gstreamer_custom-gpu-h264-shared-video-dag,qualification-v2-gstreamer_custom-gpu-h264-shared-video-dag:0:67,0,67,vehicle_type,1024,368,1392,0.7356321839080459770114942529,
qualification-v2-gstreamer_custom-gpu-h264-shared-video-dag,qualification-v2-gstreamer_custom-gpu-h264-shared-video-dag:0:68,0,68,foreign_object,1014,92,1106,0.9168173598553345388788426763,
qualification-v2-gstreamer_custom-gpu-h264-shared-video-dag,qualification-v2-gstreamer_custom-gpu-h264-shared-video-dag:0:69,0,69,foreign_object,6014,377,6391,0.9410107964324831794711312784,
qualification-v2-gstreamer_custom-gpu-h264-shared-video-dag,qualification-v2-gstreamer_custom-gpu-h264-shared-video-dag:0:70,0,70,damage,2027,167,2194,0.9238833181403828623518687329,
qualification-v2-gstreamer_custom-gpu-h264-shared-video-dag,qualification-v2-gstreamer_custom-gpu-h264-shared-video-dag:0:71,0,71,damage,1013,101,1114,0.9093357271095152603231597846,
qualification-v2-gstreamer_custom-gpu-h264-shared-video-dag,qualification-v2-gstreamer_custom-gpu-h264-shared-video-dag:0:72,0,72,vehicle_type,1013,98,1111,0.9117911791179117911791179118,
qualification-v2-gstreamer_custom-gpu-h264-shared-video-dag,qualification-v2-gstreamer_custom-gpu-h264-shared-video-dag:0:73,0,73,vehicle_type,6012,213,6225,0.9657831325301204819277108434,
qualification-v2-gstreamer_custom-gpu-h264-shared-video-dag,qualification-v2-gstreamer_custom-gpu-h264-shared-video-dag:0:74,0,74,plate_number,2027,151,2178,0.9306703397612488521579430670,
qualification-v2-gstreamer_custom-gpu-h264-shared-video-dag,qualification-v2-gstreamer_custom-gpu-h264-shared-video-dag:0:75,0,75,plate_number,1013,91,1104,0.9175724637681159420289855072,
qualification-v2-gstreamer_custom-gpu-h264-shared-video-dag,qualification-v2-gstreamer_custom-gpu-h264-shared-video-dag:0:76,0,76,foreign_object,1013,98,1111,0.9117911791179117911791179118,
qualification-v2-gstreamer_custom-gpu-h264-shared-video-dag,qualification-v2-gstreamer_custom-gpu-h264-shared-video-dag:0:77,0,77,damage,6011,179,6190,0.9710823909531502423263327948,
qualification-v2-gstreamer_custom-gpu-h264-shared-video-dag,qualification-v2-gstreamer_custom-gpu-h264-shared-video-dag:0:78,0,78,foreign_object,2037,433,2470,0.8246963562753036437246963563,
qualification-v2-gstreamer_custom-gpu-h264-shared-video-dag,qualification-v2-gstreamer_custom-gpu-h264-shared-video-dag:0:79,0,79,foreign_object,1016,371,1387,0.7325162220620043258832011536,
qualification-v2-gstreamer_custom-gpu-h264-shared-video-dag,qualification-v2-gstreamer_custom-gpu-h264-shared-video-dag:0:80,0,80,vehicle_type,1012,93,1105,0.9158371040723981900452488688,
qualification-v2-gstreamer_custom-gpu-h264-shared-video-dag,qualification-v2-gstreamer_custom-gpu-h264-shared-video-dag:0:81,0,81,vehicle_type,6014,365,6379,0.9427810001567643831321523750,
qualification-v2-gstreamer_custom-gpu-h264-shared-video-dag,qualification-v2-gstreamer_custom-gpu-h264-shared-video-dag:0:82,0,82,damage,2028,166,2194,0.9243391066545123062898814950,
qualification-v2-gstreamer_custom-gpu-h264-shared-video-dag,qualification-v2-gstreamer_custom-gpu-h264-shared-video-dag:0:83,0,83,damage,1014,97,1111,0.9126912691269126912691269127,
qualification-v2-gstreamer_custom-gpu-h264-shared-video-dag,qualification-v2-gstreamer_custom-gpu-h264-shared-video-dag:0:84,0,84,vehicle_type,1012,98,1110,0.9117117117117117117117117117,
qualification-v2-gstreamer_custom-gpu-h264-shared-video-dag,qualification-v2-gstreamer_custom-gpu-h264-shared-video-dag:0:85,0,85,damage,6013,202,6215,0.9674979887369267900241351569,
qualification-v2-gstreamer_custom-gpu-h264-shared-video-dag,qualification-v2-gstreamer_custom-gpu-h264-shared-video-dag:0:86,0,86,foreign_object,2024,161,2185,0.9263157894736842105263157895,
qualification-v2-gstreamer_custom-gpu-h264-shared-video-dag,qualification-v2-gstreamer_custom-gpu-h264-shared-video-dag:0:87,0,87,foreign_object,1012,96,1108,0.9133574007220216606498194946,
qualification-v2-gstreamer_custom-gpu-h264-shared-video-dag,qualification-v2-gstreamer_custom-gpu-h264-shared-video-dag:0:88,0,88,damage,1014,93,1107,0.9159891598915989159891598916,
qualification-v2-gstreamer_custom-gpu-h264-shared-video-dag,qualification-v2-gstreamer_custom-gpu-h264-shared-video-dag:0:89,0,89,plate_number,6012,203,6215,0.9673370876910699919549477072,
qualification-v2-gstreamer_custom-gpu-h264-shared-video-dag,qualification-v2-gstreamer_custom-gpu-h264-shared-video-dag:0:90,0,90,plate_number,2028,426,2454,0.8264058679706601466992665037,
qualification-v2-gstreamer_custom-gpu-h264-shared-video-dag,qualification-v2-gstreamer_custom-gpu-h264-shared-video-dag:0:91,0,91,plate_number,1015,365,1380,0.7355072463768115942028985507,
qualification-v2-gstreamer_custom-gpu-h264-shared-video-dag,qualification-v2-gstreamer_custom-gpu-h264-shared-video-dag:0:92,0,92,foreign_object,1012,104,1116,0.9068100358422939068100358423,
qualification-v2-gstreamer_custom-gpu-h264-shared-video-dag,qualification-v2-gstreamer_custom-gpu-h264-shared-video-dag:0:93,0,93,damage,6014,366,6380,0.9426332288401253918495297806,
qualification-v2-gstreamer_custom-gpu-h264-shared-video-dag,qualification-v2-gstreamer_custom-gpu-h264-shared-video-dag:0:94,0,94,damage,2034,167,2201,0.9241253975465697410268059973,
qualification-v2-gstreamer_custom-gpu-h264-shared-video-dag,qualification-v2-gstreamer_custom-gpu-h264-shared-video-dag:0:95,0,95,damage,1019,110,1129,0.9025686448184233835252435784,
qualification-v2-gstreamer_custom-gpu-h264-shared-video-dag,qualification-v2-gstreamer_custom-gpu-h264-shared-video-dag:0:96,0,96,vehicle_type,1014,86,1100,0.9218181818181818181818181818,
qualification-v2-gstreamer_custom-gpu-h264-shared-video-dag,qualification-v2-gstreamer_custom-gpu-h264-shared-video-dag:0:97,0,97,vehicle_type,6013,212,6225,0.9659437751004016064257028112,
qualification-v2-gstreamer_custom-gpu-h264-shared-video-dag,qualification-v2-gstreamer_custom-gpu-h264-shared-video-dag:0:98,0,98,damage,2025,139,2164,0.9357670979667282809611829945,
qualification-v2-gstreamer_custom-gpu-h264-shared-video-dag,qualification-v2-gstreamer_custom-gpu-h264-shared-video-dag:0:99,0,99,damage,1012,84,1096,0.9233576642335766423357664234,
qualification-v2-gstreamer_custom-gpu-h264-shared-video-dag,qualification-v2-gstreamer_custom-gpu-h264-shared-video-dag:0:100,0,100,damage,1013,107,1120,0.9044642857142857142857142857,
qualification-v2-gstreamer_custom-gpu-h264-shared-video-dag,qualification-v2-gstreamer_custom-gpu-h264-shared-video-dag:0:101,0,101,damage,6013,358,6371,0.9438078794537749175953539476,
qualification-v2-gstreamer_custom-gpu-h264-shared-video-dag,qualification-v2-gstreamer_custom-gpu-h264-shared-video-dag:0:102,0,102,plate_number,2028,213,2241,0.9049531459170013386880856760,
qualification-v2-gstreamer_custom-gpu-h264-shared-video-dag,qualification-v2-gstreamer_custom-gpu-h264-shared-video-dag:0:103,0,103,plate_number,1012,113,1125,0.8995555555555555555555555556,
qualification-v2-gstreamer_custom-gpu-h264-shared-video-dag,qualification-v2-gstreamer_custom-gpu-h264-shared-video-dag:0:104,0,104,plate_number,1012,94,1106,0.9150090415913200723327305606,
qualification-v2-gstreamer_custom-gpu-h264-shared-video-dag,qualification-v2-gstreamer_custom-gpu-h264-shared-video-dag:0:105,0,105,plate_number,6014,337,6351,0.9469374901590300740040938435,
qualification-v2-gstreamer_custom-gpu-h264-shared-video-dag,qualification-v2-gstreamer_custom-gpu-h264-shared-video-dag:0:106,0,106,foreign_object,2030,173,2203,0.9214707217430776214253290967,
qualification-v2-gstreamer_custom-gpu-h264-shared-video-dag,qualification-v2-gstreamer_custom-gpu-h264-shared-video-dag:0:107,0,107,foreign_object,1013,106,1119,0.9052725647899910634495084897,
qualification-v2-gstreamer_custom-gpu-h264-shared-video-dag,qualification-v2-gstreamer_custom-gpu-h264-shared-video-dag:0:108,0,108,foreign_object,1013,104,1117,0.9068934646374216651745747538,
qualification-v2-gstreamer_custom-gpu-h264-shared-video-dag,qualification-v2-gstreamer_custom-gpu-h264-shared-video-dag:0:109,0,109,vehicle_type,6010,238,6248,0.9619078104993597951344430218,
qualification-v2-gstreamer_custom-gpu-h264-shared-video-dag,qualification-v2-gstreamer_custom-gpu-h264-shared-video-dag:0:110,0,110,damage,2026,162,2188,0.9259597806215722120658135283,
qualification-v2-gstreamer_custom-gpu-h264-shared-video-dag,qualification-v2-gstreamer_custom-gpu-h264-shared-video-dag:0:111,0,111,damage,1012,103,1115,0.9076233183856502242152466368,
qualification-v2-gstreamer_custom-gpu-h264-shared-video-dag,qualification-v2-gstreamer_custom-gpu-h264-shared-video-dag:0:112,0,112,vehicle_type,1012,121,1133,0.8932038834951456310679611650,
qualification-v2-gstreamer_custom-gpu-h264-shared-video-dag,qualification-v2-gstreamer_custom-gpu-h264-shared-video-dag:0:113,0,113,damage,6015,368,6383,0.9423468588438038539871533762,
qualification-v2-gstreamer_custom-gpu-h264-shared-video-dag,qualification-v2-gstreamer_custom-gpu-h264-shared-video-dag:0:114,0,114,plate_number,2026,171,2197,0.9221665908056440600819299044,
qualification-v2-gstreamer_custom-gpu-h264-shared-video-dag,qualification-v2-gstreamer_custom-gpu-h264-shared-video-dag:0:115,0,115,plate_number,1013,96,1109,0.9134355275022542831379621280,
qualification-v2-gstreamer_custom-gpu-h264-shared-video-dag,qualification-v2-gstreamer_custom-gpu-h264-shared-video-dag:0:116,0,116,vehicle_type,1013,100,1113,0.9101527403414195867026055705,
qualification-v2-gstreamer_custom-gpu-h264-shared-video-dag,qualification-v2-gstreamer_custom-gpu-h264-shared-video-dag:0:117,0,117,damage,6013,338,6351,0.9467800346402141395055896709,
qualification-v2-gstreamer_custom-gpu-h264-shared-video-dag,qualification-v2-gstreamer_custom-gpu-h264-shared-video-dag:0:118,0,118,vehicle_type,2025,146,2171,0.9327498848456932289267618609,
qualification-v2-gstreamer_custom-gpu-h264-shared-video-dag,qualification-v2-gstreamer_custom-gpu-h264-shared-video-dag:0:119,0,119,vehicle_type,1012,91,1103,0.9174977334542157751586582049,
qualification-v2-gstreamer_custom-gpu-h264-shared-video-dag,qualification-v2-gstreamer_custom-gpu-h264-shared-video-dag:0:120,0,120,vehicle_type,1014,150,1164,0.8711340206185567010309278351,
qualification-v2-gstreamer_custom-gpu-h264-shared-video-dag,qualification-v2-gstreamer_custom-gpu-h264-shared-video-dag:0:121,0,121,vehicle_type,6013,204,6217,0.9671867460189802155380408557,
qualification-v2-gstreamer_custom-gpu-h264-shared-video-dag,qualification-v2-gstreamer_custom-gpu-h264-shared-video-dag:0:122,0,122,foreign_object,2026,165,2191,0.9246919214970333181195801004,
qualification-v2-gstreamer_custom-gpu-h264-shared-video-dag,qualification-v2-gstreamer_custom-gpu-h264-shared-video-dag:0:123,0,123,foreign_object,1012,103,1115,0.9076233183856502242152466368,
qualification-v2-gstreamer_custom-gpu-h264-shared-video-dag,qualification-v2-gstreamer_custom-gpu-h264-shared-video-dag:0:124,0,124,foreign_object,1015,110,1125,0.9022222222222222222222222222,
qualification-v2-gstreamer_custom-gpu-h264-shared-video-dag,qualification-v2-gstreamer_custom-gpu-h264-shared-video-dag:0:125,0,125,foreign_object,6016,350,6366,0.9450204209864907320138234370,
qualification-v2-gstreamer_custom-gpu-h264-shared-video-dag,qualification-v2-gstreamer_custom-gpu-h264-shared-video-dag:0:126,0,126,damage,2030,166,2196,0.9244080145719489981785063752,
qualification-v2-gstreamer_custom-gpu-h264-shared-video-dag,qualification-v2-gstreamer_custom-gpu-h264-shared-video-dag:0:127,0,127,damage,1016,99,1115,0.9112107623318385650224215247,
qualification-v2-gstreamer_custom-gpu-h264-shared-video-dag,qualification-v2-gstreamer_custom-gpu-h264-shared-video-dag:0:128,0,128,plate_number,1012,96,1108,0.9133574007220216606498194946,
qualification-v2-gstreamer_custom-gpu-h264-shared-video-dag,qualification-v2-gstreamer_custom-gpu-h264-shared-video-dag:0:129,0,129,plate_number,6014,339,6353,0.9466393829686762159609633244,
qualification-v2-gstreamer_custom-gpu-h264-shared-video-dag,qualification-v2-gstreamer_custom-gpu-h264-shared-video-dag:0:130,0,130,plate_number,2027,160,2187,0.9268404206675811614083219021,
qualification-v2-gstreamer_custom-gpu-h264-shared-video-dag,qualification-v2-gstreamer_custom-gpu-h264-shared-video-dag:0:131,0,131,plate_number,1012,99,1111,0.9108910891089108910891089109,
qualification-v2-gstreamer_custom-gpu-h264-shared-video-dag,qualification-v2-gstreamer_custom-gpu-h264-shared-video-dag:0:132,0,132,plate_number,1013,92,1105,0.9167420814479638009049773756,
qualification-v2-gstreamer_custom-gpu-h264-shared-video-dag,qualification-v2-gstreamer_custom-gpu-h264-shared-video-dag:0:133,0,133,foreign_object,6013,240,6253,0.9616184231568846953462338078,
qualification-v2-gstreamer_custom-gpu-h264-shared-video-dag,qualification-v2-gstreamer_custom-gpu-h264-shared-video-dag:0:134,0,134,damage,2028,171,2199,0.9222373806275579809004092769,
qualification-v2-gstreamer_custom-gpu-h264-shared-video-dag,qualification-v2-gstreamer_custom-gpu-h264-shared-video-dag:0:135,0,135,damage,1014,112,1126,0.9005328596802841918294849023,
qualification-v2-gstreamer_custom-gpu-h264-shared-video-dag,qualification-v2-gstreamer_custom-gpu-h264-shared-video-dag:0:136,0,136,foreign_object,1013,104,1117,0.9068934646374216651745747538,
qualification-v2-gstreamer_custom-gpu-h264-shared-video-dag,qualification-v2-gstreamer_custom-gpu-h264-shared-video-dag:0:137,0,137,vehicle_type,6014,368,6382,0.9423378251331870886869319962,
qualification-v2-gstreamer_custom-gpu-h264-shared-video-dag,qualification-v2-gstreamer_custom-gpu-h264-shared-video-dag:0:138,0,138,damage,2028,165,2193,0.9247606019151846785225718194,
qualification-v2-gstreamer_custom-gpu-h264-shared-video-dag,qualification-v2-gstreamer_custom-gpu-h264-shared-video-dag:0:139,0,139,damage,1013,91,1104,0.9175724637681159420289855072,
qualification-v2-gstreamer_custom-gpu-h264-shared-video-dag,qualification-v2-gstreamer_custom-gpu-h264-shared-video-dag:0:140,0,140,foreign_object,1013,97,1110,0.9126126126126126126126126126,
qualification-v2-gstreamer_custom-gpu-h264-shared-video-dag,qualification-v2-gstreamer_custom-gpu-h264-shared-video-dag:0:141,0,141,vehicle_type,6012,348,6360,0.9452830188679245283018867925,
qualification-v2-gstreamer_custom-gpu-h264-shared-video-dag,qualification-v2-gstreamer_custom-gpu-h264-shared-video-dag:0:142,0,142,foreign_object,2027,178,2205,0.9192743764172335600907029478,
qualification-v2-gstreamer_custom-gpu-h264-shared-video-dag,qualification-v2-gstreamer_custom-gpu-h264-shared-video-dag:0:143,0,143,foreign_object,1014,119,1133,0.8949691085613415710503089144,
qualification-v2-gstreamer_custom-gpu-h264-shared-video-dag,qualification-v2-gstreamer_custom-gpu-h264-shared-video-dag:0:144,0,144,vehicle_type,1014,96,1110,0.9135135135135135135135135135,
qualification-v2-gstreamer_custom-gpu-h264-shared-video-dag,qualification-v2-gstreamer_custom-gpu-h264-shared-video-dag:0:145,0,145,vehicle_type,6013,199,6212,0.9679652285898261429491307147,
qualification-v2-gstreamer_custom-gpu-h264-shared-video-dag,qualification-v2-gstreamer_custom-gpu-h264-shared-video-dag:0:146,0,146,damage,2026,159,2185,0.9272311212814645308924485126,
qualification-v2-gstreamer_custom-gpu-h264-shared-video-dag,qualification-v2-gstreamer_custom-gpu-h264-shared-video-dag:0:147,0,147,damage,1012,94,1106,0.9150090415913200723327305606,
qualification-v2-gstreamer_custom-gpu-h264-shared-video-dag,qualification-v2-gstreamer_custom-gpu-h264-shared-video-dag:0:148,0,148,plate_number,1013,111,1124,0.9012455516014234875444839858,
qualification-v2-gstreamer_custom-gpu-h264-shared-video-dag,qualification-v2-gstreamer_custom-gpu-h264-shared-video-dag:0:149,0,149,vehicle_type,6016,347,6363,0.9454659751689454659751689455,
qualification-v2-gstreamer_custom-gpu-h264-shared-video-dag,qualification-v2-gstreamer_custom-gpu-h264-shared-video-dag:0:150,0,150,damage,2033,175,2208,0.9207427536231884057971014493,
qualification-v2-gstreamer_custom-gpu-h264-shared-video-dag,qualification-v2-gstreamer_custom-gpu-h264-shared-video-dag:0:151,0,151,damage,1018,104,1122,0.9073083778966131907308377897,
qualification-v2-gstreamer_custom-gpu-h264-shared-video-dag,qualification-v2-gstreamer_custom-gpu-h264-shared-video-dag:0:152,0,152,foreign_object,1012,102,1114,0.9084380610412926391382405745,
qualification-v2-gstreamer_custom-gpu-h264-shared-video-dag,qualification-v2-gstreamer_custom-gpu-h264-shared-video-dag:0:153,0,153,plate_number,6014,343,6357,0.9460437313198049394368412773,
qualification-v2-gstreamer_custom-gpu-h264-shared-video-dag,qualification-v2-gstreamer_custom-gpu-h264-shared-video-dag:0:154,0,154,plate_number,2031,188,2219,0.9152771518702118071203244705,
qualification-v2-gstreamer_custom-gpu-h264-shared-video-dag,qualification-v2-gstreamer_custom-gpu-h264-shared-video-dag:0:155,0,155,plate_number,1017,122,1139,0.8928884986830553116769095698,
qualification-v2-gstreamer_custom-gpu-h264-shared-video-dag,qualification-v2-gstreamer_custom-gpu-h264-shared-video-dag:0:156,0,156,vehicle_type,1013,97,1110,0.9126126126126126126126126126,
qualification-v2-gstreamer_custom-gpu-h264-shared-video-dag,qualification-v2-gstreamer_custom-gpu-h264-shared-video-dag:0:157,0,157,damage,6012,194,6206,0.9687399291008701256848211408,
qualification-v2-gstreamer_custom-gpu-h264-shared-video-dag,qualification-v2-gstreamer_custom-gpu-h264-shared-video-dag:0:158,0,158,foreign_object,2026,180,2206,0.9184043517679057116953762466,
qualification-v2-gstreamer_custom-gpu-h264-shared-video-dag,qualification-v2-gstreamer_custom-gpu-h264-shared-video-dag:0:159,0,159,foreign_object,1014,102,1116,0.9086021505376344086021505376,
qualification-v2-gstreamer_custom-gpu-h264-shared-video-dag,qualification-v2-gstreamer_custom-gpu-h264-shared-video-dag:0:160,0,160,plate_number,1014,113,1127,0.8997338065661047027506654836,
qualification-v2-gstreamer_custom-gpu-h264-shared-video-dag,qualification-v2-gstreamer_custom-gpu-h264-shared-video-dag:0:161,0,161,vehicle_type,6015,333,6348,0.9475425330812854442344045369,
qualification-v2-gstreamer_custom-gpu-h264-shared-video-dag,qualification-v2-gstreamer_custom-gpu-h264-shared-video-dag:0:162,0,162,damage,2030,172,2202,0.9218891916439600363306085377,
qualification-v2-gstreamer_custom-gpu-h264-shared-video-dag,qualification-v2-gstreamer_custom-gpu-h264-shared-video-dag:0:163,0,163,damage,1013,109,1122,0.9028520499108734402852049911,
qualification-v2-gstreamer_custom-gpu-h264-shared-video-dag,qualification-v2-gstreamer_custom-gpu-h264-shared-video-dag:0:164,0,164,vehicle_type,1015,89,1104,0.9193840579710144927536231884,
qualification-v2-gstreamer_custom-gpu-h264-shared-video-dag,qualification-v2-gstreamer_custom-gpu-h264-shared-video-dag:0:165,0,165,vehicle_type,6013,338,6351,0.9467800346402141395055896709,
qualification-v2-gstreamer_custom-gpu-h264-shared-video-dag,qualification-v2-gstreamer_custom-gpu-h264-shared-video-dag:0:166,0,166,vehicle_type,2028,180,2208,0.9184782608695652173913043478,
qualification-v2-gstreamer_custom-gpu-h264-shared-video-dag,qualification-v2-gstreamer_custom-gpu-h264-shared-video-dag:0:167,0,167,vehicle_type,1012,104,1116,0.9068100358422939068100358423,
qualification-v2-gstreamer_custom-gpu-h264-shared-video-dag,qualification-v2-gstreamer_custom-gpu-h264-shared-video-dag:0:168,0,168,damage,1013,91,1104,0.9175724637681159420289855072,
qualification-v2-gstreamer_custom-gpu-h264-shared-video-dag,qualification-v2-gstreamer_custom-gpu-h264-shared-video-dag:0:169,0,169,vehicle_type,6012,204,6216,0.9671814671814671814671814672,
qualification-v2-gstreamer_custom-gpu-h264-shared-video-dag,qualification-v2-gstreamer_custom-gpu-h264-shared-video-dag:0:170,0,170,damage,2026,155,2181,0.9289316827143512150389729482,
qualification-v2-gstreamer_custom-gpu-h264-shared-video-dag,qualification-v2-gstreamer_custom-gpu-h264-shared-video-dag:0:171,0,171,damage,1013,92,1105,0.9167420814479638009049773756,
qualification-v2-gstreamer_custom-gpu-h264-shared-video-dag,qualification-v2-gstreamer_custom-gpu-h264-shared-video-dag:0:172,0,172,foreign_object,1011,110,1121,0.9018733273862622658340767172,
qualification-v2-gstreamer_custom-gpu-h264-shared-video-dag,qualification-v2-gstreamer_custom-gpu-h264-shared-video-dag:0:173,0,173,damage,6016,332,6348,0.9477000630119722747321991178,
qualification-v2-gstreamer_custom-gpu-h264-shared-video-dag,qualification-v2-gstreamer_custom-gpu-h264-shared-video-dag:0:174,0,174,plate_number,2030,191,2221,0.9140027014858171994597028366,
qualification-v2-gstreamer_custom-gpu-h264-shared-video-dag,qualification-v2-gstreamer_custom-gpu-h264-shared-video-dag:0:175,0,175,plate_number,1014,122,1136,0.8926056338028169014084507042,
qualification-v2-gstreamer_custom-gpu-h264-shared-video-dag,qualification-v2-gstreamer_custom-gpu-h264-shared-video-dag:0:176,0,176,vehicle_type,1015,100,1115,0.9103139013452914798206278027,
qualification-v2-gstreamer_custom-gpu-h264-shared-video-dag,qualification-v2-gstreamer_custom-gpu-h264-shared-video-dag:0:177,0,177,foreign_object,6013,328,6341,0.9482731430373758082321400410,
qualification-v2-gstreamer_custom-gpu-h264-shared-video-dag,qualification-v2-gstreamer_custom-gpu-h264-shared-video-dag:0:178,0,178,foreign_object,2026,167,2193,0.9238486092111263109895120839,
qualification-v2-gstreamer_custom-gpu-h264-shared-video-dag,qualification-v2-gstreamer_custom-gpu-h264-shared-video-dag:0:179,0,179,foreign_object,1014,107,1121,0.9045495093666369313113291704,
qualification-v2-gstreamer_custom-gpu-h264-shared-video-dag,qualification-v2-gstreamer_custom-gpu-h264-shared-video-dag:0:180,0,180,foreign_object,1016,95,1111,0.9144914491449144914491449145,
qualification-v2-gstreamer_custom-gpu-h264-shared-video-dag,qualification-v2-gstreamer_custom-gpu-h264-shared-video-dag:0:181,0,181,damage,6014,238,6252,0.9619321817018554062699936020,
qualification-v2-gstreamer_custom-gpu-h264-shared-video-dag,qualification-v2-gstreamer_custom-gpu-h264-shared-video-dag:0:182,0,182,foreign_object,2030,161,2191,0.9265175718849840255591054313,
qualification-v2-gstreamer_custom-gpu-h264-shared-video-dag,qualification-v2-gstreamer_custom-gpu-h264-shared-video-dag:0:183,0,183,foreign_object,1014,101,1115,0.9094170403587443946188340807,
qualification-v2-gstreamer_custom-gpu-h264-shared-video-dag,qualification-v2-gstreamer_custom-gpu-h264-shared-video-dag:0:184,0,184,foreign_object,1013,114,1127,0.8988464951197870452528837622,
qualification-v2-gstreamer_custom-gpu-h264-shared-video-dag,qualification-v2-gstreamer_custom-gpu-h264-shared-video-dag:0:185,0,185,foreign_object,6016,338,6354,0.9468051621026125275417060120,
qualification-v2-gstreamer_custom-gpu-h264-shared-video-dag,qualification-v2-gstreamer_custom-gpu-h264-shared-video-dag:0:186,0,186,foreign_object,2030,190,2220,0.9144144144144144144144144144,
qualification-v2-gstreamer_custom-gpu-h264-shared-video-dag,qualification-v2-gstreamer_custom-gpu-h264-shared-video-dag:0:187,0,187,foreign_object,1017,124,1141,0.8913234005258545135845749343,
qualification-v2-gstreamer_custom-gpu-h264-shared-video-dag,qualification-v2-gstreamer_custom-gpu-h264-shared-video-dag:0:188,0,188,plate_number,1015,85,1100,0.9227272727272727272727272727,
qualification-v2-gstreamer_custom-gpu-h264-shared-video-dag,qualification-v2-gstreamer_custom-gpu-h264-shared-video-dag:0:189,0,189,plate_number,6014,349,6363,0.9451516580229451516580229452,
qualification-v2-gstreamer_custom-gpu-h264-shared-video-dag,qualification-v2-gstreamer_custom-gpu-h264-shared-video-dag:0:190,0,190,plate_number,2028,142,2170,0.9345622119815668202764976959,
qualification-v2-gstreamer_custom-gpu-h264-shared-video-dag,qualification-v2-gstreamer_custom-gpu-h264-shared-video-dag:0:191,0,191,plate_number,1015,84,1099,0.9235668789808917197452229299,
qualification-v2-gstreamer_custom-gpu-h264-shared-video-dag,qualification-v2-gstreamer_custom-gpu-h264-shared-video-dag:0:192,0,192,vehicle_type,1014,149,1163,0.8718830610490111779879621668,
qualification-v2-gstreamer_custom-gpu-h264-shared-video-dag,qualification-v2-gstreamer_custom-gpu-h264-shared-video-dag:0:193,0,193,foreign_object,6013,208,6221,0.9665648609548304131168622408,
qualification-v2-gstreamer_custom-gpu-h264-shared-video-dag,qualification-v2-gstreamer_custom-gpu-h264-shared-video-dag:0:194,0,194,foreign_object,2027,153,2180,0.9298165137614678899082568807,
qualification-v2-gstreamer_custom-gpu-h264-shared-video-dag,qualification-v2-gstreamer_custom-gpu-h264-shared-video-dag:0:195,0,195,foreign_object,1014,89,1103,0.9193109700815956482320942883,
qualification-v2-gstreamer_custom-gpu-h264-shared-video-dag,qualification-v2-gstreamer_custom-gpu-h264-shared-video-dag:0:196,0,196,foreign_object,1014,130,1144,0.8863636363636363636363636364,
qualification-v2-gstreamer_custom-gpu-h264-shared-video-dag,qualification-v2-gstreamer_custom-gpu-h264-shared-video-dag:0:197,0,197,plate_number,6012,332,6344,0.9476670870113493064312736444,
qualification-v2-gstreamer_custom-gpu-h264-shared-video-dag,qualification-v2-gstreamer_custom-gpu-h264-shared-video-dag:0:198,0,198,plate_number,2034,251,2285,0.8901531728665207877461706783,
qualification-v2-gstreamer_custom-gpu-h264-shared-video-dag,qualification-v2-gstreamer_custom-gpu-h264-shared-video-dag:0:199,0,199,plate_number,1014,146,1160,0.8741379310344827586206896552,
qualification-v2-gstreamer_custom-gpu-h264-shared-video-dag,qualification-v2-gstreamer_custom-gpu-h264-shared-video-dag:0:200,0,200,vehicle_type,1012,95,1107,0.9141824751580849141824751581,
qualification-v2-gstreamer_custom-gpu-h264-shared-video-dag,qualification-v2-gstreamer_custom-gpu-h264-shared-video-dag:0:201,0,201,foreign_object,6013,335,6348,0.9472274732199117832388153749,
qualification-v2-gstreamer_custom-gpu-h264-shared-video-dag,qualification-v2-gstreamer_custom-gpu-h264-shared-video-dag:0:202,0,202,foreign_object,2027,169,2196,0.9230418943533697632058287796,
qualification-v2-gstreamer_custom-gpu-h264-shared-video-dag,qualification-v2-gstreamer_custom-gpu-h264-shared-video-dag:0:203,0,203,foreign_object,1013,101,1114,0.9093357271095152603231597846,
qualification-v2-gstreamer_custom-gpu-h264-shared-video-dag,qualification-v2-gstreamer_custom-gpu-h264-shared-video-dag:0:204,0,204,damage,1015,86,1101,0.9218891916439600363306085377,
qualification-v2-gstreamer_custom-gpu-h264-shared-video-dag,qualification-v2-gstreamer_custom-gpu-h264-shared-video-dag:0:205,0,205,damage,6015,189,6204,0.9695357833655705996131528046,
qualification-v2-gstreamer_custom-gpu-h264-shared-video-dag,qualification-v2-gstreamer_custom-gpu-h264-shared-video-dag:0:206,0,206,plate_number,2029,162,2191,0.9260611592879963486992240986,
qualification-v2-gstreamer_custom-gpu-h264-shared-video-dag,qualification-v2-gstreamer_custom-gpu-h264-shared-video-dag:0:207,0,207,plate_number,1013,103,1116,0.9077060931899641577060931900,
qualification-v2-gstreamer_custom-gpu-h264-shared-video-dag,qualification-v2-gstreamer_custom-gpu-h264-shared-video-dag:0:208,0,208,damage,1013,119,1132,0.8948763250883392226148409894,
qualification-v2-gstreamer_custom-gpu-h264-shared-video-dag,qualification-v2-gstreamer_custom-gpu-h264-shared-video-dag:1:30,1,30,vehicle_type,2034,438,2472,0.8228155339805825242718446602,
qualification-v2-gstreamer_custom-gpu-h264-shared-video-dag,qualification-v2-gstreamer_custom-gpu-h264-shared-video-dag:1:31,1,31,vehicle_type,1018,374,1392,0.7313218390804597701149425287,
qualification-v2-gstreamer_custom-gpu-h264-shared-video-dag,qualification-v2-gstreamer_custom-gpu-h264-shared-video-dag:1:32,1,32,plate_number,1013,103,1116,0.9077060931899641577060931900,
qualification-v2-gstreamer_custom-gpu-h264-shared-video-dag,qualification-v2-gstreamer_custom-gpu-h264-shared-video-dag:1:33,1,33,damage,6015,373,6388,0.9416092673763306199123356293,
qualification-v2-gstreamer_custom-gpu-h264-shared-video-dag,qualification-v2-gstreamer_custom-gpu-h264-shared-video-dag:1:34,1,34,plate_number,2029,163,2192,0.9256386861313868613138686131,
qualification-v2-gstreamer_custom-gpu-h264-shared-video-dag,qualification-v2-gstreamer_custom-gpu-h264-shared-video-dag:1:35,1,35,plate_number,1013,109,1122,0.9028520499108734402852049911,
qualification-v2-gstreamer_custom-gpu-h264-shared-video-dag,qualification-v2-gstreamer_custom-gpu-h264-shared-video-dag:1:36,1,36,plate_number,1014,89,1103,0.9193109700815956482320942883,
qualification-v2-gstreamer_custom-gpu-h264-shared-video-dag,qualification-v2-gstreamer_custom-gpu-h264-shared-video-dag:1:37,1,37,foreign_object,6015,201,6216,0.9676640926640926640926640927,
qualification-v2-gstreamer_custom-gpu-h264-shared-video-dag,qualification-v2-gstreamer_custom-gpu-h264-shared-video-dag:1:38,1,38,damage,2025,167,2192,0.9238138686131386861313868613,
qualification-v2-gstreamer_custom-gpu-h264-shared-video-dag,qualification-v2-gstreamer_custom-gpu-h264-shared-video-dag:1:39,1,39,damage,1014,106,1120,0.9053571428571428571428571429,
qualification-v2-gstreamer_custom-gpu-h264-shared-video-dag,qualification-v2-gstreamer_custom-gpu-h264-shared-video-dag:1:40,1,40,foreign_object,1013,110,1123,0.9020480854853072128227960819,
qualification-v2-gstreamer_custom-gpu-h264-shared-video-dag,qualification-v2-gstreamer_custom-gpu-h264-shared-video-dag:1:41,1,41,vehicle_type,6014,174,6188,0.9718810601163542340012928248,
qualification-v2-gstreamer_custom-gpu-h264-shared-video-dag,qualification-v2-gstreamer_custom-gpu-h264-shared-video-dag:1:42,1,42,damage,2033,455,2488,0.8171221864951768488745980707,
qualification-v2-gstreamer_custom-gpu-h264-shared-video-dag,qualification-v2-gstreamer_custom-gpu-h264-shared-video-dag:1:43,1,43,damage,1015,400,1415,0.7173144876325088339222614841,
qualification-v2-gstreamer_custom-gpu-h264-shared-video-dag,qualification-v2-gstreamer_custom-gpu-h264-shared-video-dag:1:44,1,44,plate_number,1015,86,1101,0.9218891916439600363306085377,
qualification-v2-gstreamer_custom-gpu-h264-shared-video-dag,qualification-v2-gstreamer_custom-gpu-h264-shared-video-dag:1:45,1,45,damage,6017,387,6404,0.9395690193628981886321049344,
qualification-v2-gstreamer_custom-gpu-h264-shared-video-dag,qualification-v2-gstreamer_custom-gpu-h264-shared-video-dag:1:46,1,46,vehicle_type,2029,165,2194,0.9247948951686417502278942571,
qualification-v2-gstreamer_custom-gpu-h264-shared-video-dag,qualification-v2-gstreamer_custom-gpu-h264-shared-video-dag:1:47,1,47,vehicle_type,1016,101,1117,0.9095792300805729632945389436,
qualification-v2-gstreamer_custom-gpu-h264-shared-video-dag,qualification-v2-gstreamer_custom-gpu-h264-shared-video-dag:1:48,1,48,foreign_object,1012,129,1141,0.8869412795793163891323400526,
qualification-v2-gstreamer_custom-gpu-h264-shared-video-dag,qualification-v2-gstreamer_custom-gpu-h264-shared-video-dag:1:49,1,49,foreign_object,6011,225,6236,0.9639191789608723540731237973,
qualification-v2-gstreamer_custom-gpu-h264-shared-video-dag,qualification-v2-gstreamer_custom-gpu-h264-shared-video-dag:1:50,1,50,foreign_object,2027,161,2188,0.9264168190127970749542961609,
qualification-v2-gstreamer_custom-gpu-h264-shared-video-dag,qualification-v2-gstreamer_custom-gpu-h264-shared-video-dag:1:51,1,51,foreign_object,1014,97,1111,0.9126912691269126912691269127,
qualification-v2-gstreamer_custom-gpu-h264-shared-video-dag,qualification-v2-gstreamer_custom-gpu-h264-shared-video-dag:1:52,1,52,damage,1012,102,1114,0.9084380610412926391382405745,
qualification-v2-gstreamer_custom-gpu-h264-shared-video-dag,qualification-v2-gstreamer_custom-gpu-h264-shared-video-dag:1:53,1,53,vehicle_type,6018,373,6391,0.9416366765764356125801908934,
qualification-v2-gstreamer_custom-gpu-h264-shared-video-dag,qualification-v2-gstreamer_custom-gpu-h264-shared-video-dag:1:54,1,54,plate_number,2028,277,2305,0.8798264642082429501084598698,
qualification-v2-gstreamer_custom-gpu-h264-shared-video-dag,qualification-v2-gstreamer_custom-gpu-h264-shared-video-dag:1:55,1,55,plate_number,1015,188,1203,0.8437240232751454696591853699,
qualification-v2-gstreamer_custom-gpu-h264-shared-video-dag,qualification-v2-gstreamer_custom-gpu-h264-shared-video-dag:1:56,1,56,foreign_object,1014,92,1106,0.9168173598553345388788426763,
qualification-v2-gstreamer_custom-gpu-h264-shared-video-dag,qualification-v2-gstreamer_custom-gpu-h264-shared-video-dag:1:57,1,57,foreign_object,6015,360,6375,0.9435294117647058823529411765,
qualification-v2-gstreamer_custom-gpu-h264-shared-video-dag,qualification-v2-gstreamer_custom-gpu-h264-shared-video-dag:1:58,1,58,vehicle_type,2030,178,2208,0.9193840579710144927536231884,
qualification-v2-gstreamer_custom-gpu-h264-shared-video-dag,qualification-v2-gstreamer_custom-gpu-h264-shared-video-dag:1:59,1,59,vehicle_type,1015,112,1127,0.9006211180124223602484472050,
qualification-v2-gstreamer_custom-gpu-h264-shared-video-dag,qualification-v2-gstreamer_custom-gpu-h264-shared-video-dag:1:60,1,60,foreign_object,1012,90,1102,0.9183303085299455535390199637,
qualification-v2-gstreamer_custom-gpu-h264-shared-video-dag,qualification-v2-gstreamer_custom-gpu-h264-shared-video-dag:1:61,1,61,foreign_object,6013,175,6188,0.9717194570135746606334841629,
qualification-v2-gstreamer_custom-gpu-h264-shared-video-dag,qualification-v2-gstreamer_custom-gpu-h264-shared-video-dag:1:62,1,62,vehicle_type,2026,161,2187,0.9263831732967535436671239140,
qualification-v2-gstreamer_custom-gpu-h264-shared-video-dag,qualification-v2-gstreamer_custom-gpu-h264-shared-video-dag:1:63,1,63,vehicle_type,1012,101,1113,0.9092542677448337825696316262,
qualification-v2-gstreamer_custom-gpu-h264-shared-video-dag,qualification-v2-gstreamer_custom-gpu-h264-shared-video-dag:1:64,1,64,plate_number,1015,98,1113,0.9119496855345911949685534591,
qualification-v2-gstreamer_custom-gpu-h264-shared-video-dag,qualification-v2-gstreamer_custom-gpu-h264-shared-video-dag:1:65,1,65,vehicle_type,6013,231,6244,0.9630044843049327354260089686,
qualification-v2-gstreamer_custom-gpu-h264-shared-video-dag,qualification-v2-gstreamer_custom-gpu-h264-shared-video-dag:1:66,1,66,damage,2030,446,2476,0.8198707592891760904684975767,
qualification-v2-gstreamer_custom-gpu-h264-shared-video-dag,qualification-v2-gstreamer_custom-gpu-h264-shared-video-dag:1:67,1,67,damage,1016,375,1391,0.7304097771387491013659237958,
qualification-v2-gstreamer_custom-gpu-h264-shared-video-dag,qualification-v2-gstreamer_custom-gpu-h264-shared-video-dag:1:68,1,68,plate_number,1014,90,1104,0.9184782608695652173913043478,
qualification-v2-gstreamer_custom-gpu-h264-shared-video-dag,qualification-v2-gstreamer_custom-gpu-h264-shared-video-dag:1:69,1,69,foreign_object,6015,368,6383,0.9423468588438038539871533762,
qualification-v2-gstreamer_custom-gpu-h264-shared-video-dag,qualification-v2-gstreamer_custom-gpu-h264-shared-video-dag:1:70,1,70,foreign_object,2029,169,2198,0.9231119199272065514103730664,
qualification-v2-gstreamer_custom-gpu-h264-shared-video-dag,qualification-v2-gstreamer_custom-gpu-h264-shared-video-dag:1:71,1,71,foreign_object,1013,113,1126,0.8996447602131438721136767318,
qualification-v2-gstreamer_custom-gpu-h264-shared-video-dag,qualification-v2-gstreamer_custom-gpu-h264-shared-video-dag:1:72,1,72,vehicle_type,1012,80,1092,0.9267399267399267399267399267,
qualification-v2-gstreamer_custom-gpu-h264-shared-video-dag,qualification-v2-gstreamer_custom-gpu-h264-shared-video-dag:1:73,1,73,damage,6013,174,6187,0.9718765152739615322450299014,
qualification-v2-gstreamer_custom-gpu-h264-shared-video-dag,qualification-v2-gstreamer_custom-gpu-h264-shared-video-dag:1:74,1,74,vehicle_type,2028,149,2177,0.9315571887919154800183739090,
qualification-v2-gstreamer_custom-gpu-h264-shared-video-dag,qualification-v2-gstreamer_custom-gpu-h264-shared-video-dag:1:75,1,75,vehicle_type,1012,89,1101,0.9191643960036330608537693006,
qualification-v2-gstreamer_custom-gpu-h264-shared-video-dag,qualification-v2-gstreamer_custom-gpu-h264-shared-video-dag:1:76,1,76,vehicle_type,1012,99,1111,0.9108910891089108910891089109,
qualification-v2-gstreamer_custom-gpu-h264-shared-video-dag,qualification-v2-gstreamer_custom-gpu-h264-shared-video-dag:1:77,1,77,damage,6012,218,6230,0.9650080256821829855537720706,
qualification-v2-gstreamer_custom-gpu-h264-shared-video-dag,qualification-v2-gstreamer_custom-gpu-h264-shared-video-dag:1:78,1,78,foreign_object,2032,450,2482,0.8186946011281224818694601128,
qualification-v2-gstreamer_custom-gpu-h264-shared-video-dag,qualification-v2-gstreamer_custom-gpu-h264-shared-video-dag:1:79,1,79,foreign_object,1016,386,1402,0.7246790299572039942938659058,
qualification-v2-gstreamer_custom-gpu-h264-shared-video-dag,qualification-v2-gstreamer_custom-gpu-h264-shared-video-dag:1:80,1,80,damage,1014,87,1101,0.9209809264305177111716621253,
qualification-v2-gstreamer_custom-gpu-h264-shared-video-dag,qualification-v2-gstreamer_custom-gpu-h264-shared-video-dag:1:81,1,81,damage,6016,358,6374,0.9438343269532475682459993725,
qualification-v2-gstreamer_custom-gpu-h264-shared-video-dag,qualification-v2-gstreamer_custom-gpu-h264-shared-video-dag:1:82,1,82,plate_number,2026,146,2172,0.9327808471454880294659300184,
qualification-v2-gstreamer_custom-gpu-h264-shared-video-dag,qualification-v2-gstreamer_custom-gpu-h264-shared-video-dag:1:83,1,83,plate_number,1014,85,1099,0.9226569608735213830755232029,
qualification-v2-gstreamer_custom-gpu-h264-shared-video-dag,qualification-v2-gstreamer_custom-gpu-h264-shared-video-dag:1:84,1,84,foreign_object,1012,104,1116,0.9068100358422939068100358423,
qualification-v2-gstreamer_custom-gpu-h264-shared-video-dag,qualification-v2-gstreamer_custom-gpu-h264-shared-video-dag:1:85,1,85,vehicle_type,6012,194,6206,0.9687399291008701256848211408,
qualification-v2-gstreamer_custom-gpu-h264-shared-video-dag,qualification-v2-gstreamer_custom-gpu-h264-shared-video-dag:1:86,1,86,foreign_object,2029,168,2197,0.9235320892125625853436504324,
qualification-v2-gstreamer_custom-gpu-h264-shared-video-dag,qualification-v2-gstreamer_custom-gpu-h264-shared-video-dag:1:87,1,87,foreign_object,1012,111,1123,0.9011576135351736420302760463,
qualification-v2-gstreamer_custom-gpu-h264-shared-video-dag,qualification-v2-gstreamer_custom-gpu-h264-shared-video-dag:1:88,1,88,foreign_object,1016,118,1134,0.8959435626102292768959435626,
qualification-v2-gstreamer_custom-gpu-h264-shared-video-dag,qualification-v2-gstreamer_custom-gpu-h264-shared-video-dag:1:89,1,89,foreign_object,6014,246,6260,0.9607028753993610223642172524,
qualification-v2-gstreamer_custom-gpu-h264-shared-video-dag,qualification-v2-gstreamer_custom-gpu-h264-shared-video-dag:1:90,1,90,plate_number,2040,440,2480,0.8225806451612903225806451613,
qualification-v2-gstreamer_custom-gpu-h264-shared-video-dag,qualification-v2-gstreamer_custom-gpu-h264-shared-video-dag:1:91,1,91,plate_number,1019,387,1406,0.7247510668563300142247510669,
qualification-v2-gstreamer_custom-gpu-h264-shared-video-dag,qualification-v2-gstreamer_custom-gpu-h264-shared-video-dag:1:92,1,92,damage,1012,94,1106,0.9150090415913200723327305606,
qualification-v2-gstreamer_custom-gpu-h264-shared-video-dag,qualification-v2-gstreamer_custom-gpu-h264-shared-video-dag:1:93,1,93,plate_number,6015,356,6371,0.9441218019149270130277821378,
qualification-v2-gstreamer_custom-gpu-h264-shared-video-dag,qualification-v2-gstreamer_custom-gpu-h264-shared-video-dag:1:94,1,94,damage,2027,163,2190,0.9255707762557077625570776256,
qualification-v2-gstreamer_custom-gpu-h264-shared-video-dag,qualification-v2-gstreamer_custom-gpu-h264-shared-video-dag:1:95,1,95,damage,1012,103,1115,0.9076233183856502242152466368,
qualification-v2-gstreamer_custom-gpu-h264-shared-video-dag,qualification-v2-gstreamer_custom-gpu-h264-shared-video-dag:1:96,1,96,damage,1012,86,1098,0.9216757741347905282331511840,
qualification-v2-gstreamer_custom-gpu-h264-shared-video-dag,qualification-v2-gstreamer_custom-gpu-h264-shared-video-dag:1:97,1,97,vehicle_type,6013,235,6248,0.9623879641485275288092189501,
qualification-v2-gstreamer_custom-gpu-h264-shared-video-dag,qualification-v2-gstreamer_custom-gpu-h264-shared-video-dag:1:98,1,98,plate_number,2028,164,2192,0.9251824817518248175182481752,
qualification-v2-gstreamer_custom-gpu-h264-shared-video-dag,qualification-v2-gstreamer_custom-gpu-h264-shared-video-dag:1:99,1,99,plate_number,1014,104,1118,0.9069767441860465116279069767,
qualification-v2-gstreamer_custom-gpu-h264-shared-video-dag,qualification-v2-gstreamer_custom-gpu-h264-shared-video-dag:1:100,1,100,plate_number,1015,125,1140,0.8903508771929824561403508772,
qualification-v2-gstreamer_custom-gpu-h264-shared-video-dag,qualification-v2-gstreamer_custom-gpu-h264-shared-video-dag:1:101,1,101,vehicle_type,6017,362,6379,0.9432512933061608402570935883,
qualification-v2-gstreamer_custom-gpu-h264-shared-video-dag,qualification-v2-gstreamer_custom-gpu-h264-shared-video-dag:1:102,1,102,damage,2033,275,2308,0.8808492201039861351819757366,
qualification-v2-gstreamer_custom-gpu-h264-shared-video-dag,qualification-v2-gstreamer_custom-gpu-h264-shared-video-dag:1:103,1,103,damage,1019,182,1201,0.8484596169858451290591174022,
qualification-v2-gstreamer_custom-gpu-h264-shared-video-dag,qualification-v2-gstreamer_custom-gpu-h264-shared-video-dag:1:104,1,104,vehicle_type,1012,92,1104,0.9166666666666666666666666667,
qualification-v2-gstreamer_custom-gpu-h264-shared-video-dag,qualification-v2-gstreamer_custom-gpu-h264-shared-video-dag:1:105,1,105,vehicle_type,6012,319,6331,0.9496130153214342126046438161,
qualification-v2-gstreamer_custom-gpu-h264-shared-video-dag,qualification-v2-gstreamer_custom-gpu-h264-shared-video-dag:1:106,1,106,plate_number,2030,153,2183,0.9299129638112688960146587265,
qualification-v2-gstreamer_custom-gpu-h264-shared-video-dag,qualification-v2-gstreamer_custom-gpu-h264-shared-video-dag:1:107,1,107,plate_number,1014,93,1107,0.9159891598915989159891598916,
qualification-v2-gstreamer_custom-gpu-h264-shared-video-dag,qualification-v2-gstreamer_custom-gpu-h264-shared-video-dag:1:108,1,108,vehicle_type,1013,102,1115,0.9085201793721973094170403587,
qualification-v2-gstreamer_custom-gpu-h264-shared-video-dag,qualification-v2-gstreamer_custom-gpu-h264-shared-video-dag:1:109,1,109,damage,6010,180,6190,0.9709208400646203554119547658,
qualification-v2-gstreamer_custom-gpu-h264-shared-video-dag,qualification-v2-gstreamer_custom-gpu-h264-shared-video-dag:1:110,1,110,vehicle_type,2028,152,2180,0.9302752293577981651376146789,
qualification-v2-gstreamer_custom-gpu-h264-shared-video-dag,qualification-v2-gstreamer_custom-gpu-h264-shared-video-dag:1:111,1,111,vehicle_type,1012,99,1111,0.9108910891089108910891089109,
qualification-v2-gstreamer_custom-gpu-h264-shared-video-dag,qualification-v2-gstreamer_custom-gpu-h264-shared-video-dag:1:112,1,112,vehicle_type,1012,104,1116,0.9068100358422939068100358423,
qualification-v2-gstreamer_custom-gpu-h264-shared-video-dag,qualification-v2-gstreamer_custom-gpu-h264-shared-video-dag:1:113,1,113,plate_number,6015,355,6370,0.9442700156985871271585557300,
qualification-v2-gstreamer_custom-gpu-h264-shared-video-dag,qualification-v2-gstreamer_custom-gpu-h264-shared-video-dag:1:114,1,114,plate_number,2028,178,2206,0.9193109700815956482320942883,
qualification-v2-gstreamer_custom-gpu-h264-shared-video-dag,qualification-v2-gstreamer_custom-gpu-h264-shared-video-dag:1:115,1,115,plate_number,1015,108,1123,0.9038290293855743544078361532,
qualification-v2-gstreamer_custom-gpu-h264-shared-video-dag,qualification-v2-gstreamer_custom-gpu-h264-shared-video-dag:1:116,1,116,foreign_object,1012,112,1124,0.9003558718861209964412811388,
qualification-v2-gstreamer_custom-gpu-h264-shared-video-dag,qualification-v2-gstreamer_custom-gpu-h264-shared-video-dag:1:117,1,117,foreign_object,6013,345,6358,0.9457376533501100975149418056,
qualification-v2-gstreamer_custom-gpu-h264-shared-video-dag,qualification-v2-gstreamer_custom-gpu-h264-shared-video-dag:1:118,1,118,damage,2028,166,2194,0.9243391066545123062898814950,
qualification-v2-gstreamer_custom-gpu-h264-shared-video-dag,qualification-v2-gstreamer_custom-gpu-h264-shared-video-dag:1:119,1,119,damage,1012,113,1125,0.8995555555555555555555555556,
qualification-v2-gstreamer_custom-gpu-h264-shared-video-dag,qualification-v2-gstreamer_custom-gpu-h264-shared-video-dag:1:120,1,120,foreign_object,1013,107,1120,0.9044642857142857142857142857,
qualification-v2-gstreamer_custom-gpu-h264-shared-video-dag,qualification-v2-gstreamer_custom-gpu-h264-shared-video-dag:1:121,1,121,vehicle_type,6013,226,6239,0.9637762461933002083667254368,
qualification-v2-gstreamer_custom-gpu-h264-shared-video-dag,qualification-v2-gstreamer_custom-gpu-h264-shared-video-dag:1:122,1,122,damage,2027,153,2180,0.9298165137614678899082568807,
qualification-v2-gstreamer_custom-gpu-h264-shared-video-dag,qualification-v2-gstreamer_custom-gpu-h264-shared-video-dag:1:123,1,123,damage,1013,89,1102,0.9192377495462794918330308530,
qualification-v2-gstreamer_custom-gpu-h264-shared-video-dag,qualification-v2-gstreamer_custom-gpu-h264-shared-video-dag:1:124,1,124,foreign_object,1013,90,1103,0.9184043517679057116953762466,
qualification-v2-gstreamer_custom-gpu-h264-shared-video-dag,qualification-v2-gstreamer_custom-gpu-h264-shared-video-dag:1:125,1,125,foreign_object,6017,361,6378,0.9433991846973973032298526184,
qualification-v2-gstreamer_custom-gpu-h264-shared-video-dag,qualification-v2-gstreamer_custom-gpu-h264-shared-video-dag:1:126,1,126,foreign_object,2033,168,2201,0.9236710586097228532485233985,
qualification-v2-gstreamer_custom-gpu-h264-shared-video-dag,qualification-v2-gstreamer_custom-gpu-h264-shared-video-dag:1:127,1,127,foreign_object,1015,98,1113,0.9119496855345911949685534591,
qualification-v2-gstreamer_custom-gpu-h264-shared-video-dag,qualification-v2-gstreamer_custom-gpu-h264-shared-video-dag:1:128,1,128,foreign_object,1012,90,1102,0.9183303085299455535390199637,
qualification-v2-gstreamer_custom-gpu-h264-shared-video-dag,qualification-v2-gstreamer_custom-gpu-h264-shared-video-dag:1:129,1,129,plate_number,6013,346,6359,0.9455889290768988834722440635,
qualification-v2-gstreamer_custom-gpu-h264-shared-video-dag,qualification-v2-gstreamer_custom-gpu-h264-shared-video-dag:1:130,1,130,plate_number,2028,163,2191,0.9256047466910086718393427659,
qualification-v2-gstreamer_custom-gpu-h264-shared-video-dag,qualification-v2-gstreamer_custom-gpu-h264-shared-video-dag:1:131,1,131,plate_number,1014,103,1117,0.9077887197851387645478961504,
qualification-v2-gstreamer_custom-gpu-h264-shared-video-dag,qualification-v2-gstreamer_custom-gpu-h264-shared-video-dag:1:132,1,132,vehicle_type,1013,103,1116,0.9077060931899641577060931900,
qualification-v2-gstreamer_custom-gpu-h264-shared-video-dag,qualification-v2-gstreamer_custom-gpu-h264-shared-video-dag:1:133,1,133,foreign_object,6013,220,6233,0.9647039948660356168779079095,
qualification-v2-gstreamer_custom-gpu-h264-shared-video-dag,qualification-v2-gstreamer_custom-gpu-h264-shared-video-dag:1:134,1,134,damage,2026,162,2188,0.9259597806215722120658135283,
qualification-v2-gstreamer_custom-gpu-h264-shared-video-dag,qualification-v2-gstreamer_custom-gpu-h264-shared-video-dag:1:135,1,135,damage,1012,97,1109,0.9125338142470694319206492335,
qualification-v2-gstreamer_custom-gpu-h264-shared-video-dag,qualification-v2-gstreamer_custom-gpu-h264-shared-video-dag:1:136,1,136,plate_number,1012,96,1108,0.9133574007220216606498194946,
qualification-v2-gstreamer_custom-gpu-h264-shared-video-dag,qualification-v2-gstreamer_custom-gpu-h264-shared-video-dag:1:137,1,137,vehicle_type,6014,349,6363,0.9451516580229451516580229452,
qualification-v2-gstreamer_custom-gpu-h264-shared-video-dag,qualification-v2-gstreamer_custom-gpu-h264-shared-video-dag:1:138,1,138,foreign_object,2032,173,2205,0.9215419501133786848072562358,
qualification-v2-gstreamer_custom-gpu-h264-shared-video-dag,qualification-v2-gstreamer_custom-gpu-h264-shared-video-dag:1:139,1,139,foreign_object,1020,108,1128,0.9042553191489361702127659574,
qualification-v2-gstreamer_custom-gpu-h264-shared-video-dag,qualification-v2-gstreamer_custom-gpu-h264-shared-video-dag:1:140,1,140,foreign_object,1015,102,1117,0.9086839749328558639212175470,
qualification-v2-gstreamer_custom-gpu-h264-shared-video-dag,qualification-v2-gstreamer_custom-gpu-h264-shared-video-dag:1:141,1,141,plate_number,6013,340,6353,0.9464819770187313080434440422,
qualification-v2-gstreamer_custom-gpu-h264-shared-video-dag,qualification-v2-gstreamer_custom-gpu-h264-shared-video-dag:1:142,1,142,vehicle_type,2028,172,2200,0.9218181818181818181818181818,
qualification-v2-gstreamer_custom-gpu-h264-shared-video-dag,qualification-v2-gstreamer_custom-gpu-h264-shared-video-dag:1:143,1,143,vehicle_type,1015,108,1123,0.9038290293855743544078361532,
qualification-v2-gstreamer_custom-gpu-h264-shared-video-dag,qualification-v2-gstreamer_custom-gpu-h264-shared-video-dag:1:144,1,144,vehicle_type,1013,100,1113,0.9101527403414195867026055705,
qualification-v2-gstreamer_custom-gpu-h264-shared-video-dag,qualification-v2-gstreamer_custom-gpu-h264-shared-video-dag:1:145,1,145,plate_number,6013,197,6210,0.9682769726247987117552334944,
qualification-v2-gstreamer_custom-gpu-h264-shared-video-dag,qualification-v2-gstreamer_custom-gpu-h264-shared-video-dag:1:146,1,146,foreign_object,2025,170,2195,0.9225512528473804100227790433,
qualification-v2-gstreamer_custom-gpu-h264-shared-video-dag,qualification-v2-gstreamer_custom-gpu-h264-shared-video-dag:1:147,1,147,foreign_object,1012,98,1110,0.9117117117117117117117117117,
qualification-v2-gstreamer_custom-gpu-h264-shared-video-dag,qualification-v2-gstreamer_custom-gpu-h264-shared-video-dag:1:148,1,148,plate_number,1012,98,1110,0.9117117117117117117117117117,
qualification-v2-gstreamer_custom-gpu-h264-shared-video-dag,qualification-v2-gstreamer_custom-gpu-h264-shared-video-dag:1:149,1,149,plate_number,6016,369,6385,0.9422083007047768206734534064,
qualification-v2-gstreamer_custom-gpu-h264-shared-video-dag,qualification-v2-gstreamer_custom-gpu-h264-shared-video-dag:1:150,1,150,plate_number,2027,172,2199,0.9217826284674852205547976353,
qualification-v2-gstreamer_custom-gpu-h264-shared-video-dag,qualification-v2-gstreamer_custom-gpu-h264-shared-video-dag:1:151,1,151,plate_number,1013,105,1118,0.9060822898032200357781753131,
qualification-v2-gstreamer_custom-gpu-h264-shared-video-dag,qualification-v2-gstreamer_custom-gpu-h264-shared-video-dag:1:152,1,152,foreign_object,1012,105,1117,0.9059982094897045658012533572,
qualification-v2-gstreamer_custom-gpu-h264-shared-video-dag,qualification-v2-gstreamer_custom-gpu-h264-shared-video-dag:1:153,1,153,damage,6012,313,6325,0.9505138339920948616600790514,
qualification-v2-gstreamer_custom-gpu-h264-shared-video-dag,qualification-v2-gstreamer_custom-gpu-h264-shared-video-dag:1:154,1,154,damage,2036,166,2202,0.9246139872842870118074477748,
qualification-v2-gstreamer_custom-gpu-h264-shared-video-dag,qualification-v2-gstreamer_custom-gpu-h264-shared-video-dag:1:155,1,155,damage,1023,99,1122,0.9117647058823529411764705882,
qualification-v2-gstreamer_custom-gpu-h264-shared-video-dag,qualification-v2-gstreamer_custom-gpu-h264-shared-video-dag:1:156,1,156,damage,1013,89,1102,0.9192377495462794918330308530,
qualification-v2-gstreamer_custom-gpu-h264-shared-video-dag,qualification-v2-gstreamer_custom-gpu-h264-shared-video-dag:1:157,1,157,vehicle_type,6015,226,6241,0.9637878545104951129626662394,
qualification-v2-gstreamer_custom-gpu-h264-shared-video-dag,qualification-v2-gstreamer_custom-gpu-h264-shared-video-dag:1:158,1,158,foreign_object,2025,161,2186,0.9263494967978042086001829826,
qualification-v2-gstreamer_custom-gpu-h264-shared-video-dag,qualification-v2-gstreamer_custom-gpu-h264-shared-video-dag:1:159,1,159,foreign_object,1012,91,1103,0.9174977334542157751586582049,
qualification-v2-gstreamer_custom-gpu-h264-shared-video-dag,qualification-v2-gstreamer_custom-gpu-h264-shared-video-dag:1:160,1,160,plate_number,1015,114,1129,0.8990256864481842338352524358,
qualification-v2-gstreamer_custom-gpu-h264-shared-video-dag,qualification-v2-gstreamer_custom-gpu-h264-shared-video-dag:1:161,1,161,vehicle_type,6017,343,6360,0.9460691823899371069182389937,
qualification-v2-gstreamer_custom-gpu-h264-shared-video-dag,qualification-v2-gstreamer_custom-gpu-h264-shared-video-dag:1:162,1,162,damage,2034,175,2209,0.9207786328655500226346763241,
qualification-v2-gstreamer_custom-gpu-h264-shared-video-dag,qualification-v2-gstreamer_custom-gpu-h264-shared-video-dag:1:163,1,163,damage,1016,113,1129,0.8999114260407440212577502214,
qualification-v2-gstreamer_custom-gpu-h264-shared-video-dag,qualification-v2-gstreamer_custom-gpu-h264-shared-video-dag:1:164,1,164,vehicle_type,1013,84,1097,0.9234275296262534184138559708,
qualification-v2-gstreamer_custom-gpu-h264-shared-video-dag,qualification-v2-gstreamer_custom-gpu-h264-shared-video-dag:1:165,1,165,damage,6014,343,6357,0.9460437313198049394368412773,
qualification-v2-gstreamer_custom-gpu-h264-shared-video-dag,qualification-v2-gstreamer_custom-gpu-h264-shared-video-dag:1:166,1,166,foreign_object,2031,178,2209,0.9194205522861023087369850611,
qualification-v2-gstreamer_custom-gpu-h264-shared-video-dag,qualification-v2-gstreamer_custom-gpu-h264-shared-video-dag:1:167,1,167,foreign_object,1015,113,1128,0.8998226950354609929078014184,
qualification-v2-gstreamer_custom-gpu-h264-shared-video-dag,qualification-v2-gstreamer_custom-gpu-h264-shared-video-dag:1:168,1,168,foreign_object,1016,95,1111,0.9144914491449144914491449145,
qualification-v2-gstreamer_custom-gpu-h264-shared-video-dag,qualification-v2-gstreamer_custom-gpu-h264-shared-video-dag:1:169,1,169,vehicle_type,6011,230,6241,0.9631469315814773273513859958,
qualification-v2-gstreamer_custom-gpu-h264-shared-video-dag,qualification-v2-gstreamer_custom-gpu-h264-shared-video-dag:1:170,1,170,plate_number,2025,144,2169,0.9336099585062240663900414938,
qualification-v2-gstreamer_custom-gpu-h264-shared-video-dag,qualification-v2-gstreamer_custom-gpu-h264-shared-video-dag:1:171,1,171,plate_number,1013,84,1097,0.9234275296262534184138559708,
qualification-v2-gstreamer_custom-gpu-h264-shared-video-dag,qualification-v2-gstreamer_custom-gpu-h264-shared-video-dag:1:172,1,172,plate_number,1011,96,1107,0.9132791327913279132791327913,
qualification-v2-gstreamer_custom-gpu-h264-shared-video-dag,qualification-v2-gstreamer_custom-gpu-h264-shared-video-dag:1:173,1,173,vehicle_type,6020,347,6367,0.9455002355897596984451075860,
qualification-v2-gstreamer_custom-gpu-h264-shared-video-dag,qualification-v2-gstreamer_custom-gpu-h264-shared-video-dag:1:174,1,174,foreign_object,2029,170,2199,0.9226921327876307412460209186,
qualification-v2-gstreamer_custom-gpu-h264-shared-video-dag,qualification-v2-gstreamer_custom-gpu-h264-shared-video-dag:1:175,1,175,foreign_object,1014,96,1110,0.9135135135135135135135135135,
qualification-v2-gstreamer_custom-gpu-h264-shared-video-dag,qualification-v2-gstreamer_custom-gpu-h264-shared-video-dag:1:176,1,176,vehicle_type,1015,93,1108,0.9160649819494584837545126354,
qualification-v2-gstreamer_custom-gpu-h264-shared-video-dag,qualification-v2-gstreamer_custom-gpu-h264-shared-video-dag:1:177,1,177,damage,6016,338,6354,0.9468051621026125275417060120,
qualification-v2-gstreamer_custom-gpu-h264-shared-video-dag,qualification-v2-gstreamer_custom-gpu-h264-shared-video-dag:1:178,1,178,damage,2026,168,2194,0.9234275296262534184138559708,
qualification-v2-gstreamer_custom-gpu-h264-shared-video-dag,qualification-v2-gstreamer_custom-gpu-h264-shared-video-dag:1:179,1,179,damage,1014,107,1121,0.9045495093666369313113291704,
qualification-v2-gstreamer_custom-gpu-h264-shared-video-dag,qualification-v2-gstreamer_custom-gpu-h264-shared-video-dag:1:180,1,180,plate_number,1015,92,1107,0.9168925022583559168925022584,
qualification-v2-gstreamer_custom-gpu-h264-shared-video-dag,qualification-v2-gstreamer_custom-gpu-h264-shared-video-dag:1:181,1,181,vehicle_type,6012,183,6195,0.9704600484261501210653753027,
qualification-v2-gstreamer_custom-gpu-h264-shared-video-dag,qualification-v2-gstreamer_custom-gpu-h264-shared-video-dag:1:182,1,182,foreign_object,2028,169,2197,0.9230769230769230769230769231,
qualification-v2-gstreamer_custom-gpu-h264-shared-video-dag,qualification-v2-gstreamer_custom-gpu-h264-shared-video-dag:1:183,1,183,foreign_object,1014,113,1127,0.8997338065661047027506654836,
qualification-v2-gstreamer_custom-gpu-h264-shared-video-dag,qualification-v2-gstreamer_custom-gpu-h264-shared-video-dag:1:184,1,184,plate_number,1016,101,1117,0.9095792300805729632945389436,
qualification-v2-gstreamer_custom-gpu-h264-shared-video-dag,qualification-v2-gstreamer_custom-gpu-h264-shared-video-dag:1:185,1,185,foreign_object,6018,343,6361,0.9460776607451658544254048106,
qualification-v2-gstreamer_custom-gpu-h264-shared-video-dag,qualification-v2-gstreamer_custom-gpu-h264-shared-video-dag:1:186,1,186,damage,2028,191,2219,0.9139251915277151870211807120,
qualification-v2-gstreamer_custom-gpu-h264-shared-video-dag,qualification-v2-gstreamer_custom-gpu-h264-shared-video-dag:1:187,1,187,damage,1013,124,1137,0.8909410729991204925241864556,
qualification-v2-gstreamer_custom-gpu-h264-shared-video-dag,qualification-v2-gstreamer_custom-gpu-h264-shared-video-dag:1:188,1,188,vehicle_type,1015,94,1109,0.9152389540126239855725879170,
qualification-v2-gstreamer_custom-gpu-h264-shared-video-dag,qualification-v2-gstreamer_custom-gpu-h264-shared-video-dag:1:189,1,189,foreign_object,6020,328,6348,0.9483301827347195967233774417,
qualification-v2-gstreamer_custom-gpu-h264-shared-video-dag,qualification-v2-gstreamer_custom-gpu-h264-shared-video-dag:1:190,1,190,foreign_object,2028,169,2197,0.9230769230769230769230769231,
qualification-v2-gstreamer_custom-gpu-h264-shared-video-dag,qualification-v2-gstreamer_custom-gpu-h264-shared-video-dag:1:191,1,191,foreign_object,1014,113,1127,0.8997338065661047027506654836,
qualification-v2-gstreamer_custom-gpu-h264-shared-video-dag,qualification-v2-gstreamer_custom-gpu-h264-shared-video-dag:1:192,1,192,damage,1013,144,1157,0.8755401901469317199654278306,
qualification-v2-gstreamer_custom-gpu-h264-shared-video-dag,qualification-v2-gstreamer_custom-gpu-h264-shared-video-dag:1:193,1,193,foreign_object,6013,194,6207,0.9687449653616884163041727082,
qualification-v2-gstreamer_custom-gpu-h264-shared-video-dag,qualification-v2-gstreamer_custom-gpu-h264-shared-video-dag:1:194,1,194,damage,2028,162,2190,0.9260273972602739726027397260,
qualification-v2-gstreamer_custom-gpu-h264-shared-video-dag,qualification-v2-gstreamer_custom-gpu-h264-shared-video-dag:1:195,1,195,damage,1016,98,1114,0.9120287253141831238779174147,
qualification-v2-gstreamer_custom-gpu-h264-shared-video-dag,qualification-v2-gstreamer_custom-gpu-h264-shared-video-dag:1:196,1,196,foreign_object,1014,111,1125,0.9013333333333333333333333333,
qualification-v2-gstreamer_custom-gpu-h264-shared-video-dag,qualification-v2-gstreamer_custom-gpu-h264-shared-video-dag:1:197,1,197,foreign_object,6014,341,6355,0.9463414634146341463414634146,
qualification-v2-gstreamer_custom-gpu-h264-shared-video-dag,qualification-v2-gstreamer_custom-gpu-h264-shared-video-dag:1:198,1,198,foreign_object,2030,264,2294,0.8849171752397558849171752398,
qualification-v2-gstreamer_custom-gpu-h264-shared-video-dag,qualification-v2-gstreamer_custom-gpu-h264-shared-video-dag:1:199,1,199,foreign_object,1016,162,1178,0.8624787775891341256366723260,
qualification-v2-gstreamer_custom-gpu-h264-shared-video-dag,qualification-v2-gstreamer_custom-gpu-h264-shared-video-dag:1:200,1,200,damage,1017,97,1114,0.9129263913824057450628366248,
qualification-v2-gstreamer_custom-gpu-h264-shared-video-dag,qualification-v2-gstreamer_custom-gpu-h264-shared-video-dag:1:201,1,201,foreign_object,6011,322,6333,0.9491552186957208274119690510,
qualification-v2-gstreamer_custom-gpu-h264-shared-video-dag,qualification-v2-gstreamer_custom-gpu-h264-shared-video-dag:1:202,1,202,damage,2029,146,2175,0.9328735632183908045977011494,
qualification-v2-gstreamer_custom-gpu-h264-shared-video-dag,qualification-v2-gstreamer_custom-gpu-h264-shared-video-dag:1:203,1,203,damage,1013,90,1103,0.9184043517679057116953762466,
qualification-v2-gstreamer_custom-gpu-h264-shared-video-dag,qualification-v2-gstreamer_custom-gpu-h264-shared-video-dag:1:204,1,204,foreign_object,1013,88,1101,0.9200726612170753860127157130,
qualification-v2-gstreamer_custom-gpu-h264-shared-video-dag,qualification-v2-gstreamer_custom-gpu-h264-shared-video-dag:1:205,1,205,damage,6017,257,6274,0.9590372967803634045266177877,
qualification-v2-gstreamer_custom-gpu-h264-shared-video-dag,qualification-v2-gstreamer_custom-gpu-h264-shared-video-dag:1:206,1,206,damage,2028,158,2186,0.9277218664226898444647758463,
qualification-v2-gstreamer_custom-gpu-h264-shared-video-dag,qualification-v2-gstreamer_custom-gpu-h264-shared-video-dag:1:207,1,207,damage,1013,98,1111,0.9117911791179117911791179118,
qualification-v2-gstreamer_custom-gpu-h264-shared-video-dag,qualification-v2-gstreamer_custom-gpu-h264-shared-video-dag:1:208,1,208,foreign_object,1013,112,1125,0.9004444444444444444444444444,
qualification-v2-gstreamer_custom-gpu-h264-shared-video-dag,qualification-v2-gstreamer_custom-gpu-h264-shared-video-dag:2:30,2,30,foreign_object,2041,445,2486,0.8209975864843121480289621883,
qualification-v2-gstreamer_custom-gpu-h264-shared-video-dag,qualification-v2-gstreamer_custom-gpu-h264-shared-video-dag:2:31,2,31,foreign_object,1021,388,1409,0.7246273953158268275372604684,
qualification-v2-gstreamer_custom-gpu-h264-shared-video-dag,qualification-v2-gstreamer_custom-gpu-h264-shared-video-dag:2:32,2,32,damage,1016,94,1110,0.9153153153153153153153153153,
qualification-v2-gstreamer_custom-gpu-h264-shared-video-dag,qualification-v2-gstreamer_custom-gpu-h264-shared-video-dag:2:33,2,33,foreign_object,6015,365,6380,0.9427899686520376175548589342,
qualification-v2-gstreamer_custom-gpu-h264-shared-video-dag,qualification-v2-gstreamer_custom-gpu-h264-shared-video-dag:2:34,2,34,vehicle_type,2027,173,2200,0.9213636363636363636363636364,
qualification-v2-gstreamer_custom-gpu-h264-shared-video-dag,qualification-v2-gstreamer_custom-gpu-h264-shared-video-dag:2:35,2,35,vehicle_type,1014,114,1128,0.8989361702127659574468085106,
qualification-v2-gstreamer_custom-gpu-h264-shared-video-dag,qualification-v2-gstreamer_custom-gpu-h264-shared-video-dag:2:36,2,36,damage,1014,97,1111,0.9126912691269126912691269127,
qualification-v2-gstreamer_custom-gpu-h264-shared-video-dag,qualification-v2-gstreamer_custom-gpu-h264-shared-video-dag:2:37,2,37,damage,6013,195,6208,0.9685889175257731958762886598,
qualification-v2-gstreamer_custom-gpu-h264-shared-video-dag,qualification-v2-gstreamer_custom-gpu-h264-shared-video-dag:2:38,2,38,plate_number,2027,162,2189,0.9259936043855641845591594335,
qualification-v2-gstreamer_custom-gpu-h264-shared-video-dag,qualification-v2-gstreamer_custom-gpu-h264-shared-video-dag:2:39,2,39,plate_number,1014,97,1111,0.9126912691269126912691269127,
qualification-v2-gstreamer_custom-gpu-h264-shared-video-dag,qualification-v2-gstreamer_custom-gpu-h264-shared-video-dag:2:40,2,40,vehicle_type,1014,97,1111,0.9126912691269126912691269127,
qualification-v2-gstreamer_custom-gpu-h264-shared-video-dag,qualification-v2-gstreamer_custom-gpu-h264-shared-video-dag:2:41,2,41,damage,6017,219,6236,0.9648813341885824246311738294,
qualification-v2-gstreamer_custom-gpu-h264-shared-video-dag,qualification-v2-gstreamer_custom-gpu-h264-shared-video-dag:2:42,2,42,vehicle_type,2037,444,2481,0.8210399032648125755743651753,
qualification-v2-gstreamer_custom-gpu-h264-shared-video-dag,qualification-v2-gstreamer_custom-gpu-h264-shared-video-dag:2:43,2,43,vehicle_type,1015,376,1391,0.7296908698777857656362329260,
qualification-v2-gstreamer_custom-gpu-h264-shared-video-dag,qualification-v2-gstreamer_custom-gpu-h264-shared-video-dag:2:44,2,44,foreign_object,1014,105,1119,0.9061662198391420911528150134,
qualification-v2-gstreamer_custom-gpu-h264-shared-video-dag,qualification-v2-gstreamer_custom-gpu-h264-shared-video-dag:2:45,2,45,foreign_object,6016,390,6406,0.9391195753980643147049640962,
qualification-v2-gstreamer_custom-gpu-h264-shared-video-dag,qualification-v2-gstreamer_custom-gpu-h264-shared-video-dag:2:46,2,46,plate_number,2027,160,2187,0.9268404206675811614083219021,
qualification-v2-gstreamer_custom-gpu-h264-shared-video-dag,qualification-v2-gstreamer_custom-gpu-h264-shared-video-dag:2:47,2,47,plate_number,1014,96,1110,0.9135135135135135135135135135,
qualification-v2-gstreamer_custom-gpu-h264-shared-video-dag,qualification-v2-gstreamer_custom-gpu-h264-shared-video-dag:2:48,2,48,foreign_object,1013,110,1123,0.9020480854853072128227960819,
qualification-v2-gstreamer_custom-gpu-h264-shared-video-dag,qualification-v2-gstreamer_custom-gpu-h264-shared-video-dag:2:49,2,49,foreign_object,6013,211,6224,0.9660989717223650385604113111,
qualification-v2-gstreamer_custom-gpu-h264-shared-video-dag,qualification-v2-gstreamer_custom-gpu-h264-shared-video-dag:2:50,2,50,damage,2028,157,2185,0.9281464530892448512585812357,
qualification-v2-gstreamer_custom-gpu-h264-shared-video-dag,qualification-v2-gstreamer_custom-gpu-h264-shared-video-dag:2:51,2,51,damage,1013,100,1113,0.9101527403414195867026055705,
qualification-v2-gstreamer_custom-gpu-h264-shared-video-dag,qualification-v2-gstreamer_custom-gpu-h264-shared-video-dag:2:52,2,52,foreign_object,1012,88,1100,0.92,
qualification-v2-gstreamer_custom-gpu-h264-shared-video-dag,qualification-v2-gstreamer_custom-gpu-h264-shared-video-dag:2:53,2,53,vehicle_type,6015,372,6387,0.9417566932832315641146077971,
qualification-v2-gstreamer_custom-gpu-h264-shared-video-dag,qualification-v2-gstreamer_custom-gpu-h264-shared-video-dag:2:54,2,54,foreign_object,2027,281,2308,0.8782495667244367417677642981,
qualification-v2-gstreamer_custom-gpu-h264-shared-video-dag,qualification-v2-gstreamer_custom-gpu-h264-shared-video-dag:2:55,2,55,foreign_object,1015,186,1201,0.8451290591174021648626144879,
qualification-v2-gstreamer_custom-gpu-h264-shared-video-dag,qualification-v2-gstreamer_custom-gpu-h264-shared-video-dag:2:56,2,56,foreign_object,1012,84,1096,0.9233576642335766423357664234,
qualification-v2-gstreamer_custom-gpu-h264-shared-video-dag,qualification-v2-gstreamer_custom-gpu-h264-shared-video-dag:2:57,2,57,plate_number,6012,344,6356,0.9458779106356198867212083071,
qualification-v2-gstreamer_custom-gpu-h264-shared-video-dag,qualification-v2-gstreamer_custom-gpu-h264-shared-video-dag:2:58,2,58,vehicle_type,2029,182,2211,0.9176843057440072365445499774,
qualification-v2-gstreamer_custom-gpu-h264-shared-video-dag,qualification-v2-gstreamer_custom-gpu-h264-shared-video-dag:2:59,2,59,vehicle_type,1015,114,1129,0.8990256864481842338352524358,
qualification-v2-gstreamer_custom-gpu-h264-shared-video-dag,qualification-v2-gstreamer_custom-gpu-h264-shared-video-dag:2:60,2,60,damage,1012,83,1095,0.9242009132420091324200913242,
qualification-v2-gstreamer_custom-gpu-h264-shared-video-dag,qualification-v2-gstreamer_custom-gpu-h264-shared-video-dag:2:61,2,61,foreign_object,6012,201,6213,0.9676484789956542732979237084,
qualification-v2-gstreamer_custom-gpu-h264-shared-video-dag,qualification-v2-gstreamer_custom-gpu-h264-shared-video-dag:2:62,2,62,damage,2033,151,2184,0.9308608058608058608058608059,
qualification-v2-gstreamer_custom-gpu-h264-shared-video-dag,qualification-v2-gstreamer_custom-gpu-h264-shared-video-dag:2:63,2,63,damage,1014,95,1109,0.9143372407574391343552750225,
qualification-v2-gstreamer_custom-gpu-h264-shared-video-dag,qualification-v2-gstreamer_custom-gpu-h264-shared-video-dag:2:64,2,64,plate_number,1013,92,1105,0.9167420814479638009049773756,
qualification-v2-gstreamer_custom-gpu-h264-shared-video-dag,qualification-v2-gstreamer_custom-gpu-h264-shared-video-dag:2:65,2,65,damage,6016,205,6221,0.9670470985372126667738305739,
qualification-v2-gstreamer_custom-gpu-h264-shared-video-dag,qualification-v2-gstreamer_custom-gpu-h264-shared-video-dag:2:66,2,66,foreign_object,2032,445,2477,0.8203471941865159467097295115,
qualification-v2-gstreamer_custom-gpu-h264-shared-video-dag,qualification-v2-gstreamer_custom-gpu-h264-shared-video-dag:2:67,2,67,foreign_object,1017,370,1387,0.7332372025955299206921413122,
qualification-v2-gstreamer_custom-gpu-h264-shared-video-dag,qualification-v2-gstreamer_custom-gpu-h264-shared-video-dag:2:68,2,68,foreign_object,1014,98,1112,0.9118705035971223021582733813,
qualification-v2-gstreamer_custom-gpu-h264-shared-video-dag,qualification-v2-gstreamer_custom-gpu-h264-shared-video-dag:2:69,2,69,damage,6015,376,6391,0.9411672664684712877483961821,
qualification-v2-gstreamer_custom-gpu-h264-shared-video-dag,qualification-v2-gstreamer_custom-gpu-h264-shared-video-dag:2:70,2,70,foreign_object,2031,150,2181,0.9312242090784044016506189821,
qualification-v2-gstreamer_custom-gpu-h264-shared-video-dag,qualification-v2-gstreamer_custom-gpu-h264-shared-video-dag:2:71,2,71,foreign_object,1014,91,1105,0.9176470588235294117647058824,
qualification-v2-gstreamer_custom-gpu-h264-shared-video-dag,qualification-v2-gstreamer_custom-gpu-h264-shared-video-dag:2:72,2,72,damage,1013,95,1108,0.9142599277978339350180505415,
qualification-v2-gstreamer_custom-gpu-h264-shared-video-dag,qualification-v2-gstreamer_custom-gpu-h264-shared-video-dag:2:73,2,73,plate_number,6013,192,6205,0.9690572119258662369057211926,
qualification-v2-gstreamer_custom-gpu-h264-shared-video-dag,qualification-v2-gstreamer_custom-gpu-h264-shared-video-dag:2:74,2,74,plate_number,2031,151,2182,0.9307974335472043996333638863,
qualification-v2-gstreamer_custom-gpu-h264-shared-video-dag,qualification-v2-gstreamer_custom-gpu-h264-shared-video-dag:2:75,2,75,plate_number,1013,95,1108,0.9142599277978339350180505415,
qualification-v2-gstreamer_custom-gpu-h264-shared-video-dag,qualification-v2-gstreamer_custom-gpu-h264-shared-video-dag:2:76,2,76,plate_number,1016,101,1117,0.9095792300805729632945389436,
qualification-v2-gstreamer_custom-gpu-h264-shared-video-dag,qualification-v2-gstreamer_custom-gpu-h264-shared-video-dag:2:77,2,77,foreign_object,6012,251,6263,0.9599233594124221619032412582,
qualification-v2-gstreamer_custom-gpu-h264-shared-video-dag,qualification-v2-gstreamer_custom-gpu-h264-shared-video-dag:2:78,2,78,damage,2031,419,2450,0.8289795918367346938775510204,
qualification-v2-gstreamer_custom-gpu-h264-shared-video-dag,qualification-v2-gstreamer_custom-gpu-h264-shared-video-dag:2:79,2,79,damage,1013,363,1376,0.7361918604651162790697674419,
qualification-v2-gstreamer_custom-gpu-h264-shared-video-dag,qualification-v2-gstreamer_custom-gpu-h264-shared-video-dag:2:80,2,80,foreign_object,1013,88,1101,0.9200726612170753860127157130,
qualification-v2-gstreamer_custom-gpu-h264-shared-video-dag,qualification-v2-gstreamer_custom-gpu-h264-shared-video-dag:2:81,2,81,plate_number,6014,367,6381,0.9424855038395235856448832471,
qualification-v2-gstreamer_custom-gpu-h264-shared-video-dag,qualification-v2-gstreamer_custom-gpu-h264-shared-video-dag:2:82,2,82,foreign_object,2025,159,2184,0.9271978021978021978021978022,
qualification-v2-gstreamer_custom-gpu-h264-shared-video-dag,qualification-v2-gstreamer_custom-gpu-h264-shared-video-dag:2:83,2,83,foreign_object,1014,95,1109,0.9143372407574391343552750225,
qualification-v2-gstreamer_custom-gpu-h264-shared-video-dag,qualification-v2-gstreamer_custom-gpu-h264-shared-video-dag:2:84,2,84,damage,1012,96,1108,0.9133574007220216606498194946,
qualification-v2-gstreamer_custom-gpu-h264-shared-video-dag,qualification-v2-gstreamer_custom-gpu-h264-shared-video-dag:2:85,2,85,damage,6013,169,6182,0.9726625687479780006470397929,
qualification-v2-gstreamer_custom-gpu-h264-shared-video-dag,qualification-v2-gstreamer_custom-gpu-h264-shared-video-dag:2:86,2,86,foreign_object,2026,165,2191,0.9246919214970333181195801004,
qualification-v2-gstreamer_custom-gpu-h264-shared-video-dag,qualification-v2-gstreamer_custom-gpu-h264-shared-video-dag:2:87,2,87,foreign_object,1013,105,1118,0.9060822898032200357781753131,
qualification-v2-gstreamer_custom-gpu-h264-shared-video-dag,qualification-v2-gstreamer_custom-gpu-h264-shared-video-dag:2:88,2,88,vehicle_type,1014,97,1111,0.9126912691269126912691269127,
qualification-v2-gstreamer_custom-gpu-h264-shared-video-dag,qualification-v2-gstreamer_custom-gpu-h264-shared-video-dag:2:89,2,89,plate_number,6012,261,6273,0.9583931133428981348637015782,
qualification-v2-gstreamer_custom-gpu-h264-shared-video-dag,qualification-v2-gstreamer_custom-gpu-h264-shared-video-dag:2:90,2,90,vehicle_type,2039,432,2471,0.8251719951436665317685147713,
qualification-v2-gstreamer_custom-gpu-h264-shared-video-dag,qualification-v2-gstreamer_custom-gpu-h264-shared-video-dag:2:91,2,91,vehicle_type,1020,374,1394,0.7317073170731707317073170732,
qualification-v2-gstreamer_custom-gpu-h264-shared-video-dag,qualification-v2-gstreamer_custom-gpu-h264-shared-video-dag:2:92,2,92,plate_number,1013,96,1109,0.9134355275022542831379621280,
qualification-v2-gstreamer_custom-gpu-h264-shared-video-dag,qualification-v2-gstreamer_custom-gpu-h264-shared-video-dag:2:93,2,93,foreign_object,6016,370,6386,0.9420607579079235828374569370,
qualification-v2-gstreamer_custom-gpu-h264-shared-video-dag,qualification-v2-gstreamer_custom-gpu-h264-shared-video-dag:2:94,2,94,plate_number,2034,153,2187,0.9300411522633744855967078189,
qualification-v2-gstreamer_custom-gpu-h264-shared-video-dag,qualification-v2-gstreamer_custom-gpu-h264-shared-video-dag:2:95,2,95,plate_number,1019,100,1119,0.9106344950848972296693476318,
qualification-v2-gstreamer_custom-gpu-h264-shared-video-dag,qualification-v2-gstreamer_custom-gpu-h264-shared-video-dag:2:96,2,96,foreign_object,1013,92,1105,0.9167420814479638009049773756,
qualification-v2-gstreamer_custom-gpu-h264-shared-video-dag,qualification-v2-gstreamer_custom-gpu-h264-shared-video-dag:2:97,2,97,vehicle_type,6012,188,6200,0.9696774193548387096774193548,
qualification-v2-gstreamer_custom-gpu-h264-shared-video-dag,qualification-v2-gstreamer_custom-gpu-h264-shared-video-dag:2:98,2,98,damage,2029,157,2186,0.9281793229643183897529734675,
qualification-v2-gstreamer_custom-gpu-h264-shared-video-dag,qualification-v2-gstreamer_custom-gpu-h264-shared-video-dag:2:99,2,99,damage,1015,97,1112,0.9127697841726618705035971223,
qualification-v2-gstreamer_custom-gpu-h264-shared-video-dag,qualification-v2-gstreamer_custom-gpu-h264-shared-video-dag:2:100,2,100,vehicle_type,1012,107,1119,0.9043789097408400357462019660,
qualification-v2-gstreamer_custom-gpu-h264-shared-video-dag,qualification-v2-gstreamer_custom-gpu-h264-shared-video-dag:2:101,2,101,vehicle_type,6017,384,6401,0.9400093735353850960787376972,
qualification-v2-gstreamer_custom-gpu-h264-shared-video-dag,qualification-v2-gstreamer_custom-gpu-h264-shared-video-dag:2:102,2,102,plate_number,2027,277,2304,0.8797743055555555555555555556,
qualification-v2-gstreamer_custom-gpu-h264-shared-video-dag,qualification-v2-gstreamer_custom-gpu-h264-shared-video-dag:2:103,2,103,plate_number,1013,165,1178,0.8599320882852292020373514431,
qualification-v2-gstreamer_custom-gpu-h264-shared-video-dag,qualification-v2-gstreamer_custom-gpu-h264-shared-video-dag:2:104,2,104,foreign_object,1014,100,1114,0.9102333931777378815080789946,
qualification-v2-gstreamer_custom-gpu-h264-shared-video-dag,qualification-v2-gstreamer_custom-gpu-h264-shared-video-dag:2:105,2,105,damage,6014,328,6342,0.9482812992746767581204667297,
qualification-v2-gstreamer_custom-gpu-h264-shared-video-dag,qualification-v2-gstreamer_custom-gpu-h264-shared-video-dag:2:106,2,106,foreign_object,2024,154,2178,0.9292929292929292929292929293,
qualification-v2-gstreamer_custom-gpu-h264-shared-video-dag,qualification-v2-gstreamer_custom-gpu-h264-shared-video-dag:2:107,2,107,foreign_object,1013,93,1106,0.9159132007233273056057866184,
qualification-v2-gstreamer_custom-gpu-h264-shared-video-dag,qualification-v2-gstreamer_custom-gpu-h264-shared-video-dag:2:108,2,108,damage,1012,104,1116,0.9068100358422939068100358423,
qualification-v2-gstreamer_custom-gpu-h264-shared-video-dag,qualification-v2-gstreamer_custom-gpu-h264-shared-video-dag:2:109,2,109,foreign_object,6011,235,6246,0.9623759205891770733269292347,
qualification-v2-gstreamer_custom-gpu-h264-shared-video-dag,qualification-v2-gstreamer_custom-gpu-h264-shared-video-dag:2:110,2,110,foreign_object,2025,158,2183,0.9276225377920293174530462666,
qualification-v2-gstreamer_custom-gpu-h264-shared-video-dag,qualification-v2-gstreamer_custom-gpu-h264-shared-video-dag:2:111,2,111,foreign_object,1013,103,1116,0.9077060931899641577060931900,
qualification-v2-gstreamer_custom-gpu-h264-shared-video-dag,qualification-v2-gstreamer_custom-gpu-h264-shared-video-dag:2:112,2,112,damage,1013,97,1110,0.9126126126126126126126126126,
qualification-v2-gstreamer_custom-gpu-h264-shared-video-dag,qualification-v2-gstreamer_custom-gpu-h264-shared-video-dag:2:113,2,113,foreign_object,6019,371,6390,0.9419405320813771517996870110,
qualification-v2-gstreamer_custom-gpu-h264-shared-video-dag,qualification-v2-gstreamer_custom-gpu-h264-shared-video-dag:2:114,2,114,foreign_object,2026,169,2195,0.9230068337129840546697038724,
qualification-v2-gstreamer_custom-gpu-h264-shared-video-dag,qualification-v2-gstreamer_custom-gpu-h264-shared-video-dag:2:115,2,115,foreign_object,1013,99,1112,0.9109712230215827338129496403,
qualification-v2-gstreamer_custom-gpu-h264-shared-video-dag,qualification-v2-gstreamer_custom-gpu-h264-shared-video-dag:2:116,2,116,damage,1013,107,1120,0.9044642857142857142857142857,
qualification-v2-gstreamer_custom-gpu-h264-shared-video-dag,qualification-v2-gstreamer_custom-gpu-h264-shared-video-dag:2:117,2,117,vehicle_type,6014,325,6339,0.9487300836094021138980911816,
qualification-v2-gstreamer_custom-gpu-h264-shared-video-dag,qualification-v2-gstreamer_custom-gpu-h264-shared-video-dag:2:118,2,118,foreign_object,2027,158,2185,0.9276887871853546910755148741,
qualification-v2-gstreamer_custom-gpu-h264-shared-video-dag,qualification-v2-gstreamer_custom-gpu-h264-shared-video-dag:2:119,2,119,foreign_object,1013,92,1105,0.9167420814479638009049773756,
qualification-v2-gstreamer_custom-gpu-h264-shared-video-dag,qualification-v2-gstreamer_custom-gpu-h264-shared-video-dag:2:120,2,120,damage,1013,143,1156,0.8762975778546712802768166090,
qualification-v2-gstreamer_custom-gpu-h264-shared-video-dag,qualification-v2-gstreamer_custom-gpu-h264-shared-video-dag:2:121,2,121,foreign_object,6012,222,6234,0.9643888354186717998075072185,
qualification-v2-gstreamer_custom-gpu-h264-shared-video-dag,qualification-v2-gstreamer_custom-gpu-h264-shared-video-dag:2:122,2,122,vehicle_type,2028,154,2182,0.9294225481209899175068744271,
qualification-v2-gstreamer_custom-gpu-h264-shared-video-dag,qualification-v2-gstreamer_custom-gpu-h264-shared-video-dag:2:123,2,123,vehicle_type,1013,99,1112,0.9109712230215827338129496403,
qualification-v2-gstreamer_custom-gpu-h264-shared-video-dag,qualification-v2-gstreamer_custom-gpu-h264-shared-video-dag:2:124,2,124,vehicle_type,1016,109,1125,0.9031111111111111111111111111,
qualification-v2-gstreamer_custom-gpu-h264-shared-video-dag,qualification-v2-gstreamer_custom-gpu-h264-shared-video-dag:2:125,2,125,vehicle_type,6016,348,6364,0.9453174104336895034569453174,
qualification-v2-gstreamer_custom-gpu-h264-shared-video-dag,qualification-v2-gstreamer_custom-gpu-h264-shared-video-dag:2:126,2,126,foreign_object,2024,182,2206,0.9174977334542157751586582049,
qualification-v2-gstreamer_custom-gpu-h264-shared-video-dag,qualification-v2-gstreamer_custom-gpu-h264-shared-video-dag:2:127,2,127,foreign_object,1012,116,1128,0.8971631205673758865248226950,
qualification-v2-gstreamer_custom-gpu-h264-shared-video-dag,qualification-v2-gstreamer_custom-gpu-h264-shared-video-dag:2:128,2,128,vehicle_type,1017,90,1107,0.9186991869918699186991869919,
qualification-v2-gstreamer_custom-gpu-h264-shared-video-dag,qualification-v2-gstreamer_custom-gpu-h264-shared-video-dag:2:129,2,129,foreign_object,6013,345,6358,0.9457376533501100975149418056,
qualification-v2-gstreamer_custom-gpu-h264-shared-video-dag,qualification-v2-gstreamer_custom-gpu-h264-shared-video-dag:2:130,2,130,damage,2026,162,2188,0.9259597806215722120658135283,
qualification-v2-gstreamer_custom-gpu-h264-shared-video-dag,qualification-v2-gstreamer_custom-gpu-h264-shared-video-dag:2:131,2,131,damage,1014,95,1109,0.9143372407574391343552750225,
qualification-v2-gstreamer_custom-gpu-h264-shared-video-dag,qualification-v2-gstreamer_custom-gpu-h264-shared-video-dag:2:132,2,132,foreign_object,1013,81,1094,0.9259597806215722120658135283,
qualification-v2-gstreamer_custom-gpu-h264-shared-video-dag,qualification-v2-gstreamer_custom-gpu-h264-shared-video-dag:2:133,2,133,damage,6013,230,6243,0.9631587377863206791606599391,
qualification-v2-gstreamer_custom-gpu-h264-shared-video-dag,qualification-v2-gstreamer_custom-gpu-h264-shared-video-dag:2:134,2,134,plate_number,2030,176,2206,0.9202175883952855847688123300,
qualification-v2-gstreamer_custom-gpu-h264-shared-video-dag,qualification-v2-gstreamer_custom-gpu-h264-shared-video-dag:2:135,2,135,plate_number,1014,111,1125,0.9013333333333333333333333333,
qualification-v2-gstreamer_custom-gpu-h264-shared-video-dag,qualification-v2-gstreamer_custom-gpu-h264-shared-video-dag:2:136,2,136,plate_number,1014,82,1096,0.9251824817518248175182481752,
qualification-v2-gstreamer_custom-gpu-h264-shared-video-dag,qualification-v2-gstreamer_custom-gpu-h264-shared-video-dag:2:137,2,137,damage,6015,364,6379,0.9429377645398965355071327794,
qualification-v2-gstreamer_custom-gpu-h264-shared-video-dag,qualification-v2-gstreamer_custom-gpu-h264-shared-video-dag:2:138,2,138,foreign_object,2027,187,2214,0.9155374887082204155374887082,
qualification-v2-gstreamer_custom-gpu-h264-shared-video-dag,qualification-v2-gstreamer_custom-gpu-h264-shared-video-dag:2:139,2,139,foreign_object,1013,125,1138,0.8901581722319859402460456942,
qualification-v2-gstreamer_custom-gpu-h264-shared-video-dag,qualification-v2-gstreamer_custom-gpu-h264-shared-video-dag:2:140,2,140,vehicle_type,1013,97,1110,0.9126126126126126126126126126,
qualification-v2-gstreamer_custom-gpu-h264-shared-video-dag,qualification-v2-gstreamer_custom-gpu-h264-shared-video-dag:2:141,2,141,vehicle_type,6011,342,6353,0.9461671651188414922084054777,
qualification-v2-gstreamer_custom-gpu-h264-shared-video-dag,qualification-v2-gstreamer_custom-gpu-h264-shared-video-dag:2:142,2,142,damage,2026,163,2189,0.9255367747830059387848332572,
qualification-v2-gstreamer_custom-gpu-h264-shared-video-dag,qualification-v2-gstreamer_custom-gpu-h264-shared-video-dag:2:143,2,143,damage,1013,102,1115,0.9085201793721973094170403587,
qualification-v2-gstreamer_custom-gpu-h264-shared-video-dag,qualification-v2-gstreamer_custom-gpu-h264-shared-video-dag:2:144,2,144,foreign_object,1014,83,1097,0.9243391066545123062898814950,
qualification-v2-gstreamer_custom-gpu-h264-shared-video-dag,qualification-v2-gstreamer_custom-gpu-h264-shared-video-dag:2:145,2,145,vehicle_type,6013,228,6241,0.9634673930459862201570261176,
qualification-v2-gstreamer_custom-gpu-h264-shared-video-dag,qualification-v2-gstreamer_custom-gpu-h264-shared-video-dag:2:146,2,146,damage,2028,163,2191,0.9256047466910086718393427659,
qualification-v2-gstreamer_custom-gpu-h264-shared-video-dag,qualification-v2-gstreamer_custom-gpu-h264-shared-video-dag:2:147,2,147,damage,1013,111,1124,0.9012455516014234875444839858,
qualification-v2-gstreamer_custom-gpu-h264-shared-video-dag,qualification-v2-gstreamer_custom-gpu-h264-shared-video-dag:2:148,2,148,foreign_object,1012,111,1123,0.9011576135351736420302760463,
qualification-v2-gstreamer_custom-gpu-h264-shared-video-dag,qualification-v2-gstreamer_custom-gpu-h264-shared-video-dag:2:149,2,149,foreign_object,6018,343,6361,0.9460776607451658544254048106,
qualification-v2-gstreamer_custom-gpu-h264-shared-video-dag,qualification-v2-gstreamer_custom-gpu-h264-shared-video-dag:2:150,2,150,vehicle_type,2027,171,2198,0.9222020018198362147406733394,
qualification-v2-gstreamer_custom-gpu-h264-shared-video-dag,qualification-v2-gstreamer_custom-gpu-h264-shared-video-dag:2:151,2,151,vehicle_type,1013,105,1118,0.9060822898032200357781753131,
qualification-v2-gstreamer_custom-gpu-h264-shared-video-dag,qualification-v2-gstreamer_custom-gpu-h264-shared-video-dag:2:152,2,152,foreign_object,1013,93,1106,0.9159132007233273056057866184,
qualification-v2-gstreamer_custom-gpu-h264-shared-video-dag,qualification-v2-gstreamer_custom-gpu-h264-shared-video-dag:2:153,2,153,damage,6012,330,6342,0.9479659413434247871333964049,
qualification-v2-gstreamer_custom-gpu-h264-shared-video-dag,qualification-v2-gstreamer_custom-gpu-h264-shared-video-dag:2:154,2,154,damage,2034,159,2193,0.9274965800273597811217510260,
qualification-v2-gstreamer_custom-gpu-h264-shared-video-dag,qualification-v2-gstreamer_custom-gpu-h264-shared-video-dag:2:155,2,155,damage,1014,97,1111,0.9126912691269126912691269127,
qualification-v2-gstreamer_custom-gpu-h264-shared-video-dag,qualification-v2-gstreamer_custom-gpu-h264-shared-video-dag:2:156,2,156,plate_number,1013,85,1098,0.9225865209471766848816029144,
qualification-v2-gstreamer_custom-gpu-h264-shared-video-dag,qualification-v2-gstreamer_custom-gpu-h264-shared-video-dag:2:157,2,157,damage,6013,211,6224,0.9660989717223650385604113111,
qualification-v2-gstreamer_custom-gpu-h264-shared-video-dag,qualification-v2-gstreamer_custom-gpu-h264-shared-video-dag:2:158,2,158,vehicle_type,2029,160,2189,0.9269072635906806761078117862,
qualification-v2-gstreamer_custom-gpu-h264-shared-video-dag,qualification-v2-gstreamer_custom-gpu-h264-shared-video-dag:2:159,2,159,vehicle_type,1012,101,1113,0.9092542677448337825696316262,
qualification-v2-gstreamer_custom-gpu-h264-shared-video-dag,qualification-v2-gstreamer_custom-gpu-h264-shared-video-dag:2:160,2,160,vehicle_type,1014,92,1106,0.9168173598553345388788426763,
qualification-v2-gstreamer_custom-gpu-h264-shared-video-dag,qualification-v2-gstreamer_custom-gpu-h264-shared-video-dag:2:161,2,161,damage,6017,357,6374,0.9439912143081267649827423910,
qualification-v2-gstreamer_custom-gpu-h264-shared-video-dag,qualification-v2-gstreamer_custom-gpu-h264-shared-video-dag:2:162,2,162,vehicle_type,2033,166,2199,0.9245111414279217826284674852,
qualification-v2-gstreamer_custom-gpu-h264-shared-video-dag,qualification-v2-gstreamer_custom-gpu-h264-shared-video-dag:2:163,2,163,vehicle_type,1017,103,1120,0.9080357142857142857142857143,
qualification-v2-gstreamer_custom-gpu-h264-shared-video-dag,qualification-v2-gstreamer_custom-gpu-h264-shared-video-dag:2:164,2,164,plate_number,1016,95,1111,0.9144914491449144914491449145,
qualification-v2-gstreamer_custom-gpu-h264-shared-video-dag,qualification-v2-gstreamer_custom-gpu-h264-shared-video-dag:2:165,2,165,damage,6014,335,6349,0.9472357851630177980784375492,
qualification-v2-gstreamer_custom-gpu-h264-shared-video-dag,qualification-v2-gstreamer_custom-gpu-h264-shared-video-dag:2:166,2,166,foreign_object,2031,169,2200,0.9231818181818181818181818182,
qualification-v2-gstreamer_custom-gpu-h264-shared-video-dag,qualification-v2-gstreamer_custom-gpu-h264-shared-video-dag:2:167,2,167,foreign_object,1014,107,1121,0.9045495093666369313113291704,
qualification-v2-gstreamer_custom-gpu-h264-shared-video-dag,qualification-v2-gstreamer_custom-gpu-h264-shared-video-dag:2:168,2,168,foreign_object,1016,87,1103,0.9211242067089755213055303717,
qualification-v2-gstreamer_custom-gpu-h264-shared-video-dag,qualification-v2-gstreamer_custom-gpu-h264-shared-video-dag:2:169,2,169,foreign_object,6012,227,6239,0.9636159640968103862798525405,
qualification-v2-gstreamer_custom-gpu-h264-shared-video-dag,qualification-v2-gstreamer_custom-gpu-h264-shared-video-dag:2:170,2,170,foreign_object,2029,154,2183,0.9294548786074209803023362345,
qualification-v2-gstreamer_custom-gpu-h264-shared-video-dag,qualification-v2-gstreamer_custom-gpu-h264-shared-video-dag:2:171,2,171,foreign_object,1015,87,1102,0.9210526315789473684210526316,
qualification-v2-gstreamer_custom-gpu-h264-shared-video-dag,qualification-v2-gstreamer_custom-gpu-h264-shared-video-dag:2:172,2,172,foreign_object,1015,118,1133,0.8958517210944395410414827891,
qualification-v2-gstreamer_custom-gpu-h264-shared-video-dag,qualification-v2-gstreamer_custom-gpu-h264-shared-video-dag:2:173,2,173,damage,6016,347,6363,0.9454659751689454659751689455,
qualification-v2-gstreamer_custom-gpu-h264-shared-video-dag,qualification-v2-gstreamer_custom-gpu-h264-shared-video-dag:2:174,2,174,plate_number,2028,177,2205,0.9197278911564625850340136054,
qualification-v2-gstreamer_custom-gpu-h264-shared-video-dag,qualification-v2-gstreamer_custom-gpu-h264-shared-video-dag:2:175,2,175,plate_number,1014,104,1118,0.9069767441860465116279069767,
qualification-v2-gstreamer_custom-gpu-h264-shared-video-dag,qualification-v2-gstreamer_custom-gpu-h264-shared-video-dag:2:176,2,176,damage,1012,109,1121,0.9027653880463871543264942016,
qualification-v2-gstreamer_custom-gpu-h264-shared-video-dag,qualification-v2-gstreamer_custom-gpu-h264-shared-video-dag:2:177,2,177,damage,6013,328,6341,0.9482731430373758082321400410,
qualification-v2-gstreamer_custom-gpu-h264-shared-video-dag,qualification-v2-gstreamer_custom-gpu-h264-shared-video-dag:2:178,2,178,plate_number,2027,176,2203,0.9201089423513390830685428961,
qualification-v2-gstreamer_custom-gpu-h264-shared-video-dag,qualification-v2-gstreamer_custom-gpu-h264-shared-video-dag:2:179,2,179,plate_number,1014,116,1130,0.8973451327433628318584070796,
qualification-v2-gstreamer_custom-gpu-h264-shared-video-dag,qualification-v2-gstreamer_custom-gpu-h264-shared-video-dag:2:180,2,180,damage,1015,87,1102,0.9210526315789473684210526316,
qualification-v2-gstreamer_custom-gpu-h264-shared-video-dag,qualification-v2-gstreamer_custom-gpu-h264-shared-video-dag:2:181,2,181,plate_number,6013,208,6221,0.9665648609548304131168622408,
qualification-v2-gstreamer_custom-gpu-h264-shared-video-dag,qualification-v2-gstreamer_custom-gpu-h264-shared-video-dag:2:182,2,182,damage,2028,142,2170,0.9345622119815668202764976959,
qualification-v2-gstreamer_custom-gpu-h264-shared-video-dag,qualification-v2-gstreamer_custom-gpu-h264-shared-video-dag:2:183,2,183,damage,1013,81,1094,0.9259597806215722120658135283,
qualification-v2-gstreamer_custom-gpu-h264-shared-video-dag,qualification-v2-gstreamer_custom-gpu-h264-shared-video-dag:2:184,2,184,plate_number,1015,93,1108,0.9160649819494584837545126354,
qualification-v2-gstreamer_custom-gpu-h264-shared-video-dag,qualification-v2-gstreamer_custom-gpu-h264-shared-video-dag:2:185,2,185,foreign_object,6015,328,6343,0.9482894529402490934888853855,
qualification-v2-gstreamer_custom-gpu-h264-shared-video-dag,qualification-v2-gstreamer_custom-gpu-h264-shared-video-dag:2:186,2,186,foreign_object,2028,175,2203,0.9205628688152519291874716296,
qualification-v2-gstreamer_custom-gpu-h264-shared-video-dag,qualification-v2-gstreamer_custom-gpu-h264-shared-video-dag:2:187,2,187,foreign_object,1014,107,1121,0.9045495093666369313113291704,
qualification-v2-gstreamer_custom-gpu-h264-shared-video-dag,qualification-v2-gstreamer_custom-gpu-h264-shared-video-dag:2:188,2,188,vehicle_type,1016,96,1112,0.9136690647482014388489208633,
qualification-v2-gstreamer_custom-gpu-h264-shared-video-dag,qualification-v2-gstreamer_custom-gpu-h264-shared-video-dag:2:189,2,189,foreign_object,6016,348,6364,0.9453174104336895034569453174,
qualification-v2-gstreamer_custom-gpu-h264-shared-video-dag,qualification-v2-gstreamer_custom-gpu-h264-shared-video-dag:2:190,2,190,foreign_object,2028,161,2189,0.9264504339881224303334856099,
qualification-v2-gstreamer_custom-gpu-h264-shared-video-dag,qualification-v2-gstreamer_custom-gpu-h264-shared-video-dag:2:191,2,191,foreign_object,1013,95,1108,0.9142599277978339350180505415,
qualification-v2-gstreamer_custom-gpu-h264-shared-video-dag,qualification-v2-gstreamer_custom-gpu-h264-shared-video-dag:2:192,2,192,plate_number,1014,127,1141,0.8886941279579316389132340053,
qualification-v2-gstreamer_custom-gpu-h264-shared-video-dag,qualification-v2-gstreamer_custom-gpu-h264-shared-video-dag:2:193,2,193,damage,6014,189,6203,0.9695308721586329195550540061,
qualification-v2-gstreamer_custom-gpu-h264-shared-video-dag,qualification-v2-gstreamer_custom-gpu-h264-shared-video-dag:2:194,2,194,foreign_object,2027,168,2195,0.9234624145785876993166287016,
qualification-v2-gstreamer_custom-gpu-h264-shared-video-dag,qualification-v2-gstreamer_custom-gpu-h264-shared-video-dag:2:195,2,195,foreign_object,1014,103,1117,0.9077887197851387645478961504,
qualification-v2-gstreamer_custom-gpu-h264-shared-video-dag,qualification-v2-gstreamer_custom-gpu-h264-shared-video-dag:2:196,2,196,damage,1016,126,1142,0.8896672504378283712784588441,
qualification-v2-gstreamer_custom-gpu-h264-shared-video-dag,qualification-v2-gstreamer_custom-gpu-h264-shared-video-dag:2:197,2,197,vehicle_type,6014,348,6362,0.9453002200565859792518076077,
qualification-v2-gstreamer_custom-gpu-h264-shared-video-dag,qualification-v2-gstreamer_custom-gpu-h264-shared-video-dag:2:198,2,198,foreign_object,2034,228,2262,0.8992042440318302387267904509,
qualification-v2-gstreamer_custom-gpu-h264-shared-video-dag,qualification-v2-gstreamer_custom-gpu-h264-shared-video-dag:2:199,2,199,foreign_object,1015,128,1143,0.8880139982502187226596675416,
qualification-v2-gstreamer_custom-gpu-h264-shared-video-dag,qualification-v2-gstreamer_custom-gpu-h264-shared-video-dag:2:200,2,200,plate_number,1014,104,1118,0.9069767441860465116279069767,
qualification-v2-gstreamer_custom-gpu-h264-shared-video-dag,qualification-v2-gstreamer_custom-gpu-h264-shared-video-dag:2:201,2,201,foreign_object,6012,329,6341,0.9481154392051726856962624192,
qualification-v2-gstreamer_custom-gpu-h264-shared-video-dag,qualification-v2-gstreamer_custom-gpu-h264-shared-video-dag:2:202,2,202,damage,2026,175,2201,0.9204906860517946388005452067,
qualification-v2-gstreamer_custom-gpu-h264-shared-video-dag,qualification-v2-gstreamer_custom-gpu-h264-shared-video-dag:2:203,2,203,damage,1015,113,1128,0.8998226950354609929078014184,
qualification-v2-gstreamer_custom-gpu-h264-shared-video-dag,qualification-v2-gstreamer_custom-gpu-h264-shared-video-dag:2:204,2,204,foreign_object,1013,95,1108,0.9142599277978339350180505415,
qualification-v2-gstreamer_custom-gpu-h264-shared-video-dag,qualification-v2-gstreamer_custom-gpu-h264-shared-video-dag:2:205,2,205,foreign_object,6015,181,6196,0.9707876049063912201420271143,
qualification-v2-gstreamer_custom-gpu-h264-shared-video-dag,qualification-v2-gstreamer_custom-gpu-h264-shared-video-dag:2:206,2,206,damage,2031,158,2189,0.9278209227957971676564641389,
qualification-v2-gstreamer_custom-gpu-h264-shared-video-dag,qualification-v2-gstreamer_custom-gpu-h264-shared-video-dag:2:207,2,207,damage,1013,103,1116,0.9077060931899641577060931900,
qualification-v2-gstreamer_custom-gpu-h264-shared-video-dag,qualification-v2-gstreamer_custom-gpu-h264-shared-video-dag:2:208,2,208,vehicle_type,1012,116,1128,0.8971631205673758865248226950,
qualification-v2-gstreamer_custom-gpu-h264-shared-video-dag,qualification-v2-gstreamer_custom-gpu-h264-shared-video-dag:3:30,3,30,vehicle_type,2028,440,2468,0.8217179902755267423014586710,
qualification-v2-gstreamer_custom-gpu-h264-shared-video-dag,qualification-v2-gstreamer_custom-gpu-h264-shared-video-dag:3:31,3,31,vehicle_type,1016,362,1378,0.7373004354136429608127721335,
qualification-v2-gstreamer_custom-gpu-h264-shared-video-dag,qualification-v2-gstreamer_custom-gpu-h264-shared-video-dag:3:32,3,32,damage,1014,83,1097,0.9243391066545123062898814950,
qualification-v2-gstreamer_custom-gpu-h264-shared-video-dag,qualification-v2-gstreamer_custom-gpu-h264-shared-video-dag:3:33,3,33,plate_number,6019,374,6393,0.9414985139996871578288753324,
qualification-v2-gstreamer_custom-gpu-h264-shared-video-dag,qualification-v2-gstreamer_custom-gpu-h264-shared-video-dag:3:34,3,34,plate_number,2028,156,2184,0.9285714285714285714285714286,
qualification-v2-gstreamer_custom-gpu-h264-shared-video-dag,qualification-v2-gstreamer_custom-gpu-h264-shared-video-dag:3:35,3,35,plate_number,1014,102,1116,0.9086021505376344086021505376,
qualification-v2-gstreamer_custom-gpu-h264-shared-video-dag,qualification-v2-gstreamer_custom-gpu-h264-shared-video-dag:3:36,3,36,foreign_object,1013,89,1102,0.9192377495462794918330308530,
qualification-v2-gstreamer_custom-gpu-h264-shared-video-dag,qualification-v2-gstreamer_custom-gpu-h264-shared-video-dag:3:37,3,37,damage,6013,169,6182,0.9726625687479780006470397929,
qualification-v2-gstreamer_custom-gpu-h264-shared-video-dag,qualification-v2-gstreamer_custom-gpu-h264-shared-video-dag:3:38,3,38,vehicle_type,2032,148,2180,0.9321100917431192660550458716,
qualification-v2-gstreamer_custom-gpu-h264-shared-video-dag,qualification-v2-gstreamer_custom-gpu-h264-shared-video-dag:3:39,3,39,vehicle_type,1015,87,1102,0.9210526315789473684210526316,
qualification-v2-gstreamer_custom-gpu-h264-shared-video-dag,qualification-v2-gstreamer_custom-gpu-h264-shared-video-dag:3:40,3,40,vehicle_type,1014,107,1121,0.9045495093666369313113291704,
qualification-v2-gstreamer_custom-gpu-h264-shared-video-dag,qualification-v2-gstreamer_custom-gpu-h264-shared-video-dag:3:41,3,41,damage,6013,177,6190,0.9714054927302100161550888530,
qualification-v2-gstreamer_custom-gpu-h264-shared-video-dag,qualification-v2-gstreamer_custom-gpu-h264-shared-video-dag:3:42,3,42,damage,2030,452,2482,0.8178887993553585817888799355,
qualification-v2-gstreamer_custom-gpu-h264-shared-video-dag,qualification-v2-gstreamer_custom-gpu-h264-shared-video-dag:3:43,3,43,damage,1017,386,1403,0.7248752672843905915894511761,
qualification-v2-gstreamer_custom-gpu-h264-shared-video-dag,qualification-v2-gstreamer_custom-gpu-h264-shared-video-dag:3:44,3,44,foreign_object,1015,98,1113,0.9119496855345911949685534591,
qualification-v2-gstreamer_custom-gpu-h264-shared-video-dag,qualification-v2-gstreamer_custom-gpu-h264-shared-video-dag:3:45,3,45,damage,6016,381,6397,0.9404408316398311708613412537,
qualification-v2-gstreamer_custom-gpu-h264-shared-video-dag,qualification-v2-gstreamer_custom-gpu-h264-shared-video-dag:3:46,3,46,vehicle_type,2027,165,2192,0.9247262773722627737226277372,
qualification-v2-gstreamer_custom-gpu-h264-shared-video-dag,qualification-v2-gstreamer_custom-gpu-h264-shared-video-dag:3:47,3,47,vehicle_type,1013,93,1106,0.9159132007233273056057866184,
qualification-v2-gstreamer_custom-gpu-h264-shared-video-dag,qualification-v2-gstreamer_custom-gpu-h264-shared-video-dag:3:48,3,48,foreign_object,1012,104,1116,0.9068100358422939068100358423,
qualification-v2-gstreamer_custom-gpu-h264-shared-video-dag,qualification-v2-gstreamer_custom-gpu-h264-shared-video-dag:3:49,3,49,foreign_object,6012,197,6209,0.9682718634240618457078434531,
qualification-v2-gstreamer_custom-gpu-h264-shared-video-dag,qualification-v2-gstreamer_custom-gpu-h264-shared-video-dag:3:50,3,50,plate_number,2026,155,2181,0.9289316827143512150389729482,
qualification-v2-gstreamer_custom-gpu-h264-shared-video-dag,qualification-v2-gstreamer_custom-gpu-h264-shared-video-dag:3:51,3,51,plate_number,1013,101,1114,0.9093357271095152603231597846,
qualification-v2-gstreamer_custom-gpu-h264-shared-video-dag,qualification-v2-gstreamer_custom-gpu-h264-shared-video-dag:3:52,3,52,damage,1015,91,1106,0.9177215189873417721518987342,
qualification-v2-gstreamer_custom-gpu-h264-shared-video-dag,qualification-v2-gstreamer_custom-gpu-h264-shared-video-dag:3:53,3,53,foreign_object,6017,381,6398,0.9404501406689590497030321976,
qualification-v2-gstreamer_custom-gpu-h264-shared-video-dag,qualification-v2-gstreamer_custom-gpu-h264-shared-video-dag:3:54,3,54,foreign_object,2026,241,2267,0.8936921041023378914865460962,
qualification-v2-gstreamer_custom-gpu-h264-shared-video-dag,qualification-v2-gstreamer_custom-gpu-h264-shared-video-dag:3:55,3,55,foreign_object,1014,146,1160,0.8741379310344827586206896552,
qualification-v2-gstreamer_custom-gpu-h264-shared-video-dag,qualification-v2-gstreamer_custom-gpu-h264-shared-video-dag:3:56,3,56,damage,1014,93,1107,0.9159891598915989159891598916,
qualification-v2-gstreamer_custom-gpu-h264-shared-video-dag,qualification-v2-gstreamer_custom-gpu-h264-shared-video-dag:3:57,3,57,damage,6013,350,6363,0.9449944994499449944994499450,
qualification-v2-gstreamer_custom-gpu-h264-shared-video-dag,qualification-v2-gstreamer_custom-gpu-h264-shared-video-dag:3:58,3,58,plate_number,2029,176,2205,0.9201814058956916099773242630,
qualification-v2-gstreamer_custom-gpu-h264-shared-video-dag,qualification-v2-gstreamer_custom-gpu-h264-shared-video-dag:3:59,3,59,plate_number,1014,107,1121,0.9045495093666369313113291704,
qualification-v2-gstreamer_custom-gpu-h264-shared-video-dag,qualification-v2-gstreamer_custom-gpu-h264-shared-video-dag:3:60,3,60,vehicle_type,1012,83,1095,0.9242009132420091324200913242,
qualification-v2-gstreamer_custom-gpu-h264-shared-video-dag,qualification-v2-gstreamer_custom-gpu-h264-shared-video-dag:3:61,3,61,foreign_object,6013,187,6200,0.9698387096774193548387096774,
qualification-v2-gstreamer_custom-gpu-h264-shared-video-dag,qualification-v2-gstreamer_custom-gpu-h264-shared-video-dag:3:62,3,62,foreign_object,2026,155,2181,0.9289316827143512150389729482,
qualification-v2-gstreamer_custom-gpu-h264-shared-video-dag,qualification-v2-gstreamer_custom-gpu-h264-shared-video-dag:3:63,3,63,foreign_object,1013,100,1113,0.9101527403414195867026055705,
qualification-v2-gstreamer_custom-gpu-h264-shared-video-dag,qualification-v2-gstreamer_custom-gpu-h264-shared-video-dag:3:64,3,64,foreign_object,1014,106,1120,0.9053571428571428571428571429,
qualification-v2-gstreamer_custom-gpu-h264-shared-video-dag,qualification-v2-gstreamer_custom-gpu-h264-shared-video-dag:3:65,3,65,vehicle_type,6013,177,6190,0.9714054927302100161550888530,
qualification-v2-gstreamer_custom-gpu-h264-shared-video-dag,qualification-v2-gstreamer_custom-gpu-h264-shared-video-dag:3:66,3,66,damage,2030,453,2483,0.8175594039468385018123238019,
qualification-v2-gstreamer_custom-gpu-h264-shared-video-dag,qualification-v2-gstreamer_custom-gpu-h264-shared-video-dag:3:67,3,67,damage,1015,391,1406,0.7219061166429587482219061166,
qualification-v2-gstreamer_custom-gpu-h264-shared-video-dag,qualification-v2-gstreamer_custom-gpu-h264-shared-video-dag:3:68,3,68,foreign_object,1013,87,1100,0.9209090909090909090909090909,
qualification-v2-gstreamer_custom-gpu-h264-shared-video-dag,qualification-v2-gstreamer_custom-gpu-h264-shared-video-dag:3:69,3,69,foreign_object,6016,378,6394,0.9408820769471379418204566781,
qualification-v2-gstreamer_custom-gpu-h264-shared-video-dag,qualification-v2-gstreamer_custom-gpu-h264-shared-video-dag:3:70,3,70,foreign_object,2028,166,2194,0.9243391066545123062898814950,
qualification-v2-gstreamer_custom-gpu-h264-shared-video-dag,qualification-v2-gstreamer_custom-gpu-h264-shared-video-dag:3:71,3,71,foreign_object,1014,102,1116,0.9086021505376344086021505376,
qualification-v2-gstreamer_custom-gpu-h264-shared-video-dag,qualification-v2-gstreamer_custom-gpu-h264-shared-video-dag:3:72,3,72,damage,1012,88,1100,0.92,
qualification-v2-gstreamer_custom-gpu-h264-shared-video-dag,qualification-v2-gstreamer_custom-gpu-h264-shared-video-dag:3:73,3,73,damage,6012,152,6164,0.9753406878650227125243348475,
qualification-v2-gstreamer_custom-gpu-h264-shared-video-dag,qualification-v2-gstreamer_custom-gpu-h264-shared-video-dag:3:74,3,74,plate_number,2027,152,2179,0.9302432308398347865993575034,
qualification-v2-gstreamer_custom-gpu-h264-shared-video-dag,qualification-v2-gstreamer_custom-gpu-h264-shared-video-dag:3:75,3,75,plate_number,1013,100,1113,0.9101527403414195867026055705,
qualification-v2-gstreamer_custom-gpu-h264-shared-video-dag,qualification-v2-gstreamer_custom-gpu-h264-shared-video-dag:3:76,3,76,damage,1012,92,1104,0.9166666666666666666666666667,
qualification-v2-gstreamer_custom-gpu-h264-shared-video-dag,qualification-v2-gstreamer_custom-gpu-h264-shared-video-dag:3:77,3,77,damage,6012,200,6212,0.9678042498390212491951062460,
qualification-v2-gstreamer_custom-gpu-h264-shared-video-dag,qualification-v2-gstreamer_custom-gpu-h264-shared-video-dag:3:78,3,78,plate_number,2035,441,2476,0.8218901453957996768982229402,
qualification-v2-gstreamer_custom-gpu-h264-shared-video-dag,qualification-v2-gstreamer_custom-gpu-h264-shared-video-dag:3:79,3,79,plate_number,1019,381,1400,0.7278571428571428571428571429,
qualification-v2-gstreamer_custom-gpu-h264-shared-video-dag,qualification-v2-gstreamer_custom-gpu-h264-shared-video-dag:3:80,3,80,foreign_object,1012,98,1110,0.9117117117117117117117117117,
qualification-v2-gstreamer_custom-gpu-h264-shared-video-dag,qualification-v2-gstreamer_custom-gpu-h264-shared-video-dag:3:81,3,81,foreign_object,6018,366,6384,0.9426691729323308270676691729,
qualification-v2-gstreamer_custom-gpu-h264-shared-video-dag,qualification-v2-gstreamer_custom-gpu-h264-shared-video-dag:3:82,3,82,plate_number,2027,141,2168,0.9349630996309963099630996310,
qualification-v2-gstreamer_custom-gpu-h264-shared-video-dag,qualification-v2-gstreamer_custom-gpu-h264-shared-video-dag:3:83,3,83,plate_number,1014,82,1096,0.9251824817518248175182481752,
qualification-v2-gstreamer_custom-gpu-h264-shared-video-dag,qualification-v2-gstreamer_custom-gpu-h264-shared-video-dag:3:84,3,84,foreign_object,1012,97,1109,0.9125338142470694319206492335,
qualification-v2-gstreamer_custom-gpu-h264-shared-video-dag,qualification-v2-gstreamer_custom-gpu-h264-shared-video-dag:3:85,3,85,vehicle_type,6012,238,6250,0.96192,
qualification-v2-gstreamer_custom-gpu-h264-shared-video-dag,qualification-v2-gstreamer_custom-gpu-h264-shared-video-dag:3:86,3,86,foreign_object,2029,151,2180,0.9307339449541284403669724771,
qualification-v2-gstreamer_custom-gpu-h264-shared-video-dag,qualification-v2-gstreamer_custom-gpu-h264-shared-video-dag:3:87,3,87,foreign_object,1016,88,1104,0.9202898550724637681159420290,
qualification-v2-gstreamer_custom-gpu-h264-shared-video-dag,qualification-v2-gstreamer_custom-gpu-h264-shared-video-dag:3:88,3,88,damage,1014,112,1126,0.9005328596802841918294849023,
qualification-v2-gstreamer_custom-gpu-h264-shared-video-dag,qualification-v2-gstreamer_custom-gpu-h264-shared-video-dag:3:89,3,89,damage,6013,229,6242,0.9633130406920858699134892663,
qualification-v2-gstreamer_custom-gpu-h264-shared-video-dag,qualification-v2-gstreamer_custom-gpu-h264-shared-video-dag:3:90,3,90,vehicle_type,2034,428,2462,0.8261575954508529650690495532,
qualification-v2-gstreamer_custom-gpu-h264-shared-video-dag,qualification-v2-gstreamer_custom-gpu-h264-shared-video-dag:3:91,3,91,vehicle_type,1016,374,1390,0.7309352517985611510791366906,
qualification-v2-gstreamer_custom-gpu-h264-shared-video-dag,qualification-v2-gstreamer_custom-gpu-h264-shared-video-dag:3:92,3,92,foreign_object,1014,88,1102,0.9201451905626134301270417423,
qualification-v2-gstreamer_custom-gpu-h264-shared-video-dag,qualification-v2-gstreamer_custom-gpu-h264-shared-video-dag:3:93,3,93,damage,6015,373,6388,0.9416092673763306199123356293,
qualification-v2-gstreamer_custom-gpu-h264-shared-video-dag,qualification-v2-gstreamer_custom-gpu-h264-shared-video-dag:3:94,3,94,damage,2026,154,2180,0.9293577981651376146788990826,
qualification-v2-gstreamer_custom-gpu-h264-shared-video-dag,qualification-v2-gstreamer_custom-gpu-h264-shared-video-dag:3:95,3,95,damage,1013,98,1111,0.9117911791179117911791179118,
qualification-v2-gstreamer_custom-gpu-h264-shared-video-dag,qualification-v2-gstreamer_custom-gpu-h264-shared-video-dag:3:96,3,96,foreign_object,1014,103,1117,0.9077887197851387645478961504,
qualification-v2-gstreamer_custom-gpu-h264-shared-video-dag,qualification-v2-gstreamer_custom-gpu-h264-shared-video-dag:3:97,3,97,foreign_object,6013,199,6212,0.9679652285898261429491307147,
qualification-v2-gstreamer_custom-gpu-h264-shared-video-dag,qualification-v2-gstreamer_custom-gpu-h264-shared-video-dag:3:98,3,98,foreign_object,2025,156,2181,0.9284731774415405777166437414,
qualification-v2-gstreamer_custom-gpu-h264-shared-video-dag,qualification-v2-gstreamer_custom-gpu-h264-shared-video-dag:3:99,3,99,foreign_object,1012,98,1110,0.9117117117117117117117117117,
qualification-v2-gstreamer_custom-gpu-h264-shared-video-dag,qualification-v2-gstreamer_custom-gpu-h264-shared-video-dag:3:100,3,100,foreign_object,1013,111,1124,0.9012455516014234875444839858,
qualification-v2-gstreamer_custom-gpu-h264-shared-video-dag,qualification-v2-gstreamer_custom-gpu-h264-shared-video-dag:3:101,3,101,plate_number,6016,370,6386,0.9420607579079235828374569370,
qualification-v2-gstreamer_custom-gpu-h264-shared-video-dag,qualification-v2-gstreamer_custom-gpu-h264-shared-video-dag:3:102,3,102,damage,2029,263,2292,0.8852530541012216404886561955,
qualification-v2-gstreamer_custom-gpu-h264-shared-video-dag,qualification-v2-gstreamer_custom-gpu-h264-shared-video-dag:3:103,3,103,damage,1014,159,1173,0.8644501278772378516624040921,
qualification-v2-gstreamer_custom-gpu-h264-shared-video-dag,qualification-v2-gstreamer_custom-gpu-h264-shared-video-dag:3:104,3,104,vehicle_type,1012,99,1111,0.9108910891089108910891089109,
qualification-v2-gstreamer_custom-gpu-h264-shared-video-dag,qualification-v2-gstreamer_custom-gpu-h264-shared-video-dag:3:105,3,105,foreign_object,6012,327,6339,0.9484145764316138192143871273,
qualification-v2-gstreamer_custom-gpu-h264-shared-video-dag,qualification-v2-gstreamer_custom-gpu-h264-shared-video-dag:3:106,3,106,foreign_object,2030,178,2208,0.9193840579710144927536231884,
qualification-v2-gstreamer_custom-gpu-h264-shared-video-dag,qualification-v2-gstreamer_custom-gpu-h264-shared-video-dag:3:107,3,107,foreign_object,1012,114,1126,0.8987566607460035523978685613,
qualification-v2-gstreamer_custom-gpu-h264-shared-video-dag,qualification-v2-gstreamer_custom-gpu-h264-shared-video-dag:3:108,3,108,damage,1012,91,1103,0.9174977334542157751586582049,
qualification-v2-gstreamer_custom-gpu-h264-shared-video-dag,qualification-v2-gstreamer_custom-gpu-h264-shared-video-dag:3:109,3,109,plate_number,6011,206,6217,0.9668650474505388451021392955,
qualification-v2-gstreamer_custom-gpu-h264-shared-video-dag,qualification-v2-gstreamer_custom-gpu-h264-shared-video-dag:3:110,3,110,plate_number,2028,163,2191,0.9256047466910086718393427659,
qualification-v2-gstreamer_custom-gpu-h264-shared-video-dag,qualification-v2-gstreamer_custom-gpu-h264-shared-video-dag:3:111,3,111,plate_number,1012,106,1118,0.9051878354203935599284436494,
qualification-v2-gstreamer_custom-gpu-h264-shared-video-dag,qualification-v2-gstreamer_custom-gpu-h264-shared-video-dag:3:112,3,112,vehicle_type,1013,118,1131,0.8956675508399646330680813439,
qualification-v2-gstreamer_custom-gpu-h264-shared-video-dag,qualification-v2-gstreamer_custom-gpu-h264-shared-video-dag:3:113,3,113,plate_number,6019,366,6385,0.9426781519185591229444009397,
qualification-v2-gstreamer_custom-gpu-h264-shared-video-dag,qualification-v2-gstreamer_custom-gpu-h264-shared-video-dag:3:114,3,114,vehicle_type,2030,178,2208,0.9193840579710144927536231884,
qualification-v2-gstreamer_custom-gpu-h264-shared-video-dag,qualification-v2-gstreamer_custom-gpu-h264-shared-video-dag:3:115,3,115,vehicle_type,1018,107,1125,0.9048888888888888888888888889,
qualification-v2-gstreamer_custom-gpu-h264-shared-video-dag,qualification-v2-gstreamer_custom-gpu-h264-shared-video-dag:3:116,3,116,vehicle_type,1014,111,1125,0.9013333333333333333333333333,
qualification-v2-gstreamer_custom-gpu-h264-shared-video-dag,qualification-v2-gstreamer_custom-gpu-h264-shared-video-dag:3:117,3,117,damage,6012,337,6349,0.9469207749251850685147267286,
qualification-v2-gstreamer_custom-gpu-h264-shared-video-dag,qualification-v2-gstreamer_custom-gpu-h264-shared-video-dag:3:118,3,118,foreign_object,2025,167,2192,0.9238138686131386861313868613,
qualification-v2-gstreamer_custom-gpu-h264-shared-video-dag,qualification-v2-gstreamer_custom-gpu-h264-shared-video-dag:3:119,3,119,foreign_object,1013,117,1130,0.8964601769911504424778761062,
qualification-v2-gstreamer_custom-gpu-h264-shared-video-dag,qualification-v2-gstreamer_custom-gpu-h264-shared-video-dag:3:120,3,120,foreign_object,1012,159,1171,0.8642186165670367207514944492,
qualification-v2-gstreamer_custom-gpu-h264-shared-video-dag,qualification-v2-gstreamer_custom-gpu-h264-shared-video-dag:3:121,3,121,foreign_object,6013,238,6251,0.9619260918253079507278835386,
qualification-v2-gstreamer_custom-gpu-h264-shared-video-dag,qualification-v2-gstreamer_custom-gpu-h264-shared-video-dag:3:122,3,122,foreign_object,2027,159,2186,0.9272644098810612991765782251,
qualification-v2-gstreamer_custom-gpu-h264-shared-video-dag,qualification-v2-gstreamer_custom-gpu-h264-shared-video-dag:3:123,3,123,foreign_object,1013,96,1109,0.9134355275022542831379621280,
qualification-v2-gstreamer_custom-gpu-h264-shared-video-dag,qualification-v2-gstreamer_custom-gpu-h264-shared-video-dag:3:124,3,124,foreign_object,1012,124,1136,0.8908450704225352112676056338,
qualification-v2-gstreamer_custom-gpu-h264-shared-video-dag,qualification-v2-gstreamer_custom-gpu-h264-shared-video-dag:3:125,3,125,vehicle_type,6015,345,6360,0.9457547169811320754716981132,
qualification-v2-gstreamer_custom-gpu-h264-shared-video-dag,qualification-v2-gstreamer_custom-gpu-h264-shared-video-dag:3:126,3,126,foreign_object,2029,167,2196,0.9239526411657559198542805100,
qualification-v2-gstreamer_custom-gpu-h264-shared-video-dag,qualification-v2-gstreamer_custom-gpu-h264-shared-video-dag:3:127,3,127,foreign_object,1013,106,1119,0.9052725647899910634495084897,
qualification-v2-gstreamer_custom-gpu-h264-shared-video-dag,qualification-v2-gstreamer_custom-gpu-h264-shared-video-dag:3:128,3,128,vehicle_type,1013,86,1099,0.9217470427661510464058234759,
qualification-v2-gstreamer_custom-gpu-h264-shared-video-dag,qualification-v2-gstreamer_custom-gpu-h264-shared-video-dag:3:129,3,129,foreign_object,6014,350,6364,0.9450031426775612822124450031,
qualification-v2-gstreamer_custom-gpu-h264-shared-video-dag,qualification-v2-gstreamer_custom-gpu-h264-shared-video-dag:3:130,3,130,damage,2033,166,2199,0.9245111414279217826284674852,
qualification-v2-gstreamer_custom-gpu-h264-shared-video-dag,qualification-v2-gstreamer_custom-gpu-h264-shared-video-dag:3:131,3,131,damage,1018,108,1126,0.9040852575488454706927175844,
qualification-v2-gstreamer_custom-gpu-h264-shared-video-dag,qualification-v2-gstreamer_custom-gpu-h264-shared-video-dag:3:132,3,132,vehicle_type,1013,95,1108,0.9142599277978339350180505415,
qualification-v2-gstreamer_custom-gpu-h264-shared-video-dag,qualification-v2-gstreamer_custom-gpu-h264-shared-video-dag:3:133,3,133,damage,6012,196,6208,0.9684278350515463917525773196,
qualification-v2-gstreamer_custom-gpu-h264-shared-video-dag,qualification-v2-gstreamer_custom-gpu-h264-shared-video-dag:3:134,3,134,vehicle_type,2030,163,2193,0.9256725946192430460556315549,
qualification-v2-gstreamer_custom-gpu-h264-shared-video-dag,qualification-v2-gstreamer_custom-gpu-h264-shared-video-dag:3:135,3,135,vehicle_type,1015,107,1122,0.9046345811051693404634581105,
qualification-v2-gstreamer_custom-gpu-h264-shared-video-dag,qualification-v2-gstreamer_custom-gpu-h264-shared-video-dag:3:136,3,136,damage,1013,101,1114,0.9093357271095152603231597846,
qualification-v2-gstreamer_custom-gpu-h264-shared-video-dag,qualification-v2-gstreamer_custom-gpu-h264-shared-video-dag:3:137,3,137,vehicle_type,6016,352,6368,0.9447236180904522613065326633,
qualification-v2-gstreamer_custom-gpu-h264-shared-video-dag,qualification-v2-gstreamer_custom-gpu-h264-shared-video-dag:3:138,3,138,foreign_object,2029,162,2191,0.9260611592879963486992240986,
qualification-v2-gstreamer_custom-gpu-h264-shared-video-dag,qualification-v2-gstreamer_custom-gpu-h264-shared-video-dag:3:139,3,139,foreign_object,1014,87,1101,0.9209809264305177111716621253,
qualification-v2-gstreamer_custom-gpu-h264-shared-video-dag,qualification-v2-gstreamer_custom-gpu-h264-shared-video-dag:3:140,3,140,vehicle_type,1013,102,1115,0.9085201793721973094170403587,
qualification-v2-gstreamer_custom-gpu-h264-shared-video-dag,qualification-v2-gstreamer_custom-gpu-h264-shared-video-dag:3:141,3,141,foreign_object,6011,320,6331,0.9494550623914073606065392513,
qualification-v2-gstreamer_custom-gpu-h264-shared-video-dag,qualification-v2-gstreamer_custom-gpu-h264-shared-video-dag:3:142,3,142,vehicle_type,2030,158,2188,0.9277879341864716636197440585,
qualification-v2-gstreamer_custom-gpu-h264-shared-video-dag,qualification-v2-gstreamer_custom-gpu-h264-shared-video-dag:3:143,3,143,vehicle_type,1016,96,1112,0.9136690647482014388489208633,
qualification-v2-gstreamer_custom-gpu-h264-shared-video-dag,qualification-v2-gstreamer_custom-gpu-h264-shared-video-dag:3:144,3,144,plate_number,1013,74,1087,0.9319227230910763569457221711,
qualification-v2-gstreamer_custom-gpu-h264-shared-video-dag,qualification-v2-gstreamer_custom-gpu-h264-shared-video-dag:3:145,3,145,foreign_object,6013,225,6238,0.9639307470343058672651490862,
qualification-v2-gstreamer_custom-gpu-h264-shared-video-dag,qualification-v2-gstreamer_custom-gpu-h264-shared-video-dag:3:146,3,146,damage,2031,140,2171,0.9355135882081989866421004146,
qualification-v2-gstreamer_custom-gpu-h264-shared-video-dag,qualification-v2-gstreamer_custom-gpu-h264-shared-video-dag:3:147,3,147,damage,1012,89,1101,0.9191643960036330608537693006,
qualification-v2-gstreamer_custom-gpu-h264-shared-video-dag,qualification-v2-gstreamer_custom-gpu-h264-shared-video-dag:3:148,3,148,damage,1012,94,1106,0.9150090415913200723327305606,
qualification-v2-gstreamer_custom-gpu-h264-shared-video-dag,qualification-v2-gstreamer_custom-gpu-h264-shared-video-dag:3:149,3,149,vehicle_type,6016,344,6360,0.9459119496855345911949685535,
qualification-v2-gstreamer_custom-gpu-h264-shared-video-dag,qualification-v2-gstreamer_custom-gpu-h264-shared-video-dag:3:150,3,150,foreign_object,2034,175,2209,0.9207786328655500226346763241,
qualification-v2-gstreamer_custom-gpu-h264-shared-video-dag,qualification-v2-gstreamer_custom-gpu-h264-shared-video-dag:3:151,3,151,foreign_object,1018,115,1133,0.8984995586937334510150044131,
qualification-v2-gstreamer_custom-gpu-h264-shared-video-dag,qualification-v2-gstreamer_custom-gpu-h264-shared-video-dag:3:152,3,152,vehicle_type,1012,94,1106,0.9150090415913200723327305606,
qualification-v2-gstreamer_custom-gpu-h264-shared-video-dag,qualification-v2-gstreamer_custom-gpu-h264-shared-video-dag:3:153,3,153,vehicle_type,6012,337,6349,0.9469207749251850685147267286,
qualification-v2-gstreamer_custom-gpu-h264-shared-video-dag,qualification-v2-gstreamer_custom-gpu-h264-shared-video-dag:3:154,3,154,plate_number,2025,184,2209,0.9167043911272068809416025351,
qualification-v2-gstreamer_custom-gpu-h264-shared-video-dag,qualification-v2-gstreamer_custom-gpu-h264-shared-video-dag:3:155,3,155,plate_number,1012,113,1125,0.8995555555555555555555555556,
qualification-v2-gstreamer_custom-gpu-h264-shared-video-dag,qualification-v2-gstreamer_custom-gpu-h264-shared-video-dag:3:156,3,156,damage,1013,85,1098,0.9225865209471766848816029144,
qualification-v2-gstreamer_custom-gpu-h264-shared-video-dag,qualification-v2-gstreamer_custom-gpu-h264-shared-video-dag:3:157,3,157,foreign_object,6014,230,6244,0.9631646380525304292120435618,
qualification-v2-gstreamer_custom-gpu-h264-shared-video-dag,qualification-v2-gstreamer_custom-gpu-h264-shared-video-dag:3:158,3,158,foreign_object,2027,146,2173,0.9328117809479981592268752876,
qualification-v2-gstreamer_custom-gpu-h264-shared-video-dag,qualification-v2-gstreamer_custom-gpu-h264-shared-video-dag:3:159,3,159,foreign_object,1013,83,1096,0.9242700729927007299270072993,
qualification-v2-gstreamer_custom-gpu-h264-shared-video-dag,qualification-v2-gstreamer_custom-gpu-h264-shared-video-dag:3:160,3,160,plate_number,1014,108,1122,0.9037433155080213903743315508,
qualification-v2-gstreamer_custom-gpu-h264-shared-video-dag,qualification-v2-gstreamer_custom-gpu-h264-shared-video-dag:3:161,3,161,plate_number,6017,346,6363,0.9456231337419456231337419456,
qualification-v2-gstreamer_custom-gpu-h264-shared-video-dag,qualification-v2-gstreamer_custom-gpu-h264-shared-video-dag:3:162,3,162,foreign_object,2032,178,2210,0.9194570135746606334841628959,
qualification-v2-gstreamer_custom-gpu-h264-shared-video-dag,qualification-v2-gstreamer_custom-gpu-h264-shared-video-dag:3:163,3,163,foreign_object,1016,115,1131,0.8983200707338638373121131742,
qualification-v2-gstreamer_custom-gpu-h264-shared-video-dag,qualification-v2-gstreamer_custom-gpu-h264-shared-video-dag:3:164,3,164,foreign_object,1017,88,1105,0.9203619909502262443438914027,
qualification-v2-gstreamer_custom-gpu-h264-shared-video-dag,qualification-v2-gstreamer_custom-gpu-h264-shared-video-dag:3:165,3,165,damage,6014,323,6337,0.9490295092314975540476566199,
qualification-v2-gstreamer_custom-gpu-h264-shared-video-dag,qualification-v2-gstreamer_custom-gpu-h264-shared-video-dag:3:166,3,166,foreign_object,2030,187,2217,0.9156517816869643662607126748,
qualification-v2-gstreamer_custom-gpu-h264-shared-video-dag,qualification-v2-gstreamer_custom-gpu-h264-shared-video-dag:3:167,3,167,foreign_object,1016,122,1138,0.8927943760984182776801405975,
qualification-v2-gstreamer_custom-gpu-h264-shared-video-dag,qualification-v2-gstreamer_custom-gpu-h264-shared-video-dag:3:168,3,168,damage,1014,96,1110,0.9135135135135135135135135135,
qualification-v2-gstreamer_custom-gpu-h264-shared-video-dag,qualification-v2-gstreamer_custom-gpu-h264-shared-video-dag:3:169,3,169,damage,6012,178,6190,0.9712439418416801292407108239,
qualification-v2-gstreamer_custom-gpu-h264-shared-video-dag,qualification-v2-gstreamer_custom-gpu-h264-shared-video-dag:3:170,3,170,vehicle_type,2026,153,2179,0.9297843047269389628269848554,
qualification-v2-gstreamer_custom-gpu-h264-shared-video-dag,qualification-v2-gstreamer_custom-gpu-h264-shared-video-dag:3:171,3,171,vehicle_type,1014,86,1100,0.9218181818181818181818181818,
qualification-v2-gstreamer_custom-gpu-h264-shared-video-dag,qualification-v2-gstreamer_custom-gpu-h264-shared-video-dag:3:172,3,172,damage,1011,97,1108,0.9124548736462093862815884477,
qualification-v2-gstreamer_custom-gpu-h264-shared-video-dag,qualification-v2-gstreamer_custom-gpu-h264-shared-video-dag:3:173,3,173,damage,6016,320,6336,0.9494949494949494949494949495,
qualification-v2-gstreamer_custom-gpu-h264-shared-video-dag,qualification-v2-gstreamer_custom-gpu-h264-shared-video-dag:3:174,3,174,damage,2029,171,2200,0.9222727272727272727272727273,
qualification-v2-gstreamer_custom-gpu-h264-shared-video-dag,qualification-v2-gstreamer_custom-gpu-h264-shared-video-dag:3:175,3,175,damage,1015,108,1123,0.9038290293855743544078361532,
qualification-v2-gstreamer_custom-gpu-h264-shared-video-dag,qualification-v2-gstreamer_custom-gpu-h264-shared-video-dag:3:176,3,176,vehicle_type,1013,90,1103,0.9184043517679057116953762466,
qualification-v2-gstreamer_custom-gpu-h264-shared-video-dag,qualification-v2-gstreamer_custom-gpu-h264-shared-video-dag:3:177,3,177,foreign_object,6014,335,6349,0.9472357851630177980784375492,
qualification-v2-gstreamer_custom-gpu-h264-shared-video-dag,qualification-v2-gstreamer_custom-gpu-h264-shared-video-dag:3:178,3,178,foreign_object,2026,158,2184,0.9276556776556776556776556777,
qualification-v2-gstreamer_custom-gpu-h264-shared-video-dag,qualification-v2-gstreamer_custom-gpu-h264-shared-video-dag:3:179,3,179,foreign_object,1014,96,1110,0.9135135135135135135135135135,
qualification-v2-gstreamer_custom-gpu-h264-shared-video-dag,qualification-v2-gstreamer_custom-gpu-h264-shared-video-dag:3:180,3,180,foreign_object,1015,87,1102,0.9210526315789473684210526316,
qualification-v2-gstreamer_custom-gpu-h264-shared-video-dag,qualification-v2-gstreamer_custom-gpu-h264-shared-video-dag:3:181,3,181,foreign_object,6013,173,6186,0.9720336243129647591335273198,
qualification-v2-gstreamer_custom-gpu-h264-shared-video-dag,qualification-v2-gstreamer_custom-gpu-h264-shared-video-dag:3:182,3,182,foreign_object,2029,149,2178,0.9315886134067952249770431589,
qualification-v2-gstreamer_custom-gpu-h264-shared-video-dag,qualification-v2-gstreamer_custom-gpu-h264-shared-video-dag:3:183,3,183,foreign_object,1015,93,1108,0.9160649819494584837545126354,
qualification-v2-gstreamer_custom-gpu-h264-shared-video-dag,qualification-v2-gstreamer_custom-gpu-h264-shared-video-dag:3:184,3,184,foreign_object,1013,103,1116,0.9077060931899641577060931900,
qualification-v2-gstreamer_custom-gpu-h264-shared-video-dag,qualification-v2-gstreamer_custom-gpu-h264-shared-video-dag:3:185,3,185,damage,6018,345,6363,0.9457802923149457802923149458,
qualification-v2-gstreamer_custom-gpu-h264-shared-video-dag,qualification-v2-gstreamer_custom-gpu-h264-shared-video-dag:3:186,3,186,foreign_object,2034,177,2211,0.9199457259158751696065128901,
qualification-v2-gstreamer_custom-gpu-h264-shared-video-dag,qualification-v2-gstreamer_custom-gpu-h264-shared-video-dag:3:187,3,187,foreign_object,1015,114,1129,0.8990256864481842338352524358,
qualification-v2-gstreamer_custom-gpu-h264-shared-video-dag,qualification-v2-gstreamer_custom-gpu-h264-shared-video-dag:3:188,3,188,plate_number,1014,82,1096,0.9251824817518248175182481752,
qualification-v2-gstreamer_custom-gpu-h264-shared-video-dag,qualification-v2-gstreamer_custom-gpu-h264-shared-video-dag:3:189,3,189,foreign_object,6021,336,6357,0.9471448796602170835299669655,
qualification-v2-gstreamer_custom-gpu-h264-shared-video-dag,qualification-v2-gstreamer_custom-gpu-h264-shared-video-dag:3:190,3,190,damage,2028,151,2179,0.9307021569527306103717301514,
qualification-v2-gstreamer_custom-gpu-h264-shared-video-dag,qualification-v2-gstreamer_custom-gpu-h264-shared-video-dag:3:191,3,191,damage,1014,96,1110,0.9135135135135135135135135135,
qualification-v2-gstreamer_custom-gpu-h264-shared-video-dag,qualification-v2-gstreamer_custom-gpu-h264-shared-video-dag:3:192,3,192,foreign_object,1013,157,1170,0.8658119658119658119658119658,
qualification-v2-gstreamer_custom-gpu-h264-shared-video-dag,qualification-v2-gstreamer_custom-gpu-h264-shared-video-dag:3:193,3,193,damage,6013,168,6181,0.9728199320498301245753114383,
qualification-v2-gstreamer_custom-gpu-h264-shared-video-dag,qualification-v2-gstreamer_custom-gpu-h264-shared-video-dag:3:194,3,194,foreign_object,2029,164,2193,0.9252165982672138622891016872,
qualification-v2-gstreamer_custom-gpu-h264-shared-video-dag,qualification-v2-gstreamer_custom-gpu-h264-shared-video-dag:3:195,3,195,foreign_object,1014,99,1113,0.9110512129380053908355795148,
qualification-v2-gstreamer_custom-gpu-h264-shared-video-dag,qualification-v2-gstreamer_custom-gpu-h264-shared-video-dag:3:196,3,196,damage,1014,93,1107,0.9159891598915989159891598916,
qualification-v2-gstreamer_custom-gpu-h264-shared-video-dag,qualification-v2-gstreamer_custom-gpu-h264-shared-video-dag:3:197,3,197,damage,6018,333,6351,0.9475673122342938119981105338,
qualification-v2-gstreamer_custom-gpu-h264-shared-video-dag,qualification-v2-gstreamer_custom-gpu-h264-shared-video-dag:3:198,3,198,foreign_object,2035,242,2277,0.8937198067632850241545893720,
qualification-v2-gstreamer_custom-gpu-h264-shared-video-dag,qualification-v2-gstreamer_custom-gpu-h264-shared-video-dag:3:199,3,199,foreign_object,1017,150,1167,0.8714652956298200514138817481,
qualification-v2-gstreamer_custom-gpu-h264-shared-video-dag,qualification-v2-gstreamer_custom-gpu-h264-shared-video-dag:3:200,3,200,foreign_object,1014,99,1113,0.9110512129380053908355795148,
qualification-v2-gstreamer_custom-gpu-h264-shared-video-dag,qualification-v2-gstreamer_custom-gpu-h264-shared-video-dag:3:201,3,201,damage,6015,316,6331,0.9500868741115147685989575107,
qualification-v2-gstreamer_custom-gpu-h264-shared-video-dag,qualification-v2-gstreamer_custom-gpu-h264-shared-video-dag:3:202,3,202,damage,2029,161,2190,0.9264840182648401826484018265,
qualification-v2-gstreamer_custom-gpu-h264-shared-video-dag,qualification-v2-gstreamer_custom-gpu-h264-shared-video-dag:3:203,3,203,damage,1014,110,1124,0.9021352313167259786476868327,
qualification-v2-gstreamer_custom-gpu-h264-shared-video-dag,qualification-v2-gstreamer_custom-gpu-h264-shared-video-dag:3:204,3,204,damage,1013,78,1091,0.9285059578368469294225481210,
qualification-v2-gstreamer_custom-gpu-h264-shared-video-dag,qualification-v2-gstreamer_custom-gpu-h264-shared-video-dag:3:205,3,205,foreign_object,6021,263,6284,0.9581476766390833863781031190,
qualification-v2-gstreamer_custom-gpu-h264-shared-video-dag,qualification-v2-gstreamer_custom-gpu-h264-shared-video-dag:3:206,3,206,vehicle_type,2025,149,2174,0.9314627414903403863845446182,
qualification-v2-gstreamer_custom-gpu-h264-shared-video-dag,qualification-v2-gstreamer_custom-gpu-h264-shared-video-dag:3:207,3,207,vehicle_type,1012,91,1103,0.9174977334542157751586582049,
qualification-v2-gstreamer_custom-gpu-h264-shared-video-dag,qualification-v2-gstreamer_custom-gpu-h264-shared-video-dag:3:208,3,208,damage,1015,89,1104,0.9193840579710144927536231884,
qualification-v2-gstreamer_custom-gpu-h264-shared-video-dag,qualification-v2-gstreamer_custom-gpu-h264-shared-video-dag:4:30,4,30,foreign_object,2036,445,2481,0.8206368399838774687625957275,
qualification-v2-gstreamer_custom-gpu-h264-shared-video-dag,qualification-v2-gstreamer_custom-gpu-h264-shared-video-dag:4:31,4,31,foreign_object,1021,380,1401,0.7287651677373304782298358315,
qualification-v2-gstreamer_custom-gpu-h264-shared-video-dag,qualification-v2-gstreamer_custom-gpu-h264-shared-video-dag:4:32,4,32,damage,1013,100,1113,0.9101527403414195867026055705,
qualification-v2-gstreamer_custom-gpu-h264-shared-video-dag,qualification-v2-gstreamer_custom-gpu-h264-shared-video-dag:4:33,4,33,vehicle_type,6018,366,6384,0.9426691729323308270676691729,
qualification-v2-gstreamer_custom-gpu-h264-shared-video-dag,qualification-v2-gstreamer_custom-gpu-h264-shared-video-dag:4:34,4,34,vehicle_type,2030,166,2196,0.9244080145719489981785063752,
qualification-v2-gstreamer_custom-gpu-h264-shared-video-dag,qualification-v2-gstreamer_custom-gpu-h264-shared-video-dag:4:35,4,35,vehicle_type,1014,115,1129,0.8981399468556244464127546501,
qualification-v2-gstreamer_custom-gpu-h264-shared-video-dag,qualification-v2-gstreamer_custom-gpu-h264-shared-video-dag:4:36,4,36,damage,1012,86,1098,0.9216757741347905282331511840,
qualification-v2-gstreamer_custom-gpu-h264-shared-video-dag,qualification-v2-gstreamer_custom-gpu-h264-shared-video-dag:4:37,4,37,foreign_object,6015,185,6200,0.9701612903225806451612903226,
qualification-v2-gstreamer_custom-gpu-h264-shared-video-dag,qualification-v2-gstreamer_custom-gpu-h264-shared-video-dag:4:38,4,38,foreign_object,2029,160,2189,0.9269072635906806761078117862,
qualification-v2-gstreamer_custom-gpu-h264-shared-video-dag,qualification-v2-gstreamer_custom-gpu-h264-shared-video-dag:4:39,4,39,foreign_object,1013,97,1110,0.9126126126126126126126126126,
qualification-v2-gstreamer_custom-gpu-h264-shared-video-dag,qualification-v2-gstreamer_custom-gpu-h264-shared-video-dag:4:40,4,40,foreign_object,1014,105,1119,0.9061662198391420911528150134,
qualification-v2-gstreamer_custom-gpu-h264-shared-video-dag,qualification-v2-gstreamer_custom-gpu-h264-shared-video-dag:4:41,4,41,damage,6016,236,6252,0.9622520793346129238643634037,
qualification-v2-gstreamer_custom-gpu-h264-shared-video-dag,qualification-v2-gstreamer_custom-gpu-h264-shared-video-dag:4:42,4,42,foreign_object,2032,460,2492,0.8154093097913322632423756019,
qualification-v2-gstreamer_custom-gpu-h264-shared-video-dag,qualification-v2-gstreamer_custom-gpu-h264-shared-video-dag:4:43,4,43,foreign_object,1018,398,1416,0.7189265536723163841807909605,
qualification-v2-gstreamer_custom-gpu-h264-shared-video-dag,qualification-v2-gstreamer_custom-gpu-h264-shared-video-dag:4:44,4,44,plate_number,1014,111,1125,0.9013333333333333333333333333,
qualification-v2-gstreamer_custom-gpu-h264-shared-video-dag,qualification-v2-gstreamer_custom-gpu-h264-shared-video-dag:4:45,4,45,foreign_object,6016,382,6398,0.9402938418255704907783682401,
qualification-v2-gstreamer_custom-gpu-h264-shared-video-dag,qualification-v2-gstreamer_custom-gpu-h264-shared-video-dag:4:46,4,46,damage,2027,178,2205,0.9192743764172335600907029478,
qualification-v2-gstreamer_custom-gpu-h264-shared-video-dag,qualification-v2-gstreamer_custom-gpu-h264-shared-video-dag:4:47,4,47,damage,1013,120,1133,0.8940864960282436010591350397,
qualification-v2-gstreamer_custom-gpu-h264-shared-video-dag,qualification-v2-gstreamer_custom-gpu-h264-shared-video-dag:4:48,4,48,vehicle_type,1012,127,1139,0.8884986830553116769095697981,
qualification-v2-gstreamer_custom-gpu-h264-shared-video-dag,qualification-v2-gstreamer_custom-gpu-h264-shared-video-dag:4:49,4,49,damage,6011,204,6215,0.9671761866452131938857602574,
qualification-v2-gstreamer_custom-gpu-h264-shared-video-dag,qualification-v2-gstreamer_custom-gpu-h264-shared-video-dag:4:50,4,50,foreign_object,2025,155,2180,0.9288990825688073394495412844,
qualification-v2-gstreamer_custom-gpu-h264-shared-video-dag,qualification-v2-gstreamer_custom-gpu-h264-shared-video-dag:4:51,4,51,foreign_object,1012,91,1103,0.9174977334542157751586582049,
qualification-v2-gstreamer_custom-gpu-h264-shared-video-dag,qualification-v2-gstreamer_custom-gpu-h264-shared-video-dag:4:52,4,52,foreign_object,1012,96,1108,0.9133574007220216606498194946,
qualification-v2-gstreamer_custom-gpu-h264-shared-video-dag,qualification-v2-gstreamer_custom-gpu-h264-shared-video-dag:4:53,4,53,damage,6015,374,6389,0.9414618876193457505086868054,
qualification-v2-gstreamer_custom-gpu-h264-shared-video-dag,qualification-v2-gstreamer_custom-gpu-h264-shared-video-dag:4:54,4,54,damage,2029,215,2244,0.9041889483065953654188948307,
qualification-v2-gstreamer_custom-gpu-h264-shared-video-dag,qualification-v2-gstreamer_custom-gpu-h264-shared-video-dag:4:55,4,55,damage,1013,119,1132,0.8948763250883392226148409894,
qualification-v2-gstreamer_custom-gpu-h264-shared-video-dag,qualification-v2-gstreamer_custom-gpu-h264-shared-video-dag:4:56,4,56,foreign_object,1013,98,1111,0.9117911791179117911791179118,
qualification-v2-gstreamer_custom-gpu-h264-shared-video-dag,qualification-v2-gstreamer_custom-gpu-h264-shared-video-dag:4:57,4,57,vehicle_type,6015,346,6361,0.9456060367866687627731488760,
qualification-v2-gstreamer_custom-gpu-h264-shared-video-dag,qualification-v2-gstreamer_custom-gpu-h264-shared-video-dag:4:58,4,58,foreign_object,2029,179,2208,0.9189311594202898550724637681,
qualification-v2-gstreamer_custom-gpu-h264-shared-video-dag,qualification-v2-gstreamer_custom-gpu-h264-shared-video-dag:4:59,4,59,foreign_object,1015,111,1126,0.9014209591474245115452930728,
qualification-v2-gstreamer_custom-gpu-h264-shared-video-dag,qualification-v2-gstreamer_custom-gpu-h264-shared-video-dag:4:60,4,60,vehicle_type,1013,97,1110,0.9126126126126126126126126126,
qualification-v2-gstreamer_custom-gpu-h264-shared-video-dag,qualification-v2-gstreamer_custom-gpu-h264-shared-video-dag:4:61,4,61,damage,6013,170,6183,0.9725052563480511078764353874,
qualification-v2-gstreamer_custom-gpu-h264-shared-video-dag,qualification-v2-gstreamer_custom-gpu-h264-shared-video-dag:4:62,4,62,plate_number,2027,160,2187,0.9268404206675811614083219021,
qualification-v2-gstreamer_custom-gpu-h264-shared-video-dag,qualification-v2-gstreamer_custom-gpu-h264-shared-video-dag:4:63,4,63,plate_number,1012,105,1117,0.9059982094897045658012533572,
qualification-v2-gstreamer_custom-gpu-h264-shared-video-dag,qualification-v2-gstreamer_custom-gpu-h264-shared-video-dag:4:64,4,64,foreign_object,1013,93,1106,0.9159132007233273056057866184,
qualification-v2-gstreamer_custom-gpu-h264-shared-video-dag,qualification-v2-gstreamer_custom-gpu-h264-shared-video-dag:4:65,4,65,foreign_object,6013,266,6279,0.9576365663322185061315496098,
qualification-v2-gstreamer_custom-gpu-h264-shared-video-dag,qualification-v2-gstreamer_custom-gpu-h264-shared-video-dag:4:66,4,66,damage,2036,443,2479,0.8212989108511496571198063735,
qualification-v2-gstreamer_custom-gpu-h264-shared-video-dag,qualification-v2-gstreamer_custom-gpu-h264-shared-video-dag:4:67,4,67,damage,1020,381,1401,0.7280513918629550321199143469,
qualification-v2-gstreamer_custom-gpu-h264-shared-video-dag,qualification-v2-gstreamer_custom-gpu-h264-shared-video-dag:4:68,4,68,vehicle_type,1013,90,1103,0.9184043517679057116953762466,
qualification-v2-gstreamer_custom-gpu-h264-shared-video-dag,qualification-v2-gstreamer_custom-gpu-h264-shared-video-dag:4:69,4,69,vehicle_type,6017,366,6383,0.9426601911326962243459188469,
qualification-v2-gstreamer_custom-gpu-h264-shared-video-dag,qualification-v2-gstreamer_custom-gpu-h264-shared-video-dag:4:70,4,70,foreign_object,2028,176,2204,0.9201451905626134301270417423,
qualification-v2-gstreamer_custom-gpu-h264-shared-video-dag,qualification-v2-gstreamer_custom-gpu-h264-shared-video-dag:4:71,4,71,foreign_object,1013,120,1133,0.8940864960282436010591350397,
qualification-v2-gstreamer_custom-gpu-h264-shared-video-dag,qualification-v2-gstreamer_custom-gpu-h264-shared-video-dag:4:72,4,72,foreign_object,1013,91,1104,0.9175724637681159420289855072,
qualification-v2-gstreamer_custom-gpu-h264-shared-video-dag,qualification-v2-gstreamer_custom-gpu-h264-shared-video-dag:4:73,4,73,vehicle_type,6013,181,6194,0.9707781724249273490474652890,
qualification-v2-gstreamer_custom-gpu-h264-shared-video-dag,qualification-v2-gstreamer_custom-gpu-h264-shared-video-dag:4:74,4,74,foreign_object,2027,146,2173,0.9328117809479981592268752876,
qualification-v2-gstreamer_custom-gpu-h264-shared-video-dag,qualification-v2-gstreamer_custom-gpu-h264-shared-video-dag:4:75,4,75,foreign_object,1013,83,1096,0.9242700729927007299270072993,
qualification-v2-gstreamer_custom-gpu-h264-shared-video-dag,qualification-v2-gstreamer_custom-gpu-h264-shared-video-dag:4:76,4,76,damage,1013,102,1115,0.9085201793721973094170403587,
qualification-v2-gstreamer_custom-gpu-h264-shared-video-dag,qualification-v2-gstreamer_custom-gpu-h264-shared-video-dag:4:77,4,77,damage,6012,239,6251,0.9617661174212126059830427132,
qualification-v2-gstreamer_custom-gpu-h264-shared-video-dag,qualification-v2-gstreamer_custom-gpu-h264-shared-video-dag:4:78,4,78,foreign_object,2034,430,2464,0.8254870129870129870129870130,
qualification-v2-gstreamer_custom-gpu-h264-shared-video-dag,qualification-v2-gstreamer_custom-gpu-h264-shared-video-dag:4:79,4,79,foreign_object,1016,378,1394,0.7288378766140602582496413199,
qualification-v2-gstreamer_custom-gpu-h264-shared-video-dag,qualification-v2-gstreamer_custom-gpu-h264-shared-video-dag:4:80,4,80,damage,1016,98,1114,0.9120287253141831238779174147,
qualification-v2-gstreamer_custom-gpu-h264-shared-video-dag,qualification-v2-gstreamer_custom-gpu-h264-shared-video-dag:4:81,4,81,plate_number,6014,358,6372,0.9438166980539861895794099184,
qualification-v2-gstreamer_custom-gpu-h264-shared-video-dag,qualification-v2-gstreamer_custom-gpu-h264-shared-video-dag:4:82,4,82,damage,2026,157,2183,0.9280806229958772331653687586,
qualification-v2-gstreamer_custom-gpu-h264-shared-video-dag,qualification-v2-gstreamer_custom-gpu-h264-shared-video-dag:4:83,4,83,damage,1013,94,1107,0.9150858175248419150858175248,
qualification-v2-gstreamer_custom-gpu-h264-shared-video-dag,qualification-v2-gstreamer_custom-gpu-h264-shared-video-dag:4:84,4,84,plate_number,1012,89,1101,0.9191643960036330608537693006,
qualification-v2-gstreamer_custom-gpu-h264-shared-video-dag,qualification-v2-gstreamer_custom-gpu-h264-shared-video-dag:4:85,4,85,vehicle_type,6012,224,6236,0.9640795381654906991661321360,
qualification-v2-gstreamer_custom-gpu-h264-shared-video-dag,qualification-v2-gstreamer_custom-gpu-h264-shared-video-dag:4:86,4,86,vehicle_type,2025,156,2181,0.9284731774415405777166437414,
qualification-v2-gstreamer_custom-gpu-h264-shared-video-dag,qualification-v2-gstreamer_custom-gpu-h264-shared-video-dag:4:87,4,87,vehicle_type,1012,92,1104,0.9166666666666666666666666667,
qualification-v2-gstreamer_custom-gpu-h264-shared-video-dag,qualification-v2-gstreamer_custom-gpu-h264-shared-video-dag:4:88,4,88,foreign_object,1014,114,1128,0.8989361702127659574468085106,
qualification-v2-gstreamer_custom-gpu-h264-shared-video-dag,qualification-v2-gstreamer_custom-gpu-h264-shared-video-dag:4:89,4,89,plate_number,6012,249,6261,0.9602299952084331576425491136,
qualification-v2-gstreamer_custom-gpu-h264-shared-video-dag,qualification-v2-gstreamer_custom-gpu-h264-shared-video-dag:4:90,4,90,vehicle_type,2038,430,2468,0.8257698541329011345218800648,
qualification-v2-gstreamer_custom-gpu-h264-shared-video-dag,qualification-v2-gstreamer_custom-gpu-h264-shared-video-dag:4:91,4,91,vehicle_type,1020,364,1384,0.7369942196531791907514450867,
qualification-v2-gstreamer_custom-gpu-h264-shared-video-dag,qualification-v2-gstreamer_custom-gpu-h264-shared-video-dag:4:92,4,92,plate_number,1013,96,1109,0.9134355275022542831379621280,
qualification-v2-gstreamer_custom-gpu-h264-shared-video-dag,qualification-v2-gstreamer_custom-gpu-h264-shared-video-dag:4:93,4,93,damage,6015,379,6394,0.9407256803253049734125742884,
qualification-v2-gstreamer_custom-gpu-h264-shared-video-dag,qualification-v2-gstreamer_custom-gpu-h264-shared-video-dag:4:94,4,94,foreign_object,2027,167,2194,0.9238833181403828623518687329,
qualification-v2-gstreamer_custom-gpu-h264-shared-video-dag,qualification-v2-gstreamer_custom-gpu-h264-shared-video-dag:4:95,4,95,foreign_object,1012,109,1121,0.9027653880463871543264942016,
qualification-v2-gstreamer_custom-gpu-h264-shared-video-dag,qualification-v2-gstreamer_custom-gpu-h264-shared-video-dag:4:96,4,96,plate_number,1013,100,1113,0.9101527403414195867026055705,
qualification-v2-gstreamer_custom-gpu-h264-shared-video-dag,qualification-v2-gstreamer_custom-gpu-h264-shared-video-dag:4:97,4,97,foreign_object,6012,236,6248,0.9622279129321382842509603073,
qualification-v2-gstreamer_custom-gpu-h264-shared-video-dag,qualification-v2-gstreamer_custom-gpu-h264-shared-video-dag:4:98,4,98,vehicle_type,2028,174,2202,0.9209809264305177111716621253,
qualification-v2-gstreamer_custom-gpu-h264-shared-video-dag,qualification-v2-gstreamer_custom-gpu-h264-shared-video-dag:4:99,4,99,vehicle_type,1015,112,1127,0.9006211180124223602484472050,
qualification-v2-gstreamer_custom-gpu-h264-shared-video-dag,qualification-v2-gstreamer_custom-gpu-h264-shared-video-dag:4:100,4,100,foreign_object,1015,89,1104,0.9193840579710144927536231884,
qualification-v2-gstreamer_custom-gpu-h264-shared-video-dag,qualification-v2-gstreamer_custom-gpu-h264-shared-video-dag:4:101,4,101,damage,6016,365,6381,0.9427989343363109230528130387,
qualification-v2-gstreamer_custom-gpu-h264-shared-video-dag,qualification-v2-gstreamer_custom-gpu-h264-shared-video-dag:4:102,4,102,vehicle_type,2030,237,2267,0.8954565505072783414203793560,
qualification-v2-gstreamer_custom-gpu-h264-shared-video-dag,qualification-v2-gstreamer_custom-gpu-h264-shared-video-dag:4:103,4,103,vehicle_type,1013,121,1134,0.8932980599647266313932980600,
qualification-v2-gstreamer_custom-gpu-h264-shared-video-dag,qualification-v2-gstreamer_custom-gpu-h264-shared-video-dag:4:104,4,104,vehicle_type,1012,87,1099,0.9208371246587807097361237489,
qualification-v2-gstreamer_custom-gpu-h264-shared-video-dag,qualification-v2-gstreamer_custom-gpu-h264-shared-video-dag:4:105,4,105,vehicle_type,6013,343,6356,0.9460352422907488986784140969,
qualification-v2-gstreamer_custom-gpu-h264-shared-video-dag,qualification-v2-gstreamer_custom-gpu-h264-shared-video-dag:4:106,4,106,damage,2029,174,2203,0.9210167952791647753064003631,
qualification-v2-gstreamer_custom-gpu-h264-shared-video-dag,qualification-v2-gstreamer_custom-gpu-h264-shared-video-dag:4:107,4,107,damage,1013,102,1115,0.9085201793721973094170403587,
qualification-v2-gstreamer_custom-gpu-h264-shared-video-dag,qualification-v2-gstreamer_custom-gpu-h264-shared-video-dag:4:108,4,108,vehicle_type,1013,104,1117,0.9068934646374216651745747538,
qualification-v2-gstreamer_custom-gpu-h264-shared-video-dag,qualification-v2-gstreamer_custom-gpu-h264-shared-video-dag:4:109,4,109,damage,6011,208,6219,0.9665541083775526611995497668,
qualification-v2-gstreamer_custom-gpu-h264-shared-video-dag,qualification-v2-gstreamer_custom-gpu-h264-shared-video-dag:4:110,4,110,plate_number,2026,161,2187,0.9263831732967535436671239140,
qualification-v2-gstreamer_custom-gpu-h264-shared-video-dag,qualification-v2-gstreamer_custom-gpu-h264-shared-video-dag:4:111,4,111,plate_number,1013,99,1112,0.9109712230215827338129496403,
qualification-v2-gstreamer_custom-gpu-h264-shared-video-dag,qualification-v2-gstreamer_custom-gpu-h264-shared-video-dag:4:112,4,112,foreign_object,1013,117,1130,0.8964601769911504424778761062,
qualification-v2-gstreamer_custom-gpu-h264-shared-video-dag,qualification-v2-gstreamer_custom-gpu-h264-shared-video-dag:4:113,4,113,foreign_object,6015,371,6386,0.9419041653617287817099906044,
qualification-v2-gstreamer_custom-gpu-h264-shared-video-dag,qualification-v2-gstreamer_custom-gpu-h264-shared-video-dag:4:114,4,114,damage,2030,179,2209,0.9189678587596197374377546401,
qualification-v2-gstreamer_custom-gpu-h264-shared-video-dag,qualification-v2-gstreamer_custom-gpu-h264-shared-video-dag:4:115,4,115,damage,1015,117,1132,0.8966431095406360424028268551,
qualification-v2-gstreamer_custom-gpu-h264-shared-video-dag,qualification-v2-gstreamer_custom-gpu-h264-shared-video-dag:4:116,4,116,plate_number,1013,110,1123,0.9020480854853072128227960819,
qualification-v2-gstreamer_custom-gpu-h264-shared-video-dag,qualification-v2-gstreamer_custom-gpu-h264-shared-video-dag:4:117,4,117,damage,6016,343,6359,0.9460607013681396445982072653,
qualification-v2-gstreamer_custom-gpu-h264-shared-video-dag,qualification-v2-gstreamer_custom-gpu-h264-shared-video-dag:4:118,4,118,damage,2029,158,2187,0.9277549154092363968907178784,
qualification-v2-gstreamer_custom-gpu-h264-shared-video-dag,qualification-v2-gstreamer_custom-gpu-h264-shared-video-dag:4:119,4,119,damage,1013,99,1112,0.9109712230215827338129496403,
qualification-v2-gstreamer_custom-gpu-h264-shared-video-dag,qualification-v2-gstreamer_custom-gpu-h264-shared-video-dag:4:120,4,120,foreign_object,1012,152,1164,0.8694158075601374570446735395,
qualification-v2-gstreamer_custom-gpu-h264-shared-video-dag,qualification-v2-gstreamer_custom-gpu-h264-shared-video-dag:4:121,4,121,damage,6013,203,6216,0.9673423423423423423423423423,
qualification-v2-gstreamer_custom-gpu-h264-shared-video-dag,qualification-v2-gstreamer_custom-gpu-h264-shared-video-dag:4:122,4,122,foreign_object,2028,154,2182,0.9294225481209899175068744271,
qualification-v2-gstreamer_custom-gpu-h264-shared-video-dag,qualification-v2-gstreamer_custom-gpu-h264-shared-video-dag:4:123,4,123,foreign_object,1012,92,1104,0.9166666666666666666666666667,
qualification-v2-gstreamer_custom-gpu-h264-shared-video-dag,qualification-v2-gstreamer_custom-gpu-h264-shared-video-dag:4:124,4,124,damage,1013,110,1123,0.9020480854853072128227960819,
qualification-v2-gstreamer_custom-gpu-h264-shared-video-dag,qualification-v2-gstreamer_custom-gpu-h264-shared-video-dag:4:125,4,125,plate_number,6016,358,6374,0.9438343269532475682459993725,
qualification-v2-gstreamer_custom-gpu-h264-shared-video-dag,qualification-v2-gstreamer_custom-gpu-h264-shared-video-dag:4:126,4,126,vehicle_type,2028,161,2189,0.9264504339881224303334856099,
qualification-v2-gstreamer_custom-gpu-h264-shared-video-dag,qualification-v2-gstreamer_custom-gpu-h264-shared-video-dag:4:127,4,127,vehicle_type,1013,94,1107,0.9150858175248419150858175248,
qualification-v2-gstreamer_custom-gpu-h264-shared-video-dag,qualification-v2-gstreamer_custom-gpu-h264-shared-video-dag:4:128,4,128,plate_number,1013,97,1110,0.9126126126126126126126126126,
qualification-v2-gstreamer_custom-gpu-h264-shared-video-dag,qualification-v2-gstreamer_custom-gpu-h264-shared-video-dag:4:129,4,129,foreign_object,6013,335,6348,0.9472274732199117832388153749,
qualification-v2-gstreamer_custom-gpu-h264-shared-video-dag,qualification-v2-gstreamer_custom-gpu-h264-shared-video-dag:4:130,4,130,damage,2031,160,2191,0.9269739844819717024189867640,
qualification-v2-gstreamer_custom-gpu-h264-shared-video-dag,qualification-v2-gstreamer_custom-gpu-h264-shared-video-dag:4:131,4,131,damage,1013,103,1116,0.9077060931899641577060931900,
qualification-v2-gstreamer_custom-gpu-h264-shared-video-dag,qualification-v2-gstreamer_custom-gpu-h264-shared-video-dag:4:132,4,132,vehicle_type,1013,89,1102,0.9192377495462794918330308530,
qualification-v2-gstreamer_custom-gpu-h264-shared-video-dag,qualification-v2-gstreamer_custom-gpu-h264-shared-video-dag:4:133,4,133,plate_number,6013,214,6227,0.9656335313955355709009153686,
qualification-v2-gstreamer_custom-gpu-h264-shared-video-dag,qualification-v2-gstreamer_custom-gpu-h264-shared-video-dag:4:134,4,134,vehicle_type,2029,169,2198,0.9231119199272065514103730664,
qualification-v2-gstreamer_custom-gpu-h264-shared-video-dag,qualification-v2-gstreamer_custom-gpu-h264-shared-video-dag:4:135,4,135,vehicle_type,1013,100,1113,0.9101527403414195867026055705,
qualification-v2-gstreamer_custom-gpu-h264-shared-video-dag,qualification-v2-gstreamer_custom-gpu-h264-shared-video-dag:4:136,4,136,foreign_object,1014,111,1125,0.9013333333333333333333333333,
qualification-v2-gstreamer_custom-gpu-h264-shared-video-dag,qualification-v2-gstreamer_custom-gpu-h264-shared-video-dag:4:137,4,137,foreign_object,6014,362,6376,0.9432245922208281053952321205,
qualification-v2-gstreamer_custom-gpu-h264-shared-video-dag,qualification-v2-gstreamer_custom-gpu-h264-shared-video-dag:4:138,4,138,foreign_object,2029,170,2199,0.9226921327876307412460209186,
qualification-v2-gstreamer_custom-gpu-h264-shared-video-dag,qualification-v2-gstreamer_custom-gpu-h264-shared-video-dag:4:139,4,139,foreign_object,1013,96,1109,0.9134355275022542831379621280,
qualification-v2-gstreamer_custom-gpu-h264-shared-video-dag,qualification-v2-gstreamer_custom-gpu-h264-shared-video-dag:4:140,4,140,plate_number,1012,87,1099,0.9208371246587807097361237489,
qualification-v2-gstreamer_custom-gpu-h264-shared-video-dag,qualification-v2-gstreamer_custom-gpu-h264-shared-video-dag:4:141,4,141,damage,6013,317,6330,0.9499210110584518167456556082,
qualification-v2-gstreamer_custom-gpu-h264-shared-video-dag,qualification-v2-gstreamer_custom-gpu-h264-shared-video-dag:4:142,4,142,foreign_object,2025,176,2201,0.9200363471149477510222626079,
qualification-v2-gstreamer_custom-gpu-h264-shared-video-dag,qualification-v2-gstreamer_custom-gpu-h264-shared-video-dag:4:143,4,143,foreign_object,1014,110,1124,0.9021352313167259786476868327,
qualification-v2-gstreamer_custom-gpu-h264-shared-video-dag,qualification-v2-gstreamer_custom-gpu-h264-shared-video-dag:4:144,4,144,damage,1014,91,1105,0.9176470588235294117647058824,
qualification-v2-gstreamer_custom-gpu-h264-shared-video-dag,qualification-v2-gstreamer_custom-gpu-h264-shared-video-dag:4:145,4,145,damage,6013,161,6174,0.9739229024943310657596371882,
qualification-v2-gstreamer_custom-gpu-h264-shared-video-dag,qualification-v2-gstreamer_custom-gpu-h264-shared-video-dag:4:146,4,146,foreign_object,2028,155,2183,0.9289967934035730645900137426,
qualification-v2-gstreamer_custom-gpu-h264-shared-video-dag,qualification-v2-gstreamer_custom-gpu-h264-shared-video-dag:4:147,4,147,foreign_object,1012,91,1103,0.9174977334542157751586582049,
qualification-v2-gstreamer_custom-gpu-h264-shared-video-dag,qualification-v2-gstreamer_custom-gpu-h264-shared-video-dag:4:148,4,148,damage,1014,112,1126,0.9005328596802841918294849023,
qualification-v2-gstreamer_custom-gpu-h264-shared-video-dag,qualification-v2-gstreamer_custom-gpu-h264-shared-video-dag:4:149,4,149,foreign_object,6017,356,6373,0.9441393378314765416601286678,
qualification-v2-gstreamer_custom-gpu-h264-shared-video-dag,qualification-v2-gstreamer_custom-gpu-h264-shared-video-dag:4:150,4,150,plate_number,2028,168,2196,0.9234972677595628415300546448,
qualification-v2-gstreamer_custom-gpu-h264-shared-video-dag,qualification-v2-gstreamer_custom-gpu-h264-shared-video-dag:4:151,4,151,plate_number,1013,97,1110,0.9126126126126126126126126126,
qualification-v2-gstreamer_custom-gpu-h264-shared-video-dag,qualification-v2-gstreamer_custom-gpu-h264-shared-video-dag:4:152,4,152,damage,1012,103,1115,0.9076233183856502242152466368,
qualification-v2-gstreamer_custom-gpu-h264-shared-video-dag,qualification-v2-gstreamer_custom-gpu-h264-shared-video-dag:4:153,4,153,plate_number,6014,326,6340,0.9485804416403785488958990536,
qualification-v2-gstreamer_custom-gpu-h264-shared-video-dag,qualification-v2-gstreamer_custom-gpu-h264-shared-video-dag:4:154,4,154,vehicle_type,2028,181,2209,0.9180624717066545948392937981,
qualification-v2-gstreamer_custom-gpu-h264-shared-video-dag,qualification-v2-gstreamer_custom-gpu-h264-shared-video-dag:4:155,4,155,vehicle_type,1012,118,1130,0.8955752212389380530973451327,
qualification-v2-gstreamer_custom-gpu-h264-shared-video-dag,qualification-v2-gstreamer_custom-gpu-h264-shared-video-dag:4:156,4,156,damage,1013,96,1109,0.9134355275022542831379621280,
qualification-v2-gstreamer_custom-gpu-h264-shared-video-dag,qualification-v2-gstreamer_custom-gpu-h264-shared-video-dag:4:157,4,157,foreign_object,6014,244,6258,0.9610099073186321508469159476,
qualification-v2-gstreamer_custom-gpu-h264-shared-video-dag,qualification-v2-gstreamer_custom-gpu-h264-shared-video-dag:4:158,4,158,foreign_object,2029,172,2201,0.9218537028623353021353930032,
qualification-v2-gstreamer_custom-gpu-h264-shared-video-dag,qualification-v2-gstreamer_custom-gpu-h264-shared-video-dag:4:159,4,159,foreign_object,1012,111,1123,0.9011576135351736420302760463,
qualification-v2-gstreamer_custom-gpu-h264-shared-video-dag,qualification-v2-gstreamer_custom-gpu-h264-shared-video-dag:4:160,4,160,foreign_object,1014,110,1124,0.9021352313167259786476868327,
qualification-v2-gstreamer_custom-gpu-h264-shared-video-dag,qualification-v2-gstreamer_custom-gpu-h264-shared-video-dag:4:161,4,161,vehicle_type,6019,354,6373,0.9444531617762435273811391809,
qualification-v2-gstreamer_custom-gpu-h264-shared-video-dag,qualification-v2-gstreamer_custom-gpu-h264-shared-video-dag:4:162,4,162,damage,2029,183,2212,0.9172694394213381555153707052,
qualification-v2-gstreamer_custom-gpu-h264-shared-video-dag,qualification-v2-gstreamer_custom-gpu-h264-shared-video-dag:4:163,4,163,damage,1013,121,1134,0.8932980599647266313932980600,
qualification-v2-gstreamer_custom-gpu-h264-shared-video-dag,qualification-v2-gstreamer_custom-gpu-h264-shared-video-dag:4:164,4,164,foreign_object,1016,96,1112,0.9136690647482014388489208633,
qualification-v2-gstreamer_custom-gpu-h264-shared-video-dag,qualification-v2-gstreamer_custom-gpu-h264-shared-video-dag:4:165,4,165,foreign_object,6017,326,6343,0.9486047611540280624310263282,
qualification-v2-gstreamer_custom-gpu-h264-shared-video-dag,qualification-v2-gstreamer_custom-gpu-h264-shared-video-dag:4:166,4,166,vehicle_type,2037,178,2215,0.9196388261851015801354401806,
qualification-v2-gstreamer_custom-gpu-h264-shared-video-dag,qualification-v2-gstreamer_custom-gpu-h264-shared-video-dag:4:167,4,167,vehicle_type,1018,116,1134,0.8977072310405643738977072310,
qualification-v2-gstreamer_custom-gpu-h264-shared-video-dag,qualification-v2-gstreamer_custom-gpu-h264-shared-video-dag:4:168,4,168,vehicle_type,1012,89,1101,0.9191643960036330608537693006,
qualification-v2-gstreamer_custom-gpu-h264-shared-video-dag,qualification-v2-gstreamer_custom-gpu-h264-shared-video-dag:4:169,4,169,vehicle_type,6011,180,6191,0.9709255370699402358261993216,
qualification-v2-gstreamer_custom-gpu-h264-shared-video-dag,qualification-v2-gstreamer_custom-gpu-h264-shared-video-dag:4:170,4,170,foreign_object,2025,162,2187,0.9259259259259259259259259259,
qualification-v2-gstreamer_custom-gpu-h264-shared-video-dag,qualification-v2-gstreamer_custom-gpu-h264-shared-video-dag:4:171,4,171,foreign_object,1012,106,1118,0.9051878354203935599284436494,
qualification-v2-gstreamer_custom-gpu-h264-shared-video-dag,qualification-v2-gstreamer_custom-gpu-h264-shared-video-dag:4:172,4,172,damage,1011,109,1120,0.9026785714285714285714285714,
qualification-v2-gstreamer_custom-gpu-h264-shared-video-dag,qualification-v2-gstreamer_custom-gpu-h264-shared-video-dag:4:173,4,173,vehicle_type,6019,332,6351,0.9477247677531097464966147063,
qualification-v2-gstreamer_custom-gpu-h264-shared-video-dag,qualification-v2-gstreamer_custom-gpu-h264-shared-video-dag:4:174,4,174,damage,2029,184,2213,0.9168549480343425214640759150,
qualification-v2-gstreamer_custom-gpu-h264-shared-video-dag,qualification-v2-gstreamer_custom-gpu-h264-shared-video-dag:4:175,4,175,damage,1016,117,1133,0.8967343336275375110326566637,
qualification-v2-gstreamer_custom-gpu-h264-shared-video-dag,qualification-v2-gstreamer_custom-gpu-h264-shared-video-dag:4:176,4,176,damage,1018,99,1117,0.9113697403760071620411817368,
qualification-v2-gstreamer_custom-gpu-h264-shared-video-dag,qualification-v2-gstreamer_custom-gpu-h264-shared-video-dag:4:177,4,177,vehicle_type,6017,331,6348,0.9478575929426591052299936988,
qualification-v2-gstreamer_custom-gpu-h264-shared-video-dag,qualification-v2-gstreamer_custom-gpu-h264-shared-video-dag:4:178,4,178,foreign_object,2030,174,2204,0.9210526315789473684210526316,
qualification-v2-gstreamer_custom-gpu-h264-shared-video-dag,qualification-v2-gstreamer_custom-gpu-h264-shared-video-dag:4:179,4,179,foreign_object,1017,111,1128,0.9015957446808510638297872340,
qualification-v2-gstreamer_custom-gpu-h264-shared-video-dag,qualification-v2-gstreamer_custom-gpu-h264-shared-video-dag:4:180,4,180,damage,1015,95,1110,0.9144144144144144144144144144,
qualification-v2-gstreamer_custom-gpu-h264-shared-video-dag,qualification-v2-gstreamer_custom-gpu-h264-shared-video-dag:4:181,4,181,foreign_object,6013,210,6223,0.9662542182227221597300337458,
qualification-v2-gstreamer_custom-gpu-h264-shared-video-dag,qualification-v2-gstreamer_custom-gpu-h264-shared-video-dag:4:182,4,182,vehicle_type,2027,154,2181,0.9293901879871618523613021550,
qualification-v2-gstreamer_custom-gpu-h264-shared-video-dag,qualification-v2-gstreamer_custom-gpu-h264-shared-video-dag:4:183,4,183,vehicle_type,1014,92,1106,0.9168173598553345388788426763,
qualification-v2-gstreamer_custom-gpu-h264-shared-video-dag,qualification-v2-gstreamer_custom-gpu-h264-shared-video-dag:4:184,4,184,damage,1013,94,1107,0.9150858175248419150858175248,
qualification-v2-gstreamer_custom-gpu-h264-shared-video-dag,qualification-v2-gstreamer_custom-gpu-h264-shared-video-dag:4:185,4,185,plate_number,6017,324,6341,0.9489039583661882983756505283,
qualification-v2-gstreamer_custom-gpu-h264-shared-video-dag,qualification-v2-gstreamer_custom-gpu-h264-shared-video-dag:4:186,4,186,damage,2030,177,2207,0.9198006343452650657000453104,
qualification-v2-gstreamer_custom-gpu-h264-shared-video-dag,qualification-v2-gstreamer_custom-gpu-h264-shared-video-dag:4:187,4,187,damage,1018,98,1116,0.9121863799283154121863799283,
qualification-v2-gstreamer_custom-gpu-h264-shared-video-dag,qualification-v2-gstreamer_custom-gpu-h264-shared-video-dag:4:188,4,188,plate_number,1013,95,1108,0.9142599277978339350180505415,
qualification-v2-gstreamer_custom-gpu-h264-shared-video-dag,qualification-v2-gstreamer_custom-gpu-h264-shared-video-dag:4:189,4,189,damage,6019,338,6357,0.9468302658486707566462167689,
qualification-v2-gstreamer_custom-gpu-h264-shared-video-dag,qualification-v2-gstreamer_custom-gpu-h264-shared-video-dag:4:190,4,190,vehicle_type,2028,170,2198,0.9226569608735213830755232029,
qualification-v2-gstreamer_custom-gpu-h264-shared-video-dag,qualification-v2-gstreamer_custom-gpu-h264-shared-video-dag:4:191,4,191,vehicle_type,1013,113,1126,0.8996447602131438721136767318,
qualification-v2-gstreamer_custom-gpu-h264-shared-video-dag,qualification-v2-gstreamer_custom-gpu-h264-shared-video-dag:4:192,4,192,vehicle_type,1014,162,1176,0.8622448979591836734693877551,
qualification-v2-gstreamer_custom-gpu-h264-shared-video-dag,qualification-v2-gstreamer_custom-gpu-h264-shared-video-dag:4:193,4,193,foreign_object,6014,166,6180,0.9731391585760517799352750809,
qualification-v2-gstreamer_custom-gpu-h264-shared-video-dag,qualification-v2-gstreamer_custom-gpu-h264-shared-video-dag:4:194,4,194,damage,2030,148,2178,0.9320477502295684113865932048,
qualification-v2-gstreamer_custom-gpu-h264-shared-video-dag,qualification-v2-gstreamer_custom-gpu-h264-shared-video-dag:4:195,4,195,damage,1014,91,1105,0.9176470588235294117647058824,
qualification-v2-gstreamer_custom-gpu-h264-shared-video-dag,qualification-v2-gstreamer_custom-gpu-h264-shared-video-dag:4:196,4,196,foreign_object,1014,118,1132,0.8957597173144876325088339223,
qualification-v2-gstreamer_custom-gpu-h264-shared-video-dag,qualification-v2-gstreamer_custom-gpu-h264-shared-video-dag:4:197,4,197,vehicle_type,6014,342,6356,0.9461925739458779106356198867,
qualification-v2-gstreamer_custom-gpu-h264-shared-video-dag,qualification-v2-gstreamer_custom-gpu-h264-shared-video-dag:4:198,4,198,damage,2028,232,2260,0.8973451327433628318584070796,
qualification-v2-gstreamer_custom-gpu-h264-shared-video-dag,qualification-v2-gstreamer_custom-gpu-h264-shared-video-dag:4:199,4,199,damage,1014,133,1147,0.8840453356582388840453356582,
qualification-v2-gstreamer_custom-gpu-h264-shared-video-dag,qualification-v2-gstreamer_custom-gpu-h264-shared-video-dag:4:200,4,200,plate_number,1013,95,1108,0.9142599277978339350180505415,
qualification-v2-gstreamer_custom-gpu-h264-shared-video-dag,qualification-v2-gstreamer_custom-gpu-h264-shared-video-dag:4:201,4,201,plate_number,6012,341,6353,0.9463245710687864001259247600,
qualification-v2-gstreamer_custom-gpu-h264-shared-video-dag,qualification-v2-gstreamer_custom-gpu-h264-shared-video-dag:4:202,4,202,damage,2026,172,2198,0.9217470427661510464058234759,
qualification-v2-gstreamer_custom-gpu-h264-shared-video-dag,qualification-v2-gstreamer_custom-gpu-h264-shared-video-dag:4:203,4,203,damage,1012,108,1120,0.9035714285714285714285714286,
qualification-v2-gstreamer_custom-gpu-h264-shared-video-dag,qualification-v2-gstreamer_custom-gpu-h264-shared-video-dag:4:204,4,204,damage,1013,93,1106,0.9159132007233273056057866184,
qualification-v2-gstreamer_custom-gpu-h264-shared-video-dag,qualification-v2-gstreamer_custom-gpu-h264-shared-video-dag:4:205,4,205,foreign_object,6015,234,6249,0.9625540086413826212193951032,
qualification-v2-gstreamer_custom-gpu-h264-shared-video-dag,qualification-v2-gstreamer_custom-gpu-h264-shared-video-dag:4:206,4,206,foreign_object,2025,158,2183,0.9276225377920293174530462666,
qualification-v2-gstreamer_custom-gpu-h264-shared-video-dag,qualification-v2-gstreamer_custom-gpu-h264-shared-video-dag:4:207,4,207,foreign_object,1012,98,1110,0.9117117117117117117117117117,
qualification-v2-gstreamer_custom-gpu-h264-shared-video-dag,qualification-v2-gstreamer_custom-gpu-h264-shared-video-dag:4:208,4,208,vehicle_type,1013,89,1102,0.9192377495462794918330308530,
qualification-v2-gstreamer_custom-gpu-h264-shared-video-dag,qualification-v2-gstreamer_custom-gpu-h264-shared-video-dag:5:30,5,30,damage,2010,469,2479,0.8108108108108108108108108108,
qualification-v2-gstreamer_custom-gpu-h264-shared-video-dag,qualification-v2-gstreamer_custom-gpu-h264-shared-video-dag:5:31,5,31,plate_number,4005,216,4221,0.9488272921108742004264392324,
qualification-v2-gstreamer_custom-gpu-h264-shared-video-dag,qualification-v2-gstreamer_custom-gpu-h264-shared-video-dag:5:32,5,32,foreign_object,1005,84,1089,0.9228650137741046831955922865,
qualification-v2-gstreamer_custom-gpu-h264-shared-video-dag,qualification-v2-gstreamer_custom-gpu-h264-shared-video-dag:5:33,5,33,plate_number,2008,291,2299,0.8734232274902131361461505002,
qualification-v2-gstreamer_custom-gpu-h264-shared-video-dag,qualification-v2-gstreamer_custom-gpu-h264-shared-video-dag:5:34,5,34,plate_number,4005,72,4077,0.9823399558498896247240618102,
qualification-v2-gstreamer_custom-gpu-h264-shared-video-dag,qualification-v2-gstreamer_custom-gpu-h264-shared-video-dag:5:35,5,35,damage,1005,106,1111,0.9045904590459045904590459046,
qualification-v2-gstreamer_custom-gpu-h264-shared-video-dag,qualification-v2-gstreamer_custom-gpu-h264-shared-video-dag:5:36,5,36,plate_number,2007,143,2150,0.9334883720930232558139534884,
qualification-v2-gstreamer_custom-gpu-h264-shared-video-dag,qualification-v2-gstreamer_custom-gpu-h264-shared-video-dag:5:37,5,37,damage,4004,101,4105,0.9753958587088915956151035323,
qualification-v2-gstreamer_custom-gpu-h264-shared-video-dag,qualification-v2-gstreamer_custom-gpu-h264-shared-video-dag:5:38,5,38,foreign_object,1007,379,1386,0.7265512265512265512265512266,
qualification-v2-gstreamer_custom-gpu-h264-shared-video-dag,qualification-v2-gstreamer_custom-gpu-h264-shared-video-dag:5:39,5,39,damage,2006,157,2163,0.9274156264447526583448913546,
qualification-v2-gstreamer_custom-gpu-h264-shared-video-dag,qualification-v2-gstreamer_custom-gpu-h264-shared-video-dag:5:40,5,40,vehicle_type,4006,371,4377,0.9152387480009138679460817912,
qualification-v2-gstreamer_custom-gpu-h264-shared-video-dag,qualification-v2-gstreamer_custom-gpu-h264-shared-video-dag:5:41,5,41,vehicle_type,1006,71,1077,0.9340761374187558031569173630,
qualification-v2-gstreamer_custom-gpu-h264-shared-video-dag,qualification-v2-gstreamer_custom-gpu-h264-shared-video-dag:5:42,5,42,vehicle_type,2010,456,2466,0.8150851581508515815085158151,
qualification-v2-gstreamer_custom-gpu-h264-shared-video-dag,qualification-v2-gstreamer_custom-gpu-h264-shared-video-dag:5:43,5,43,plate_number,4004,155,4159,0.9627314258235152680932916566,
qualification-v2-gstreamer_custom-gpu-h264-shared-video-dag,qualification-v2-gstreamer_custom-gpu-h264-shared-video-dag:5:44,5,44,plate_number,1005,90,1095,0.9178082191780821917808219178,
qualification-v2-gstreamer_custom-gpu-h264-shared-video-dag,qualification-v2-gstreamer_custom-gpu-h264-shared-video-dag:5:45,5,45,plate_number,2007,291,2298,0.8733681462140992167101827676,
qualification-v2-gstreamer_custom-gpu-h264-shared-video-dag,qualification-v2-gstreamer_custom-gpu-h264-shared-video-dag:5:46,5,46,damage,4004,93,4097,0.9773004637539663168171833049,
qualification-v2-gstreamer_custom-gpu-h264-shared-video-dag,qualification-v2-gstreamer_custom-gpu-h264-shared-video-dag:5:47,5,47,plate_number,1005,99,1104,0.9103260869565217391304347826,
qualification-v2-gstreamer_custom-gpu-h264-shared-video-dag,qualification-v2-gstreamer_custom-gpu-h264-shared-video-dag:5:48,5,48,damage,2007,174,2181,0.9202200825309491059147180193,
qualification-v2-gstreamer_custom-gpu-h264-shared-video-dag,qualification-v2-gstreamer_custom-gpu-h264-shared-video-dag:5:49,5,49,foreign_object,4002,93,4095,0.9772893772893772893772893773,
qualification-v2-gstreamer_custom-gpu-h264-shared-video-dag,qualification-v2-gstreamer_custom-gpu-h264-shared-video-dag:5:50,5,50,foreign_object,1007,369,1376,0.7318313953488372093023255814,
qualification-v2-gstreamer_custom-gpu-h264-shared-video-dag,qualification-v2-gstreamer_custom-gpu-h264-shared-video-dag:5:51,5,51,foreign_object,2003,152,2155,0.9294663573085846867749419954,
qualification-v2-gstreamer_custom-gpu-h264-shared-video-dag,qualification-v2-gstreamer_custom-gpu-h264-shared-video-dag:5:52,5,52,foreign_object,2006,133,2139,0.9378214118747078073866292660,
qualification-v2-gstreamer_custom-gpu-h264-shared-video-dag,qualification-v2-gstreamer_custom-gpu-h264-shared-video-dag:5:53,5,53,foreign_object,1004,72,1076,0.9330855018587360594795539033,
qualification-v2-gstreamer_custom-gpu-h264-shared-video-dag,qualification-v2-gstreamer_custom-gpu-h264-shared-video-dag:5:54,5,54,foreign_object,1003,172,1175,0.8536170212765957446808510638,
qualification-v2-gstreamer_custom-gpu-h264-shared-video-dag,qualification-v2-gstreamer_custom-gpu-h264-shared-video-dag:5:55,5,55,plate_number,4006,378,4384,0.9137773722627737226277372263,
qualification-v2-gstreamer_custom-gpu-h264-shared-video-dag,qualification-v2-gstreamer_custom-gpu-h264-shared-video-dag:5:56,5,56,foreign_object,10,140,150,0.06666666666666666666666666667,
qualification-v2-gstreamer_custom-gpu-h264-shared-video-dag,qualification-v2-gstreamer_custom-gpu-h264-shared-video-dag:5:57,5,57,plate_number,2009,430,2439,0.8236982369823698236982369824,
qualification-v2-gstreamer_custom-gpu-h264-shared-video-dag,qualification-v2-gstreamer_custom-gpu-h264-shared-video-dag:5:58,5,58,foreign_object,4004,72,4076,0.9823356231599607458292443572,
qualification-v2-gstreamer_custom-gpu-h264-shared-video-dag,qualification-v2-gstreamer_custom-gpu-h264-shared-video-dag:5:59,5,59,plate_number,1006,106,1112,0.9046762589928057553956834532,
qualification-v2-gstreamer_custom-gpu-h264-shared-video-dag,qualification-v2-gstreamer_custom-gpu-h264-shared-video-dag:5:60,5,60,foreign_object,2007,134,2141,0.9374124241008874357776739841,
qualification-v2-gstreamer_custom-gpu-h264-shared-video-dag,qualification-v2-gstreamer_custom-gpu-h264-shared-video-dag:5:61,5,61,vehicle_type,4004,98,4102,0.9761092150170648464163822526,
qualification-v2-gstreamer_custom-gpu-h264-shared-video-dag,qualification-v2-gstreamer_custom-gpu-h264-shared-video-dag:5:62,5,62,plate_number,1006,323,1329,0.7569601203912716328066215199,
qualification-v2-gstreamer_custom-gpu-h264-shared-video-dag,qualification-v2-gstreamer_custom-gpu-h264-shared-video-dag:5:63,5,63,vehicle_type,2006,155,2161,0.9282739472466450717260527534,
qualification-v2-gstreamer_custom-gpu-h264-shared-video-dag,qualification-v2-gstreamer_custom-gpu-h264-shared-video-dag:5:64,5,64,vehicle_type,4004,352,4356,0.9191919191919191919191919192,
qualification-v2-gstreamer_custom-gpu-h264-shared-video-dag,qualification-v2-gstreamer_custom-gpu-h264-shared-video-dag:5:65,5,65,plate_number,1005,70,1075,0.9348837209302325581395348837,
qualification-v2-gstreamer_custom-gpu-h264-shared-video-dag,qualification-v2-gstreamer_custom-gpu-h264-shared-video-dag:5:66,5,66,vehicle_type,2007,432,2439,0.8228782287822878228782287823,
qualification-v2-gstreamer_custom-gpu-h264-shared-video-dag,qualification-v2-gstreamer_custom-gpu-h264-shared-video-dag:5:67,5,67,foreign_object,4005,239,4244,0.9436852026390197926484448633,
qualification-v2-gstreamer_custom-gpu-h264-shared-video-dag,qualification-v2-gstreamer_custom-gpu-h264-shared-video-dag:5:68,5,68,foreign_object,1005,85,1090,0.9220183486238532110091743119,
qualification-v2-gstreamer_custom-gpu-h264-shared-video-dag,qualification-v2-gstreamer_custom-gpu-h264-shared-video-dag:5:69,5,69,foreign_object,2008,309,2317,0.8666378938282261545101424256,
qualification-v2-gstreamer_custom-gpu-h264-shared-video-dag,qualification-v2-gstreamer_custom-gpu-h264-shared-video-dag:5:70,5,70,vehicle_type,4004,90,4094,0.9780166096726917440156326331,
qualification-v2-gstreamer_custom-gpu-h264-shared-video-dag,qualification-v2-gstreamer_custom-gpu-h264-shared-video-dag:5:71,5,71,damage,1006,92,1098,0.9162112932604735883424408015,
qualification-v2-gstreamer_custom-gpu-h264-shared-video-dag,qualification-v2-gstreamer_custom-gpu-h264-shared-video-dag:5:72,5,72,vehicle_type,2010,167,2177,0.9232889297197978870004593477,
qualification-v2-gstreamer_custom-gpu-h264-shared-video-dag,qualification-v2-gstreamer_custom-gpu-h264-shared-video-dag:5:73,5,73,damage,4004,92,4096,0.9775390625,
qualification-v2-gstreamer_custom-gpu-h264-shared-video-dag,qualification-v2-gstreamer_custom-gpu-h264-shared-video-dag:5:74,5,74,vehicle_type,1008,371,1379,0.7309644670050761421319796954,
qualification-v2-gstreamer_custom-gpu-h264-shared-video-dag,qualification-v2-gstreamer_custom-gpu-h264-shared-video-dag:5:75,5,75,damage,2007,152,2159,0.9295970356646595646132468736,
qualification-v2-gstreamer_custom-gpu-h264-shared-video-dag,qualification-v2-gstreamer_custom-gpu-h264-shared-video-dag:5:76,5,76,foreign_object,4006,374,4380,0.9146118721461187214611872146,
qualification-v2-gstreamer_custom-gpu-h264-shared-video-dag,qualification-v2-gstreamer_custom-gpu-h264-shared-video-dag:5:77,5,77,plate_number,1005,71,1076,0.9340148698884758364312267658,
qualification-v2-gstreamer_custom-gpu-h264-shared-video-dag,qualification-v2-gstreamer_custom-gpu-h264-shared-video-dag:5:78,5,78,foreign_object,2009,469,2478,0.8107344632768361581920903955,
qualification-v2-gstreamer_custom-gpu-h264-shared-video-dag,qualification-v2-gstreamer_custom-gpu-h264-shared-video-dag:5:79,5,79,damage,2006,143,2149,0.9334574220567705909725453699,
qualification-v2-gstreamer_custom-gpu-h264-shared-video-dag,qualification-v2-gstreamer_custom-gpu-h264-shared-video-dag:5:80,5,80,damage,1004,88,1092,0.9194139194139194139194139194,
qualification-v2-gstreamer_custom-gpu-h264-shared-video-dag,qualification-v2-gstreamer_custom-gpu-h264-shared-video-dag:5:81,5,81,damage,1004,62,1066,0.9418386491557223264540337711,
qualification-v2-gstreamer_custom-gpu-h264-shared-video-dag,qualification-v2-gstreamer_custom-gpu-h264-shared-video-dag:5:82,5,82,foreign_object,4003,93,4096,0.977294921875,
qualification-v2-gstreamer_custom-gpu-h264-shared-video-dag,qualification-v2-gstreamer_custom-gpu-h264-shared-video-dag:5:83,5,83,foreign_object,16,236,252,0.06349206349206349206349206349,
qualification-v2-gstreamer_custom-gpu-h264-shared-video-dag,qualification-v2-gstreamer_custom-gpu-h264-shared-video-dag:5:84,5,84,foreign_object,2009,174,2183,0.9202931745304626660558863949,
qualification-v2-gstreamer_custom-gpu-h264-shared-video-dag,qualification-v2-gstreamer_custom-gpu-h264-shared-video-dag:5:85,5,85,vehicle_type,4005,102,4107,0.9751643535427319211102994887,
qualification-v2-gstreamer_custom-gpu-h264-shared-video-dag,qualification-v2-gstreamer_custom-gpu-h264-shared-video-dag:5:86,5,86,plate_number,1007,363,1370,0.7350364963503649635036496350,
qualification-v2-gstreamer_custom-gpu-h264-shared-video-dag,qualification-v2-gstreamer_custom-gpu-h264-shared-video-dag:5:87,5,87,vehicle_type,2008,164,2172,0.9244935543278084714548802947,
qualification-v2-gstreamer_custom-gpu-h264-shared-video-dag,qualification-v2-gstreamer_custom-gpu-h264-shared-video-dag:5:88,5,88,foreign_object,4007,363,4370,0.9169336384439359267734553776,
qualification-v2-gstreamer_custom-gpu-h264-shared-video-dag,qualification-v2-gstreamer_custom-gpu-h264-shared-video-dag:5:89,5,89,foreign_object,1005,72,1077,0.9331476323119777158774373259,
qualification-v2-gstreamer_custom-gpu-h264-shared-video-dag,qualification-v2-gstreamer_custom-gpu-h264-shared-video-dag:5:90,5,90,foreign_object,2010,437,2447,0.8214139762975071516142214957,
qualification-v2-gstreamer_custom-gpu-h264-shared-video-dag,qualification-v2-gstreamer_custom-gpu-h264-shared-video-dag:5:91,5,91,damage,4004,185,4189,0.9558367152064931964669372165,
qualification-v2-gstreamer_custom-gpu-h264-shared-video-dag,qualification-v2-gstreamer_custom-gpu-h264-shared-video-dag:5:92,5,92,damage,1004,84,1088,0.9227941176470588235294117647,
qualification-v2-gstreamer_custom-gpu-h264-shared-video-dag,qualification-v2-gstreamer_custom-gpu-h264-shared-video-dag:5:93,5,93,damage,2007,316,2323,0.8639690055962117950925527335,
qualification-v2-gstreamer_custom-gpu-h264-shared-video-dag,qualification-v2-gstreamer_custom-gpu-h264-shared-video-dag:5:94,5,94,damage,4003,91,4094,0.9777723497801660967269174402,
qualification-v2-gstreamer_custom-gpu-h264-shared-video-dag,qualification-v2-gstreamer_custom-gpu-h264-shared-video-dag:5:95,5,95,foreign_object,1006,96,1102,0.9128856624319419237749546279,
qualification-v2-gstreamer_custom-gpu-h264-shared-video-dag,qualification-v2-gstreamer_custom-gpu-h264-shared-video-dag:5:96,5,96,damage,2009,171,2180,0.9215596330275229357798165138,
qualification-v2-gstreamer_custom-gpu-h264-shared-video-dag,qualification-v2-gstreamer_custom-gpu-h264-shared-video-dag:5:97,5,97,damage,4004,100,4104,0.9756335282651072124756335283,
qualification-v2-gstreamer_custom-gpu-h264-shared-video-dag,qualification-v2-gstreamer_custom-gpu-h264-shared-video-dag:5:98,5,98,vehicle_type,1007,359,1366,0.7371888726207906295754026354,
qualification-v2-gstreamer_custom-gpu-h264-shared-video-dag,qualification-v2-gstreamer_custom-gpu-h264-shared-video-dag:5:99,5,99,damage,2007,162,2169,0.9253112033195020746887966805,
qualification-v2-gstreamer_custom-gpu-h264-shared-video-dag,qualification-v2-gstreamer_custom-gpu-h264-shared-video-dag:5:100,5,100,foreign_object,4003,136,4139,0.9671418216960618506885721189,
qualification-v2-gstreamer_custom-gpu-h264-shared-video-dag,qualification-v2-gstreamer_custom-gpu-h264-shared-video-dag:5:101,5,101,vehicle_type,1004,72,1076,0.9330855018587360594795539033,
qualification-v2-gstreamer_custom-gpu-h264-shared-video-dag,qualification-v2-gstreamer_custom-gpu-h264-shared-video-dag:5:102,5,102,foreign_object,2006,267,2273,0.8825340959084909810822701276,
qualification-v2-gstreamer_custom-gpu-h264-shared-video-dag,qualification-v2-gstreamer_custom-gpu-h264-shared-video-dag:5:103,5,103,vehicle_type,4005,363,4368,0.9168956043956043956043956044,
qualification-v2-gstreamer_custom-gpu-h264-shared-video-dag,qualification-v2-gstreamer_custom-gpu-h264-shared-video-dag:5:104,5,104,foreign_object,1004,92,1096,0.9160583941605839416058394161,
qualification-v2-gstreamer_custom-gpu-h264-shared-video-dag,qualification-v2-gstreamer_custom-gpu-h264-shared-video-dag:5:105,5,105,vehicle_type,2009,420,2429,0.8270893371757925072046109510,
qualification-v2-gstreamer_custom-gpu-h264-shared-video-dag,qualification-v2-gstreamer_custom-gpu-h264-shared-video-dag:5:106,5,106,foreign_object,2006,184,2190,0.9159817351598173515981735160,
qualification-v2-gstreamer_custom-gpu-h264-shared-video-dag,qualification-v2-gstreamer_custom-gpu-h264-shared-video-dag:5:107,5,107,foreign_object,1004,109,1113,0.9020664869721473495058400719,
qualification-v2-gstreamer_custom-gpu-h264-shared-video-dag,qualification-v2-gstreamer_custom-gpu-h264-shared-video-dag:5:108,5,108,vehicle_type,1004,89,1093,0.9185727355901189387008234218,
qualification-v2-gstreamer_custom-gpu-h264-shared-video-dag,qualification-v2-gstreamer_custom-gpu-h264-shared-video-dag:5:109,5,109,foreign_object,4003,88,4091,0.9784893669029577120508433146,
qualification-v2-gstreamer_custom-gpu-h264-shared-video-dag,qualification-v2-gstreamer_custom-gpu-h264-shared-video-dag:5:110,5,110,foreign_object,5,64,69,0.07246376811594202898550724638,
qualification-v2-gstreamer_custom-gpu-h264-shared-video-dag,qualification-v2-gstreamer_custom-gpu-h264-shared-video-dag:5:111,5,111,foreign_object,2005,169,2174,0.9222631094756209751609935603,
qualification-v2-gstreamer_custom-gpu-h264-shared-video-dag,qualification-v2-gstreamer_custom-gpu-h264-shared-video-dag:5:112,5,112,foreign_object,4001,102,4103,0.9751401413599805020716548867,
qualification-v2-gstreamer_custom-gpu-h264-shared-video-dag,qualification-v2-gstreamer_custom-gpu-h264-shared-video-dag:5:113,5,113,foreign_object,1004,72,1076,0.9330855018587360594795539033,
qualification-v2-gstreamer_custom-gpu-h264-shared-video-dag,qualification-v2-gstreamer_custom-gpu-h264-shared-video-dag:5:114,5,114,foreign_object,2006,182,2188,0.9168190127970749542961608775,
qualification-v2-gstreamer_custom-gpu-h264-shared-video-dag,qualification-v2-gstreamer_custom-gpu-h264-shared-video-dag:5:115,5,115,plate_number,4004,355,4359,0.9185593025923376921312227575,
qualification-v2-gstreamer_custom-gpu-h264-shared-video-dag,qualification-v2-gstreamer_custom-gpu-h264-shared-video-dag:5:116,5,116,foreign_object,1005,96,1101,0.9128065395095367847411444142,
qualification-v2-gstreamer_custom-gpu-h264-shared-video-dag,qualification-v2-gstreamer_custom-gpu-h264-shared-video-dag:5:117,5,117,plate_number,2007,417,2424,0.8279702970297029702970297030,
qualification-v2-gstreamer_custom-gpu-h264-shared-video-dag,qualification-v2-gstreamer_custom-gpu-h264-shared-video-dag:5:118,5,118,foreign_object,4003,74,4077,0.9818493990679421142997301938,
qualification-v2-gstreamer_custom-gpu-h264-shared-video-dag,qualification-v2-gstreamer_custom-gpu-h264-shared-video-dag:5:119,5,119,foreign_object,1005,92,1097,0.9161349134001823154056517776,
qualification-v2-gstreamer_custom-gpu-h264-shared-video-dag,qualification-v2-gstreamer_custom-gpu-h264-shared-video-dag:5:120,5,120,foreign_object,2006,137,2143,0.9360709286047596826878208119,
qualification-v2-gstreamer_custom-gpu-h264-shared-video-dag,qualification-v2-gstreamer_custom-gpu-h264-shared-video-dag:5:121,5,121,vehicle_type,4004,91,4095,0.9777777777777777777777777778,
qualification-v2-gstreamer_custom-gpu-h264-shared-video-dag,qualification-v2-gstreamer_custom-gpu-h264-shared-video-dag:5:122,5,122,vehicle_type,1005,341,1346,0.7466567607726597325408618128,
qualification-v2-gstreamer_custom-gpu-h264-shared-video-dag,qualification-v2-gstreamer_custom-gpu-h264-shared-video-dag:5:123,5,123,vehicle_type,2007,161,2168,0.9257380073800738007380073801,
qualification-v2-gstreamer_custom-gpu-h264-shared-video-dag,qualification-v2-gstreamer_custom-gpu-h264-shared-video-dag:5:124,5,124,foreign_object,4004,102,4106,0.9751583049196298100340964442,
qualification-v2-gstreamer_custom-gpu-h264-shared-video-dag,qualification-v2-gstreamer_custom-gpu-h264-shared-video-dag:5:125,5,125,foreign_object,1004,74,1078,0.9313543599257884972170686456,
qualification-v2-gstreamer_custom-gpu-h264-shared-video-dag,qualification-v2-gstreamer_custom-gpu-h264-shared-video-dag:5:126,5,126,foreign_object,2007,176,2183,0.9193770041227668346312414109,
qualification-v2-gstreamer_custom-gpu-h264-shared-video-dag,qualification-v2-gstreamer_custom-gpu-h264-shared-video-dag:5:127,5,127,foreign_object,4007,353,4360,0.9190366972477064220183486239,
qualification-v2-gstreamer_custom-gpu-h264-shared-video-dag,qualification-v2-gstreamer_custom-gpu-h264-shared-video-dag:5:128,5,128,damage,1004,93,1097,0.9152233363719234275296262534,
qualification-v2-gstreamer_custom-gpu-h264-shared-video-dag,qualification-v2-gstreamer_custom-gpu-h264-shared-video-dag:5:129,5,129,foreign_object,2010,408,2418,0.8312655086848635235732009926,
qualification-v2-gstreamer_custom-gpu-h264-shared-video-dag,qualification-v2-gstreamer_custom-gpu-h264-shared-video-dag:5:130,5,130,plate_number,4003,73,4076,0.9820902845927379784102060844,
qualification-v2-gstreamer_custom-gpu-h264-shared-video-dag,qualification-v2-gstreamer_custom-gpu-h264-shared-video-dag:5:131,5,131,vehicle_type,1005,95,1100,0.9136363636363636363636363636,
qualification-v2-gstreamer_custom-gpu-h264-shared-video-dag,qualification-v2-gstreamer_custom-gpu-h264-shared-video-dag:5:132,5,132,plate_number,2006,137,2143,0.9360709286047596826878208119,
qualification-v2-gstreamer_custom-gpu-h264-shared-video-dag,qualification-v2-gstreamer_custom-gpu-h264-shared-video-dag:5:133,5,133,vehicle_type,2007,397,2404,0.8348585690515806988352745424,
qualification-v2-gstreamer_custom-gpu-h264-shared-video-dag,qualification-v2-gstreamer_custom-gpu-h264-shared-video-dag:5:134,5,134,vehicle_type,1004,340,1344,0.7470238095238095238095238095,
qualification-v2-gstreamer_custom-gpu-h264-shared-video-dag,qualification-v2-gstreamer_custom-gpu-h264-shared-video-dag:5:135,5,135,vehicle_type,1004,82,1086,0.9244935543278084714548802947,
qualification-v2-gstreamer_custom-gpu-h264-shared-video-dag,qualification-v2-gstreamer_custom-gpu-h264-shared-video-dag:5:136,5,136,plate_number,4003,91,4094,0.9777723497801660967269174402,
qualification-v2-gstreamer_custom-gpu-h264-shared-video-dag,qualification-v2-gstreamer_custom-gpu-h264-shared-video-dag:5:137,5,137,vehicle_type,8,99,107,0.07476635514018691588785046729,
qualification-v2-gstreamer_custom-gpu-h264-shared-video-dag,qualification-v2-gstreamer_custom-gpu-h264-shared-video-dag:5:138,5,138,plate_number,2006,169,2175,0.9222988505747126436781609195,
qualification-v2-gstreamer_custom-gpu-h264-shared-video-dag,qualification-v2-gstreamer_custom-gpu-h264-shared-video-dag:5:139,5,139,damage,4006,355,4361,0.9185966521440036688832836505,
qualification-v2-gstreamer_custom-gpu-h264-shared-video-dag,qualification-v2-gstreamer_custom-gpu-h264-shared-video-dag:5:140,5,140,damage,1004,95,1099,0.9135577797998180163785259327,
qualification-v2-gstreamer_custom-gpu-h264-shared-video-dag,qualification-v2-gstreamer_custom-gpu-h264-shared-video-dag:5:141,5,141,damage,2009,410,2419,0.8305084745762711864406779661,
qualification-v2-gstreamer_custom-gpu-h264-shared-video-dag,qualification-v2-gstreamer_custom-gpu-h264-shared-video-dag:5:142,5,142,foreign_object,4002,62,4064,0.9847440944881889763779527559,
qualification-v2-gstreamer_custom-gpu-h264-shared-video-dag,qualification-v2-gstreamer_custom-gpu-h264-shared-video-dag:5:143,5,143,foreign_object,1005,110,1115,0.9013452914798206278026905830,
qualification-v2-gstreamer_custom-gpu-h264-shared-video-dag,qualification-v2-gstreamer_custom-gpu-h264-shared-video-dag:5:144,5,144,foreign_object,2006,120,2126,0.9435559736594543744120413923,
qualification-v2-gstreamer_custom-gpu-h264-shared-video-dag,qualification-v2-gstreamer_custom-gpu-h264-shared-video-dag:5:145,5,145,plate_number,4003,98,4101,0.9761033894172153133382101926,
qualification-v2-gstreamer_custom-gpu-h264-shared-video-dag,qualification-v2-gstreamer_custom-gpu-h264-shared-video-dag:5:146,5,146,plate_number,1005,329,1334,0.7533733133433283358320839580,
qualification-v2-gstreamer_custom-gpu-h264-shared-video-dag,qualification-v2-gstreamer_custom-gpu-h264-shared-video-dag:5:147,5,147,plate_number,2005,164,2169,0.9243891194098662978331028124,
qualification-v2-gstreamer_custom-gpu-h264-shared-video-dag,qualification-v2-gstreamer_custom-gpu-h264-shared-video-dag:5:148,5,148,plate_number,4003,89,4092,0.9782502443792766373411534702,
qualification-v2-gstreamer_custom-gpu-h264-shared-video-dag,qualification-v2-gstreamer_custom-gpu-h264-shared-video-dag:5:149,5,149,vehicle_type,1004,72,1076,0.9330855018587360594795539033,
qualification-v2-gstreamer_custom-gpu-h264-shared-video-dag,qualification-v2-gstreamer_custom-gpu-h264-shared-video-dag:5:150,5,150,plate_number,2006,186,2192,0.9151459854014598540145985401,
qualification-v2-gstreamer_custom-gpu-h264-shared-video-dag,qualification-v2-gstreamer_custom-gpu-h264-shared-video-dag:5:151,5,151,vehicle_type,4005,351,4356,0.9194214876033057851239669421,
qualification-v2-gstreamer_custom-gpu-h264-shared-video-dag,qualification-v2-gstreamer_custom-gpu-h264-shared-video-dag:5:152,5,152,plate_number,1005,78,1083,0.9279778393351800554016620499,
qualification-v2-gstreamer_custom-gpu-h264-shared-video-dag,qualification-v2-gstreamer_custom-gpu-h264-shared-video-dag:5:153,5,153,vehicle_type,2008,404,2412,0.8325041459369817578772802653,
qualification-v2-gstreamer_custom-gpu-h264-shared-video-dag,qualification-v2-gstreamer_custom-gpu-h264-shared-video-dag:5:154,5,154,foreign_object,4003,64,4067,0.9842635849520531104007868208,
qualification-v2-gstreamer_custom-gpu-h264-shared-video-dag,qualification-v2-gstreamer_custom-gpu-h264-shared-video-dag:5:155,5,155,plate_number,1005,98,1103,0.9111514052583862194016319130,
qualification-v2-gstreamer_custom-gpu-h264-shared-video-dag,qualification-v2-gstreamer_custom-gpu-h264-shared-video-dag:5:156,5,156,foreign_object,2006,127,2133,0.9404594467885607126113455227,
qualification-v2-gstreamer_custom-gpu-h264-shared-video-dag,qualification-v2-gstreamer_custom-gpu-h264-shared-video-dag:5:157,5,157,damage,4006,121,4127,0.9706808819966077053549794039,
qualification-v2-gstreamer_custom-gpu-h264-shared-video-dag,qualification-v2-gstreamer_custom-gpu-h264-shared-video-dag:5:158,5,158,damage,1007,343,1350,0.7459259259259259259259259259,
qualification-v2-gstreamer_custom-gpu-h264-shared-video-dag,qualification-v2-gstreamer_custom-gpu-h264-shared-video-dag:5:159,5,159,damage,2008,175,2183,0.9198350893266147503435639029,
qualification-v2-gstreamer_custom-gpu-h264-shared-video-dag,qualification-v2-gstreamer_custom-gpu-h264-shared-video-dag:5:160,5,160,vehicle_type,2010,133,2143,0.9379374708352776481567895474,
qualification-v2-gstreamer_custom-gpu-h264-shared-video-dag,qualification-v2-gstreamer_custom-gpu-h264-shared-video-dag:5:161,5,161,vehicle_type,1008,72,1080,0.9333333333333333333333333333,
qualification-v2-gstreamer_custom-gpu-h264-shared-video-dag,qualification-v2-gstreamer_custom-gpu-h264-shared-video-dag:5:162,5,162,damage,1004,181,1185,0.8472573839662447257383966245,
qualification-v2-gstreamer_custom-gpu-h264-shared-video-dag,qualification-v2-gstreamer_custom-gpu-h264-shared-video-dag:5:163,5,163,damage,4005,355,4360,0.9185779816513761467889908257,
qualification-v2-gstreamer_custom-gpu-h264-shared-video-dag,qualification-v2-gstreamer_custom-gpu-h264-shared-video-dag:5:164,5,164,foreign_object,6,106,112,0.05357142857142857142857142857,
qualification-v2-gstreamer_custom-gpu-h264-shared-video-dag,qualification-v2-gstreamer_custom-gpu-h264-shared-video-dag:5:165,5,165,damage,2009,409,2418,0.8308519437551695616211745244,
qualification-v2-gstreamer_custom-gpu-h264-shared-video-dag,qualification-v2-gstreamer_custom-gpu-h264-shared-video-dag:5:166,5,166,damage,4003,67,4070,0.9835380835380835380835380835,
qualification-v2-gstreamer_custom-gpu-h264-shared-video-dag,qualification-v2-gstreamer_custom-gpu-h264-shared-video-dag:5:167,5,167,foreign_object,1005,102,1107,0.9078590785907859078590785908,
qualification-v2-gstreamer_custom-gpu-h264-shared-video-dag,qualification-v2-gstreamer_custom-gpu-h264-shared-video-dag:5:168,5,168,damage,2006,129,2135,0.9395784543325526932084309133,
qualification-v2-gstreamer_custom-gpu-h264-shared-video-dag,qualification-v2-gstreamer_custom-gpu-h264-shared-video-dag:5:169,5,169,foreign_object,4002,103,4105,0.9749086479902557856272838002,
qualification-v2-gstreamer_custom-gpu-h264-shared-video-dag,qualification-v2-gstreamer_custom-gpu-h264-shared-video-dag:5:170,5,170,damage,1005,341,1346,0.7466567607726597325408618128,
qualification-v2-gstreamer_custom-gpu-h264-shared-video-dag,qualification-v2-gstreamer_custom-gpu-h264-shared-video-dag:5:171,5,171,foreign_object,2005,171,2176,0.9214154411764705882352941176,
qualification-v2-gstreamer_custom-gpu-h264-shared-video-dag,qualification-v2-gstreamer_custom-gpu-h264-shared-video-dag:5:172,5,172,damage,4004,106,4110,0.9742092457420924574209245742,
qualification-v2-gstreamer_custom-gpu-h264-shared-video-dag,qualification-v2-gstreamer_custom-gpu-h264-shared-video-dag:5:173,5,173,foreign_object,1006,72,1078,0.9332096474953617810760667904,
qualification-v2-gstreamer_custom-gpu-h264-shared-video-dag,qualification-v2-gstreamer_custom-gpu-h264-shared-video-dag:5:174,5,174,damage,2007,198,2205,0.9102040816326530612244897959,
qualification-v2-gstreamer_custom-gpu-h264-shared-video-dag,qualification-v2-gstreamer_custom-gpu-h264-shared-video-dag:5:175,5,175,vehicle_type,4005,339,4344,0.9219613259668508287292817680,
qualification-v2-gstreamer_custom-gpu-h264-shared-video-dag,qualification-v2-gstreamer_custom-gpu-h264-shared-video-dag:5:176,5,176,vehicle_type,1006,92,1098,0.9162112932604735883424408015,
qualification-v2-gstreamer_custom-gpu-h264-shared-video-dag,qualification-v2-gstreamer_custom-gpu-h264-shared-video-dag:5:177,5,177,vehicle_type,2007,398,2405,0.8345114345114345114345114345,
qualification-v2-gstreamer_custom-gpu-h264-shared-video-dag,qualification-v2-gstreamer_custom-gpu-h264-shared-video-dag:5:178,5,178,foreign_object,4005,63,4068,0.9845132743362831858407079646,
qualification-v2-gstreamer_custom-gpu-h264-shared-video-dag,qualification-v2-gstreamer_custom-gpu-h264-shared-video-dag:5:179,5,179,vehicle_type,1006,92,1098,0.9162112932604735883424408015,
qualification-v2-gstreamer_custom-gpu-h264-shared-video-dag,qualification-v2-gstreamer_custom-gpu-h264-shared-video-dag:5:180,5,180,foreign_object,2006,125,2131,0.9413420929141248240262787424,
qualification-v2-gstreamer_custom-gpu-h264-shared-video-dag,qualification-v2-gstreamer_custom-gpu-h264-shared-video-dag:5:181,5,181,foreign_object,4004,104,4108,0.9746835443037974683544303797,
qualification-v2-gstreamer_custom-gpu-h264-shared-video-dag,qualification-v2-gstreamer_custom-gpu-h264-shared-video-dag:5:182,5,182,damage,1005,305,1310,0.7671755725190839694656488550,
qualification-v2-gstreamer_custom-gpu-h264-shared-video-dag,qualification-v2-gstreamer_custom-gpu-h264-shared-video-dag:5:183,5,183,foreign_object,2006,160,2166,0.9261311172668513388734995383,
qualification-v2-gstreamer_custom-gpu-h264-shared-video-dag,qualification-v2-gstreamer_custom-gpu-h264-shared-video-dag:5:184,5,184,foreign_object,4005,99,4104,0.9758771929824561403508771930,
qualification-v2-gstreamer_custom-gpu-h264-shared-video-dag,qualification-v2-gstreamer_custom-gpu-h264-shared-video-dag:5:185,5,185,plate_number,1006,63,1069,0.9410664172123479887745556595,
qualification-v2-gstreamer_custom-gpu-h264-shared-video-dag,qualification-v2-gstreamer_custom-gpu-h264-shared-video-dag:5:186,5,186,foreign_object,2009,170,2179,0.9219825608077099586966498394,
qualification-v2-gstreamer_custom-gpu-h264-shared-video-dag,qualification-v2-gstreamer_custom-gpu-h264-shared-video-dag:5:187,5,187,damage,2007,145,2152,0.9326208178438661710037174721,
qualification-v2-gstreamer_custom-gpu-h264-shared-video-dag,qualification-v2-gstreamer_custom-gpu-h264-shared-video-dag:5:188,5,188,damage,1005,87,1092,0.9203296703296703296703296703,
qualification-v2-gstreamer_custom-gpu-h264-shared-video-dag,qualification-v2-gstreamer_custom-gpu-h264-shared-video-dag:5:189,5,189,damage,1004,61,1065,0.9427230046948356807511737089,
qualification-v2-gstreamer_custom-gpu-h264-shared-video-dag,qualification-v2-gstreamer_custom-gpu-h264-shared-video-dag:5:190,5,190,plate_number,4005,72,4077,0.9823399558498896247240618102,
qualification-v2-gstreamer_custom-gpu-h264-shared-video-dag,qualification-v2-gstreamer_custom-gpu-h264-shared-video-dag:5:191,5,191,damage,15,339,354,0.04237288135593220338983050847,
qualification-v2-gstreamer_custom-gpu-h264-shared-video-dag,qualification-v2-gstreamer_custom-gpu-h264-shared-video-dag:5:192,5,192,plate_number,2007,134,2141,0.9374124241008874357776739841,
qualification-v2-gstreamer_custom-gpu-h264-shared-video-dag,qualification-v2-gstreamer_custom-gpu-h264-shared-video-dag:5:193,5,193,vehicle_type,4004,82,4086,0.9799314733235438081253059227,
qualification-v2-gstreamer_custom-gpu-h264-shared-video-dag,qualification-v2-gstreamer_custom-gpu-h264-shared-video-dag:5:194,5,194,damage,1006,336,1342,0.7496274217585692995529061103,
qualification-v2-gstreamer_custom-gpu-h264-shared-video-dag,qualification-v2-gstreamer_custom-gpu-h264-shared-video-dag:5:195,5,195,vehicle_type,2006,163,2169,0.9248501613646841862609497464,
qualification-v2-gstreamer_custom-gpu-h264-shared-video-dag,qualification-v2-gstreamer_custom-gpu-h264-shared-video-dag:5:196,5,196,foreign_object,4005,123,4128,0.9702034883720930232558139535,
qualification-v2-gstreamer_custom-gpu-h264-shared-video-dag,qualification-v2-gstreamer_custom-gpu-h264-shared-video-dag:5:197,5,197,foreign_object,1005,72,1077,0.9331476323119777158774373259,
qualification-v2-gstreamer_custom-gpu-h264-shared-video-dag,qualification-v2-gstreamer_custom-gpu-h264-shared-video-dag:5:198,5,198,foreign_object,2007,236,2243,0.8947837717342844404814979938,
qualification-v2-gstreamer_custom-gpu-h264-shared-video-dag,qualification-v2-gstreamer_custom-gpu-h264-shared-video-dag:5:199,5,199,plate_number,4004,332,4336,0.9234317343173431734317343173,
qualification-v2-gstreamer_custom-gpu-h264-shared-video-dag,qualification-v2-gstreamer_custom-gpu-h264-shared-video-dag:5:200,5,200,damage,1006,86,1092,0.9212454212454212454212454212,
qualification-v2-gstreamer_custom-gpu-h264-shared-video-dag,qualification-v2-gstreamer_custom-gpu-h264-shared-video-dag:5:201,5,201,plate_number,2008,390,2398,0.8373644703919933277731442869,
qualification-v2-gstreamer_custom-gpu-h264-shared-video-dag,qualification-v2-gstreamer_custom-gpu-h264-shared-video-dag:5:202,5,202,damage,4003,63,4066,0.9845056566650270536153467782,
qualification-v2-gstreamer_custom-gpu-h264-shared-video-dag,qualification-v2-gstreamer_custom-gpu-h264-shared-video-dag:5:203,5,203,plate_number,1006,88,1094,0.9195612431444241316270566728,
qualification-v2-gstreamer_custom-gpu-h264-shared-video-dag,qualification-v2-gstreamer_custom-gpu-h264-shared-video-dag:5:204,5,204,damage,2006,128,2134,0.9400187441424554826616682287,
qualification-v2-gstreamer_custom-gpu-h264-shared-video-dag,qualification-v2-gstreamer_custom-gpu-h264-shared-video-dag:5:205,5,205,damage,4003,118,4121,0.9713661732589177384130065518,
qualification-v2-gstreamer_custom-gpu-h264-shared-video-dag,qualification-v2-gstreamer_custom-gpu-h264-shared-video-dag:5:206,5,206,plate_number,1005,317,1322,0.7602118003025718608169440242,
qualification-v2-gstreamer_custom-gpu-h264-shared-video-dag,qualification-v2-gstreamer_custom-gpu-h264-shared-video-dag:5:207,5,207,damage,2006,175,2181,0.9197615772581384685923888125,
qualification-v2-gstreamer_custom-gpu-h264-shared-video-dag,qualification-v2-gstreamer_custom-gpu-h264-shared-video-dag:5:208,5,208,damage,3004,173,3177,0.9455461126849228832231665093,
qualification-v2-gstreamer_custom-gpu-h264-shared-video-dag,qualification-v2-gstreamer_custom-gpu-h264-shared-video-dag:5:209,5,209,foreign_object,1004,72,1076,0.9330855018587360594795539033,
