run_id,trace_id,stream_id,frame_id,critical_branch,decoder_prefix_ms,postdecode_residual_ms,e2e_latency_ms,decoder_share,decoder_share_reason
qualification-v2-gstreamer_custom-cpu-h264-shared-video-dag,qualification-v2-gstreamer_custom-cpu-h264-shared-video-dag:0:31,0,31,vehicle_type,1018,1540,2558,0.3979671618451915559030492572,
qualification-v2-gstreamer_custom-cpu-h264-shared-video-dag,qualification-v2-gstreamer_custom-cpu-h264-shared-video-dag:0:33,0,33,vehicle_type,6012,1528,7540,0.7973474801061007957559681698,
qualification-v2-gstreamer_custom-cpu-h264-shared-video-dag,qualification-v2-gstreamer_custom-cpu-h264-shared-video-dag:0:35,0,35,damage,1019,1680,2699,0.3775472397184142274916635791,
qualification-v2-gstreamer_custom-cpu-h264-shared-video-dag,qualification-v2-gstreamer_custom-cpu-h264-shared-video-dag:0:36,0,36,vehicle_type,1252,1994,3246,0.3857054836722119531731361676,
qualification-v2-gstreamer_custom-cpu-h264-shared-video-dag,qualification-v2-gstreamer_custom-cpu-h264-shared-video-dag:0:37,0,37,damage,6251,1322,7573,0.8254324574144988775914432854,
qualification-v2-gstreamer_custom-cpu-h264-shared-video-dag,qualification-v2-gstreamer_custom-cpu-h264-shared-video-dag:0:39,0,39,vehicle_type,1017,1859,2876,0.3536161335187760778859527121,
qualification-v2-gstreamer_custom-cpu-h264-shared-video-dag,qualification-v2-gstreamer_custom-cpu-h264-shared-video-dag:0:40,0,40,damage,1017,2392,3409,0.2983279554121443238486359636,
qualification-v2-gstreamer_custom-cpu-h264-shared-video-dag,qualification-v2-gstreamer_custom-cpu-h264-shared-video-dag:0:41,0,41,plate_number,6013,1361,7374,0.8154326010306482234879305669,
qualification-v2-gstreamer_custom-cpu-h264-shared-video-dag,qualification-v2-gstreamer_custom-cpu-h264-shared-video-dag:0:43,0,43,damage,1014,1796,2810,0.3608540925266903914590747331,
qualification-v2-gstreamer_custom-cpu-h264-shared-video-dag,qualification-v2-gstreamer_custom-cpu-h264-shared-video-dag:0:44,0,44,plate_number,1016,2183,3199,0.3175992497655517349171616130,
qualification-v2-gstreamer_custom-cpu-h264-shared-video-dag,qualification-v2-gstreamer_custom-cpu-h264-shared-video-dag:0:45,0,45,vehicle_type,6016,1441,7457,0.8067587501676277323320370122,
qualification-v2-gstreamer_custom-cpu-h264-shared-video-dag,qualification-v2-gstreamer_custom-cpu-h264-shared-video-dag:0:47,0,47,plate_number,1248,1492,2740,0.4554744525547445255474452555,
qualification-v2-gstreamer_custom-cpu-h264-shared-video-dag,qualification-v2-gstreamer_custom-cpu-h264-shared-video-dag:0:49,0,49,damage,6014,1573,7587,0.7926716752339528140239884012,
qualification-v2-gstreamer_custom-cpu-h264-shared-video-dag,qualification-v2-gstreamer_custom-cpu-h264-shared-video-dag:0:51,0,51,vehicle_type,1247,1456,2703,0.4613392526822049574546799852,
qualification-v2-gstreamer_custom-cpu-h264-shared-video-dag,qualification-v2-gstreamer_custom-cpu-h264-shared-video-dag:0:53,0,53,plate_number,6019,1569,7588,0.7932261465471797575118608329,
qualification-v2-gstreamer_custom-cpu-h264-shared-video-dag,qualification-v2-gstreamer_custom-cpu-h264-shared-video-dag:0:55,0,55,damage,1015,1785,2800,0.3625,
qualification-v2-gstreamer_custom-cpu-h264-shared-video-dag,qualification-v2-gstreamer_custom-cpu-h264-shared-video-dag:0:56,0,56,plate_number,1246,2183,3429,0.3633712452610090405365995917,
qualification-v2-gstreamer_custom-cpu-h264-shared-video-dag,qualification-v2-gstreamer_custom-cpu-h264-shared-video-dag:0:57,0,57,damage,6013,1616,7629,0.7881766941932101192816882947,
qualification-v2-gstreamer_custom-cpu-h264-shared-video-dag,qualification-v2-gstreamer_custom-cpu-h264-shared-video-dag:0:59,0,59,plate_number,1016,1996,3012,0.3373173970783532536520584329,
qualification-v2-gstreamer_custom-cpu-h264-shared-video-dag,qualification-v2-gstreamer_custom-cpu-h264-shared-video-dag:0:60,0,60,damage,1243,2088,3331,0.3731612128489942960072050435,
qualification-v2-gstreamer_custom-cpu-h264-shared-video-dag,qualification-v2-gstreamer_custom-cpu-h264-shared-video-dag:0:61,0,61,damage,6243,1114,7357,0.8485795840695935843414435232,
qualification-v2-gstreamer_custom-cpu-h264-shared-video-dag,qualification-v2-gstreamer_custom-cpu-h264-shared-video-dag:0:63,0,63,damage,1016,1931,2947,0.3447573803868340685442823210,
qualification-v2-gstreamer_custom-cpu-h264-shared-video-dag,qualification-v2-gstreamer_custom-cpu-h264-shared-video-dag:0:64,0,64,damage,1012,2233,3245,0.3118644067796610169491525424,
qualification-v2-gstreamer_custom-cpu-h264-shared-video-dag,qualification-v2-gstreamer_custom-cpu-h264-shared-video-dag:0:65,0,65,vehicle_type,6019,1617,7636,0.7882399161864850707176532216,
qualification-v2-gstreamer_custom-cpu-h264-shared-video-dag,qualification-v2-gstreamer_custom-cpu-h264-shared-video-dag:0:67,0,67,damage,1014,1621,2635,0.3848197343453510436432637571,
qualification-v2-gstreamer_custom-cpu-h264-shared-video-dag,qualification-v2-gstreamer_custom-cpu-h264-shared-video-dag:0:68,0,68,vehicle_type,1013,2138,3151,0.3214852427800698191050460171,
qualification-v2-gstreamer_custom-cpu-h264-shared-video-dag,qualification-v2-gstreamer_custom-cpu-h264-shared-video-dag:0:69,0,69,plate_number,6017,1624,7641,0.7874623740348121973563669677,
qualification-v2-gstreamer_custom-cpu-h264-shared-video-dag,qualification-v2-gstreamer_custom-cpu-h264-shared-video-dag:0:71,0,71,vehicle_type,1242,1609,2851,0.4356366187302700806734479130,
qualification-v2-gstreamer_custom-cpu-h264-shared-video-dag,qualification-v2-gstreamer_custom-cpu-h264-shared-video-dag:0:72,0,72,plate_number,1014,2543,3557,0.2850716896260894011807703121,
qualification-v2-gstreamer_custom-cpu-h264-shared-video-dag,qualification-v2-gstreamer_custom-cpu-h264-shared-video-dag:0:73,0,73,foreign_object,6014,1291,7305,0.8232717316906228610540725530,
qualification-v2-gstreamer_custom-cpu-h264-shared-video-dag,qualification-v2-gstreamer_custom-cpu-h264-shared-video-dag:0:75,0,75,plate_number,1240,1473,2713,0.4570586067084408403980833026,
qualification-v2-gstreamer_custom-cpu-h264-shared-video-dag,qualification-v2-gstreamer_custom-cpu-h264-shared-video-dag:0:77,0,77,damage,6013,1325,7338,0.8194330880348868901608067593,
qualification-v2-gstreamer_custom-cpu-h264-shared-video-dag,qualification-v2-gstreamer_custom-cpu-h264-shared-video-dag:0:79,0,79,foreign_object,1015,1578,2593,0.3914384882375626687234863093,
qualification-v2-gstreamer_custom-cpu-h264-shared-video-dag,qualification-v2-gstreamer_custom-cpu-h264-shared-video-dag:0:80,0,80,damage,1013,2266,3279,0.3089356511131442512961268679,
qualification-v2-gstreamer_custom-cpu-h264-shared-video-dag,qualification-v2-gstreamer_custom-cpu-h264-shared-video-dag:0:81,0,81,plate_number,6236,966,7202,0.8658705915023604554290474868,
qualification-v2-gstreamer_custom-cpu-h264-shared-video-dag,qualification-v2-gstreamer_custom-cpu-h264-shared-video-dag:0:83,0,83,damage,1013,1637,2650,0.3822641509433962264150943396,
qualification-v2-gstreamer_custom-cpu-h264-shared-video-dag,qualification-v2-gstreamer_custom-cpu-h264-shared-video-dag:0:84,0,84,plate_number,1016,1974,2990,0.3397993311036789297658862876,
qualification-v2-gstreamer_custom-cpu-h264-shared-video-dag,qualification-v2-gstreamer_custom-cpu-h264-shared-video-dag:0:85,0,85,plate_number,6235,1391,7626,0.8175976921059533175976921060,
qualification-v2-gstreamer_custom-cpu-h264-shared-video-dag,qualification-v2-gstreamer_custom-cpu-h264-shared-video-dag:0:87,0,87,plate_number,1015,1580,2595,0.3911368015414258188824662813,
qualification-v2-gstreamer_custom-cpu-h264-shared-video-dag,qualification-v2-gstreamer_custom-cpu-h264-shared-video-dag:0:89,0,89,plate_number,6015,1549,7564,0.7952141723955579058699101005,
qualification-v2-gstreamer_custom-cpu-h264-shared-video-dag,qualification-v2-gstreamer_custom-cpu-h264-shared-video-dag:0:91,0,91,plate_number,1013,1821,2834,0.3574453069865913902611150318,
qualification-v2-gstreamer_custom-cpu-h264-shared-video-dag,qualification-v2-gstreamer_custom-cpu-h264-shared-video-dag:0:93,0,93,vehicle_type,6014,1522,7536,0.7980360934182590233545647558,
qualification-v2-gstreamer_custom-cpu-h264-shared-video-dag,qualification-v2-gstreamer_custom-cpu-h264-shared-video-dag:0:95,0,95,plate_number,1234,1613,2847,0.4334387074113101510361784334,
qualification-v2-gstreamer_custom-cpu-h264-shared-video-dag,qualification-v2-gstreamer_custom-cpu-h264-shared-video-dag:0:96,0,96,vehicle_type,1015,2229,3244,0.3128853267570900123304562269,
qualification-v2-gstreamer_custom-cpu-h264-shared-video-dag,qualification-v2-gstreamer_custom-cpu-h264-shared-video-dag:0:97,0,97,damage,6015,1610,7625,0.7888524590163934426229508197,
qualification-v2-gstreamer_custom-cpu-h264-shared-video-dag,qualification-v2-gstreamer_custom-cpu-h264-shared-video-dag:0:99,0,99,vehicle_type,1234,1640,2874,0.4293667362560890744606819763,
qualification-v2-gstreamer_custom-cpu-h264-shared-video-dag,qualification-v2-gstreamer_custom-cpu-h264-shared-video-dag:0:100,0,100,damage,1013,2385,3398,0.2981165391406709829311359623,
qualification-v2-gstreamer_custom-cpu-h264-shared-video-dag,qualification-v2-gstreamer_custom-cpu-h264-shared-video-dag:0:101,0,101,damage,6014,1300,7314,0.8222586819797648345638501504,
qualification-v2-gstreamer_custom-cpu-h264-shared-video-dag,qualification-v2-gstreamer_custom-cpu-h264-shared-video-dag:0:103,0,103,damage,1015,1836,2851,0.3560154331813398807435987373,
qualification-v2-gstreamer_custom-cpu-h264-shared-video-dag,qualification-v2-gstreamer_custom-cpu-h264-shared-video-dag:0:105,0,105,foreign_object,6228,1166,7394,0.8423045712740059507708953205,
qualification-v2-gstreamer_custom-cpu-h264-shared-video-dag,qualification-v2-gstreamer_custom-cpu-h264-shared-video-dag:0:107,0,107,damage,1017,1579,2596,0.3917565485362095531587057011,
qualification-v2-gstreamer_custom-cpu-h264-shared-video-dag,qualification-v2-gstreamer_custom-cpu-h264-shared-video-dag:0:108,0,108,vehicle_type,1014,2087,3101,0.3269912931312479845211222186,
qualification-v2-gstreamer_custom-cpu-h264-shared-video-dag,qualification-v2-gstreamer_custom-cpu-h264-shared-video-dag:0:109,0,109,plate_number,6229,1339,7568,0.8230708245243128964059196617,
qualification-v2-gstreamer_custom-cpu-h264-shared-video-dag,qualification-v2-gstreamer_custom-cpu-h264-shared-video-dag:0:111,0,111,foreign_object,1013,1524,2537,0.3992905005912495072920772566,
qualification-v2-gstreamer_custom-cpu-h264-shared-video-dag,qualification-v2-gstreamer_custom-cpu-h264-shared-video-dag:0:112,0,112,vehicle_type,1016,2135,3151,0.3224373214852427800698191050,
qualification-v2-gstreamer_custom-cpu-h264-shared-video-dag,qualification-v2-gstreamer_custom-cpu-h264-shared-video-dag:0:113,0,113,vehicle_type,6230,1314,7544,0.8258218451749734888653234358,
qualification-v2-gstreamer_custom-cpu-h264-shared-video-dag,qualification-v2-gstreamer_custom-cpu-h264-shared-video-dag:0:115,0,115,plate_number,1013,1832,2845,0.3560632688927943760984182777,
qualification-v2-gstreamer_custom-cpu-h264-shared-video-dag,qualification-v2-gstreamer_custom-cpu-h264-shared-video-dag:0:116,0,116,vehicle_type,1013,2398,3411,0.2969803576663734975080621519,
qualification-v2-gstreamer_custom-cpu-h264-shared-video-dag,qualification-v2-gstreamer_custom-cpu-h264-shared-video-dag:0:117,0,117,plate_number,6015,1601,7616,0.7897846638655462184873949580,
qualification-v2-gstreamer_custom-cpu-h264-shared-video-dag,qualification-v2-gstreamer_custom-cpu-h264-shared-video-dag:0:119,0,119,vehicle_type,1013,1846,2859,0.3543196922000699545295557887,
qualification-v2-gstreamer_custom-cpu-h264-shared-video-dag,qualification-v2-gstreamer_custom-cpu-h264-shared-video-dag:0:120,0,120,plate_number,1014,2491,3505,0.2893009985734664764621968616,
qualification-v2-gstreamer_custom-cpu-h264-shared-video-dag,qualification-v2-gstreamer_custom-cpu-h264-shared-video-dag:0:121,0,121,plate_number,6012,1500,7512,0.8003194888178913738019169329,
qualification-v2-gstreamer_custom-cpu-h264-shared-video-dag,qualification-v2-gstreamer_custom-cpu-h264-shared-video-dag:0:123,0,123,plate_number,1015,1917,2932,0.3461800818553888130968622101,
qualification-v2-gstreamer_custom-cpu-h264-shared-video-dag,qualification-v2-gstreamer_custom-cpu-h264-shared-video-dag:0:124,0,124,plate_number,1234,2070,3304,0.3734866828087167070217917676,
qualification-v2-gstreamer_custom-cpu-h264-shared-video-dag,qualification-v2-gstreamer_custom-cpu-h264-shared-video-dag:0:125,0,125,foreign_object,6225,1548,7773,0.8008490930142802006947124662,
qualification-v2-gstreamer_custom-cpu-h264-shared-video-dag,qualification-v2-gstreamer_custom-cpu-h264-shared-video-dag:0:127,0,127,plate_number,1014,1635,2649,0.3827859569648924122310305776,
qualification-v2-gstreamer_custom-cpu-h264-shared-video-dag,qualification-v2-gstreamer_custom-cpu-h264-shared-video-dag:0:129,0,129,vehicle_type,6017,1767,7784,0.7729958890030832476875642343,
qualification-v2-gstreamer_custom-cpu-h264-shared-video-dag,qualification-v2-gstreamer_custom-cpu-h264-shared-video-dag:0:131,0,131,foreign_object,1014,2053,3067,0.3306162373655037495924356048,
qualification-v2-gstreamer_custom-cpu-h264-shared-video-dag,qualification-v2-gstreamer_custom-cpu-h264-shared-video-dag:0:133,0,133,damage,6013,1965,7978,0.7536976685886187014289295563,
qualification-v2-gstreamer_custom-cpu-h264-shared-video-dag,qualification-v2-gstreamer_custom-cpu-h264-shared-video-dag:0:135,0,135,vehicle_type,1016,2060,3076,0.3302990897269180754226267880,
qualification-v2-gstreamer_custom-cpu-h264-shared-video-dag,qualification-v2-gstreamer_custom-cpu-h264-shared-video-dag:0:136,0,136,damage,1223,2515,3738,0.3271803103263777421080791867,
qualification-v2-gstreamer_custom-cpu-h264-shared-video-dag,qualification-v2-gstreamer_custom-cpu-h264-shared-video-dag:0:137,0,137,damage,6219,1590,7809,0.7963887821744141375336150595,
qualification-v2-gstreamer_custom-cpu-h264-shared-video-dag,qualification-v2-gstreamer_custom-cpu-h264-shared-video-dag:0:139,0,139,damage,1014,2193,3207,0.3161833489242282507015902713,
qualification-v2-gstreamer_custom-cpu-h264-shared-video-dag,qualification-v2-gstreamer_custom-cpu-h264-shared-video-dag:0:140,0,140,damage,1016,2551,3567,0.2848331931595178020745724699,
qualification-v2-gstreamer_custom-cpu-h264-shared-video-dag,qualification-v2-gstreamer_custom-cpu-h264-shared-video-dag:0:141,0,141,damage,6017,1728,7745,0.7768883150419625564880568108,
qualification-v2-gstreamer_custom-cpu-h264-shared-video-dag,qualification-v2-gstreamer_custom-cpu-h264-shared-video-dag:0:143,0,143,damage,1014,2088,3102,0.3268858800773694390715667311,
qualification-v2-gstreamer_custom-cpu-h264-shared-video-dag,qualification-v2-gstreamer_custom-cpu-h264-shared-video-dag:0:144,0,144,damage,1015,2408,3423,0.2965235173824130879345603272,
qualification-v2-gstreamer_custom-cpu-h264-shared-video-dag,qualification-v2-gstreamer_custom-cpu-h264-shared-video-dag:0:145,0,145,damage,6015,1582,7597,0.7917599052257470053968671844,
qualification-v2-gstreamer_custom-cpu-h264-shared-video-dag,qualification-v2-gstreamer_custom-cpu-h264-shared-video-dag:0:147,0,147,damage,1016,1869,2885,0.3521663778162911611785095321,
qualification-v2-gstreamer_custom-cpu-h264-shared-video-dag,qualification-v2-gstreamer_custom-cpu-h264-shared-video-dag:0:148,0,148,damage,1219,2297,3516,0.3467007963594994311717861206,
qualification-v2-gstreamer_custom-cpu-h264-shared-video-dag,qualification-v2-gstreamer_custom-cpu-h264-shared-video-dag:0:149,0,149,plate_number,6215,1573,7788,0.7980225988700564971751412429,
qualification-v2-gstreamer_custom-cpu-h264-shared-video-dag,qualification-v2-gstreamer_custom-cpu-h264-shared-video-dag:0:151,0,151,damage,1014,1802,2816,0.3600852272727272727272727273,
qualification-v2-gstreamer_custom-cpu-h264-shared-video-dag,qualification-v2-gstreamer_custom-cpu-h264-shared-video-dag:0:152,0,152,damage,1015,2095,3110,0.3263665594855305466237942122,
qualification-v2-gstreamer_custom-cpu-h264-shared-video-dag,qualification-v2-gstreamer_custom-cpu-h264-shared-video-dag:0:153,0,153,damage,6016,1356,7372,0.8160607704829083016820401519,
qualification-v2-gstreamer_custom-cpu-h264-shared-video-dag,qualification-v2-gstreamer_custom-cpu-h264-shared-video-dag:0:155,0,155,plate_number,1013,2064,3077,0.3292167695807604809879753006,
qualification-v2-gstreamer_custom-cpu-h264-shared-video-dag,qualification-v2-gstreamer_custom-cpu-h264-shared-video-dag:0:156,0,156,damage,1013,2365,3378,0.2998815867377146240378922439,
qualification-v2-gstreamer_custom-cpu-h264-shared-video-dag,qualification-v2-gstreamer_custom-cpu-h264-shared-video-dag:0:157,0,157,damage,6014,1138,7152,0.8408836689038031319910514541,
qualification-v2-gstreamer_custom-cpu-h264-shared-video-dag,qualification-v2-gstreamer_custom-cpu-h264-shared-video-dag:0:159,0,159,damage,1013,1672,2685,0.3772811918063314711359404097,
qualification-v2-gstreamer_custom-cpu-h264-shared-video-dag,qualification-v2-gstreamer_custom-cpu-h264-shared-video-dag:0:161,0,161,damage,6216,1295,7511,0.8275862068965517241379310345,
qualification-v2-gstreamer_custom-cpu-h264-shared-video-dag,qualification-v2-gstreamer_custom-cpu-h264-shared-video-dag:0:163,0,163,damage,1015,1577,2592,0.3915895061728395061728395062,
qualification-v2-gstreamer_custom-cpu-h264-shared-video-dag,qualification-v2-gstreamer_custom-cpu-h264-shared-video-dag:0:165,0,165,plate_number,6015,1274,7289,0.8252160790231856221703937440,
qualification-v2-gstreamer_custom-cpu-h264-shared-video-dag,qualification-v2-gstreamer_custom-cpu-h264-shared-video-dag:0:167,0,167,damage,1016,1718,2734,0.3716166788588149231894659839,
qualification-v2-gstreamer_custom-cpu-h264-shared-video-dag,qualification-v2-gstreamer_custom-cpu-h264-shared-video-dag:0:168,0,168,plate_number,1016,2197,3213,0.3162153750389044506691565515,
qualification-v2-gstreamer_custom-cpu-h264-shared-video-dag,qualification-v2-gstreamer_custom-cpu-h264-shared-video-dag:0:169,0,169,damage,6013,1620,7633,0.7877636578016507271059871610,
qualification-v2-gstreamer_custom-cpu-h264-shared-video-dag,qualification-v2-gstreamer_custom-cpu-h264-shared-video-dag:0:171,0,171,plate_number,1017,1716,2733,0.3721185510428100987925356751,
qualification-v2-gstreamer_custom-cpu-h264-shared-video-dag,qualification-v2-gstreamer_custom-cpu-h264-shared-video-dag:0:172,0,172,damage,1209,1901,3110,0.3887459807073954983922829582,
qualification-v2-gstreamer_custom-cpu-h264-shared-video-dag,qualification-v2-gstreamer_custom-cpu-h264-shared-video-dag:0:173,0,173,plate_number,6209,1531,7740,0.8021963824289405684754521964,
qualification-v2-gstreamer_custom-cpu-h264-shared-video-dag,qualification-v2-gstreamer_custom-cpu-h264-shared-video-dag:0:175,0,175,damage,1014,1911,2925,0.3466666666666666666666666667,
qualification-v2-gstreamer_custom-cpu-h264-shared-video-dag,qualification-v2-gstreamer_custom-cpu-h264-shared-video-dag:0:176,0,176,plate_number,1013,2601,3614,0.2802988378527946873270614278,
qualification-v2-gstreamer_custom-cpu-h264-shared-video-dag,qualification-v2-gstreamer_custom-cpu-h264-shared-video-dag:0:177,0,177,plate_number,6015,1241,7256,0.8289691289966923925027563396,
qualification-v2-gstreamer_custom-cpu-h264-shared-video-dag,qualification-v2-gstreamer_custom-cpu-h264-shared-video-dag:0:179,0,179,plate_number,1013,2101,3114,0.3253050738599871547848426461,
qualification-v2-gstreamer_custom-cpu-h264-shared-video-dag,qualification-v2-gstreamer_custom-cpu-h264-shared-video-dag:0:180,0,180,plate_number,1014,2279,3293,0.3079259034315214090494989371,
qualification-v2-gstreamer_custom-cpu-h264-shared-video-dag,qualification-v2-gstreamer_custom-cpu-h264-shared-video-dag:0:181,0,181,foreign_object,6015,1539,7554,0.7962668784749801429706115965,
qualification-v2-gstreamer_custom-cpu-h264-shared-video-dag,qualification-v2-gstreamer_custom-cpu-h264-shared-video-dag:0:183,0,183,plate_number,1206,1309,2515,0.4795228628230616302186878728,
qualification-v2-gstreamer_custom-cpu-h264-shared-video-dag,qualification-v2-gstreamer_custom-cpu-h264-shared-video-dag:0:185,0,185,vehicle_type,6015,1801,7816,0.7695752302968270214943705220,
qualification-v2-gstreamer_custom-cpu-h264-shared-video-dag,qualification-v2-gstreamer_custom-cpu-h264-shared-video-dag:0:187,0,187,foreign_object,1208,1648,2856,0.4229691876750700280112044818,
qualification-v2-gstreamer_custom-cpu-h264-shared-video-dag,qualification-v2-gstreamer_custom-cpu-h264-shared-video-dag:0:188,0,188,vehicle_type,1019,2520,3539,0.2879344447584063294716021475,
qualification-v2-gstreamer_custom-cpu-h264-shared-video-dag,qualification-v2-gstreamer_custom-cpu-h264-shared-video-dag:0:189,0,189,vehicle_type,6013,1501,7514,0.8002395528347085440511046047,
qualification-v2-gstreamer_custom-cpu-h264-shared-video-dag,qualification-v2-gstreamer_custom-cpu-h264-shared-video-dag:0:191,0,191,vehicle_type,1015,2128,3143,0.3229398663697104677060133630,
qualification-v2-gstreamer_custom-cpu-h264-shared-video-dag,qualification-v2-gstreamer_custom-cpu-h264-shared-video-dag:0:192,0,192,vehicle_type,1208,2302,3510,0.3441595441595441595441595442,
qualification-v2-gstreamer_custom-cpu-h264-shared-video-dag,qualification-v2-gstreamer_custom-cpu-h264-shared-video-dag:0:193,0,193,vehicle_type,6015,1238,7253,0.8293120088239349234799393354,
qualification-v2-gstreamer_custom-cpu-h264-shared-video-dag,qualification-v2-gstreamer_custom-cpu-h264-shared-video-dag:0:195,0,195,vehicle_type,1016,1866,2882,0.3525329632199861207494795281,
qualification-v2-gstreamer_custom-cpu-h264-shared-video-dag,qualification-v2-gstreamer_custom-cpu-h264-shared-video-dag:0:196,0,196,vehicle_type,1205,1953,3158,0.3815706143128562381253958201,
qualification-v2-gstreamer_custom-cpu-h264-shared-video-dag,qualification-v2-gstreamer_custom-cpu-h264-shared-video-dag:0:197,0,197,vehicle_type,6203,1116,7319,0.8475201530263697226397048777,
qualification-v2-gstreamer_custom-cpu-h264-shared-video-dag,qualification-v2-gstreamer_custom-cpu-h264-shared-video-dag:0:199,0,199,vehicle_type,1015,1492,2507,0.4048663741523733546071001197,
qualification-v2-gstreamer_custom-cpu-h264-shared-video-dag,qualification-v2-gstreamer_custom-cpu-h264-shared-video-dag:0:200,0,200,damage,1019,2152,3171,0.3213497319457584358246609902,
qualification-v2-gstreamer_custom-cpu-h264-shared-video-dag,qualification-v2-gstreamer_custom-cpu-h264-shared-video-dag:0:201,0,201,plate_number,6015,1187,7202,0.8351846709247431269091918911,
qualification-v2-gstreamer_custom-cpu-h264-shared-video-dag,qualification-v2-gstreamer_custom-cpu-h264-shared-video-dag:0:203,0,203,vehicle_type,1013,1610,2623,0.3861990087685855890202058711,
qualification-v2-gstreamer_custom-cpu-h264-shared-video-dag,qualification-v2-gstreamer_custom-cpu-h264-shared-video-dag:0:204,0,204,plate_number,1014,2095,3109,0.3261498874236088774525570923,
qualification-v2-gstreamer_custom-cpu-h264-shared-video-dag,qualification-v2-gstreamer_custom-cpu-h264-shared-video-dag:0:205,0,205,damage,6018,1047,7065,0.8518046709129511677282377919,
qualification-v2-gstreamer_custom-cpu-h264-shared-video-dag,qualification-v2-gstreamer_custom-cpu-h264-shared-video-dag:0:207,0,207,plate_number,1021,1478,2499,0.4085634253701480592236894758,
qualification-v2-gstreamer_custom-cpu-h264-shared-video-dag,qualification-v2-gstreamer_custom-cpu-h264-shared-video-dag:1:31,1,31,damage,1022,2340,3362,0.3039857227840571088637715645,
qualification-v2-gstreamer_custom-cpu-h264-shared-video-dag,qualification-v2-gstreamer_custom-cpu-h264-shared-video-dag:1:33,1,33,vehicle_type,6014,1928,7942,0.7572399899269705363888189373,
qualification-v2-gstreamer_custom-cpu-h264-shared-video-dag,qualification-v2-gstreamer_custom-cpu-h264-shared-video-dag:1:35,1,35,vehicle_type,1016,2228,3244,0.3131935881627620221948212084,
qualification-v2-gstreamer_custom-cpu-h264-shared-video-dag,qualification-v2-gstreamer_custom-cpu-h264-shared-video-dag:1:37,1,37,vehicle_type,6030,2067,8097,0.7447202667654686921081882179,
qualification-v2-gstreamer_custom-cpu-h264-shared-video-dag,qualification-v2-gstreamer_custom-cpu-h264-shared-video-dag:1:39,1,39,vehicle_type,1019,2250,3269,0.3117161211379626797185683695,
qualification-v2-gstreamer_custom-cpu-h264-shared-video-dag,qualification-v2-gstreamer_custom-cpu-h264-shared-video-dag:1:41,1,41,plate_number,6014,1983,7997,0.7520320120045016881330498937,
qualification-v2-gstreamer_custom-cpu-h264-shared-video-dag,qualification-v2-gstreamer_custom-cpu-h264-shared-video-dag:1:43,1,43,vehicle_type,1014,2380,3394,0.2987625220978196817913965822,
qualification-v2-gstreamer_custom-cpu-h264-shared-video-dag,qualification-v2-gstreamer_custom-cpu-h264-shared-video-dag:1:45,1,45,plate_number,6015,1922,7937,0.7578430137331485447902230062,
qualification-v2-gstreamer_custom-cpu-h264-shared-video-dag,qualification-v2-gstreamer_custom-cpu-h264-shared-video-dag:1:47,1,47,plate_number,1029,2231,3260,0.3156441717791411042944785276,
qualification-v2-gstreamer_custom-cpu-h264-shared-video-dag,qualification-v2-gstreamer_custom-cpu-h264-shared-video-dag:1:49,1,49,plate_number,6014,1931,7945,0.7569540591567023285084959094,
qualification-v2-gstreamer_custom-cpu-h264-shared-video-dag,qualification-v2-gstreamer_custom-cpu-h264-shared-video-dag:1:51,1,51,plate_number,1029,2196,3225,0.3190697674418604651162790698,
qualification-v2-gstreamer_custom-cpu-h264-shared-video-dag,qualification-v2-gstreamer_custom-cpu-h264-shared-video-dag:1:53,1,53,plate_number,6013,1913,7926,0.7586424425939944486500126167,
qualification-v2-gstreamer_custom-cpu-h264-shared-video-dag,qualification-v2-gstreamer_custom-cpu-h264-shared-video-dag:1:55,1,55,plate_number,1017,2228,3245,0.3134052388289676425269645609,
qualification-v2-gstreamer_custom-cpu-h264-shared-video-dag,qualification-v2-gstreamer_custom-cpu-h264-shared-video-dag:1:57,1,57,vehicle_type,6014,1901,7915,0.7598231206569804169298799747,
qualification-v2-gstreamer_custom-cpu-h264-shared-video-dag,qualification-v2-gstreamer_custom-cpu-h264-shared-video-dag:1:59,1,59,plate_number,1015,2168,3183,0.3188815582783537543198240653,
qualification-v2-gstreamer_custom-cpu-h264-shared-video-dag,qualification-v2-gstreamer_custom-cpu-h264-shared-video-dag:1:61,1,61,vehicle_type,6029,1954,7983,0.7552298634598521858950269322,
qualification-v2-gstreamer_custom-cpu-h264-shared-video-dag,qualification-v2-gstreamer_custom-cpu-h264-shared-video-dag:1:63,1,63,vehicle_type,1017,2217,3234,0.3144712430426716141001855288,
qualification-v2-gstreamer_custom-cpu-h264-shared-video-dag,qualification-v2-gstreamer_custom-cpu-h264-shared-video-dag:1:65,1,65,vehicle_type,6017,2072,8089,0.7438496723946099641488441093,
qualification-v2-gstreamer_custom-cpu-h264-shared-video-dag,qualification-v2-gstreamer_custom-cpu-h264-shared-video-dag:1:67,1,67,vehicle_type,1014,2268,3282,0.3089579524680073126142595978,
qualification-v2-gstreamer_custom-cpu-h264-shared-video-dag,qualification-v2-gstreamer_custom-cpu-h264-shared-video-dag:1:69,1,69,plate_number,6019,2007,8026,0.7499377024669823075006229753,
qualification-v2-gstreamer_custom-cpu-h264-shared-video-dag,qualification-v2-gstreamer_custom-cpu-h264-shared-video-dag:1:71,1,71,vehicle_type,1030,2347,3377,0.3050044418122594018359490672,
qualification-v2-gstreamer_custom-cpu-h264-shared-video-dag,qualification-v2-gstreamer_custom-cpu-h264-shared-video-dag:1:73,1,73,foreign_object,6015,1926,7941,0.7574612769172648281072912731,
qualification-v2-gstreamer_custom-cpu-h264-shared-video-dag,qualification-v2-gstreamer_custom-cpu-h264-shared-video-dag:1:75,1,75,plate_number,1030,2284,3314,0.3108026554013277006638503319,
qualification-v2-gstreamer_custom-cpu-h264-shared-video-dag,qualification-v2-gstreamer_custom-cpu-h264-shared-video-dag:1:77,1,77,plate_number,6013,2014,8027,0.7490967983057182010713840787,
qualification-v2-gstreamer_custom-cpu-h264-shared-video-dag,qualification-v2-gstreamer_custom-cpu-h264-shared-video-dag:1:79,1,79,foreign_object,1015,2219,3234,0.3138528138528138528138528139,
qualification-v2-gstreamer_custom-cpu-h264-shared-video-dag,qualification-v2-gstreamer_custom-cpu-h264-shared-video-dag:1:81,1,81,foreign_object,6032,2060,8092,0.7454275827978250123578843302,
qualification-v2-gstreamer_custom-cpu-h264-shared-video-dag,qualification-v2-gstreamer_custom-cpu-h264-shared-video-dag:1:83,1,83,plate_number,1019,2381,3400,0.2997058823529411764705882353,
qualification-v2-gstreamer_custom-cpu-h264-shared-video-dag,qualification-v2-gstreamer_custom-cpu-h264-shared-video-dag:1:85,1,85,vehicle_type,6027,1018,7045,0.8555003548616039744499645138,
qualification-v2-gstreamer_custom-cpu-h264-shared-video-dag,qualification-v2-gstreamer_custom-cpu-h264-shared-video-dag:1:87,1,87,foreign_object,1013,2462,3475,0.2915107913669064748201438849,
qualification-v2-gstreamer_custom-cpu-h264-shared-video-dag,qualification-v2-gstreamer_custom-cpu-h264-shared-video-dag:1:89,1,89,damage,6018,979,6997,0.8600828926682864084607689010,
qualification-v2-gstreamer_custom-cpu-h264-shared-video-dag,qualification-v2-gstreamer_custom-cpu-h264-shared-video-dag:1:91,1,91,vehicle_type,1013,1181,2194,0.4617137648131267092069279854,
qualification-v2-gstreamer_custom-cpu-h264-shared-video-dag,qualification-v2-gstreamer_custom-cpu-h264-shared-video-dag:1:93,1,93,plate_number,6021,2057,8078,0.7453577618222332260460510027,
qualification-v2-gstreamer_custom-cpu-h264-shared-video-dag,qualification-v2-gstreamer_custom-cpu-h264-shared-video-dag:1:94,1,94,damage,2063,2558,4621,0.4464401644665656784245834235,
qualification-v2-gstreamer_custom-cpu-h264-shared-video-dag,qualification-v2-gstreamer_custom-cpu-h264-shared-video-dag:1:95,1,95,damage,1030,1212,2242,0.4594112399643175735950044603,
qualification-v2-gstreamer_custom-cpu-h264-shared-video-dag,qualification-v2-gstreamer_custom-cpu-h264-shared-video-dag:1:97,1,97,foreign_object,6015,1856,7871,0.7641976877143946131368314064,
qualification-v2-gstreamer_custom-cpu-h264-shared-video-dag,qualification-v2-gstreamer_custom-cpu-h264-shared-video-dag:1:99,1,99,plate_number,1027,2363,3390,0.3029498525073746312684365782,
qualification-v2-gstreamer_custom-cpu-h264-shared-video-dag,qualification-v2-gstreamer_custom-cpu-h264-shared-video-dag:1:101,1,101,foreign_object,6017,1935,7952,0.7566649899396378269617706237,
qualification-v2-gstreamer_custom-cpu-h264-shared-video-dag,qualification-v2-gstreamer_custom-cpu-h264-shared-video-dag:1:103,1,103,foreign_object,1014,2137,3151,0.3218026023484608060933037131,
qualification-v2-gstreamer_custom-cpu-h264-shared-video-dag,qualification-v2-gstreamer_custom-cpu-h264-shared-video-dag:1:105,1,105,foreign_object,6027,1941,7968,0.7564006024096385542168674699,
qualification-v2-gstreamer_custom-cpu-h264-shared-video-dag,qualification-v2-gstreamer_custom-cpu-h264-shared-video-dag:1:107,1,107,foreign_object,1017,2224,3241,0.3137920394939833384757790805,
qualification-v2-gstreamer_custom-cpu-h264-shared-video-dag,qualification-v2-gstreamer_custom-cpu-h264-shared-video-dag:1:109,1,109,foreign_object,6032,2060,8092,0.7454275827978250123578843302,
qualification-v2-gstreamer_custom-cpu-h264-shared-video-dag,qualification-v2-gstreamer_custom-cpu-h264-shared-video-dag:1:111,1,111,foreign_object,1013,2365,3378,0.2998815867377146240378922439,
qualification-v2-gstreamer_custom-cpu-h264-shared-video-dag,qualification-v2-gstreamer_custom-cpu-h264-shared-video-dag:1:112,1,112,foreign_object,1015,2737,3752,0.2705223880597014925373134328,
qualification-v2-gstreamer_custom-cpu-h264-shared-video-dag,qualification-v2-gstreamer_custom-cpu-h264-shared-video-dag:1:113,1,113,plate_number,6034,1347,7381,0.8175044031973987264598292914,
qualification-v2-gstreamer_custom-cpu-h264-shared-video-dag,qualification-v2-gstreamer_custom-cpu-h264-shared-video-dag:1:115,1,115,foreign_object,1015,2340,3355,0.3025335320417287630402384501,
qualification-v2-gstreamer_custom-cpu-h264-shared-video-dag,qualification-v2-gstreamer_custom-cpu-h264-shared-video-dag:1:117,1,117,damage,6017,1086,7103,0.8471068562579191890750387160,
qualification-v2-gstreamer_custom-cpu-h264-shared-video-dag,qualification-v2-gstreamer_custom-cpu-h264-shared-video-dag:1:119,1,119,plate_number,1013,1480,2493,0.4063377456879261933413557962,
qualification-v2-gstreamer_custom-cpu-h264-shared-video-dag,qualification-v2-gstreamer_custom-cpu-h264-shared-video-dag:1:121,1,121,foreign_object,6012,1636,7648,0.7860878661087866108786610879,
qualification-v2-gstreamer_custom-cpu-h264-shared-video-dag,qualification-v2-gstreamer_custom-cpu-h264-shared-video-dag:1:123,1,123,damage,1015,1417,2432,0.4173519736842105263157894737,
qualification-v2-gstreamer_custom-cpu-h264-shared-video-dag,qualification-v2-gstreamer_custom-cpu-h264-shared-video-dag:1:125,1,125,plate_number,6036,1665,7701,0.7837943124269575379820802493,
qualification-v2-gstreamer_custom-cpu-h264-shared-video-dag,qualification-v2-gstreamer_custom-cpu-h264-shared-video-dag:1:127,1,127,foreign_object,1018,1886,2904,0.3505509641873278236914600551,
qualification-v2-gstreamer_custom-cpu-h264-shared-video-dag,qualification-v2-gstreamer_custom-cpu-h264-shared-video-dag:1:128,1,128,plate_number,1016,2761,3777,0.2689965581149060100608948901,
qualification-v2-gstreamer_custom-cpu-h264-shared-video-dag,qualification-v2-gstreamer_custom-cpu-h264-shared-video-dag:1:129,1,129,plate_number,6013,1648,7661,0.7848844798329199843362485315,
qualification-v2-gstreamer_custom-cpu-h264-shared-video-dag,qualification-v2-gstreamer_custom-cpu-h264-shared-video-dag:1:131,1,131,plate_number,1013,1975,2988,0.3390227576974564926372155288,
qualification-v2-gstreamer_custom-cpu-h264-shared-video-dag,qualification-v2-gstreamer_custom-cpu-h264-shared-video-dag:1:132,1,132,plate_number,1014,2307,3321,0.3053297199638663053297199639,
qualification-v2-gstreamer_custom-cpu-h264-shared-video-dag,qualification-v2-gstreamer_custom-cpu-h264-shared-video-dag:1:133,1,133,plate_number,6013,1159,7172,0.8383993307306190741773563859,
qualification-v2-gstreamer_custom-cpu-h264-shared-video-dag,qualification-v2-gstreamer_custom-cpu-h264-shared-video-dag:1:135,1,135,plate_number,1015,1926,2941,0.3451207072424345460727643659,
qualification-v2-gstreamer_custom-cpu-h264-shared-video-dag,qualification-v2-gstreamer_custom-cpu-h264-shared-video-dag:1:136,1,136,plate_number,1033,2264,3297,0.3133151349711859265999393388,
qualification-v2-gstreamer_custom-cpu-h264-shared-video-dag,qualification-v2-gstreamer_custom-cpu-h264-shared-video-dag:1:137,1,137,vehicle_type,6033,1226,7259,0.8311062129769940763190522110,
qualification-v2-gstreamer_custom-cpu-h264-shared-video-dag,qualification-v2-gstreamer_custom-cpu-h264-shared-video-dag:1:139,1,139,plate_number,1015,1430,2445,0.4151329243353783231083844581,
qualification-v2-gstreamer_custom-cpu-h264-shared-video-dag,qualification-v2-gstreamer_custom-cpu-h264-shared-video-dag:1:141,1,141,vehicle_type,6019,1152,7171,0.8393529493794449867521963464,
qualification-v2-gstreamer_custom-cpu-h264-shared-video-dag,qualification-v2-gstreamer_custom-cpu-h264-shared-video-dag:1:143,1,143,vehicle_type,1013,1512,2525,0.4011881188118811881188118812,
qualification-v2-gstreamer_custom-cpu-h264-shared-video-dag,qualification-v2-gstreamer_custom-cpu-h264-shared-video-dag:1:145,1,145,damage,6013,1113,7126,0.8438113948919449901768172888,
qualification-v2-gstreamer_custom-cpu-h264-shared-video-dag,qualification-v2-gstreamer_custom-cpu-h264-shared-video-dag:1:147,1,147,vehicle_type,1016,1467,2483,0.4091824405960531614981876762,
qualification-v2-gstreamer_custom-cpu-h264-shared-video-dag,qualification-v2-gstreamer_custom-cpu-h264-shared-video-dag:1:149,1,149,plate_number,6031,1105,7136,0.8451513452914798206278026906,
qualification-v2-gstreamer_custom-cpu-h264-shared-video-dag,qualification-v2-gstreamer_custom-cpu-h264-shared-video-dag:1:151,1,151,damage,1013,1454,2467,0.4106201864612890149979732469,
qualification-v2-gstreamer_custom-cpu-h264-shared-video-dag,qualification-v2-gstreamer_custom-cpu-h264-shared-video-dag:1:153,1,153,foreign_object,6015,1636,7651,0.7861717422559142595739119069,
qualification-v2-gstreamer_custom-cpu-h264-shared-video-dag,qualification-v2-gstreamer_custom-cpu-h264-shared-video-dag:1:155,1,155,plate_number,1013,1349,2362,0.4288738357324301439458086367,
qualification-v2-gstreamer_custom-cpu-h264-shared-video-dag,qualification-v2-gstreamer_custom-cpu-h264-shared-video-dag:1:157,1,157,vehicle_type,6013,1888,7901,0.7610429059612707252246551069,
qualification-v2-gstreamer_custom-cpu-h264-shared-video-dag,qualification-v2-gstreamer_custom-cpu-h264-shared-video-dag:1:159,1,159,foreign_object,1014,1924,2938,0.3451327433628318584070796460,
qualification-v2-gstreamer_custom-cpu-h264-shared-video-dag,qualification-v2-gstreamer_custom-cpu-h264-shared-video-dag:1:160,1,160,vehicle_type,1024,2774,3798,0.2696155871511321748288572933,
qualification-v2-gstreamer_custom-cpu-h264-shared-video-dag,qualification-v2-gstreamer_custom-cpu-h264-shared-video-dag:1:161,1,161,vehicle_type,6035,2110,8145,0.7409453652547575199508901166,
qualification-v2-gstreamer_custom-cpu-h264-shared-video-dag,qualification-v2-gstreamer_custom-cpu-h264-shared-video-dag:1:163,1,163,vehicle_type,1018,2185,3203,0.3178270371526693724633156416,
qualification-v2-gstreamer_custom-cpu-h264-shared-video-dag,qualification-v2-gstreamer_custom-cpu-h264-shared-video-dag:1:164,1,164,vehicle_type,1016,2748,3764,0.2699256110520722635494155154,
qualification-v2-gstreamer_custom-cpu-h264-shared-video-dag,qualification-v2-gstreamer_custom-cpu-h264-shared-video-dag:1:165,1,165,damage,6016,2090,8106,0.7421662965704416481618554157,
qualification-v2-gstreamer_custom-cpu-h264-shared-video-dag,qualification-v2-gstreamer_custom-cpu-h264-shared-video-dag:1:167,1,167,vehicle_type,1013,2573,3586,0.2824874511991076408254322365,
qualification-v2-gstreamer_custom-cpu-h264-shared-video-dag,qualification-v2-gstreamer_custom-cpu-h264-shared-video-dag:1:169,1,169,plate_number,6014,1693,7707,0.7803295705203062151291034125,
qualification-v2-gstreamer_custom-cpu-h264-shared-video-dag,qualification-v2-gstreamer_custom-cpu-h264-shared-video-dag:1:171,1,171,damage,1013,2148,3161,0.3204682062638405567858272699,
qualification-v2-gstreamer_custom-cpu-h264-shared-video-dag,qualification-v2-gstreamer_custom-cpu-h264-shared-video-dag:1:173,1,173,vehicle_type,6028,2103,8131,0.7413602262944287295535604477,
qualification-v2-gstreamer_custom-cpu-h264-shared-video-dag,qualification-v2-gstreamer_custom-cpu-h264-shared-video-dag:1:175,1,175,plate_number,1017,1992,3009,0.3379860418743768693918245264,
qualification-v2-gstreamer_custom-cpu-h264-shared-video-dag,qualification-v2-gstreamer_custom-cpu-h264-shared-video-dag:1:176,1,176,vehicle_type,1016,2850,3866,0.2628039317123642007242628039,
qualification-v2-gstreamer_custom-cpu-h264-shared-video-dag,qualification-v2-gstreamer_custom-cpu-h264-shared-video-dag:1:177,1,177,damage,6016,1975,7991,0.7528469528219246652484044550,
qualification-v2-gstreamer_custom-cpu-h264-shared-video-dag,qualification-v2-gstreamer_custom-cpu-h264-shared-video-dag:1:179,1,179,vehicle_type,1013,2498,3511,0.2885217886641982341213329536,
qualification-v2-gstreamer_custom-cpu-h264-shared-video-dag,qualification-v2-gstreamer_custom-cpu-h264-shared-video-dag:1:181,1,181,damage,6014,1959,7973,0.7542957481500062711651824909,
qualification-v2-gstreamer_custom-cpu-h264-shared-video-dag,qualification-v2-gstreamer_custom-cpu-h264-shared-video-dag:1:183,1,183,damage,1028,2224,3252,0.3161131611316113161131611316,
qualification-v2-gstreamer_custom-cpu-h264-shared-video-dag,qualification-v2-gstreamer_custom-cpu-h264-shared-video-dag:1:185,1,185,damage,6015,1892,7907,0.7607183508283799165296572657,
qualification-v2-gstreamer_custom-cpu-h264-shared-video-dag,qualification-v2-gstreamer_custom-cpu-h264-shared-video-dag:1:187,1,187,damage,1033,2249,3282,0.3147471054235222425350396100,
qualification-v2-gstreamer_custom-cpu-h264-shared-video-dag,qualification-v2-gstreamer_custom-cpu-h264-shared-video-dag:1:189,1,189,damage,6013,1773,7786,0.7722835859234523503724633958,
qualification-v2-gstreamer_custom-cpu-h264-shared-video-dag,qualification-v2-gstreamer_custom-cpu-h264-shared-video-dag:1:191,1,191,damage,1016,2197,3213,0.3162153750389044506691565515,
qualification-v2-gstreamer_custom-cpu-h264-shared-video-dag,qualification-v2-gstreamer_custom-cpu-h264-shared-video-dag:1:193,1,193,vehicle_type,6012,2090,8102,0.7420390027153789187854850654,
qualification-v2-gstreamer_custom-cpu-h264-shared-video-dag,qualification-v2-gstreamer_custom-cpu-h264-shared-video-dag:1:195,1,195,damage,1017,2131,3148,0.3230622617534942820838627700,
qualification-v2-gstreamer_custom-cpu-h264-shared-video-dag,qualification-v2-gstreamer_custom-cpu-h264-shared-video-dag:1:196,1,196,vehicle_type,1031,2762,3793,0.2718165040864750856841550224,
qualification-v2-gstreamer_custom-cpu-h264-shared-video-dag,qualification-v2-gstreamer_custom-cpu-h264-shared-video-dag:1:197,1,197,damage,6033,2006,8039,0.7504664759298420201517601692,
qualification-v2-gstreamer_custom-cpu-h264-shared-video-dag,qualification-v2-gstreamer_custom-cpu-h264-shared-video-dag:1:199,1,199,vehicle_type,1020,2413,3433,0.2971162248762015729682493446,
qualification-v2-gstreamer_custom-cpu-h264-shared-video-dag,qualification-v2-gstreamer_custom-cpu-h264-shared-video-dag:1:201,1,201,plate_number,6017,1788,7805,0.7709160794362588084561178732,
qualification-v2-gstreamer_custom-cpu-h264-shared-video-dag,qualification-v2-gstreamer_custom-cpu-h264-shared-video-dag:1:203,1,203,damage,1012,2322,3334,0.3035392921415716856628674265,
qualification-v2-gstreamer_custom-cpu-h264-shared-video-dag,qualification-v2-gstreamer_custom-cpu-h264-shared-video-dag:1:205,1,205,damage,6017,1937,7954,0.7564747296957505657530802112,
qualification-v2-gstreamer_custom-cpu-h264-shared-video-dag,qualification-v2-gstreamer_custom-cpu-h264-shared-video-dag:1:207,1,207,plate_number,1030,2039,3069,0.3356142065819485174323884001,
qualification-v2-gstreamer_custom-cpu-h264-shared-video-dag,qualification-v2-gstreamer_custom-cpu-h264-shared-video-dag:2:30,2,30,damage,2031,2563,4594,0.4420983892033086634740966478,
qualification-v2-gstreamer_custom-cpu-h264-shared-video-dag,qualification-v2-gstreamer_custom-cpu-h264-shared-video-dag:2:31,2,31,damage,1017,1302,2319,0.4385510996119016817593790427,
qualification-v2-gstreamer_custom-cpu-h264-shared-video-dag,qualification-v2-gstreamer_custom-cpu-h264-shared-video-dag:2:33,2,33,plate_number,6012,2245,8257,0.7281094828630253118566065157,
qualification-v2-gstreamer_custom-cpu-h264-shared-video-dag,qualification-v2-gstreamer_custom-cpu-h264-shared-video-dag:2:35,2,35,foreign_object,1014,2435,3449,0.2939982603653232821107567411,
qualification-v2-gstreamer_custom-cpu-h264-shared-video-dag,qualification-v2-gstreamer_custom-cpu-h264-shared-video-dag:2:36,2,36,plate_number,1252,2685,3937,0.3180086360172720345440690881,
qualification-v2-gstreamer_custom-cpu-h264-shared-video-dag,qualification-v2-gstreamer_custom-cpu-h264-shared-video-dag:2:37,2,37,damage,6251,973,7224,0.8653100775193798449612403101,
qualification-v2-gstreamer_custom-cpu-h264-shared-video-dag,qualification-v2-gstreamer_custom-cpu-h264-shared-video-dag:2:39,2,39,plate_number,1018,2547,3565,0.2855539971949509116409537167,
qualification-v2-gstreamer_custom-cpu-h264-shared-video-dag,qualification-v2-gstreamer_custom-cpu-h264-shared-video-dag:2:41,2,41,damage,6017,1344,7361,0.8174161119413123216954218177,
qualification-v2-gstreamer_custom-cpu-h264-shared-video-dag,qualification-v2-gstreamer_custom-cpu-h264-shared-video-dag:2:43,2,43,damage,1013,1426,2439,0.4153341533415334153341533415,
qualification-v2-gstreamer_custom-cpu-h264-shared-video-dag,qualification-v2-gstreamer_custom-cpu-h264-shared-video-dag:2:45,2,45,plate_number,6016,1204,7220,0.8332409972299168975069252078,
qualification-v2-gstreamer_custom-cpu-h264-shared-video-dag,qualification-v2-gstreamer_custom-cpu-h264-shared-video-dag:2:47,2,47,damage,1249,1220,2469,0.5058728230052652895909275010,
qualification-v2-gstreamer_custom-cpu-h264-shared-video-dag,qualification-v2-gstreamer_custom-cpu-h264-shared-video-dag:2:49,2,49,damage,6016,1118,7134,0.8432856742360527053546397533,
qualification-v2-gstreamer_custom-cpu-h264-shared-video-dag,qualification-v2-gstreamer_custom-cpu-h264-shared-video-dag:2:50,2,50,plate_number,2258,2519,4777,0.4726815993301235084781243458,
qualification-v2-gstreamer_custom-cpu-h264-shared-video-dag,qualification-v2-gstreamer_custom-cpu-h264-shared-video-dag:2:51,2,51,plate_number,1247,1233,2480,0.5028225806451612903225806452,
qualification-v2-gstreamer_custom-cpu-h264-shared-video-dag,qualification-v2-gstreamer_custom-cpu-h264-shared-video-dag:2:53,2,53,damage,6014,1017,7031,0.8553548570615844118902005405,
qualification-v2-gstreamer_custom-cpu-h264-shared-video-dag,qualification-v2-gstreamer_custom-cpu-h264-shared-video-dag:2:55,2,55,damage,1018,1424,2442,0.4168714168714168714168714169,
qualification-v2-gstreamer_custom-cpu-h264-shared-video-dag,qualification-v2-gstreamer_custom-cpu-h264-shared-video-dag:2:57,2,57,vehicle_type,6015,2064,8079,0.7445228369847753434831043446,
qualification-v2-gstreamer_custom-cpu-h264-shared-video-dag,qualification-v2-gstreamer_custom-cpu-h264-shared-video-dag:2:58,2,58,damage,2029,2667,4696,0.4320698466780238500851788756,
qualification-v2-gstreamer_custom-cpu-h264-shared-video-dag,qualification-v2-gstreamer_custom-cpu-h264-shared-video-dag:2:59,2,59,damage,1015,1389,2404,0.4222129783693843594009983361,
qualification-v2-gstreamer_custom-cpu-h264-shared-video-dag,qualification-v2-gstreamer_custom-cpu-h264-shared-video-dag:2:61,2,61,foreign_object,6021,2011,8032,0.7496264940239043824701195219,
qualification-v2-gstreamer_custom-cpu-h264-shared-video-dag,qualification-v2-gstreamer_custom-cpu-h264-shared-video-dag:2:63,2,63,vehicle_type,1016,2378,3394,0.2993517972893341190335886859,
qualification-v2-gstreamer_custom-cpu-h264-shared-video-dag,qualification-v2-gstreamer_custom-cpu-h264-shared-video-dag:2:65,2,65,damage,6015,1096,7111,0.8458725917592462382224722261,
qualification-v2-gstreamer_custom-cpu-h264-shared-video-dag,qualification-v2-gstreamer_custom-cpu-h264-shared-video-dag:2:67,2,67,foreign_object,1013,2298,3311,0.3059498640893989731199033525,
qualification-v2-gstreamer_custom-cpu-h264-shared-video-dag,qualification-v2-gstreamer_custom-cpu-h264-shared-video-dag:2:69,2,69,foreign_object,6014,1059,7073,0.8502756963099109288844903153,
qualification-v2-gstreamer_custom-cpu-h264-shared-video-dag,qualification-v2-gstreamer_custom-cpu-h264-shared-video-dag:2:70,2,70,damage,2253,2534,4787,0.4706496762063923125130561939,
qualification-v2-gstreamer_custom-cpu-h264-shared-video-dag,qualification-v2-gstreamer_custom-cpu-h264-shared-video-dag:2:71,2,71,damage,1241,1266,2507,0.4950139609094535301156761069,
qualification-v2-gstreamer_custom-cpu-h264-shared-video-dag,qualification-v2-gstreamer_custom-cpu-h264-shared-video-dag:2:73,2,73,plate_number,6015,1424,7439,0.8085764215620379083210108886,
qualification-v2-gstreamer_custom-cpu-h264-shared-video-dag,qualification-v2-gstreamer_custom-cpu-h264-shared-video-dag:2:74,2,74,foreign_object,2252,2628,4880,0.4614754098360655737704918033,
qualification-v2-gstreamer_custom-cpu-h264-shared-video-dag,qualification-v2-gstreamer_custom-cpu-h264-shared-video-dag:2:75,2,75,foreign_object,1240,1363,2603,0.4763734152900499423741836343,
qualification-v2-gstreamer_custom-cpu-h264-shared-video-dag,qualification-v2-gstreamer_custom-cpu-h264-shared-video-dag:2:77,2,77,plate_number,6013,1374,7387,0.8139975632868552863137945039,
qualification-v2-gstreamer_custom-cpu-h264-shared-video-dag,qualification-v2-gstreamer_custom-cpu-h264-shared-video-dag:2:79,2,79,plate_number,1016,1712,2728,0.3724340175953079178885630499,
qualification-v2-gstreamer_custom-cpu-h264-shared-video-dag,qualification-v2-gstreamer_custom-cpu-h264-shared-video-dag:2:81,2,81,vehicle_type,6236,1349,7585,0.8221489782465392221489782465,
qualification-v2-gstreamer_custom-cpu-h264-shared-video-dag,qualification-v2-gstreamer_custom-cpu-h264-shared-video-dag:2:83,2,83,plate_number,1018,1649,2667,0.3817022872140982377202849644,
qualification-v2-gstreamer_custom-cpu-h264-shared-video-dag,qualification-v2-gstreamer_custom-cpu-h264-shared-video-dag:2:84,2,84,vehicle_type,1016,2131,3147,0.3228471560216078805211312361,
qualification-v2-gstreamer_custom-cpu-h264-shared-video-dag,qualification-v2-gstreamer_custom-cpu-h264-shared-video-dag:2:85,2,85,plate_number,6235,1742,7977,0.7816221637206970038861727466,
qualification-v2-gstreamer_custom-cpu-h264-shared-video-dag,qualification-v2-gstreamer_custom-cpu-h264-shared-video-dag:2:87,2,87,vehicle_type,1015,1954,2969,0.3418659481306837318962613675,
qualification-v2-gstreamer_custom-cpu-h264-shared-video-dag,qualification-v2-gstreamer_custom-cpu-h264-shared-video-dag:2:88,2,88,plate_number,1013,2468,3481,0.2910083309393852341281241023,
qualification-v2-gstreamer_custom-cpu-h264-shared-video-dag,qualification-v2-gstreamer_custom-cpu-h264-shared-video-dag:2:89,2,89,plate_number,6013,2087,8100,0.7423456790123456790123456790,
qualification-v2-gstreamer_custom-cpu-h264-shared-video-dag,qualification-v2-gstreamer_custom-cpu-h264-shared-video-dag:2:91,2,91,plate_number,1013,2260,3273,0.3095019859456156431408493737,
qualification-v2-gstreamer_custom-cpu-h264-shared-video-dag,qualification-v2-gstreamer_custom-cpu-h264-shared-video-dag:2:92,2,92,plate_number,1013,2951,3964,0.2555499495459132189707366297,
qualification-v2-gstreamer_custom-cpu-h264-shared-video-dag,qualification-v2-gstreamer_custom-cpu-h264-shared-video-dag:2:93,2,93,damage,6016,1794,7810,0.7702944942381562099871959027,
qualification-v2-gstreamer_custom-cpu-h264-shared-video-dag,qualification-v2-gstreamer_custom-cpu-h264-shared-video-dag:2:95,2,95,plate_number,1234,2185,3419,0.3609242468558057911670078970,
qualification-v2-gstreamer_custom-cpu-h264-shared-video-dag,qualification-v2-gstreamer_custom-cpu-h264-shared-video-dag:2:97,2,97,plate_number,6016,1961,7977,0.7541682336718064435251347624,
qualification-v2-gstreamer_custom-cpu-h264-shared-video-dag,qualification-v2-gstreamer_custom-cpu-h264-shared-video-dag:2:99,2,99,damage,1235,1916,3151,0.3919390669628689304982545224,
qualification-v2-gstreamer_custom-cpu-h264-shared-video-dag,qualification-v2-gstreamer_custom-cpu-h264-shared-video-dag:2:100,2,100,plate_number,1015,2618,3633,0.2793834296724470134874759152,
qualification-v2-gstreamer_custom-cpu-h264-shared-video-dag,qualification-v2-gstreamer_custom-cpu-h264-shared-video-dag:2:101,2,101,plate_number,6016,2144,8160,0.7372549019607843137254901961,
qualification-v2-gstreamer_custom-cpu-h264-shared-video-dag,qualification-v2-gstreamer_custom-cpu-h264-shared-video-dag:2:103,2,103,plate_number,1016,2258,3274,0.3103237629810629199755650580,
qualification-v2-gstreamer_custom-cpu-h264-shared-video-dag,qualification-v2-gstreamer_custom-cpu-h264-shared-video-dag:2:104,2,104,plate_number,1013,3004,4017,0.2521782424695046054269355240,
qualification-v2-gstreamer_custom-cpu-h264-shared-video-dag,qualification-v2-gstreamer_custom-cpu-h264-shared-video-dag:2:105,2,105,vehicle_type,6228,1534,7762,0.8023705230610667353774800309,
qualification-v2-gstreamer_custom-cpu-h264-shared-video-dag,qualification-v2-gstreamer_custom-cpu-h264-shared-video-dag:2:107,2,107,plate_number,1017,2445,3462,0.2937608318890814558058925477,
qualification-v2-gstreamer_custom-cpu-h264-shared-video-dag,qualification-v2-gstreamer_custom-cpu-h264-shared-video-dag:2:109,2,109,damage,6024,1535,7559,0.7969308109538298716761476386,
qualification-v2-gstreamer_custom-cpu-h264-shared-video-dag,qualification-v2-gstreamer_custom-cpu-h264-shared-video-dag:2:111,2,111,vehicle_type,1013,1934,2947,0.3437393959959280624363759756,
qualification-v2-gstreamer_custom-cpu-h264-shared-video-dag,qualification-v2-gstreamer_custom-cpu-h264-shared-video-dag:2:112,2,112,damage,1015,2570,3585,0.2831241283124128312412831241,
qualification-v2-gstreamer_custom-cpu-h264-shared-video-dag,qualification-v2-gstreamer_custom-cpu-h264-shared-video-dag:2:113,2,113,vehicle_type,6230,1436,7666,0.8126793634229063396817114532,
qualification-v2-gstreamer_custom-cpu-h264-shared-video-dag,qualification-v2-gstreamer_custom-cpu-h264-shared-video-dag:2:115,2,115,damage,1019,1830,2849,0.3576693576693576693576693577,
qualification-v2-gstreamer_custom-cpu-h264-shared-video-dag,qualification-v2-gstreamer_custom-cpu-h264-shared-video-dag:2:116,2,116,damage,1013,2149,3162,0.3203668564199873497786211259,
qualification-v2-gstreamer_custom-cpu-h264-shared-video-dag,qualification-v2-gstreamer_custom-cpu-h264-shared-video-dag:2:117,2,117,damage,6016,1847,7863,0.7651023782271397685361821188,
qualification-v2-gstreamer_custom-cpu-h264-shared-video-dag,qualification-v2-gstreamer_custom-cpu-h264-shared-video-dag:2:119,2,119,vehicle_type,1015,1964,2979,0.3407183618663981201745552199,
qualification-v2-gstreamer_custom-cpu-h264-shared-video-dag,qualification-v2-gstreamer_custom-cpu-h264-shared-video-dag:2:120,2,120,damage,1014,2855,3869,0.2620832256397001809253036960,
qualification-v2-gstreamer_custom-cpu-h264-shared-video-dag,qualification-v2-gstreamer_custom-cpu-h264-shared-video-dag:2:121,2,121,damage,6012,1746,7758,0.7749419953596287703016241299,
qualification-v2-gstreamer_custom-cpu-h264-shared-video-dag,qualification-v2-gstreamer_custom-cpu-h264-shared-video-dag:2:123,2,123,damage,1018,2152,3170,0.3211356466876971608832807571,
qualification-v2-gstreamer_custom-cpu-h264-shared-video-dag,qualification-v2-gstreamer_custom-cpu-h264-shared-video-dag:2:124,2,124,damage,1225,2362,3587,0.3415110119877334820183997770,
qualification-v2-gstreamer_custom-cpu-h264-shared-video-dag,qualification-v2-gstreamer_custom-cpu-h264-shared-video-dag:2:125,2,125,damage,6225,1531,7756,0.8026044352759154203197524497,
qualification-v2-gstreamer_custom-cpu-h264-shared-video-dag,qualification-v2-gstreamer_custom-cpu-h264-shared-video-dag:2:127,2,127,damage,1014,2093,3107,0.3263598326359832635983263598,
qualification-v2-gstreamer_custom-cpu-h264-shared-video-dag,qualification-v2-gstreamer_custom-cpu-h264-shared-video-dag:2:128,2,128,damage,1018,2480,3498,0.2910234419668381932532875929,
qualification-v2-gstreamer_custom-cpu-h264-shared-video-dag,qualification-v2-gstreamer_custom-cpu-h264-shared-video-dag:2:129,2,129,vehicle_type,6015,1904,7919,0.7595656017173885591615102917,
qualification-v2-gstreamer_custom-cpu-h264-shared-video-dag,qualification-v2-gstreamer_custom-cpu-h264-shared-video-dag:2:131,2,131,damage,1015,2033,3048,0.3330052493438320209973753281,
qualification-v2-gstreamer_custom-cpu-h264-shared-video-dag,qualification-v2-gstreamer_custom-cpu-h264-shared-video-dag:2:132,2,132,vehicle_type,1014,2465,3479,0.2914630640988789882150043116,
qualification-v2-gstreamer_custom-cpu-h264-shared-video-dag,qualification-v2-gstreamer_custom-cpu-h264-shared-video-dag:2:133,2,133,vehicle_type,6013,1664,7677,0.7832486648430376449133776215,
qualification-v2-gstreamer_custom-cpu-h264-shared-video-dag,qualification-v2-gstreamer_custom-cpu-h264-shared-video-dag:2:135,2,135,vehicle_type,1017,2205,3222,0.3156424581005586592178770950,
qualification-v2-gstreamer_custom-cpu-h264-shared-video-dag,qualification-v2-gstreamer_custom-cpu-h264-shared-video-dag:2:136,2,136,vehicle_type,1222,2419,3641,0.3356220818456468003295797858,
qualification-v2-gstreamer_custom-cpu-h264-shared-video-dag,qualification-v2-gstreamer_custom-cpu-h264-shared-video-dag:2:137,2,137,vehicle_type,6024,1434,7458,0.8077232502011263073209975865,
qualification-v2-gstreamer_custom-cpu-h264-shared-video-dag,qualification-v2-gstreamer_custom-cpu-h264-shared-video-dag:2:139,2,139,vehicle_type,1014,2093,3107,0.3263598326359832635983263598,
qualification-v2-gstreamer_custom-cpu-h264-shared-video-dag,qualification-v2-gstreamer_custom-cpu-h264-shared-video-dag:2:140,2,140,vehicle_type,1014,2440,3454,0.2935726693688477127967573827,
qualification-v2-gstreamer_custom-cpu-h264-shared-video-dag,qualification-v2-gstreamer_custom-cpu-h264-shared-video-dag:2:141,2,141,vehicle_type,6017,1313,7330,0.8208731241473396998635743520,
qualification-v2-gstreamer_custom-cpu-h264-shared-video-dag,qualification-v2-gstreamer_custom-cpu-h264-shared-video-dag:2:143,2,143,vehicle_type,1013,1734,2747,0.3687659264652348016017473608,
qualification-v2-gstreamer_custom-cpu-h264-shared-video-dag,qualification-v2-gstreamer_custom-cpu-h264-shared-video-dag:2:144,2,144,vehicle_type,1013,2032,3045,0.3326765188834154351395730706,
qualification-v2-gstreamer_custom-cpu-h264-shared-video-dag,qualification-v2-gstreamer_custom-cpu-h264-shared-video-dag:2:145,2,145,foreign_object,6014,1375,7389,0.8139125727432670185410745703,
qualification-v2-gstreamer_custom-cpu-h264-shared-video-dag,qualification-v2-gstreamer_custom-cpu-h264-shared-video-dag:2:147,2,147,vehicle_type,1013,1617,2630,0.3851711026615969581749049430,
qualification-v2-gstreamer_custom-cpu-h264-shared-video-dag,qualification-v2-gstreamer_custom-cpu-h264-shared-video-dag:2:148,2,148,plate_number,1219,1785,3004,0.4057922769640479360852197071,
qualification-v2-gstreamer_custom-cpu-h264-shared-video-dag,qualification-v2-gstreamer_custom-cpu-h264-shared-video-dag:2:149,2,149,plate_number,6024,1440,7464,0.8070739549839228295819935691,
qualification-v2-gstreamer_custom-cpu-h264-shared-video-dag,qualification-v2-gstreamer_custom-cpu-h264-shared-video-dag:2:151,2,151,foreign_object,1014,1653,2667,0.3802024746906636670416197975,
qualification-v2-gstreamer_custom-cpu-h264-shared-video-dag,qualification-v2-gstreamer_custom-cpu-h264-shared-video-dag:2:152,2,152,plate_number,1016,2334,3350,0.3032835820895522388059701493,
qualification-v2-gstreamer_custom-cpu-h264-shared-video-dag,qualification-v2-gstreamer_custom-cpu-h264-shared-video-dag:2:153,2,153,plate_number,6014,1322,7336,0.8197928026172300981461286805,
qualification-v2-gstreamer_custom-cpu-h264-shared-video-dag,qualification-v2-gstreamer_custom-cpu-h264-shared-video-dag:2:155,2,155,plate_number,1013,1728,2741,0.3695731484859540313754104341,
qualification-v2-gstreamer_custom-cpu-h264-shared-video-dag,qualification-v2-gstreamer_custom-cpu-h264-shared-video-dag:2:156,2,156,plate_number,1013,2076,3089,0.3279378439624473939786338621,
qualification-v2-gstreamer_custom-cpu-h264-shared-video-dag,qualification-v2-gstreamer_custom-cpu-h264-shared-video-dag:2:157,2,157,damage,6013,1415,7428,0.8095045772751750134625740442,
qualification-v2-gstreamer_custom-cpu-h264-shared-video-dag,qualification-v2-gstreamer_custom-cpu-h264-shared-video-dag:2:159,2,159,plate_number,1016,1609,2625,0.3870476190476190476190476190,
qualification-v2-gstreamer_custom-cpu-h264-shared-video-dag,qualification-v2-gstreamer_custom-cpu-h264-shared-video-dag:2:160,2,160,damage,1214,1968,3182,0.3815210559396605908233815211,
qualification-v2-gstreamer_custom-cpu-h264-shared-video-dag,qualification-v2-gstreamer_custom-cpu-h264-shared-video-dag:2:161,2,161,plate_number,6217,1000,7217,0.8614382707496189552445614521,
qualification-v2-gstreamer_custom-cpu-h264-shared-video-dag,qualification-v2-gstreamer_custom-cpu-h264-shared-video-dag:2:163,2,163,damage,1014,1705,2719,0.3729312247149687385068039720,
qualification-v2-gstreamer_custom-cpu-h264-shared-video-dag,qualification-v2-gstreamer_custom-cpu-h264-shared-video-dag:2:164,2,164,plate_number,1017,2068,3085,0.3296596434359805510534846029,
qualification-v2-gstreamer_custom-cpu-h264-shared-video-dag,qualification-v2-gstreamer_custom-cpu-h264-shared-video-dag:2:165,2,165,foreign_object,6016,1279,7295,0.8246744345442083618917066484,
qualification-v2-gstreamer_custom-cpu-h264-shared-video-dag,qualification-v2-gstreamer_custom-cpu-h264-shared-video-dag:2:167,2,167,plate_number,1014,1398,2412,0.4203980099502487562189054726,
qualification-v2-gstreamer_custom-cpu-h264-shared-video-dag,qualification-v2-gstreamer_custom-cpu-h264-shared-video-dag:2:169,2,169,damage,6014,1524,7538,0.7978243565932608118864420271,
qualification-v2-gstreamer_custom-cpu-h264-shared-video-dag,qualification-v2-gstreamer_custom-cpu-h264-shared-video-dag:2:171,2,171,foreign_object,1014,1662,2676,0.3789237668161434977578475336,
qualification-v2-gstreamer_custom-cpu-h264-shared-video-dag,qualification-v2-gstreamer_custom-cpu-h264-shared-video-dag:2:172,2,172,damage,1026,2355,3381,0.3034605146406388642413487134,
qualification-v2-gstreamer_custom-cpu-h264-shared-video-dag,qualification-v2-gstreamer_custom-cpu-h264-shared-video-dag:2:173,2,173,foreign_object,6209,1335,7544,0.8230381760339342523860021209,
qualification-v2-gstreamer_custom-cpu-h264-shared-video-dag,qualification-v2-gstreamer_custom-cpu-h264-shared-video-dag:2:175,2,175,damage,1015,1808,2823,0.3595465816507261778250088558,
qualification-v2-gstreamer_custom-cpu-h264-shared-video-dag,qualification-v2-gstreamer_custom-cpu-h264-shared-video-dag:2:176,2,176,damage,1022,2114,3136,0.3258928571428571428571428571,
qualification-v2-gstreamer_custom-cpu-h264-shared-video-dag,qualification-v2-gstreamer_custom-cpu-h264-shared-video-dag:2:177,2,177,vehicle_type,6016,1806,7822,0.7691127588851956021477882894,
qualification-v2-gstreamer_custom-cpu-h264-shared-video-dag,qualification-v2-gstreamer_custom-cpu-h264-shared-video-dag:2:179,2,179,foreign_object,1014,1813,2827,0.3586841174389812522108241953,
qualification-v2-gstreamer_custom-cpu-h264-shared-video-dag,qualification-v2-gstreamer_custom-cpu-h264-shared-video-dag:2:180,2,180,vehicle_type,1013,2568,3581,0.2828818765707902820441217537,
qualification-v2-gstreamer_custom-cpu-h264-shared-video-dag,qualification-v2-gstreamer_custom-cpu-h264-shared-video-dag:2:181,2,181,vehicle_type,6015,1681,7696,0.7815748440748440748440748441,
qualification-v2-gstreamer_custom-cpu-h264-shared-video-dag,qualification-v2-gstreamer_custom-cpu-h264-shared-video-dag:2:183,2,183,vehicle_type,1206,1974,3180,0.3792452830188679245283018868,
qualification-v2-gstreamer_custom-cpu-h264-shared-video-dag,qualification-v2-gstreamer_custom-cpu-h264-shared-video-dag:2:184,2,184,vehicle_type,1012,2634,3646,0.2775644541963795940756993966,
qualification-v2-gstreamer_custom-cpu-h264-shared-video-dag,qualification-v2-gstreamer_custom-cpu-h264-shared-video-dag:2:185,2,185,vehicle_type,6015,1609,7624,0.7889559286463798530954879328,
qualification-v2-gstreamer_custom-cpu-h264-shared-video-dag,qualification-v2-gstreamer_custom-cpu-h264-shared-video-dag:2:187,2,187,vehicle_type,1208,1792,3000,0.4026666666666666666666666667,
qualification-v2-gstreamer_custom-cpu-h264-shared-video-dag,qualification-v2-gstreamer_custom-cpu-h264-shared-video-dag:2:188,2,188,vehicle_type,1016,2304,3320,0.3060240963855421686746987952,
qualification-v2-gstreamer_custom-cpu-h264-shared-video-dag,qualification-v2-gstreamer_custom-cpu-h264-shared-video-dag:2:189,2,189,vehicle_type,6014,1144,7158,0.8401788208996926515786532551,
qualification-v2-gstreamer_custom-cpu-h264-shared-video-dag,qualification-v2-gstreamer_custom-cpu-h264-shared-video-dag:2:191,2,191,vehicle_type,1013,1987,3000,0.3376666666666666666666666667,
qualification-v2-gstreamer_custom-cpu-h264-shared-video-dag,qualification-v2-gstreamer_custom-cpu-h264-shared-video-dag:2:192,2,192,vehicle_type,1207,1951,3158,0.3822039265357821405953134896,
qualification-v2-gstreamer_custom-cpu-h264-shared-video-dag,qualification-v2-gstreamer_custom-cpu-h264-shared-video-dag:2:193,2,193,plate_number,6015,1601,7616,0.7897846638655462184873949580,
qualification-v2-gstreamer_custom-cpu-h264-shared-video-dag,qualification-v2-gstreamer_custom-cpu-h264-shared-video-dag:2:195,2,195,vehicle_type,1014,1601,2615,0.3877629063097514340344168260,
qualification-v2-gstreamer_custom-cpu-h264-shared-video-dag,qualification-v2-gstreamer_custom-cpu-h264-shared-video-dag:2:197,2,197,damage,6204,1738,7942,0.7811634349030470914127423823,
qualification-v2-gstreamer_custom-cpu-h264-shared-video-dag,qualification-v2-gstreamer_custom-cpu-h264-shared-video-dag:2:199,2,199,plate_number,1019,1883,2902,0.3511371467953135768435561682,
qualification-v2-gstreamer_custom-cpu-h264-shared-video-dag,qualification-v2-gstreamer_custom-cpu-h264-shared-video-dag:2:200,2,200,damage,1020,2670,3690,0.2764227642276422764227642276,
qualification-v2-gstreamer_custom-cpu-h264-shared-video-dag,qualification-v2-gstreamer_custom-cpu-h264-shared-video-dag:2:201,2,201,damage,6018,1835,7853,0.7663313383420348911244110531,
qualification-v2-gstreamer_custom-cpu-h264-shared-video-dag,qualification-v2-gstreamer_custom-cpu-h264-shared-video-dag:2:203,2,203,damage,1013,2230,3243,0.3123650940487203206907184706,
qualification-v2-gstreamer_custom-cpu-h264-shared-video-dag,qualification-v2-gstreamer_custom-cpu-h264-shared-video-dag:2:204,2,204,damage,1014,2546,3560,0.2848314606741573033707865169,
qualification-v2-gstreamer_custom-cpu-h264-shared-video-dag,qualification-v2-gstreamer_custom-cpu-h264-shared-video-dag:2:205,2,205,damage,6016,1840,7856,0.7657841140529531568228105906,
qualification-v2-gstreamer_custom-cpu-h264-shared-video-dag,qualification-v2-gstreamer_custom-cpu-h264-shared-video-dag:2:207,2,207,damage,1205,1946,3151,0.3824182799111393208505236433,
qualification-v2-gstreamer_custom-cpu-h264-shared-video-dag,qualification-v2-gstreamer_custom-cpu-h264-shared-video-dag:2:208,2,208,damage,1013,2752,3765,0.2690571049136786188579017264,
qualification-v2-gstreamer_custom-cpu-h264-shared-video-dag,qualification-v2-gstreamer_custom-cpu-h264-shared-video-dag:3:31,3,31,foreign_object,1015,1503,2518,0.4030976965845909451945988880,
qualification-v2-gstreamer_custom-cpu-h264-shared-video-dag,qualification-v2-gstreamer_custom-cpu-h264-shared-video-dag:3:32,3,32,plate_number,1253,1967,3220,0.3891304347826086956521739130,
qualification-v2-gstreamer_custom-cpu-h264-shared-video-dag,qualification-v2-gstreamer_custom-cpu-h264-shared-video-dag:3:33,3,33,damage,6014,1307,7321,0.8214724764376451304466602923,
qualification-v2-gstreamer_custom-cpu-h264-shared-video-dag,qualification-v2-gstreamer_custom-cpu-h264-shared-video-dag:3:35,3,35,plate_number,1018,1623,2641,0.3854600530102234002271866717,
qualification-v2-gstreamer_custom-cpu-h264-shared-video-dag,qualification-v2-gstreamer_custom-cpu-h264-shared-video-dag:3:36,3,36,damage,1252,1879,3131,0.3998722452890450335356116257,
qualification-v2-gstreamer_custom-cpu-h264-shared-video-dag,qualification-v2-gstreamer_custom-cpu-h264-shared-video-dag:3:37,3,37,vehicle_type,6253,1327,7580,0.8249340369393139841688654354,
qualification-v2-gstreamer_custom-cpu-h264-shared-video-dag,qualification-v2-gstreamer_custom-cpu-h264-shared-video-dag:3:39,3,39,damage,1019,1621,2640,0.3859848484848484848484848485,
qualification-v2-gstreamer_custom-cpu-h264-shared-video-dag,qualification-v2-gstreamer_custom-cpu-h264-shared-video-dag:3:40,3,40,vehicle_type,1015,2047,3062,0.3314826910516002612671456564,
qualification-v2-gstreamer_custom-cpu-h264-shared-video-dag,qualification-v2-gstreamer_custom-cpu-h264-shared-video-dag:3:41,3,41,plate_number,6017,1899,7916,0.7601061141990904497220818595,
qualification-v2-gstreamer_custom-cpu-h264-shared-video-dag,qualification-v2-gstreamer_custom-cpu-h264-shared-video-dag:3:43,3,43,vehicle_type,1017,1890,2907,0.3498452012383900928792569659,
qualification-v2-gstreamer_custom-cpu-h264-shared-video-dag,qualification-v2-gstreamer_custom-cpu-h264-shared-video-dag:3:44,3,44,plate_number,1014,2503,3517,0.2883139038953653682115439295,
qualification-v2-gstreamer_custom-cpu-h264-shared-video-dag,qualification-v2-gstreamer_custom-cpu-h264-shared-video-dag:3:45,3,45,plate_number,6014,1818,7832,0.7678753830439223697650663943,
qualification-v2-gstreamer_custom-cpu-h264-shared-video-dag,qualification-v2-gstreamer_custom-cpu-h264-shared-video-dag:3:47,3,47,plate_number,1248,1922,3170,0.3936908517350157728706624606,
qualification-v2-gstreamer_custom-cpu-h264-shared-video-dag,qualification-v2-gstreamer_custom-cpu-h264-shared-video-dag:3:48,3,48,plate_number,1013,2666,3679,0.2753465615656428377276433814,
qualification-v2-gstreamer_custom-cpu-h264-shared-video-dag,qualification-v2-gstreamer_custom-cpu-h264-shared-video-dag:3:49,3,49,plate_number,6016,1537,7553,0.7965047001191579504832516881,
qualification-v2-gstreamer_custom-cpu-h264-shared-video-dag,qualification-v2-gstreamer_custom-cpu-h264-shared-video-dag:3:51,3,51,plate_number,1247,1837,3084,0.4043450064850843060959792477,
qualification-v2-gstreamer_custom-cpu-h264-shared-video-dag,qualification-v2-gstreamer_custom-cpu-h264-shared-video-dag:3:52,3,52,plate_number,1015,2470,3485,0.2912482065997130559540889527,
qualification-v2-gstreamer_custom-cpu-h264-shared-video-dag,qualification-v2-gstreamer_custom-cpu-h264-shared-video-dag:3:53,3,53,plate_number,6012,1389,7401,0.8123226591001216051884880422,
qualification-v2-gstreamer_custom-cpu-h264-shared-video-dag,qualification-v2-gstreamer_custom-cpu-h264-shared-video-dag:3:55,3,55,plate_number,1014,2043,3057,0.3316977428851815505397448479,
qualification-v2-gstreamer_custom-cpu-h264-shared-video-dag,qualification-v2-gstreamer_custom-cpu-h264-shared-video-dag:3:56,3,56,plate_number,1247,2096,3343,0.3730182470834579718815435238,
qualification-v2-gstreamer_custom-cpu-h264-shared-video-dag,qualification-v2-gstreamer_custom-cpu-h264-shared-video-dag:3:57,3,57,vehicle_type,6012,1509,7521,0.7993617869964100518548065417,
qualification-v2-gstreamer_custom-cpu-h264-shared-video-dag,qualification-v2-gstreamer_custom-cpu-h264-shared-video-dag:3:59,3,59,plate_number,1014,1668,2682,0.3780760626398210290827740492,
qualification-v2-gstreamer_custom-cpu-h264-shared-video-dag,qualification-v2-gstreamer_custom-cpu-h264-shared-video-dag:3:60,3,60,vehicle_type,1243,1986,3229,0.3849489005884174667079591205,
qualification-v2-gstreamer_custom-cpu-h264-shared-video-dag,qualification-v2-gstreamer_custom-cpu-h264-shared-video-dag:3:61,3,61,damage,6243,1241,7484,0.8341795831106360235168359166,
qualification-v2-gstreamer_custom-cpu-h264-shared-video-dag,qualification-v2-gstreamer_custom-cpu-h264-shared-video-dag:3:63,3,63,vehicle_type,1014,1821,2835,0.3576719576719576719576719577,
qualification-v2-gstreamer_custom-cpu-h264-shared-video-dag,qualification-v2-gstreamer_custom-cpu-h264-shared-video-dag:3:64,3,64,vehicle_type,1011,2138,3149,0.3210543029533185138139091775,
qualification-v2-gstreamer_custom-cpu-h264-shared-video-dag,qualification-v2-gstreamer_custom-cpu-h264-shared-video-dag:3:65,3,65,vehicle_type,6016,1523,7539,0.7979838174824247247645576336,
qualification-v2-gstreamer_custom-cpu-h264-shared-video-dag,qualification-v2-gstreamer_custom-cpu-h264-shared-video-dag:3:67,3,67,damage,1014,1779,2793,0.3630504833512352309344790548,
qualification-v2-gstreamer_custom-cpu-h264-shared-video-dag,qualification-v2-gstreamer_custom-cpu-h264-shared-video-dag:3:68,3,68,vehicle_type,1014,2465,3479,0.2914630640988789882150043116,
qualification-v2-gstreamer_custom-cpu-h264-shared-video-dag,qualification-v2-gstreamer_custom-cpu-h264-shared-video-dag:3:69,3,69,vehicle_type,6015,1708,7723,0.7788424187491907289913246148,
qualification-v2-gstreamer_custom-cpu-h264-shared-video-dag,qualification-v2-gstreamer_custom-cpu-h264-shared-video-dag:3:71,3,71,vehicle_type,1242,1742,2984,0.4162198391420911528150134048,
qualification-v2-gstreamer_custom-cpu-h264-shared-video-dag,qualification-v2-gstreamer_custom-cpu-h264-shared-video-dag:3:73,3,73,damage,6016,1837,7853,0.7660766586018082261556093213,
qualification-v2-gstreamer_custom-cpu-h264-shared-video-dag,qualification-v2-gstreamer_custom-cpu-h264-shared-video-dag:3:75,3,75,vehicle_type,1241,1766,3007,0.4127036913867642168274027270,
qualification-v2-gstreamer_custom-cpu-h264-shared-video-dag,qualification-v2-gstreamer_custom-cpu-h264-shared-video-dag:3:76,3,76,damage,1014,2588,3602,0.2815102720710716268739589117,
qualification-v2-gstreamer_custom-cpu-h264-shared-video-dag,qualification-v2-gstreamer_custom-cpu-h264-shared-video-dag:3:77,3,77,damage,6014,1861,7875,0.7636825396825396825396825397,
qualification-v2-gstreamer_custom-cpu-h264-shared-video-dag,qualification-v2-gstreamer_custom-cpu-h264-shared-video-dag:3:79,3,79,damage,1017,2126,3143,0.3235762010817690104995227490,
qualification-v2-gstreamer_custom-cpu-h264-shared-video-dag,qualification-v2-gstreamer_custom-cpu-h264-shared-video-dag:3:80,3,80,damage,1017,2594,3611,0.2816394350595402935474937690,
qualification-v2-gstreamer_custom-cpu-h264-shared-video-dag,qualification-v2-gstreamer_custom-cpu-h264-shared-video-dag:3:81,3,81,damage,6236,1322,7558,0.8250860015877216194760518656,
qualification-v2-gstreamer_custom-cpu-h264-shared-video-dag,qualification-v2-gstreamer_custom-cpu-h264-shared-video-dag:3:83,3,83,damage,1017,2172,3189,0.3189087488240827845719661336,
qualification-v2-gstreamer_custom-cpu-h264-shared-video-dag,qualification-v2-gstreamer_custom-cpu-h264-shared-video-dag:3:84,3,84,damage,1013,2488,3501,0.2893459011710939731505284205,
qualification-v2-gstreamer_custom-cpu-h264-shared-video-dag,qualification-v2-gstreamer_custom-cpu-h264-shared-video-dag:3:85,3,85,damage,6235,1488,7723,0.8073287582545642884889291726,
qualification-v2-gstreamer_custom-cpu-h264-shared-video-dag,qualification-v2-gstreamer_custom-cpu-h264-shared-video-dag:3:87,3,87,damage,1014,1917,2931,0.3459570112589559877175025589,
qualification-v2-gstreamer_custom-cpu-h264-shared-video-dag,qualification-v2-gstreamer_custom-cpu-h264-shared-video-dag:3:88,3,88,damage,1013,2262,3275,0.3093129770992366412213740458,
qualification-v2-gstreamer_custom-cpu-h264-shared-video-dag,qualification-v2-gstreamer_custom-cpu-h264-shared-video-dag:3:89,3,89,damage,6015,1742,7757,0.7754286450947531262085857935,
qualification-v2-gstreamer_custom-cpu-h264-shared-video-dag,qualification-v2-gstreamer_custom-cpu-h264-shared-video-dag:3:91,3,91,damage,1017,2036,3053,0.3331149688830658368817556502,
qualification-v2-gstreamer_custom-cpu-h264-shared-video-dag,qualification-v2-gstreamer_custom-cpu-h264-shared-video-dag:3:92,3,92,damage,1016,2612,3628,0.2800441014332965821389195149,
qualification-v2-gstreamer_custom-cpu-h264-shared-video-dag,qualification-v2-gstreamer_custom-cpu-h264-shared-video-dag:3:93,3,93,damage,6013,1157,7170,0.8386331938633193863319386332,
qualification-v2-gstreamer_custom-cpu-h264-shared-video-dag,qualification-v2-gstreamer_custom-cpu-h264-shared-video-dag:3:95,3,95,damage,1235,1826,3061,0.4034629206141783730806925841,
qualification-v2-gstreamer_custom-cpu-h264-shared-video-dag,qualification-v2-gstreamer_custom-cpu-h264-shared-video-dag:3:96,3,96,damage,1013,2242,3255,0.3112135176651305683563748080,
qualification-v2-gstreamer_custom-cpu-h264-shared-video-dag,qualification-v2-gstreamer_custom-cpu-h264-shared-video-dag:3:97,3,97,plate_number,6015,1494,7509,0.8010387534958050339592489013,
qualification-v2-gstreamer_custom-cpu-h264-shared-video-dag,qualification-v2-gstreamer_custom-cpu-h264-shared-video-dag:3:98,3,98,damage,2250,2651,4901,0.4590899816364007345439706182,
qualification-v2-gstreamer_custom-cpu-h264-shared-video-dag,qualification-v2-gstreamer_custom-cpu-h264-shared-video-dag:3:99,3,99,damage,1235,1360,2595,0.4759152215799614643545279383,
qualification-v2-gstreamer_custom-cpu-h264-shared-video-dag,qualification-v2-gstreamer_custom-cpu-h264-shared-video-dag:3:101,3,101,damage,6016,1201,7217,0.8335873631702923652487183040,
qualification-v2-gstreamer_custom-cpu-h264-shared-video-dag,qualification-v2-gstreamer_custom-cpu-h264-shared-video-dag:3:103,3,103,plate_number,1020,1782,2802,0.3640256959314775160599571734,
qualification-v2-gstreamer_custom-cpu-h264-shared-video-dag,qualification-v2-gstreamer_custom-cpu-h264-shared-video-dag:3:104,3,104,damage,1013,2451,3464,0.2924364896073903002309468822,
qualification-v2-gstreamer_custom-cpu-h264-shared-video-dag,qualification-v2-gstreamer_custom-cpu-h264-shared-video-dag:3:105,3,105,foreign_object,6228,1514,7742,0.8044432963058641177990183415,
qualification-v2-gstreamer_custom-cpu-h264-shared-video-dag,qualification-v2-gstreamer_custom-cpu-h264-shared-video-dag:3:107,3,107,damage,1015,1480,2495,0.4068136272545090180360721443,
qualification-v2-gstreamer_custom-cpu-h264-shared-video-dag,qualification-v2-gstreamer_custom-cpu-h264-shared-video-dag:3:109,3,109,vehicle_type,6229,1522,7751,0.8036382402270674751644949039,
qualification-v2-gstreamer_custom-cpu-h264-shared-video-dag,qualification-v2-gstreamer_custom-cpu-h264-shared-video-dag:3:111,3,111,foreign_object,1013,1931,2944,0.3440896739130434782608695652,
qualification-v2-gstreamer_custom-cpu-h264-shared-video-dag,qualification-v2-gstreamer_custom-cpu-h264-shared-video-dag:3:113,3,113,plate_number,6230,2039,8269,0.7534163744104486636836376829,
qualification-v2-gstreamer_custom-cpu-h264-shared-video-dag,qualification-v2-gstreamer_custom-cpu-h264-shared-video-dag:3:115,3,115,vehicle_type,1015,2138,3153,0.3219156359023152553124008880,
qualification-v2-gstreamer_custom-cpu-h264-shared-video-dag,qualification-v2-gstreamer_custom-cpu-h264-shared-video-dag:3:116,3,116,plate_number,1014,3011,4025,0.2519254658385093167701863354,
qualification-v2-gstreamer_custom-cpu-h264-shared-video-dag,qualification-v2-gstreamer_custom-cpu-h264-shared-video-dag:3:117,3,117,foreign_object,6015,1694,7709,0.7802568426514463613957711765,
qualification-v2-gstreamer_custom-cpu-h264-shared-video-dag,qualification-v2-gstreamer_custom-cpu-h264-shared-video-dag:3:121,3,121,damage,6012,2149,8161,0.7366744271535351059919127558,
qualification-v2-gstreamer_custom-cpu-h264-shared-video-dag,qualification-v2-gstreamer_custom-cpu-h264-shared-video-dag:3:123,3,123,foreign_object,1014,1994,3008,0.3371010638297872340425531915,
qualification-v2-gstreamer_custom-cpu-h264-shared-video-dag,qualification-v2-gstreamer_custom-cpu-h264-shared-video-dag:3:124,3,124,damage,1225,2711,3936,0.3112296747967479674796747967,
qualification-v2-gstreamer_custom-cpu-h264-shared-video-dag,qualification-v2-gstreamer_custom-cpu-h264-shared-video-dag:3:125,3,125,vehicle_type,6225,1890,8115,0.7670979667282809611829944547,
qualification-v2-gstreamer_custom-cpu-h264-shared-video-dag,qualification-v2-gstreamer_custom-cpu-h264-shared-video-dag:3:127,3,127,damage,1013,2448,3461,0.2926899739959549263218722912,
qualification-v2-gstreamer_custom-cpu-h264-shared-video-dag,qualification-v2-gstreamer_custom-cpu-h264-shared-video-dag:3:129,3,129,foreign_object,6017,1880,7897,0.7619349119918956565784475117,
qualification-v2-gstreamer_custom-cpu-h264-shared-video-dag,qualification-v2-gstreamer_custom-cpu-h264-shared-video-dag:3:131,3,131,vehicle_type,1014,2382,3396,0.2985865724381625441696113074,
qualification-v2-gstreamer_custom-cpu-h264-shared-video-dag,qualification-v2-gstreamer_custom-cpu-h264-shared-video-dag:3:133,3,133,damage,6015,2060,8075,0.7448916408668730650154798762,
qualification-v2-gstreamer_custom-cpu-h264-shared-video-dag,qualification-v2-gstreamer_custom-cpu-h264-shared-video-dag:3:135,3,135,foreign_object,1013,2173,3186,0.3179535467671060891399874451,
qualification-v2-gstreamer_custom-cpu-h264-shared-video-dag,qualification-v2-gstreamer_custom-cpu-h264-shared-video-dag:3:137,3,137,vehicle_type,6219,1760,7979,0.7794209800726908133851359820,
qualification-v2-gstreamer_custom-cpu-h264-shared-video-dag,qualification-v2-gstreamer_custom-cpu-h264-shared-video-dag:3:139,3,139,damage,1014,2336,3350,0.3026865671641791044776119403,
qualification-v2-gstreamer_custom-cpu-h264-shared-video-dag,qualification-v2-gstreamer_custom-cpu-h264-shared-video-dag:3:141,3,141,vehicle_type,6016,1891,7907,0.7608448210446439863412166435,
qualification-v2-gstreamer_custom-cpu-h264-shared-video-dag,qualification-v2-gstreamer_custom-cpu-h264-shared-video-dag:3:143,3,143,vehicle_type,1013,2255,3268,0.3099755201958384332925336597,
qualification-v2-gstreamer_custom-cpu-h264-shared-video-dag,qualification-v2-gstreamer_custom-cpu-h264-shared-video-dag:3:145,3,145,damage,6013,2168,8181,0.7349957217944016623884610683,
qualification-v2-gstreamer_custom-cpu-h264-shared-video-dag,qualification-v2-gstreamer_custom-cpu-h264-shared-video-dag:3:147,3,147,vehicle_type,1016,2111,3127,0.3249120562839782539174928046,
qualification-v2-gstreamer_custom-cpu-h264-shared-video-dag,qualification-v2-gstreamer_custom-cpu-h264-shared-video-dag:3:148,3,148,damage,1221,2679,3900,0.3130769230769230769230769231,
qualification-v2-gstreamer_custom-cpu-h264-shared-video-dag,qualification-v2-gstreamer_custom-cpu-h264-shared-video-dag:3:149,3,149,vehicle_type,6215,1914,8129,0.7645466847090663058186738836,
qualification-v2-gstreamer_custom-cpu-h264-shared-video-dag,qualification-v2-gstreamer_custom-cpu-h264-shared-video-dag:3:151,3,151,damage,1013,2452,3465,0.2923520923520923520923520924,
qualification-v2-gstreamer_custom-cpu-h264-shared-video-dag,qualification-v2-gstreamer_custom-cpu-h264-shared-video-dag:3:153,3,153,foreign_object,6014,2046,8060,0.7461538461538461538461538462,
qualification-v2-gstreamer_custom-cpu-h264-shared-video-dag,qualification-v2-gstreamer_custom-cpu-h264-shared-video-dag:3:155,3,155,vehicle_type,1014,2491,3505,0.2893009985734664764621968616,
qualification-v2-gstreamer_custom-cpu-h264-shared-video-dag,qualification-v2-gstreamer_custom-cpu-h264-shared-video-dag:3:157,3,157,plate_number,6014,2048,8062,0.7459687422475812453485487472,
qualification-v2-gstreamer_custom-cpu-h264-shared-video-dag,qualification-v2-gstreamer_custom-cpu-h264-shared-video-dag:3:159,3,159,foreign_object,1018,2328,3346,0.3042438732815301852958756724,
qualification-v2-gstreamer_custom-cpu-h264-shared-video-dag,qualification-v2-gstreamer_custom-cpu-h264-shared-video-dag:3:161,3,161,foreign_object,6216,1750,7966,0.7803163444639718804920913884,
qualification-v2-gstreamer_custom-cpu-h264-shared-video-dag,qualification-v2-gstreamer_custom-cpu-h264-shared-video-dag:3:163,3,163,plate_number,1015,2329,3344,0.3035287081339712918660287081,
qualification-v2-gstreamer_custom-cpu-h264-shared-video-dag,qualification-v2-gstreamer_custom-cpu-h264-shared-video-dag:3:165,3,165,foreign_object,6017,2133,8150,0.7382822085889570552147239264,
qualification-v2-gstreamer_custom-cpu-h264-shared-video-dag,qualification-v2-gstreamer_custom-cpu-h264-shared-video-dag:3:167,3,167,foreign_object,1015,2347,3362,0.3019036287923854848304580607,
qualification-v2-gstreamer_custom-cpu-h264-shared-video-dag,qualification-v2-gstreamer_custom-cpu-h264-shared-video-dag:3:169,3,169,foreign_object,6013,2074,8087,0.7435390132311116606899962903,
qualification-v2-gstreamer_custom-cpu-h264-shared-video-dag,qualification-v2-gstreamer_custom-cpu-h264-shared-video-dag:3:171,3,171,foreign_object,1016,2524,3540,0.2870056497175141242937853107,
qualification-v2-gstreamer_custom-cpu-h264-shared-video-dag,qualification-v2-gstreamer_custom-cpu-h264-shared-video-dag:3:173,3,173,damage,6209,1092,7301,0.8504314477468839884947267498,
qualification-v2-gstreamer_custom-cpu-h264-shared-video-dag,qualification-v2-gstreamer_custom-cpu-h264-shared-video-dag:3:175,3,175,foreign_object,1017,2364,3381,0.3007985803016858917480035492,
qualification-v2-gstreamer_custom-cpu-h264-shared-video-dag,qualification-v2-gstreamer_custom-cpu-h264-shared-video-dag:3:177,3,177,plate_number,6014,1295,7309,0.8228211793679025858530578739,
qualification-v2-gstreamer_custom-cpu-h264-shared-video-dag,qualification-v2-gstreamer_custom-cpu-h264-shared-video-dag:3:179,3,179,damage,1014,1556,2570,0.3945525291828793774319066148,
qualification-v2-gstreamer_custom-cpu-h264-shared-video-dag,qualification-v2-gstreamer_custom-cpu-h264-shared-video-dag:3:181,3,181,vehicle_type,6014,1372,7386,0.8142431627403195234226915787,
qualification-v2-gstreamer_custom-cpu-h264-shared-video-dag,qualification-v2-gstreamer_custom-cpu-h264-shared-video-dag:3:183,3,183,plate_number,1206,1407,2613,0.4615384615384615384615384615,
qualification-v2-gstreamer_custom-cpu-h264-shared-video-dag,qualification-v2-gstreamer_custom-cpu-h264-shared-video-dag:3:185,3,185,vehicle_type,6014,1297,7311,0.8225960880864450827520175079,
qualification-v2-gstreamer_custom-cpu-h264-shared-video-dag,qualification-v2-gstreamer_custom-cpu-h264-shared-video-dag:3:187,3,187,vehicle_type,1209,1560,2769,0.4366197183098591549295774648,
qualification-v2-gstreamer_custom-cpu-h264-shared-video-dag,qualification-v2-gstreamer_custom-cpu-h264-shared-video-dag:3:189,3,189,foreign_object,6012,1353,7365,0.8162932790224032586558044807,
qualification-v2-gstreamer_custom-cpu-h264-shared-video-dag,qualification-v2-gstreamer_custom-cpu-h264-shared-video-dag:3:191,3,191,vehicle_type,1016,1550,2566,0.3959469992205767731878409977,
qualification-v2-gstreamer_custom-cpu-h264-shared-video-dag,qualification-v2-gstreamer_custom-cpu-h264-shared-video-dag:3:192,3,192,damage,1208,1621,2829,0.4270060091905266878755744079,
qualification-v2-gstreamer_custom-cpu-h264-shared-video-dag,qualification-v2-gstreamer_custom-cpu-h264-shared-video-dag:3:193,3,193,plate_number,6016,1670,7686,0.7827218319021597710122300286,
qualification-v2-gstreamer_custom-cpu-h264-shared-video-dag,qualification-v2-gstreamer_custom-cpu-h264-shared-video-dag:3:195,3,195,foreign_object,1018,1704,2722,0.3739897134459955914768552535,
qualification-v2-gstreamer_custom-cpu-h264-shared-video-dag,qualification-v2-gstreamer_custom-cpu-h264-shared-video-dag:3:196,3,196,plate_number,1205,2343,3548,0.3396279594137542277339346110,
qualification-v2-gstreamer_custom-cpu-h264-shared-video-dag,qualification-v2-gstreamer_custom-cpu-h264-shared-video-dag:3:197,3,197,plate_number,6204,1391,7595,0.8168531928900592495062541145,
qualification-v2-gstreamer_custom-cpu-h264-shared-video-dag,qualification-v2-gstreamer_custom-cpu-h264-shared-video-dag:3:199,3,199,plate_number,1014,2000,3014,0.3364299933642999336429993364,
qualification-v2-gstreamer_custom-cpu-h264-shared-video-dag,qualification-v2-gstreamer_custom-cpu-h264-shared-video-dag:3:200,3,200,plate_number,1014,2307,3321,0.3053297199638663053297199639,
qualification-v2-gstreamer_custom-cpu-h264-shared-video-dag,qualification-v2-gstreamer_custom-cpu-h264-shared-video-dag:3:201,3,201,damage,6016,1643,7659,0.7854811333072202637420028724,
qualification-v2-gstreamer_custom-cpu-h264-shared-video-dag,qualification-v2-gstreamer_custom-cpu-h264-shared-video-dag:3:203,3,203,plate_number,1012,1880,2892,0.3499308437067773167358229599,
qualification-v2-gstreamer_custom-cpu-h264-shared-video-dag,qualification-v2-gstreamer_custom-cpu-h264-shared-video-dag:3:204,3,204,damage,1012,2343,3355,0.3016393442622950819672131148,
qualification-v2-gstreamer_custom-cpu-h264-shared-video-dag,qualification-v2-gstreamer_custom-cpu-h264-shared-video-dag:3:205,3,205,damage,6020,1621,7641,0.7878549928019892684203638267,
qualification-v2-gstreamer_custom-cpu-h264-shared-video-dag,qualification-v2-gstreamer_custom-cpu-h264-shared-video-dag:3:207,3,207,damage,1204,1759,2963,0.4063449206884913938575767803,
qualification-v2-gstreamer_custom-cpu-h264-shared-video-dag,qualification-v2-gstreamer_custom-cpu-h264-shared-video-dag:3:208,3,208,damage,1014,2423,3437,0.2950247308699447192318882747,
qualification-v2-gstreamer_custom-cpu-h264-shared-video-dag,qualification-v2-gstreamer_custom-cpu-h264-shared-video-dag:4:31,4,31,vehicle_type,1019,2096,3115,0.3271268057784911717495987159,
qualification-v2-gstreamer_custom-cpu-h264-shared-video-dag,qualification-v2-gstreamer_custom-cpu-h264-shared-video-dag:4:32,4,32,vehicle_type,1253,2266,3519,0.3560670645069622051719238420,
qualification-v2-gstreamer_custom-cpu-h264-shared-video-dag,qualification-v2-gstreamer_custom-cpu-h264-shared-video-dag:4:33,4,33,vehicle_type,6012,1837,7849,0.7659574468085106382978723404,
qualification-v2-gstreamer_custom-cpu-h264-shared-video-dag,qualification-v2-gstreamer_custom-cpu-h264-shared-video-dag:4:35,4,35,vehicle_type,1014,2136,3150,0.3219047619047619047619047619,
qualification-v2-gstreamer_custom-cpu-h264-shared-video-dag,qualification-v2-gstreamer_custom-cpu-h264-shared-video-dag:4:36,4,36,vehicle_type,1252,2291,3543,0.3533728478690375388089189952,
qualification-v2-gstreamer_custom-cpu-h264-shared-video-dag,qualification-v2-gstreamer_custom-cpu-h264-shared-video-dag:4:37,4,37,vehicle_type,6251,1624,7875,0.7937777777777777777777777778,
qualification-v2-gstreamer_custom-cpu-h264-shared-video-dag,qualification-v2-gstreamer_custom-cpu-h264-shared-video-dag:4:39,4,39,vehicle_type,1015,2148,3163,0.3208978817578248498261144483,
qualification-v2-gstreamer_custom-cpu-h264-shared-video-dag,qualification-v2-gstreamer_custom-cpu-h264-shared-video-dag:4:40,4,40,vehicle_type,1015,2498,3513,0.2889268431539994306860233419,
qualification-v2-gstreamer_custom-cpu-h264-shared-video-dag,qualification-v2-gstreamer_custom-cpu-h264-shared-video-dag:4:41,4,41,damage,6016,2005,8021,0.7500311681835182645555417030,
qualification-v2-gstreamer_custom-cpu-h264-shared-video-dag,qualification-v2-gstreamer_custom-cpu-h264-shared-video-dag:4:43,4,43,vehicle_type,1013,2166,3179,0.3186536646744259201006605851,
qualification-v2-gstreamer_custom-cpu-h264-shared-video-dag,qualification-v2-gstreamer_custom-cpu-h264-shared-video-dag:4:44,4,44,damage,1014,2687,3701,0.2739800054039448797622264253,
qualification-v2-gstreamer_custom-cpu-h264-shared-video-dag,qualification-v2-gstreamer_custom-cpu-h264-shared-video-dag:4:45,4,45,vehicle_type,6016,1818,7834,0.7679346438600970130201684963,
qualification-v2-gstreamer_custom-cpu-h264-shared-video-dag,qualification-v2-gstreamer_custom-cpu-h264-shared-video-dag:4:47,4,47,damage,1248,2050,3298,0.3784111582777440873256519102,
qualification-v2-gstreamer_custom-cpu-h264-shared-video-dag,qualification-v2-gstreamer_custom-cpu-h264-shared-video-dag:4:49,4,49,damage,6016,1958,7974,0.7544519688989214948582894407,
qualification-v2-gstreamer_custom-cpu-h264-shared-video-dag,qualification-v2-gstreamer_custom-cpu-h264-shared-video-dag:4:51,4,51,vehicle_type,1023,2104,3127,0.3271506236008954269267668692,
qualification-v2-gstreamer_custom-cpu-h264-shared-video-dag,qualification-v2-gstreamer_custom-cpu-h264-shared-video-dag:4:52,4,52,damage,1013,2740,3753,0.2699173994138022915001332268,
qualification-v2-gstreamer_custom-cpu-h264-shared-video-dag,qualification-v2-gstreamer_custom-cpu-h264-shared-video-dag:4:53,4,53,damage,6012,1913,7925,0.7586119873817034700315457413,
qualification-v2-gstreamer_custom-cpu-h264-shared-video-dag,qualification-v2-gstreamer_custom-cpu-h264-shared-video-dag:4:55,4,55,damage,1015,2250,3265,0.3108728943338437978560490046,
qualification-v2-gstreamer_custom-cpu-h264-shared-video-dag,qualification-v2-gstreamer_custom-cpu-h264-shared-video-dag:4:56,4,56,damage,1246,2532,3778,0.3298041291688724192694547380,
qualification-v2-gstreamer_custom-cpu-h264-shared-video-dag,qualification-v2-gstreamer_custom-cpu-h264-shared-video-dag:4:57,4,57,damage,6013,1822,7835,0.7674537332482450542437779196,
qualification-v2-gstreamer_custom-cpu-h264-shared-video-dag,qualification-v2-gstreamer_custom-cpu-h264-shared-video-dag:4:59,4,59,damage,1018,2275,3293,0.3091406012754327361068934103,
qualification-v2-gstreamer_custom-cpu-h264-shared-video-dag,qualification-v2-gstreamer_custom-cpu-h264-shared-video-dag:4:60,4,60,damage,1243,2287,3530,0.3521246458923512747875354108,
qualification-v2-gstreamer_custom-cpu-h264-shared-video-dag,qualification-v2-gstreamer_custom-cpu-h264-shared-video-dag:4:61,4,61,damage,6243,1708,7951,0.7851842535530121997233052446,
qualification-v2-gstreamer_custom-cpu-h264-shared-video-dag,qualification-v2-gstreamer_custom-cpu-h264-shared-video-dag:4:63,4,63,damage,1021,2110,3131,0.3260938997125519003513254551,
qualification-v2-gstreamer_custom-cpu-h264-shared-video-dag,qualification-v2-gstreamer_custom-cpu-h264-shared-video-dag:4:64,4,64,damage,1016,2523,3539,0.2870867476688330036733540548,
qualification-v2-gstreamer_custom-cpu-h264-shared-video-dag,qualification-v2-gstreamer_custom-cpu-h264-shared-video-dag:4:65,4,65,damage,6015,1923,7938,0.7577475434618291761148904006,
qualification-v2-gstreamer_custom-cpu-h264-shared-video-dag,qualification-v2-gstreamer_custom-cpu-h264-shared-video-dag:4:67,4,67,damage,1014,2223,3237,0.3132530120481927710843373494,
qualification-v2-gstreamer_custom-cpu-h264-shared-video-dag,qualification-v2-gstreamer_custom-cpu-h264-shared-video-dag:4:69,4,69,damage,6015,1981,7996,0.7522511255627813906953476738,
qualification-v2-gstreamer_custom-cpu-h264-shared-video-dag,qualification-v2-gstreamer_custom-cpu-h264-shared-video-dag:4:71,4,71,damage,1242,1999,3241,0.3832150570811477938907744523,
qualification-v2-gstreamer_custom-cpu-h264-shared-video-dag,qualification-v2-gstreamer_custom-cpu-h264-shared-video-dag:4:73,4,73,damage,6016,1963,7979,0.7539791953878932197017170071,
qualification-v2-gstreamer_custom-cpu-h264-shared-video-dag,qualification-v2-gstreamer_custom-cpu-h264-shared-video-dag:4:75,4,75,damage,1241,2056,3297,0.3764027904155292690324537458,
qualification-v2-gstreamer_custom-cpu-h264-shared-video-dag,qualification-v2-gstreamer_custom-cpu-h264-shared-video-dag:4:77,4,77,damage,6014,2010,8024,0.7495014955134596211365902293,
qualification-v2-gstreamer_custom-cpu-h264-shared-video-dag,qualification-v2-gstreamer_custom-cpu-h264-shared-video-dag:4:79,4,79,damage,1019,2273,3292,0.3095382746051032806804374241,
qualification-v2-gstreamer_custom-cpu-h264-shared-video-dag,qualification-v2-gstreamer_custom-cpu-h264-shared-video-dag:4:81,4,81,vehicle_type,6236,1862,8098,0.7700666831316374413435416152,
qualification-v2-gstreamer_custom-cpu-h264-shared-video-dag,qualification-v2-gstreamer_custom-cpu-h264-shared-video-dag:4:83,4,83,damage,1015,2438,3453,0.2939472922096727483347813496,
qualification-v2-gstreamer_custom-cpu-h264-shared-video-dag,qualification-v2-gstreamer_custom-cpu-h264-shared-video-dag:4:85,4,85,foreign_object,6235,1604,7839,0.7953820640387804566909044521,
qualification-v2-gstreamer_custom-cpu-h264-shared-video-dag,qualification-v2-gstreamer_custom-cpu-h264-shared-video-dag:4:87,4,87,vehicle_type,1014,2386,3400,0.2982352941176470588235294118,
qualification-v2-gstreamer_custom-cpu-h264-shared-video-dag,qualification-v2-gstreamer_custom-cpu-h264-shared-video-dag:4:89,4,89,plate_number,6018,2162,8180,0.7356968215158924205378973105,
qualification-v2-gstreamer_custom-cpu-h264-shared-video-dag,qualification-v2-gstreamer_custom-cpu-h264-shared-video-dag:4:91,4,91,foreign_object,1013,2119,3132,0.3234355044699872286079182631,
qualification-v2-gstreamer_custom-cpu-h264-shared-video-dag,qualification-v2-gstreamer_custom-cpu-h264-shared-video-dag:4:93,4,93,vehicle_type,6015,1255,7270,0.8273727647867950481430536451,
qualification-v2-gstreamer_custom-cpu-h264-shared-video-dag,qualification-v2-gstreamer_custom-cpu-h264-shared-video-dag:4:95,4,95,plate_number,1025,2559,3584,0.2859933035714285714285714286,
qualification-v2-gstreamer_custom-cpu-h264-shared-video-dag,qualification-v2-gstreamer_custom-cpu-h264-shared-video-dag:4:97,4,97,plate_number,6016,1411,7427,0.8100175037027063417261343746,
qualification-v2-gstreamer_custom-cpu-h264-shared-video-dag,qualification-v2-gstreamer_custom-cpu-h264-shared-video-dag:4:99,4,99,vehicle_type,1234,1345,2579,0.4784800310197751066304769290,
qualification-v2-gstreamer_custom-cpu-h264-shared-video-dag,qualification-v2-gstreamer_custom-cpu-h264-shared-video-dag:4:101,4,101,damage,6016,1441,7457,0.8067587501676277323320370122,
qualification-v2-gstreamer_custom-cpu-h264-shared-video-dag,qualification-v2-gstreamer_custom-cpu-h264-shared-video-dag:4:103,4,103,plate_number,1020,1633,2653,0.3844704108556351300414624953,
qualification-v2-gstreamer_custom-cpu-h264-shared-video-dag,qualification-v2-gstreamer_custom-cpu-h264-shared-video-dag:4:105,4,105,vehicle_type,6023,1339,7362,0.8181200760662863352349904917,
qualification-v2-gstreamer_custom-cpu-h264-shared-video-dag,qualification-v2-gstreamer_custom-cpu-h264-shared-video-dag:4:107,4,107,damage,1015,1720,2735,0.3711151736745886654478976234,
qualification-v2-gstreamer_custom-cpu-h264-shared-video-dag,qualification-v2-gstreamer_custom-cpu-h264-shared-video-dag:4:108,4,108,vehicle_type,1016,2244,3260,0.3116564417177914110429447853,
qualification-v2-gstreamer_custom-cpu-h264-shared-video-dag,qualification-v2-gstreamer_custom-cpu-h264-shared-video-dag:4:109,4,109,plate_number,6228,1265,7493,0.8311757640464433471239823836,
qualification-v2-gstreamer_custom-cpu-h264-shared-video-dag,qualification-v2-gstreamer_custom-cpu-h264-shared-video-dag:4:111,4,111,vehicle_type,1013,1645,2658,0.3811136192626034612490594432,
qualification-v2-gstreamer_custom-cpu-h264-shared-video-dag,qualification-v2-gstreamer_custom-cpu-h264-shared-video-dag:4:113,4,113,vehicle_type,6230,919,7149,0.8714505525248286473632675899,
qualification-v2-gstreamer_custom-cpu-h264-shared-video-dag,qualification-v2-gstreamer_custom-cpu-h264-shared-video-dag:4:115,4,115,plate_number,1013,1760,2773,0.3653083303281644428416877028,
qualification-v2-gstreamer_custom-cpu-h264-shared-video-dag,qualification-v2-gstreamer_custom-cpu-h264-shared-video-dag:4:117,4,117,plate_number,6015,1129,7144,0.8419652855543113101903695409,
qualification-v2-gstreamer_custom-cpu-h264-shared-video-dag,qualification-v2-gstreamer_custom-cpu-h264-shared-video-dag:4:119,4,119,vehicle_type,1014,1516,2530,0.4007905138339920948616600791,
qualification-v2-gstreamer_custom-cpu-h264-shared-video-dag,qualification-v2-gstreamer_custom-cpu-h264-shared-video-dag:4:120,4,120,plate_number,1013,2014,3027,0.3346547737033366369342583416,
qualification-v2-gstreamer_custom-cpu-h264-shared-video-dag,qualification-v2-gstreamer_custom-cpu-h264-shared-video-dag:4:121,4,121,damage,6013,1347,7360,0.8169836956521739130434782609,
qualification-v2-gstreamer_custom-cpu-h264-shared-video-dag,qualification-v2-gstreamer_custom-cpu-h264-shared-video-dag:4:123,4,123,plate_number,1017,1430,2447,0.4156109521863506334286881896,
qualification-v2-gstreamer_custom-cpu-h264-shared-video-dag,qualification-v2-gstreamer_custom-cpu-h264-shared-video-dag:4:124,4,124,vehicle_type,1225,1772,2997,0.4087420754087420754087420754,
qualification-v2-gstreamer_custom-cpu-h264-shared-video-dag,qualification-v2-gstreamer_custom-cpu-h264-shared-video-dag:4:125,4,125,damage,6226,1143,7369,0.8448907585832541728864160673,
qualification-v2-gstreamer_custom-cpu-h264-shared-video-dag,qualification-v2-gstreamer_custom-cpu-h264-shared-video-dag:4:127,4,127,damage,1014,1633,2647,0.3830751794484321873819418209,
qualification-v2-gstreamer_custom-cpu-h264-shared-video-dag,qualification-v2-gstreamer_custom-cpu-h264-shared-video-dag:4:128,4,128,vehicle_type,1016,2107,3123,0.3253282100544348382965097663,
qualification-v2-gstreamer_custom-cpu-h264-shared-video-dag,qualification-v2-gstreamer_custom-cpu-h264-shared-video-dag:4:129,4,129,plate_number,6015,1235,7250,0.8296551724137931034482758621,
qualification-v2-gstreamer_custom-cpu-h264-shared-video-dag,qualification-v2-gstreamer_custom-cpu-h264-shared-video-dag:4:131,4,131,damage,1014,1651,2665,0.3804878048780487804878048780,
qualification-v2-gstreamer_custom-cpu-h264-shared-video-dag,qualification-v2-gstreamer_custom-cpu-h264-shared-video-dag:4:132,4,132,plate_number,1014,2035,3049,0.3325680551000327976385700230,
qualification-v2-gstreamer_custom-cpu-h264-shared-video-dag,qualification-v2-gstreamer_custom-cpu-h264-shared-video-dag:4:133,4,133,foreign_object,6015,1048,7063,0.8516211241682004813818490726,
qualification-v2-gstreamer_custom-cpu-h264-shared-video-dag,qualification-v2-gstreamer_custom-cpu-h264-shared-video-dag:4:135,4,135,plate_number,1017,1517,2534,0.4013417521704814522494080505,
qualification-v2-gstreamer_custom-cpu-h264-shared-video-dag,qualification-v2-gstreamer_custom-cpu-h264-shared-video-dag:4:136,4,136,vehicle_type,1222,1708,2930,0.4170648464163822525597269625,
qualification-v2-gstreamer_custom-cpu-h264-shared-video-dag,qualification-v2-gstreamer_custom-cpu-h264-shared-video-dag:4:137,4,137,damage,6219,1461,7680,0.809765625,
qualification-v2-gstreamer_custom-cpu-h264-shared-video-dag,qualification-v2-gstreamer_custom-cpu-h264-shared-video-dag:4:139,4,139,foreign_object,1019,1432,2451,0.4157486740106079151366789066,
qualification-v2-gstreamer_custom-cpu-h264-shared-video-dag,qualification-v2-gstreamer_custom-cpu-h264-shared-video-dag:4:140,4,140,plate_number,1015,2184,3199,0.3172866520787746170678336980,
qualification-v2-gstreamer_custom-cpu-h264-shared-video-dag,qualification-v2-gstreamer_custom-cpu-h264-shared-video-dag:4:141,4,141,vehicle_type,6017,1798,7815,0.7699296225207933461292386436,
qualification-v2-gstreamer_custom-cpu-h264-shared-video-dag,qualification-v2-gstreamer_custom-cpu-h264-shared-video-dag:4:143,4,143,damage,1019,1952,2971,0.3429821608885897004375631101,
qualification-v2-gstreamer_custom-cpu-h264-shared-video-dag,qualification-v2-gstreamer_custom-cpu-h264-shared-video-dag:4:144,4,144,vehicle_type,1014,2471,3485,0.2909612625538020086083213773,
qualification-v2-gstreamer_custom-cpu-h264-shared-video-dag,qualification-v2-gstreamer_custom-cpu-h264-shared-video-dag:4:145,4,145,vehicle_type,6014,2068,8082,0.7441227418955704033655035882,
qualification-v2-gstreamer_custom-cpu-h264-shared-video-dag,qualification-v2-gstreamer_custom-cpu-h264-shared-video-dag:4:147,4,147,vehicle_type,1016,2249,3265,0.3111791730474732006125574273,
qualification-v2-gstreamer_custom-cpu-h264-shared-video-dag,qualification-v2-gstreamer_custom-cpu-h264-shared-video-dag:4:148,4,148,vehicle_type,1220,2371,3591,0.3397382344750765803397382345,
qualification-v2-gstreamer_custom-cpu-h264-shared-video-dag,qualification-v2-gstreamer_custom-cpu-h264-shared-video-dag:4:149,4,149,plate_number,6215,1692,7907,0.7860123940811938788415328190,
qualification-v2-gstreamer_custom-cpu-h264-shared-video-dag,qualification-v2-gstreamer_custom-cpu-h264-shared-video-dag:4:151,4,151,vehicle_type,1019,2342,3361,0.3031835763165724486759892889,
qualification-v2-gstreamer_custom-cpu-h264-shared-video-dag,qualification-v2-gstreamer_custom-cpu-h264-shared-video-dag:4:153,4,153,plate_number,6013,1772,7785,0.7723827874116891457931920360,
qualification-v2-gstreamer_custom-cpu-h264-shared-video-dag,qualification-v2-gstreamer_custom-cpu-h264-shared-video-dag:4:155,4,155,plate_number,1013,2232,3245,0.3121725731895223420647149461,
qualification-v2-gstreamer_custom-cpu-h264-shared-video-dag,qualification-v2-gstreamer_custom-cpu-h264-shared-video-dag:4:157,4,157,vehicle_type,6014,1739,7753,0.7756997291371082161743841094,
qualification-v2-gstreamer_custom-cpu-h264-shared-video-dag,qualification-v2-gstreamer_custom-cpu-h264-shared-video-dag:4:159,4,159,plate_number,1016,2058,3074,0.3305139882888744307091737150,
qualification-v2-gstreamer_custom-cpu-h264-shared-video-dag,qualification-v2-gstreamer_custom-cpu-h264-shared-video-dag:4:160,4,160,vehicle_type,1214,2312,3526,0.3442994895065229722064662507,
qualification-v2-gstreamer_custom-cpu-h264-shared-video-dag,qualification-v2-gstreamer_custom-cpu-h264-shared-video-dag:4:161,4,161,vehicle_type,6216,1548,7764,0.8006182380216383307573415765,
qualification-v2-gstreamer_custom-cpu-h264-shared-video-dag,qualification-v2-gstreamer_custom-cpu-h264-shared-video-dag:4:163,4,163,vehicle_type,1015,2020,3035,0.3344316309719934102141680395,
qualification-v2-gstreamer_custom-cpu-h264-shared-video-dag,qualification-v2-gstreamer_custom-cpu-h264-shared-video-dag:4:164,4,164,vehicle_type,1018,2462,3480,0.2925287356321839080459770115,
qualification-v2-gstreamer_custom-cpu-h264-shared-video-dag,qualification-v2-gstreamer_custom-cpu-h264-shared-video-dag:4:165,4,165,damage,6014,2379,8393,0.7165495055403312284046229000,
qualification-v2-gstreamer_custom-cpu-h264-shared-video-dag,qualification-v2-gstreamer_custom-cpu-h264-shared-video-dag:4:167,4,167,vehicle_type,1012,2049,3061,0.3306109114668409016661221823,
qualification-v2-gstreamer_custom-cpu-h264-shared-video-dag,qualification-v2-gstreamer_custom-cpu-h264-shared-video-dag:4:168,4,168,damage,1014,2765,3779,0.2683249536914527652818205875,
qualification-v2-gstreamer_custom-cpu-h264-shared-video-dag,qualification-v2-gstreamer_custom-cpu-h264-shared-video-dag:4:169,4,169,vehicle_type,6013,2067,8080,0.7441831683168316831683168317,
qualification-v2-gstreamer_custom-cpu-h264-shared-video-dag,qualification-v2-gstreamer_custom-cpu-h264-shared-video-dag:4:171,4,171,damage,1015,2480,3495,0.2904148783977110157367668097,
qualification-v2-gstreamer_custom-cpu-h264-shared-video-dag,qualification-v2-gstreamer_custom-cpu-h264-shared-video-dag:4:173,4,173,plate_number,6210,1883,8093,0.7673297911775608550599283331,
qualification-v2-gstreamer_custom-cpu-h264-shared-video-dag,qualification-v2-gstreamer_custom-cpu-h264-shared-video-dag:4:175,4,175,vehicle_type,1017,2362,3379,0.3009766203018644569399230542,
qualification-v2-gstreamer_custom-cpu-h264-shared-video-dag,qualification-v2-gstreamer_custom-cpu-h264-shared-video-dag:4:177,4,177,foreign_object,6014,1918,7932,0.7581946545637922339889056984,
qualification-v2-gstreamer_custom-cpu-h264-shared-video-dag,qualification-v2-gstreamer_custom-cpu-h264-shared-video-dag:4:179,4,179,plate_number,1013,2354,3367,0.3008613008613008613008613009,
qualification-v2-gstreamer_custom-cpu-h264-shared-video-dag,qualification-v2-gstreamer_custom-cpu-h264-shared-video-dag:4:181,4,181,foreign_object,6013,1979,7992,0.7523773773773773773773773774,
qualification-v2-gstreamer_custom-cpu-h264-shared-video-dag,qualification-v2-gstreamer_custom-cpu-h264-shared-video-dag:4:183,4,183,foreign_object,1023,2233,3256,0.3141891891891891891891891892,
qualification-v2-gstreamer_custom-cpu-h264-shared-video-dag,qualification-v2-gstreamer_custom-cpu-h264-shared-video-dag:4:185,4,185,foreign_object,6013,1914,7927,0.7585467389933139901602119339,
qualification-v2-gstreamer_custom-cpu-h264-shared-video-dag,qualification-v2-gstreamer_custom-cpu-h264-shared-video-dag:4:187,4,187,foreign_object,1208,2080,3288,0.3673965936739659367396593674,
qualification-v2-gstreamer_custom-cpu-h264-shared-video-dag,qualification-v2-gstreamer_custom-cpu-h264-shared-video-dag:4:189,4,189,vehicle_type,6013,2470,8483,0.7088294235529883296003772250,
qualification-v2-gstreamer_custom-cpu-h264-shared-video-dag,qualification-v2-gstreamer_custom-cpu-h264-shared-video-dag:4:191,4,191,foreign_object,1016,2233,3249,0.3127116035703293321021852878,
qualification-v2-gstreamer_custom-cpu-h264-shared-video-dag,qualification-v2-gstreamer_custom-cpu-h264-shared-video-dag:4:192,4,192,vehicle_type,1207,2831,4038,0.2989103516592372461614660723,
qualification-v2-gstreamer_custom-cpu-h264-shared-video-dag,qualification-v2-gstreamer_custom-cpu-h264-shared-video-dag:4:193,4,193,foreign_object,6015,1957,7972,0.7545158053186151530356246864,
qualification-v2-gstreamer_custom-cpu-h264-shared-video-dag,qualification-v2-gstreamer_custom-cpu-h264-shared-video-dag:4:197,4,197,foreign_object,6203,1832,8035,0.7719975108898568761667703796,
qualification-v2-gstreamer_custom-cpu-h264-shared-video-dag,qualification-v2-gstreamer_custom-cpu-h264-shared-video-dag:4:199,4,199,foreign_object,1014,2243,3257,0.3113294442738716610377648142,
qualification-v2-gstreamer_custom-cpu-h264-shared-video-dag,qualification-v2-gstreamer_custom-cpu-h264-shared-video-dag:4:201,4,201,vehicle_type,6013,1329,7342,0.8189866521383819122854807954,
qualification-v2-gstreamer_custom-cpu-h264-shared-video-dag,qualification-v2-gstreamer_custom-cpu-h264-shared-video-dag:4:203,4,203,foreign_object,1014,2314,3328,0.3046875,
qualification-v2-gstreamer_custom-cpu-h264-shared-video-dag,qualification-v2-gstreamer_custom-cpu-h264-shared-video-dag:4:205,4,205,plate_number,6019,1315,7334,0.8206981183528770111808017453,
qualification-v2-gstreamer_custom-cpu-h264-shared-video-dag,qualification-v2-gstreamer_custom-cpu-h264-shared-video-dag:4:207,4,207,vehicle_type,1204,1438,2642,0.4557153671461014383043149129,
qualification-v2-gstreamer_custom-cpu-h264-shared-video-dag,qualification-v2-gstreamer_custom-cpu-h264-shared-video-dag:5:30,5,30,damage,2012,2489,4501,0.4470117751610753165963119307,
qualification-v2-gstreamer_custom-cpu-h264-shared-video-dag,qualification-v2-gstreamer_custom-cpu-h264-shared-video-dag:5:31,5,31,plate_number,4004,2014,6018,0.6653373213692256563642406115,
qualification-v2-gstreamer_custom-cpu-h264-shared-video-dag,qualification-v2-gstreamer_custom-cpu-h264-shared-video-dag:5:34,5,34,damage,4003,1864,5867,0.6822907789330151695926367820,
qualification-v2-gstreamer_custom-cpu-h264-shared-video-dag,qualification-v2-gstreamer_custom-cpu-h264-shared-video-dag:5:37,5,37,vehicle_type,4006,1616,5622,0.7125578086090359302739238705,
qualification-v2-gstreamer_custom-cpu-h264-shared-video-dag,qualification-v2-gstreamer_custom-cpu-h264-shared-video-dag:5:38,5,38,vehicle_type,1006,2304,3310,0.3039274924471299093655589124,
qualification-v2-gstreamer_custom-cpu-h264-shared-video-dag,qualification-v2-gstreamer_custom-cpu-h264-shared-video-dag:5:40,5,40,vehicle_type,4004,1467,5471,0.7318588923414366660573935295,
qualification-v2-gstreamer_custom-cpu-h264-shared-video-dag,qualification-v2-gstreamer_custom-cpu-h264-shared-video-dag:5:43,5,43,plate_number,4004,1309,5313,0.7536231884057971014492753623,
qualification-v2-gstreamer_custom-cpu-h264-shared-video-dag,qualification-v2-gstreamer_custom-cpu-h264-shared-video-dag:5:45,5,45,plate_number,2008,2449,4457,0.4505272604891182409692618353,
qualification-v2-gstreamer_custom-cpu-h264-shared-video-dag,qualification-v2-gstreamer_custom-cpu-h264-shared-video-dag:5:46,5,46,damage,4003,1954,5957,0.6719825415477589390632868894,
qualification-v2-gstreamer_custom-cpu-h264-shared-video-dag,qualification-v2-gstreamer_custom-cpu-h264-shared-video-dag:5:49,5,49,plate_number,4005,1714,5719,0.7002972547648190243049484176,
qualification-v2-gstreamer_custom-cpu-h264-shared-video-dag,qualification-v2-gstreamer_custom-cpu-h264-shared-video-dag:5:50,5,50,plate_number,1007,2406,3413,0.2950483445648989159097568122,
qualification-v2-gstreamer_custom-cpu-h264-shared-video-dag,qualification-v2-gstreamer_custom-cpu-h264-shared-video-dag:5:53,5,53,plate_number,1004,2170,3174,0.3163201008191556395715185885,
qualification-v2-gstreamer_custom-cpu-h264-shared-video-dag,qualification-v2-gstreamer_custom-cpu-h264-shared-video-dag:5:54,5,54,plate_number,1007,2422,3429,0.2936716243802857976086322543,
qualification-v2-gstreamer_custom-cpu-h264-shared-video-dag,qualification-v2-gstreamer_custom-cpu-h264-shared-video-dag:5:55,5,55,vehicle_type,4005,1114,5119,0.7823793709708927524907208439,
qualification-v2-gstreamer_custom-cpu-h264-shared-video-dag,qualification-v2-gstreamer_custom-cpu-h264-shared-video-dag:5:57,5,57,vehicle_type,2009,2399,4408,0.4557622504537205081669691470,
qualification-v2-gstreamer_custom-cpu-h264-shared-video-dag,qualification-v2-gstreamer_custom-cpu-h264-shared-video-dag:5:58,5,58,foreign_object,4003,1847,5850,0.6842735042735042735042735043,
qualification-v2-gstreamer_custom-cpu-h264-shared-video-dag,qualification-v2-gstreamer_custom-cpu-h264-shared-video-dag:5:61,5,61,damage,4003,1775,5778,0.6928002769124264451367255106,
qualification-v2-gstreamer_custom-cpu-h264-shared-video-dag,qualification-v2-gstreamer_custom-cpu-h264-shared-video-dag:5:62,5,62,damage,1007,2457,3464,0.2907043879907621247113163972,
qualification-v2-gstreamer_custom-cpu-h264-shared-video-dag,qualification-v2-gstreamer_custom-cpu-h264-shared-video-dag:5:64,5,64,damage,4003,1537,5540,0.7225631768953068592057761733,
qualification-v2-gstreamer_custom-cpu-h264-shared-video-dag,qualification-v2-gstreamer_custom-cpu-h264-shared-video-dag:5:65,5,65,damage,1005,2258,3263,0.3079987741342323015629788538,
qualification-v2-gstreamer_custom-cpu-h264-shared-video-dag,qualification-v2-gstreamer_custom-cpu-h264-shared-video-dag:5:67,5,67,vehicle_type,4007,1018,5025,0.7974129353233830845771144279,
qualification-v2-gstreamer_custom-cpu-h264-shared-video-dag,qualification-v2-gstreamer_custom-cpu-h264-shared-video-dag:5:69,5,69,vehicle_type,2010,2295,4305,0.4668989547038327526132404181,
qualification-v2-gstreamer_custom-cpu-h264-shared-video-dag,qualification-v2-gstreamer_custom-cpu-h264-shared-video-dag:5:70,5,70,plate_number,4004,1957,5961,0.6716993792987753732595202147,
qualification-v2-gstreamer_custom-cpu-h264-shared-video-dag,qualification-v2-gstreamer_custom-cpu-h264-shared-video-dag:5:73,5,73,damage,4004,1795,5799,0.6904638730815657872046904639,
qualification-v2-gstreamer_custom-cpu-h264-shared-video-dag,qualification-v2-gstreamer_custom-cpu-h264-shared-video-dag:5:74,5,74,damage,1007,2522,3529,0.2853499574950410881269481440,
qualification-v2-gstreamer_custom-cpu-h264-shared-video-dag,qualification-v2-gstreamer_custom-cpu-h264-shared-video-dag:5:76,5,76,damage,4004,1604,5608,0.7139800285306704707560627675,
qualification-v2-gstreamer_custom-cpu-h264-shared-video-dag,qualification-v2-gstreamer_custom-cpu-h264-shared-video-dag:5:77,5,77,damage,1004,2316,3320,0.3024096385542168674698795181,
qualification-v2-gstreamer_custom-cpu-h264-shared-video-dag,qualification-v2-gstreamer_custom-cpu-h264-shared-video-dag:5:81,5,81,damage,1004,2197,3201,0.3136519837550765385816932209,
qualification-v2-gstreamer_custom-cpu-h264-shared-video-dag,qualification-v2-gstreamer_custom-cpu-h264-shared-video-dag:5:82,5,82,foreign_object,4004,1194,5198,0.7702962677953058868795690650,
qualification-v2-gstreamer_custom-cpu-h264-shared-video-dag,qualification-v2-gstreamer_custom-cpu-h264-shared-video-dag:5:83,5,83,damage,11,2512,2523,0.004359889021006738010305192231,
qualification-v2-gstreamer_custom-cpu-h264-shared-video-dag,qualification-v2-gstreamer_custom-cpu-h264-shared-video-dag:5:84,5,84,foreign_object,2007,2652,4659,0.4307791371538956857694784288,
qualification-v2-gstreamer_custom-cpu-h264-shared-video-dag,qualification-v2-gstreamer_custom-cpu-h264-shared-video-dag:5:85,5,85,vehicle_type,4005,1179,5184,0.7725694444444444444444444444,
qualification-v2-gstreamer_custom-cpu-h264-shared-video-dag,qualification-v2-gstreamer_custom-cpu-h264-shared-video-dag:5:87,5,87,vehicle_type,2010,2495,4505,0.4461709211986681465038845727,
qualification-v2-gstreamer_custom-cpu-h264-shared-video-dag,qualification-v2-gstreamer_custom-cpu-h264-shared-video-dag:5:88,5,88,foreign_object,4004,1264,5268,0.7600607441154138192862566439,
qualification-v2-gstreamer_custom-cpu-h264-shared-video-dag,qualification-v2-gstreamer_custom-cpu-h264-shared-video-dag:5:90,5,90,foreign_object,2006,2549,4555,0.4403951701427003293084522503,
qualification-v2-gstreamer_custom-cpu-h264-shared-video-dag,qualification-v2-gstreamer_custom-cpu-h264-shared-video-dag:5:91,5,91,foreign_object,4005,1049,5054,0.7924416303917688959240205778,
qualification-v2-gstreamer_custom-cpu-h264-shared-video-dag,qualification-v2-gstreamer_custom-cpu-h264-shared-video-dag:5:93,5,93,foreign_object,2008,2316,4324,0.4643848288621646623496762257,
qualification-v2-gstreamer_custom-cpu-h264-shared-video-dag,qualification-v2-gstreamer_custom-cpu-h264-shared-video-dag:5:94,5,94,plate_number,4003,1495,5498,0.7280829392506365951255001819,
qualification-v2-gstreamer_custom-cpu-h264-shared-video-dag,qualification-v2-gstreamer_custom-cpu-h264-shared-video-dag:5:96,5,96,plate_number,2008,2817,4825,0.4161658031088082901554404145,
qualification-v2-gstreamer_custom-cpu-h264-shared-video-dag,qualification-v2-gstreamer_custom-cpu-h264-shared-video-dag:5:97,5,97,damage,4005,1353,5358,0.7474804031354983202687569989,
qualification-v2-gstreamer_custom-cpu-h264-shared-video-dag,qualification-v2-gstreamer_custom-cpu-h264-shared-video-dag:5:100,5,100,damage,4007,1213,5220,0.7676245210727969348659003831,
qualification-v2-gstreamer_custom-cpu-h264-shared-video-dag,qualification-v2-gstreamer_custom-cpu-h264-shared-video-dag:5:102,5,102,damage,2011,2501,4512,0.4457003546099290780141843972,
qualification-v2-gstreamer_custom-cpu-h264-shared-video-dag,qualification-v2-gstreamer_custom-cpu-h264-shared-video-dag:5:103,5,103,plate_number,4007,1630,5637,0.7108390988114245165868369700,
qualification-v2-gstreamer_custom-cpu-h264-shared-video-dag,qualification-v2-gstreamer_custom-cpu-h264-shared-video-dag:5:105,5,105,plate_number,2011,2918,4929,0.4079935078109149928991681883,
qualification-v2-gstreamer_custom-cpu-h264-shared-video-dag,qualification-v2-gstreamer_custom-cpu-h264-shared-video-dag:5:108,5,108,vehicle_type,1004,2499,3503,0.2866114758778190122751926920,
qualification-v2-gstreamer_custom-cpu-h264-shared-video-dag,qualification-v2-gstreamer_custom-cpu-h264-shared-video-dag:5:109,5,109,foreign_object,4007,1155,5162,0.7762495156915924060441689268,
qualification-v2-gstreamer_custom-cpu-h264-shared-video-dag,qualification-v2-gstreamer_custom-cpu-h264-shared-video-dag:5:111,5,111,foreign_object,2010,2536,4546,0.4421469423669159700835899692,
qualification-v2-gstreamer_custom-cpu-h264-shared-video-dag,qualification-v2-gstreamer_custom-cpu-h264-shared-video-dag:5:112,5,112,vehicle_type,4004,1211,5215,0.7677852348993288590604026846,
qualification-v2-gstreamer_custom-cpu-h264-shared-video-dag,qualification-v2-gstreamer_custom-cpu-h264-shared-video-dag:5:115,5,115,foreign_object,4008,1702,5710,0.7019264448336252189141856392,
qualification-v2-gstreamer_custom-cpu-h264-shared-video-dag,qualification-v2-gstreamer_custom-cpu-h264-shared-video-dag:5:118,5,118,damage,4004,1994,5998,0.6675558519506502167389129710,
qualification-v2-gstreamer_custom-cpu-h264-shared-video-dag,qualification-v2-gstreamer_custom-cpu-h264-shared-video-dag:5:119,5,119,damage,1006,2366,3372,0.2983392645314353499406880190,
qualification-v2-gstreamer_custom-cpu-h264-shared-video-dag,qualification-v2-gstreamer_custom-cpu-h264-shared-video-dag:5:121,5,121,damage,4003,1586,5589,0.7162283056002862766147790302,
qualification-v2-gstreamer_custom-cpu-h264-shared-video-dag,qualification-v2-gstreamer_custom-cpu-h264-shared-video-dag:5:124,5,124,damage,4004,1254,5258,0.7615062761506276150627615063,
qualification-v2-gstreamer_custom-cpu-h264-shared-video-dag,qualification-v2-gstreamer_custom-cpu-h264-shared-video-dag:5:127,5,127,damage,4010,976,4986,0.8042519053349378259125551544,
qualification-v2-gstreamer_custom-cpu-h264-shared-video-dag,qualification-v2-gstreamer_custom-cpu-h264-shared-video-dag:5:129,5,129,damage,2023,2373,4396,0.4601910828025477707006369427,
qualification-v2-gstreamer_custom-cpu-h264-shared-video-dag,qualification-v2-gstreamer_custom-cpu-h264-shared-video-dag:5:130,5,130,damage,4004,1960,5964,0.6713615023474178403755868545,
qualification-v2-gstreamer_custom-cpu-h264-shared-video-dag,qualification-v2-gstreamer_custom-cpu-h264-shared-video-dag:5:131,5,131,damage,1006,2674,3680,0.2733695652173913043478260870,
qualification-v2-gstreamer_custom-cpu-h264-shared-video-dag,qualification-v2-gstreamer_custom-cpu-h264-shared-video-dag:5:134,5,134,vehicle_type,1007,2481,3488,0.2887041284403669724770642202,
qualification-v2-gstreamer_custom-cpu-h264-shared-video-dag,qualification-v2-gstreamer_custom-cpu-h264-shared-video-dag:5:136,5,136,damage,4004,1193,5197,0.7704444872041562439869155282,
qualification-v2-gstreamer_custom-cpu-h264-shared-video-dag,qualification-v2-gstreamer_custom-cpu-h264-shared-video-dag:5:138,5,138,damage,2006,2460,4466,0.4491715181370353784146887595,
qualification-v2-gstreamer_custom-cpu-h264-shared-video-dag,qualification-v2-gstreamer_custom-cpu-h264-shared-video-dag:5:139,5,139,foreign_object,4010,1970,5980,0.6705685618729096989966555184,
qualification-v2-gstreamer_custom-cpu-h264-shared-video-dag,qualification-v2-gstreamer_custom-cpu-h264-shared-video-dag:5:142,5,142,damage,4004,1863,5867,0.6824612237941026078063746378,
qualification-v2-gstreamer_custom-cpu-h264-shared-video-dag,qualification-v2-gstreamer_custom-cpu-h264-shared-video-dag:5:145,5,145,plate_number,4004,1581,5585,0.7169203222918531781557743957,
qualification-v2-gstreamer_custom-cpu-h264-shared-video-dag,qualification-v2-gstreamer_custom-cpu-h264-shared-video-dag:5:146,5,146,plate_number,1008,2281,3289,0.3064761325630890848282152630,
qualification-v2-gstreamer_custom-cpu-h264-shared-video-dag,qualification-v2-gstreamer_custom-cpu-h264-shared-video-dag:5:148,5,148,plate_number,4004,1264,5268,0.7600607441154138192862566439,
qualification-v2-gstreamer_custom-cpu-h264-shared-video-dag,qualification-v2-gstreamer_custom-cpu-h264-shared-video-dag:5:151,5,151,foreign_object,4008,1259,5267,0.7609644959179798746914752231,
qualification-v2-gstreamer_custom-cpu-h264-shared-video-dag,qualification-v2-gstreamer_custom-cpu-h264-shared-video-dag:5:153,5,153,foreign_object,2018,2585,4603,0.4384097327829676298066478384,
qualification-v2-gstreamer_custom-cpu-h264-shared-video-dag,qualification-v2-gstreamer_custom-cpu-h264-shared-video-dag:5:154,5,154,vehicle_type,4004,1640,5644,0.7094259390503189227498228207,
qualification-v2-gstreamer_custom-cpu-h264-shared-video-dag,qualification-v2-gstreamer_custom-cpu-h264-shared-video-dag:5:156,5,156,vehicle_type,2008,3103,5111,0.3928781060457836039913911172,
qualification-v2-gstreamer_custom-cpu-h264-shared-video-dag,qualification-v2-gstreamer_custom-cpu-h264-shared-video-dag:5:157,5,157,damage,4011,1611,5622,0.7134471718249733191035218783,
qualification-v2-gstreamer_custom-cpu-h264-shared-video-dag,qualification-v2-gstreamer_custom-cpu-h264-shared-video-dag:5:162,5,162,damage,1004,2322,3326,0.3018641010222489476849067949,
qualification-v2-gstreamer_custom-cpu-h264-shared-video-dag,qualification-v2-gstreamer_custom-cpu-h264-shared-video-dag:5:163,5,163,foreign_object,4011,1062,5073,0.7906564163217031342400946186,
qualification-v2-gstreamer_custom-cpu-h264-shared-video-dag,qualification-v2-gstreamer_custom-cpu-h264-shared-video-dag:5:164,5,164,damage,17,2600,2617,0.006495987772258311043179212839,
qualification-v2-gstreamer_custom-cpu-h264-shared-video-dag,qualification-v2-gstreamer_custom-cpu-h264-shared-video-dag:5:165,5,165,foreign_object,2022,2392,4414,0.4580879021295876755777072950,
qualification-v2-gstreamer_custom-cpu-h264-shared-video-dag,qualification-v2-gstreamer_custom-cpu-h264-shared-video-dag:5:166,5,166,foreign_object,4004,1322,5326,0.7517837025910627112279384153,
qualification-v2-gstreamer_custom-cpu-h264-shared-video-dag,qualification-v2-gstreamer_custom-cpu-h264-shared-video-dag:5:168,5,168,foreign_object,2007,2509,4516,0.4444198405668733392382639504,
qualification-v2-gstreamer_custom-cpu-h264-shared-video-dag,qualification-v2-gstreamer_custom-cpu-h264-shared-video-dag:5:169,5,169,plate_number,4009,1401,5410,0.7410351201478743068391866913,
qualification-v2-gstreamer_custom-cpu-h264-shared-video-dag,qualification-v2-gstreamer_custom-cpu-h264-shared-video-dag:5:171,5,171,plate_number,2017,2781,4798,0.4203834931221342225927469779,
qualification-v2-gstreamer_custom-cpu-h264-shared-video-dag,qualification-v2-gstreamer_custom-cpu-h264-shared-video-dag:5:172,5,172,vehicle_type,4006,1398,5404,0.7413027387120651369356032568,
qualification-v2-gstreamer_custom-cpu-h264-shared-video-dag,qualification-v2-gstreamer_custom-cpu-h264-shared-video-dag:5:175,5,175,foreign_object,4013,1123,5136,0.7813473520249221183800623053,
qualification-v2-gstreamer_custom-cpu-h264-shared-video-dag,qualification-v2-gstreamer_custom-cpu-h264-shared-video-dag:5:177,5,177,foreign_object,2024,2406,4430,0.4568848758465011286681715576,
qualification-v2-gstreamer_custom-cpu-h264-shared-video-dag,qualification-v2-gstreamer_custom-cpu-h264-shared-video-dag:5:178,5,178,damage,4004,1182,5186,0.7720786733513305052063247204,
qualification-v2-gstreamer_custom-cpu-h264-shared-video-dag,qualification-v2-gstreamer_custom-cpu-h264-shared-video-dag:5:180,5,180,damage,2007,2721,4728,0.4244923857868020304568527919,
qualification-v2-gstreamer_custom-cpu-h264-shared-video-dag,qualification-v2-gstreamer_custom-cpu-h264-shared-video-dag:5:181,5,181,foreign_object,4002,1902,5904,0.6778455284552845528455284553,
qualification-v2-gstreamer_custom-cpu-h264-shared-video-dag,qualification-v2-gstreamer_custom-cpu-h264-shared-video-dag:5:184,5,184,vehicle_type,4006,1561,5567,0.7195976288844979342554338064,
qualification-v2-gstreamer_custom-cpu-h264-shared-video-dag,qualification-v2-gstreamer_custom-cpu-h264-shared-video-dag:5:185,5,185,vehicle_type,1004,2286,3290,0.3051671732522796352583586626,
qualification-v2-gstreamer_custom-cpu-h264-shared-video-dag,qualification-v2-gstreamer_custom-cpu-h264-shared-video-dag:5:189,5,189,vehicle_type,1004,2194,3198,0.3139462163852407754846779237,
qualification-v2-gstreamer_custom-cpu-h264-shared-video-dag,qualification-v2-gstreamer_custom-cpu-h264-shared-video-dag:5:190,5,190,plate_number,4003,1587,5590,0.7161001788908765652951699463,
qualification-v2-gstreamer_custom-cpu-h264-shared-video-dag,qualification-v2-gstreamer_custom-cpu-h264-shared-video-dag:5:191,5,191,vehicle_type,20,2449,2469,0.008100445524503847711624139328,
qualification-v2-gstreamer_custom-cpu-h264-shared-video-dag,qualification-v2-gstreamer_custom-cpu-h264-shared-video-dag:5:192,5,192,plate_number,2006,2861,4867,0.4121635504417505650297924800,
qualification-v2-gstreamer_custom-cpu-h264-shared-video-dag,qualification-v2-gstreamer_custom-cpu-h264-shared-video-dag:5:193,5,193,damage,4010,1293,5303,0.7561757495757118612106354893,
qualification-v2-gstreamer_custom-cpu-h264-shared-video-dag,qualification-v2-gstreamer_custom-cpu-h264-shared-video-dag:5:196,5,196,damage,4005,1340,5345,0.7492984097287184284377923293,
qualification-v2-gstreamer_custom-cpu-h264-shared-video-dag,qualification-v2-gstreamer_custom-cpu-h264-shared-video-dag:5:198,5,198,damage,2008,2618,4626,0.4340683095546908776480760917,
qualification-v2-gstreamer_custom-cpu-h264-shared-video-dag,qualification-v2-gstreamer_custom-cpu-h264-shared-video-dag:5:199,5,199,vehicle_type,4009,1145,5154,0.7778424524641055490880869228,
qualification-v2-gstreamer_custom-cpu-h264-shared-video-dag,qualification-v2-gstreamer_custom-cpu-h264-shared-video-dag:5:201,5,201,vehicle_type,2021,2433,4454,0.4537494387067804220925011226,
qualification-v2-gstreamer_custom-cpu-h264-shared-video-dag,qualification-v2-gstreamer_custom-cpu-h264-shared-video-dag:5:202,5,202,foreign_object,4004,1634,5638,0.7101809152181624689606243349,
qualification-v2-gstreamer_custom-cpu-h264-shared-video-dag,qualification-v2-gstreamer_custom-cpu-h264-shared-video-dag:5:205,5,205,damage,4003,1624,5627,0.7113915052425804158521414608,
qualification-v2-gstreamer_custom-cpu-h264-shared-video-dag,qualification-v2-gstreamer_custom-cpu-h264-shared-video-dag:5:206,5,206,damage,1005,2316,3321,0.3026196928635953026196928636,
qualification-v2-gstreamer_custom-cpu-h264-shared-video-dag,qualification-v2-gstreamer_custom-cpu-h264-shared-video-dag:5:208,5,208,damage,3008,2370,5378,0.5593157307549274823354406843,
