=== Task 2.2 GREEN: shared clock module
# base commit 36c395bebf73ec4881caa30d5bb14c0b6a438ce9; uncommitted: ?? scripts/non_decreasing_wall_clock_v1.py ?? tests/test_non_decreasing_wall_clock_v1.py 
$ cd /mnt/c/Users/s-a-balashov/.codex/worktrees/qfb-clock/VAST && /home/s-a-balashov/.local/state/vast/publication/runtime/full-publication-cp312-v1/bin/python -m unittest -v tests.test_non_decreasing_wall_clock_v1
2026-10-06T17:54:15Z
test_concurrent_stamps_are_unique_and_strictly_increasing_per_thread (tests.test_non_decreasing_wall_clock_v1.NonDecreasingWallClockTests.test_concurrent_stamps_are_unique_and_strictly_increasing_per_thread) ... ok
test_default_raw_source_is_realtime_nanoseconds (tests.test_non_decreasing_wall_clock_v1.NonDecreasingWallClockTests.test_default_raw_source_is_realtime_nanoseconds) ... ok
test_exactly_ten_millisecond_step_back_is_still_clamped (tests.test_non_decreasing_wall_clock_v1.NonDecreasingWallClockTests.test_exactly_ten_millisecond_step_back_is_still_clamped) ... ok
test_forward_raw_stamps_pass_unchanged_without_clamp (tests.test_non_decreasing_wall_clock_v1.NonDecreasingWallClockTests.test_forward_raw_stamps_pass_unchanged_without_clamp) ... ok
test_invalid_raw_source_fails_closed (tests.test_non_decreasing_wall_clock_v1.NonDecreasingWallClockTests.test_invalid_raw_source_fails_closed) ... ok
test_process_clock_is_one_shared_instance_behind_wall_time_ns (tests.test_non_decreasing_wall_clock_v1.NonDecreasingWallClockTests.test_process_clock_is_one_shared_instance_behind_wall_time_ns) ... ok
test_step_back_beyond_ten_milliseconds_fails_closed (tests.test_non_decreasing_wall_clock_v1.NonDecreasingWallClockTests.test_step_back_beyond_ten_milliseconds_fails_closed) ... ok
test_two_millisecond_step_back_is_clamped_to_one_nanosecond_after_previous (tests.test_non_decreasing_wall_clock_v1.NonDecreasingWallClockTests.test_two_millisecond_step_back_is_clamped_to_one_nanosecond_after_previous) ... ok

----------------------------------------------------------------------
Ran 8 tests in 0.008s

OK

=== Task 2.3 GREEN: runtimes read ordered wall stamps from the shared process clock (focused tests)
# base commit f524f6e9dc0066129c3b239e9163010b1cde9158; uncommitted:  M scripts/checkpoint_deepstream_protocol_bridge.py  M scripts/checkpoint_deepstream_sdk_runtime.py  M scripts/checkpoint_savant_sdk_runtime_v3.py  M tests/test_checkpoint_deepstream_protocol_bridge.py  M tests/test_checkpoint_deepstream_sdk_runtime.py  M tests/test_checkpoint_deepstream_service_clock.py  M tests/test_checkpoint_savant_native_identity_integration_v3.py  M tests/test_checkpoint_savant_sdk_runtime_v3.py 
$ cd /mnt/c/Users/s-a-balashov/.codex/worktrees/qfb-clock/VAST && /home/s-a-balashov/.local/state/vast/publication/runtime/full-publication-cp312-v1/bin/python -m unittest -v tests.test_checkpoint_deepstream_sdk_runtime.DeepStreamHostWallClockStepTests tests.test_checkpoint_deepstream_protocol_bridge.DeepStreamProtocolBridgeContractTests.test_default_clock_keeps_decision_after_admission_across_host_clock_step_back tests.test_checkpoint_savant_sdk_runtime_v3.SavantQueueDropTests.test_shared_fanout_survives_two_millisecond_host_clock_step_back tests.test_checkpoint_savant_sdk_runtime_v3.SavantQueueDropTests.test_savant_wall_milliseconds_use_the_shared_process_clock
2026-10-06T22:13:54Z
test_host_clock_step_back_beyond_ten_milliseconds_fails_closed (tests.test_checkpoint_deepstream_sdk_runtime.DeepStreamHostWallClockStepTests.test_host_clock_step_back_beyond_ten_milliseconds_fails_closed) ... ok
test_lifecycle_and_callback_wall_stamps_use_the_shared_process_clock (tests.test_checkpoint_deepstream_sdk_runtime.DeepStreamHostWallClockStepTests.test_lifecycle_and_callback_wall_stamps_use_the_shared_process_clock) ... ok
test_nvdec_interval_survives_two_millisecond_host_clock_step_back (tests.test_checkpoint_deepstream_sdk_runtime.DeepStreamHostWallClockStepTests.test_nvdec_interval_survives_two_millisecond_host_clock_step_back) ... ok
test_shared_fanout_interval_survives_two_millisecond_host_clock_step_back (tests.test_checkpoint_deepstream_sdk_runtime.DeepStreamHostWallClockStepTests.test_shared_fanout_interval_survives_two_millisecond_host_clock_step_back) ... ok
test_default_clock_keeps_decision_after_admission_across_host_clock_step_back (tests.test_checkpoint_deepstream_protocol_bridge.DeepStreamProtocolBridgeContractTests.test_default_clock_keeps_decision_after_admission_across_host_clock_step_back) ... ok
test_shared_fanout_survives_two_millisecond_host_clock_step_back (tests.test_checkpoint_savant_sdk_runtime_v3.SavantQueueDropTests.test_shared_fanout_survives_two_millisecond_host_clock_step_back) ... ok
test_savant_wall_milliseconds_use_the_shared_process_clock (tests.test_checkpoint_savant_sdk_runtime_v3.SavantQueueDropTests.test_savant_wall_milliseconds_use_the_shared_process_clock) ... ok

----------------------------------------------------------------------
Ran 7 tests in 0.107s

OK

=== Task 2.3 GREEN: full touched modules, including existing tests migrated from patching time.time_ns to injecting the raw source into the shared clock
# base commit f524f6e9dc0066129c3b239e9163010b1cde9158; uncommitted:  M scripts/checkpoint_deepstream_protocol_bridge.py  M scripts/checkpoint_deepstream_sdk_runtime.py  M scripts/checkpoint_savant_sdk_runtime_v3.py  M tests/test_checkpoint_deepstream_protocol_bridge.py  M tests/test_checkpoint_deepstream_sdk_runtime.py  M tests/test_checkpoint_deepstream_service_clock.py  M tests/test_checkpoint_savant_native_identity_integration_v3.py  M tests/test_checkpoint_savant_sdk_runtime_v3.py 
$ cd /mnt/c/Users/s-a-balashov/.codex/worktrees/qfb-clock/VAST && /home/s-a-balashov/.local/state/vast/publication/runtime/full-publication-cp312-v1/bin/python -m unittest -v tests.test_checkpoint_deepstream_sdk_runtime tests.test_checkpoint_deepstream_protocol_bridge tests.test_checkpoint_savant_sdk_runtime_v3 tests.test_checkpoint_deepstream_service_clock tests.test_checkpoint_savant_native_identity_integration_v3
2026-10-06T22:13:55Z
test_b_frame_dts_does_not_mix_unscaled_access_pts_with_scaled_dts (tests.test_checkpoint_deepstream_sdk_runtime.DeepStreamAdmissionTransportTests.test_b_frame_dts_does_not_mix_unscaled_access_pts_with_scaled_dts) ... ok
test_epoch_nanoseconds_use_exact_integer_millisecond_ceiling (tests.test_checkpoint_deepstream_sdk_runtime.DeepStreamAdmissionTransportTests.test_epoch_nanoseconds_use_exact_integer_millisecond_ceiling) ... ok
test_exact_native_vastau01_frame_preserves_access_and_transport_pts (tests.test_checkpoint_deepstream_sdk_runtime.DeepStreamAdmissionTransportTests.test_exact_native_vastau01_frame_preserves_access_and_transport_pts) ... ok
test_missing_dts_and_impossible_scaled_mapping_fail_closed (tests.test_checkpoint_deepstream_sdk_runtime.DeepStreamAdmissionTransportTests.test_missing_dts_and_impossible_scaled_mapping_fail_closed) ... ok
test_monotonic_start_wait_cannot_request_negative_sleep (tests.test_checkpoint_deepstream_sdk_runtime.DeepStreamAdmissionTransportTests.test_monotonic_start_wait_cannot_request_negative_sleep) ... ok
test_scaled_cycle_pts_dts_mapping_matches_native_worker_contract (tests.test_checkpoint_deepstream_sdk_runtime.DeepStreamAdmissionTransportTests.test_scaled_cycle_pts_dts_mapping_matches_native_worker_contract) ... ok
test_transport_accepts_b_frame_pts_reordering_with_monotonic_transport_pts (tests.test_checkpoint_deepstream_sdk_runtime.DeepStreamAdmissionTransportTests.test_transport_accepts_b_frame_pts_reordering_with_monotonic_transport_pts) ... ok
test_transport_preserves_delta_unit_and_rejects_unknown_flags (tests.test_checkpoint_deepstream_sdk_runtime.DeepStreamAdmissionTransportTests.test_transport_preserves_delta_unit_and_rejects_unknown_flags) ... ok
test_transport_rejects_digest_mismatch_and_truncated_payload (tests.test_checkpoint_deepstream_sdk_runtime.DeepStreamAdmissionTransportTests.test_transport_rejects_digest_mismatch_and_truncated_payload) ... ok
test_admission_eof_accepts_only_concurrent_valid_stop (tests.test_checkpoint_deepstream_sdk_runtime.DeepStreamFdAndQueueTests.test_admission_eof_accepts_only_concurrent_valid_stop) ... ok
test_admission_eof_without_valid_stop_remains_fail_closed (tests.test_checkpoint_deepstream_sdk_runtime.DeepStreamFdAndQueueTests.test_admission_eof_without_valid_stop_remains_fail_closed) ... ok
test_event_sink_writes_one_canonical_json_line_to_exact_fd (tests.test_checkpoint_deepstream_sdk_runtime.DeepStreamFdAndQueueTests.test_event_sink_writes_one_canonical_json_line_to_exact_fd) ... ok
test_finish_waits_for_every_appsink_eos_even_after_pipeline_bus_eos (tests.test_checkpoint_deepstream_sdk_runtime.DeepStreamFdAndQueueTests.test_finish_waits_for_every_appsink_eos_even_after_pipeline_bus_eos) ... ok
test_lifecycle_matches_coordinator_wire_grammar (tests.test_checkpoint_deepstream_sdk_runtime.DeepStreamFdAndQueueTests.test_lifecycle_matches_coordinator_wire_grammar) ... ok
test_missing_pending_pts_reports_stage_both_pts_and_pending_range (tests.test_checkpoint_deepstream_sdk_runtime.DeepStreamFdAndQueueTests.test_missing_pending_pts_reports_stage_both_pts_and_pending_range) ... ok
test_native_queue_drops_the_newest_buffer_at_capacity (tests.test_checkpoint_deepstream_sdk_runtime.DeepStreamFdAndQueueTests.test_native_queue_drops_the_newest_buffer_at_capacity) ... ok
test_nvdec_submit_timestamp_is_taken_after_buffer_materialization (tests.test_checkpoint_deepstream_sdk_runtime.DeepStreamFdAndQueueTests.test_nvdec_submit_timestamp_is_taken_after_buffer_materialization) ... ok
test_pending_frame_is_evicted_only_after_every_exact_branch_terminal (tests.test_checkpoint_deepstream_sdk_runtime.DeepStreamFdAndQueueTests.test_pending_frame_is_evicted_only_after_every_exact_branch_terminal) ... ok
test_pending_lookup_uses_nvds_frame_pts_not_batched_gst_buffer_pts (tests.test_checkpoint_deepstream_sdk_runtime.DeepStreamFdAndQueueTests.test_pending_lookup_uses_nvds_frame_pts_not_batched_gst_buffer_pts) ... ok
test_run_cli_reserves_stdout_for_native_nvstreammux_audit (tests.test_checkpoint_deepstream_sdk_runtime.DeepStreamFdAndQueueTests.test_run_cli_reserves_stdout_for_native_nvstreammux_audit) ... ok
test_stop_after_last_admission_still_requires_source_eof (tests.test_checkpoint_deepstream_sdk_runtime.DeepStreamFdAndQueueTests.test_stop_after_last_admission_still_requires_source_eof) ... ok
test_stop_drains_already_buffered_admissions_before_graph_eos (tests.test_checkpoint_deepstream_sdk_runtime.DeepStreamFdAndQueueTests.test_stop_drains_already_buffered_admissions_before_graph_eos) ... ok
test_stop_without_source_eof_expires_without_claiming_drained (tests.test_checkpoint_deepstream_sdk_runtime.DeepStreamFdAndQueueTests.test_stop_without_source_eof_expires_without_claiming_drained) ... ok
test_host_clock_step_back_beyond_ten_milliseconds_fails_closed (tests.test_checkpoint_deepstream_sdk_runtime.DeepStreamHostWallClockStepTests.test_host_clock_step_back_beyond_ten_milliseconds_fails_closed) ... ok
test_lifecycle_and_callback_wall_stamps_use_the_shared_process_clock (tests.test_checkpoint_deepstream_sdk_runtime.DeepStreamHostWallClockStepTests.test_lifecycle_and_callback_wall_stamps_use_the_shared_process_clock) ... ok
test_nvdec_interval_survives_two_millisecond_host_clock_step_back (tests.test_checkpoint_deepstream_sdk_runtime.DeepStreamHostWallClockStepTests.test_nvdec_interval_survives_two_millisecond_host_clock_step_back) ... ok
test_shared_fanout_interval_survives_two_millisecond_host_clock_step_back (tests.test_checkpoint_deepstream_sdk_runtime.DeepStreamHostWallClockStepTests.test_shared_fanout_interval_survives_two_millisecond_host_clock_step_back) ... ok
test_baseline_is_one_decoder_preprocess_process_for_one_branch (tests.test_checkpoint_deepstream_sdk_runtime.DeepStreamPhysicalGraphTests.test_baseline_is_one_decoder_preprocess_process_for_one_branch) ... ok
test_native_stage_contract_rows_bind_physical_domain_and_runtime_artifacts (tests.test_checkpoint_deepstream_sdk_runtime.DeepStreamPhysicalGraphTests.test_native_stage_contract_rows_bind_physical_domain_and_runtime_artifacts) ... ok
test_pipeline_builds_system_memory_rgb_routes_for_frozen_preprocess (tests.test_checkpoint_deepstream_sdk_runtime.DeepStreamPhysicalGraphTests.test_pipeline_builds_system_memory_rgb_routes_for_frozen_preprocess) ... ok
test_shared_is_one_decoder_and_four_native_bounded_routes (tests.test_checkpoint_deepstream_sdk_runtime.DeepStreamPhysicalGraphTests.test_shared_is_one_decoder_and_four_native_bounded_routes) ... ok
test_shared_native_stage_contract_is_written_once_for_common_prefix (tests.test_checkpoint_deepstream_sdk_runtime.DeepStreamPhysicalGraphTests.test_shared_native_stage_contract_is_written_once_for_common_prefix) ... ok
test_shared_pipeline_physically_links_rgb_prefix_into_tee_and_every_route (tests.test_checkpoint_deepstream_sdk_runtime.DeepStreamPhysicalGraphTests.test_shared_pipeline_physically_links_rgb_prefix_into_tee_and_every_route) ... ok
test_baseline_four_independent_workers_form_one_causal_join (tests.test_checkpoint_deepstream_protocol_bridge.DeepStreamProtocolBridgeContractTests.test_baseline_four_independent_workers_form_one_causal_join) ... ok
test_corrupt_provenance_cannot_be_relabelled_as_branch_terminal (tests.test_checkpoint_deepstream_protocol_bridge.DeepStreamProtocolBridgeContractTests.test_corrupt_provenance_cannot_be_relabelled_as_branch_terminal) ... ok
test_default_clock_keeps_decision_after_admission_across_host_clock_step_back (tests.test_checkpoint_deepstream_protocol_bridge.DeepStreamProtocolBridgeContractTests.test_default_clock_keeps_decision_after_admission_across_host_clock_step_back) ... ok
test_gpu_topology_uses_native_d2h_boundaries (tests.test_checkpoint_deepstream_protocol_bridge.DeepStreamProtocolBridgeContractTests.test_gpu_topology_uses_native_d2h_boundaries) ... ok
test_nonzero_logical_stream_uses_physical_single_mux_source_zero (tests.test_checkpoint_deepstream_protocol_bridge.DeepStreamProtocolBridgeContractTests.test_nonzero_logical_stream_uses_physical_single_mux_source_zero) ... ok
test_nvds_decoded_counter_is_not_relabelled_as_admission_sequence (tests.test_checkpoint_deepstream_protocol_bridge.DeepStreamProtocolBridgeContractTests.test_nvds_decoded_counter_is_not_relabelled_as_admission_sequence) ... ok
test_nvds_identity_cannot_relabel_software_decode_as_nvdec (tests.test_checkpoint_deepstream_protocol_bridge.DeepStreamProtocolBridgeContractTests.test_nvds_identity_cannot_relabel_software_decode_as_nvdec) ... ok
test_policy_path_clamps_wall_clock_regression_after_decision_ack (tests.test_checkpoint_deepstream_protocol_bridge.DeepStreamProtocolBridgeContractTests.test_policy_path_clamps_wall_clock_regression_after_decision_ack) ... ok
test_pre_detector_queue_drop_retains_verified_branch_model_identity (tests.test_checkpoint_deepstream_protocol_bridge.DeepStreamProtocolBridgeContractTests.test_pre_detector_queue_drop_retains_verified_branch_model_identity) ... ok
test_public_bridge_surface_exists (tests.test_checkpoint_deepstream_protocol_bridge.DeepStreamProtocolBridgeContractTests.test_public_bridge_surface_exists) ... ok
test_serialized_events_clamp_prelock_observation_timestamp_race (tests.test_checkpoint_deepstream_protocol_bridge.DeepStreamProtocolBridgeContractTests.test_serialized_events_clamp_prelock_observation_timestamp_race) ... ok
test_shared_fanout_returns_clamped_serialized_timestamp (tests.test_checkpoint_deepstream_protocol_bridge.DeepStreamProtocolBridgeContractTests.test_shared_fanout_returns_clamped_serialized_timestamp) ... ok
test_shared_graph_has_one_prefix_four_fanouts_and_cpu_gpu_terminals (tests.test_checkpoint_deepstream_protocol_bridge.DeepStreamProtocolBridgeContractTests.test_shared_graph_has_one_prefix_four_fanouts_and_cpu_gpu_terminals) ... ok
test_drop_identifies_the_incoming_queue_buffer_when_decode_is_ahead (tests.test_checkpoint_savant_sdk_runtime_v3.SavantQueueDropTests.test_drop_identifies_the_incoming_queue_buffer_when_decode_is_ahead) ... ok
test_first_shared_fanout_interval_follows_delayed_preprocess_parent (tests.test_checkpoint_savant_sdk_runtime_v3.SavantQueueDropTests.test_first_shared_fanout_interval_follows_delayed_preprocess_parent) ... ok
test_invalid_or_duplicate_drop_does_not_consume_another_identity (tests.test_checkpoint_savant_sdk_runtime_v3.SavantQueueDropTests.test_invalid_or_duplicate_drop_does_not_consume_another_identity) ... ok
test_out_of_order_route_rejection_preserves_the_pending_head (tests.test_checkpoint_savant_sdk_runtime_v3.SavantQueueDropTests.test_out_of_order_route_rejection_preserves_the_pending_head) ... ok
test_queue_entry_rejects_duplicate_unknown_and_invalid_payload (tests.test_checkpoint_savant_sdk_runtime_v3.SavantQueueDropTests.test_queue_entry_rejects_duplicate_unknown_and_invalid_payload) ... ok
test_savant_wall_milliseconds_use_the_shared_process_clock (tests.test_checkpoint_savant_sdk_runtime_v3.SavantQueueDropTests.test_savant_wall_milliseconds_use_the_shared_process_clock) ... ok
test_shared_fanout_survives_two_millisecond_host_clock_step_back (tests.test_checkpoint_savant_sdk_runtime_v3.SavantQueueDropTests.test_shared_fanout_survives_two_millisecond_host_clock_step_back) ... ok
test_shared_queue_entry_covers_routed_and_dropped_fanout_once (tests.test_checkpoint_savant_sdk_runtime_v3.SavantQueueDropTests.test_shared_queue_entry_covers_routed_and_dropped_fanout_once) ... ok
test_shared_terminals_cannot_invent_unobserved_fanout (tests.test_checkpoint_savant_sdk_runtime_v3.SavantQueueDropTests.test_shared_terminals_cannot_invent_unobserved_fanout) ... ok
test_callback_runtime_binds_native_admission_to_nvdec_and_fanout_intervals (tests.test_checkpoint_savant_sdk_runtime_v3.SavantSdkRuntimeV3Tests.test_callback_runtime_binds_native_admission_to_nvdec_and_fanout_intervals) ... ok
test_epoch_nanoseconds_use_exact_integer_millisecond_ceiling (tests.test_checkpoint_savant_sdk_runtime_v3.SavantSdkRuntimeV3Tests.test_epoch_nanoseconds_use_exact_integer_millisecond_ceiling) ... ok
test_google_api_core_filter_keeps_unrelated_future_warning_visible (tests.test_checkpoint_savant_sdk_runtime_v3.SavantSdkRuntimeV3Tests.test_google_api_core_filter_keeps_unrelated_future_warning_visible) ... ok
test_google_api_core_python_eol_warning_is_suppressed (tests.test_checkpoint_savant_sdk_runtime_v3.SavantSdkRuntimeV3Tests.test_google_api_core_python_eol_warning_is_suppressed) ... ok
test_resource_emitter_uses_canonical_coordinator_trace_and_physical_files (tests.test_checkpoint_savant_sdk_runtime_v3.SavantSdkRuntimeV3Tests.test_resource_emitter_uses_canonical_coordinator_trace_and_physical_files) ... ok
test_single_arm_specs_are_exact_24_or_6_genuine_sdk_workers (tests.test_checkpoint_savant_sdk_runtime_v3.SavantSdkRuntimeV3Tests.test_single_arm_specs_are_exact_24_or_6_genuine_sdk_workers) ... ok
test_worker_materializes_hash_bound_official_savant_module_config (tests.test_checkpoint_savant_sdk_runtime_v3.SavantSdkRuntimeV3Tests.test_worker_materializes_hash_bound_official_savant_module_config) ... ok
test_worker_uses_race_safe_monotonic_start_wait (tests.test_checkpoint_savant_sdk_runtime_v3.SavantSdkRuntimeV3Tests.test_worker_uses_race_safe_monotonic_start_wait) ... ok
test_backward_wall_adjustment_does_not_shorten_native_service (tests.test_checkpoint_deepstream_service_clock.DeepStreamServiceClockTests.test_backward_wall_adjustment_does_not_shorten_native_service) ... ok
test_forward_wall_adjustment_does_not_inflate_native_service (tests.test_checkpoint_deepstream_service_clock.DeepStreamServiceClockTests.test_forward_wall_adjustment_does_not_inflate_native_service) ... ok
test_inference_longer_than_elapsed_service_still_fails (tests.test_checkpoint_deepstream_service_clock.DeepStreamServiceClockTests.test_inference_longer_than_elapsed_service_still_fails) ... ok
test_postprocess_outside_elapsed_service_still_fails (tests.test_checkpoint_deepstream_service_clock.DeepStreamServiceClockTests.test_postprocess_outside_elapsed_service_still_fails) ... ok
test_regressing_monotonic_clock_is_rejected (tests.test_checkpoint_deepstream_service_clock.DeepStreamServiceClockTests.test_regressing_monotonic_clock_is_rejected) ... ok
test_all_native_stream_ids_are_bound_without_relabelling (tests.test_checkpoint_savant_native_identity_integration_v3.SavantNativeIdentityIntegrationV3Tests.test_all_native_stream_ids_are_bound_without_relabelling) ... ok
test_default_deepstream_still_rejects_nonzero_local_source_id (tests.test_checkpoint_savant_native_identity_integration_v3.SavantNativeIdentityIntegrationV3Tests.test_default_deepstream_still_rejects_nonzero_local_source_id) ... ok
test_module_webserver_ports_are_unique_for_the_full_process_matrix (tests.test_checkpoint_savant_native_identity_integration_v3.SavantNativeIdentityIntegrationV3Tests.test_module_webserver_ports_are_unique_for_the_full_process_matrix) ... ok
test_mux_pts_is_mandatory_and_never_copied_from_frame_pts (tests.test_checkpoint_savant_native_identity_integration_v3.SavantNativeIdentityIntegrationV3Tests.test_mux_pts_is_mandatory_and_never_copied_from_frame_pts) ... ok
test_post_demux_sample_uses_original_pts_and_preserves_mux_identity (tests.test_checkpoint_savant_native_identity_integration_v3.SavantNativeIdentityIntegrationV3Tests.test_post_demux_sample_uses_original_pts_and_preserves_mux_identity) ... ok
test_sdk_prefix_passes_actual_mux_pts_through_unmocked_identity_and_bridge (tests.test_checkpoint_savant_native_identity_integration_v3.SavantNativeIdentityIntegrationV3Tests.test_sdk_prefix_passes_actual_mux_pts_through_unmocked_identity_and_bridge) ... ok
test_wrong_demux_pts_and_unknown_pts_mode_are_rejected_before_preprocessing (tests.test_checkpoint_savant_native_identity_integration_v3.SavantNativeIdentityIntegrationV3Tests.test_wrong_demux_pts_and_unknown_pts_mode_are_rejected_before_preprocessing) ... ok

----------------------------------------------------------------------
Ran 75 tests in 1.344s

OK

=== Task 2.4 GREEN: guardian recorder defaults clock_ns to the shared process clock
# base commit f524f6e9dc0066129c3b239e9163010b1cde9158; uncommitted:  M scripts/checkpoint_deepstream_protocol_bridge.py  M scripts/checkpoint_deepstream_sdk_runtime.py  M scripts/checkpoint_savant_sdk_runtime_v3.py  M scripts/publication_guardian_operational_recorder_v1.py  M tests/test_checkpoint_deepstream_protocol_bridge.py  M tests/test_checkpoint_deepstream_sdk_runtime.py  M tests/test_checkpoint_deepstream_service_clock.py  M tests/test_checkpoint_savant_native_identity_integration_v3.py  M tests/test_checkpoint_savant_sdk_runtime_v3.py  M tests/test_publication_operational_boundary_v1.py 
$ cd /mnt/c/Users/s-a-balashov/.codex/worktrees/qfb-clock/VAST && /home/s-a-balashov/.local/state/vast/publication/runtime/full-publication-cp312-v1/bin/python -m unittest -v tests.test_publication_operational_boundary_v1.PublicationOperationalBoundaryTests.test_default_guardian_clock_keeps_terminal_after_begin_across_host_clock_step_back
2026-10-06T22:14:54Z
test_default_guardian_clock_keeps_terminal_after_begin_across_host_clock_step_back (tests.test_publication_operational_boundary_v1.PublicationOperationalBoundaryTests.test_default_guardian_clock_keeps_terminal_after_begin_across_host_clock_step_back) ... ok

----------------------------------------------------------------------
Ran 1 test in 0.304s

OK

=== Task 2.4 GREEN: full guardian recorder and boundary modules
# base commit f524f6e9dc0066129c3b239e9163010b1cde9158; uncommitted:  M scripts/checkpoint_deepstream_protocol_bridge.py  M scripts/checkpoint_deepstream_sdk_runtime.py  M scripts/checkpoint_savant_sdk_runtime_v3.py  M scripts/publication_guardian_operational_recorder_v1.py  M tests/test_checkpoint_deepstream_protocol_bridge.py  M tests/test_checkpoint_deepstream_sdk_runtime.py  M tests/test_checkpoint_deepstream_service_clock.py  M tests/test_checkpoint_savant_native_identity_integration_v3.py  M tests/test_checkpoint_savant_sdk_runtime_v3.py  M tests/test_publication_operational_boundary_v1.py 
$ cd /mnt/c/Users/s-a-balashov/.codex/worktrees/qfb-clock/VAST && /home/s-a-balashov/.local/state/vast/publication/runtime/full-publication-cp312-v1/bin/python -m unittest -v tests.test_publication_guardian_operational_recorder_v1 tests.test_publication_operational_boundary_v1
2026-10-06T22:14:55Z
test_actual_stream_rejected_without_suffix_inference (tests.test_publication_guardian_operational_recorder_v1.RecorderTests.test_actual_stream_rejected_without_suffix_inference) ... ok
test_event_terminal_reservation_rejects_before_begin (tests.test_publication_guardian_operational_recorder_v1.RecorderTests.test_event_terminal_reservation_rejects_before_begin) ... ok
test_exact_maximum_valid_begin_and_last_terminal_bytes (tests.test_publication_guardian_operational_recorder_v1.RecorderTests.test_exact_maximum_valid_begin_and_last_terminal_bytes) ... ok
test_idle_study_snapshot_is_prefix_of_actual_closed_pool_without_resetting_counters (tests.test_publication_guardian_operational_recorder_v1.RecorderTests.test_idle_study_snapshot_is_prefix_of_actual_closed_pool_without_resetting_counters) ... ok
test_journal_substitution_fails_custody_without_appending (tests.test_publication_guardian_operational_recorder_v1.RecorderTests.test_journal_substitution_fails_custody_without_appending) ... ok
test_overlimit_field_and_local_sequence_fail_before_begin (tests.test_publication_guardian_operational_recorder_v1.RecorderTests.test_overlimit_field_and_local_sequence_fail_before_begin) ... ok
test_pending_exhaustion_sticky_but_original_terminal_retained (tests.test_publication_guardian_operational_recorder_v1.RecorderTests.test_pending_exhaustion_sticky_but_original_terminal_retained) ... ok
test_persistence_failure_is_sticky (tests.test_publication_guardian_operational_recorder_v1.RecorderTests.test_persistence_failure_is_sticky) ... ok
test_roundtrip_pair_and_physical_companion (tests.test_publication_guardian_operational_recorder_v1.RecorderTests.test_roundtrip_pair_and_physical_companion) ... ok
test_study_frame_and_sequence_bounds_do_not_relax_legacy (tests.test_publication_guardian_operational_recorder_v1.RecorderTests.test_study_frame_and_sequence_bounds_do_not_relax_legacy) ... ok
test_terminal_duplicate_and_unfinished_rejected (tests.test_publication_guardian_operational_recorder_v1.RecorderTests.test_terminal_duplicate_and_unfinished_rejected) ... ok
test_complete_cold_workload_includes_warmup_measurement_and_drain (tests.test_publication_operational_boundary_v1.PublicationOperationalBoundaryTests.test_complete_cold_workload_includes_warmup_measurement_and_drain) ... ok
test_default_guardian_clock_keeps_terminal_after_begin_across_host_clock_step_back (tests.test_publication_operational_boundary_v1.PublicationOperationalBoundaryTests.test_default_guardian_clock_keeps_terminal_after_begin_across_host_clock_step_back) ... ok
test_default_scratch_file_exhaustion_is_bounded_and_cleans_only_private_files (tests.test_publication_operational_boundary_v1.PublicationOperationalBoundaryTests.test_default_scratch_file_exhaustion_is_bounded_and_cleans_only_private_files) ... ok
test_duplicate_actual_terminal_is_rejected_without_an_extra_front_call (tests.test_publication_operational_boundary_v1.PublicationOperationalBoundaryTests.test_duplicate_actual_terminal_is_rejected_without_an_extra_front_call) ... ok
test_lazy_canonical_ingress_provider_cannot_substitute_same_count_stream_mapping (tests.test_publication_operational_boundary_v1.PublicationOperationalBoundaryTests.test_lazy_canonical_ingress_provider_cannot_substitute_same_count_stream_mapping) ... ok
test_lazy_canonical_ingress_provider_is_called_once_for_each_original_operation (tests.test_publication_operational_boundary_v1.PublicationOperationalBoundaryTests.test_lazy_canonical_ingress_provider_is_called_once_for_each_original_operation) ... ok
test_legitimate_repeated_wire_identity_keeps_both_original_operations (tests.test_publication_operational_boundary_v1.PublicationOperationalBoundaryTests.test_legitimate_repeated_wire_identity_keeps_both_original_operations) ... ok
test_observed_stream_substitution_is_rejected_before_inference (tests.test_publication_operational_boundary_v1.PublicationOperationalBoundaryTests.test_observed_stream_substitution_is_rejected_before_inference) ... ok
test_resealed_guardian_identity_and_terminal_mutations_fail_cold_validation (tests.test_publication_operational_boundary_v1.PublicationOperationalBoundaryTests.test_resealed_guardian_identity_and_terminal_mutations_fail_cold_validation) ... ok
test_same_count_foreign_front_frame_cannot_pass_complete_cold_join (tests.test_publication_operational_boundary_v1.PublicationOperationalBoundaryTests.test_same_count_foreign_front_frame_cannot_pass_complete_cold_join) ... ok
test_stock_canonical_frame_mapping_can_differ_from_original_worker_frame (tests.test_publication_operational_boundary_v1.PublicationOperationalBoundaryTests.test_stock_canonical_frame_mapping_can_differ_from_original_worker_frame) ... ok

----------------------------------------------------------------------
Ran 23 tests in 3.620s

OK

=== Task 2.7 GREEN: shared clock module added to the DeepStream, GStreamer custom, OpenVINO GVA and Savant runtime Dockerfiles and runtime-source-allowlist.txt; execution code closure discovers it by import (new coverage assertion). tests.test_checkpoint_gstreamer_custom_qualification_fragment_v3 (RED above) now fails only on git-ignored artifacts/ and models/ inputs absent from this worktree and is not claimed here.
# base commit 287c9edcd0f2dc2a11a465093fb6c1bbeee711cc; uncommitted:  M deploy/deepstream/checkpoint/Dockerfile.runtime  M deploy/deepstream/checkpoint/runtime-source-allowlist.txt  M deploy/gstreamer_custom/publication/Dockerfile  M deploy/gstreamer_custom/publication/runtime-source-allowlist.txt  M deploy/openvino_gva/publication/Dockerfile  M deploy/openvino_gva/publication/runtime-source-allowlist.txt  M deploy/savant/publication/Dockerfile  M deploy/savant/publication/runtime-source-allowlist.txt  M tests/test_publication_policy_qualification_execution_code_closure_v1.py 
$ cd /mnt/c/Users/s-a-balashov/.codex/worktrees/qfb-clock/VAST && /home/s-a-balashov/.local/state/vast/publication/runtime/full-publication-cp312-v1/bin/python -m unittest -v tests.test_checkpoint_deepstream_runtime_source_closure_v3 tests.test_checkpoint_savant_runtime_source_closure_v3 tests.test_checkpoint_gstreamer_custom_runtime_source_closure_v3 tests.test_checkpoint_openvino_gva_runtime_source_closure_v3 tests.test_publication_runtime_source_closure_guardian_v1 tests.test_publication_policy_qualification_execution_code_closure_v1
2026-10-06T22:21:08Z
test_dependency_closure_rejects_extraneous_symlinked_wheel (tests.test_checkpoint_deepstream_runtime_source_closure_v3.DeepStreamRuntimeSourceClosureV3Tests.test_dependency_closure_rejects_extraneous_symlinked_wheel) ... ok
test_docker_copy_and_isolated_build_context_match_validated_sets (tests.test_checkpoint_deepstream_runtime_source_closure_v3.DeepStreamRuntimeSourceClosureV3Tests.test_docker_copy_and_isolated_build_context_match_validated_sets) ... ok
test_missing_extraneous_and_unrelated_module_drift_fail_as_expected (tests.test_checkpoint_deepstream_runtime_source_closure_v3.DeepStreamRuntimeSourceClosureV3Tests.test_missing_extraneous_and_unrelated_module_drift_fail_as_expected) ... ok
test_production_allowlist_is_exact_multi_entry_runtime_closure (tests.test_checkpoint_deepstream_runtime_source_closure_v3.DeepStreamRuntimeSourceClosureV3Tests.test_production_allowlist_is_exact_multi_entry_runtime_closure) ... ok
test_constant_dynamic_local_import_is_in_the_reachable_set (tests.test_checkpoint_savant_runtime_source_closure_v3.SavantRuntimeSourceClosureV3Tests.test_constant_dynamic_local_import_is_in_the_reachable_set) ... ok
test_docker_copy_and_ab_build_use_only_validated_allowlist (tests.test_checkpoint_savant_runtime_source_closure_v3.SavantRuntimeSourceClosureV3Tests.test_docker_copy_and_ab_build_use_only_validated_allowlist) ... ok
test_frozen_cpu_manifest_is_hash_bound_into_the_runtime_image (tests.test_checkpoint_savant_runtime_source_closure_v3.SavantRuntimeSourceClosureV3Tests.test_frozen_cpu_manifest_is_hash_bound_into_the_runtime_image) ... ok
test_missing_and_extraneous_transitive_imports_fail_closed (tests.test_checkpoint_savant_runtime_source_closure_v3.SavantRuntimeSourceClosureV3Tests.test_missing_and_extraneous_transitive_imports_fail_closed) ... ok
test_production_allowlist_is_exact_multi_entry_runtime_closure (tests.test_checkpoint_savant_runtime_source_closure_v3.SavantRuntimeSourceClosureV3Tests.test_production_allowlist_is_exact_multi_entry_runtime_closure) ... ok
test_runtime_consumes_the_native_foundation_drop_queue (tests.test_checkpoint_savant_runtime_source_closure_v3.SavantRuntimeSourceClosureV3Tests.test_runtime_consumes_the_native_foundation_drop_queue) ... ok
test_docker_copy_and_build_hash_use_only_the_validated_allowlist (tests.test_checkpoint_gstreamer_custom_runtime_source_closure_v3.GStreamerCustomRuntimeSourceClosureV3Tests.test_docker_copy_and_build_hash_use_only_the_validated_allowlist) ... ok
test_missing_and_extraneous_python_imports_fail_closed (tests.test_checkpoint_gstreamer_custom_runtime_source_closure_v3.GStreamerCustomRuntimeSourceClosureV3Tests.test_missing_and_extraneous_python_imports_fail_closed) ... ok
test_production_allowlist_is_exact_reachable_runtime_closure (tests.test_checkpoint_gstreamer_custom_runtime_source_closure_v3.GStreamerCustomRuntimeSourceClosureV3Tests.test_production_allowlist_is_exact_reachable_runtime_closure) ... ok
test_missing_and_extraneous_imports_fail_closed (tests.test_checkpoint_openvino_gva_runtime_source_closure_v3.OpenVINOGVARuntimeSourceClosureV3Tests.test_missing_and_extraneous_imports_fail_closed) ... ok
test_production_allowlist_is_exact_transitive_closure (tests.test_checkpoint_openvino_gva_runtime_source_closure_v3.OpenVINOGVARuntimeSourceClosureV3Tests.test_production_allowlist_is_exact_transitive_closure) ... ok
test_all_runtime_validators_accept_the_same_guardian_closure (tests.test_publication_runtime_source_closure_guardian_v1.PublicationRuntimeSourceClosureGuardianV1Tests.test_all_runtime_validators_accept_the_same_guardian_closure) ... ok
test_all_runtime_validators_reject_the_same_missing_guardian_closure (tests.test_publication_runtime_source_closure_guardian_v1.PublicationRuntimeSourceClosureGuardianV1Tests.test_all_runtime_validators_reject_the_same_missing_guardian_closure) ... ok
test_actual_closure_freezes_the_shared_wall_clock_with_its_clients (tests.test_publication_policy_qualification_execution_code_closure_v1.QualificationExecutionCodeClosureV1Tests.test_actual_closure_freezes_the_shared_wall_clock_with_its_clients) ... ok
test_builder_recursively_freezes_exact_project_sources_and_interpreter (tests.test_publication_policy_qualification_execution_code_closure_v1.QualificationExecutionCodeClosureV1Tests.test_builder_recursively_freezes_exact_project_sources_and_interpreter) ... ok
test_loaded_project_module_escape_is_rejected (tests.test_publication_policy_qualification_execution_code_closure_v1.QualificationExecutionCodeClosureV1Tests.test_loaded_project_module_escape_is_rejected) ... ok
test_loader_rejects_mutate_restore_snapshot_drift (tests.test_publication_policy_qualification_execution_code_closure_v1.QualificationExecutionCodeClosureV1Tests.test_loader_rejects_mutate_restore_snapshot_drift) ... ok

----------------------------------------------------------------------
Ran 21 tests in 24.521s

OK

=== Task 2.5 GREEN: static gate on the tree
# base commit 00653b5e3ce5739f752c756cbc610bd412cee1e4; uncommitted: ?? tests/test_legacy_wall_clock_static_gate_v1.py 
$ cd /mnt/c/Users/s-a-balashov/.codex/worktrees/qfb-clock/VAST && /home/s-a-balashov/.local/state/vast/publication/runtime/full-publication-cp312-v1/bin/python -m unittest -v tests.test_legacy_wall_clock_static_gate_v1
2026-10-06T22:23:13Z
test_covered_runtimes_stamp_wall_time_only_through_the_shared_clock (tests.test_legacy_wall_clock_static_gate_v1.LegacyWallClockStaticGateV1Tests.test_covered_runtimes_stamp_wall_time_only_through_the_shared_clock) ... ok
test_every_native_probe_dockerfile_copies_the_wall_clock_header (tests.test_legacy_wall_clock_static_gate_v1.LegacyWallClockStaticGateV1Tests.test_every_native_probe_dockerfile_copies_the_wall_clock_header) ... ok
test_gate_reports_injected_direct_clock_and_missing_header (tests.test_legacy_wall_clock_static_gate_v1.LegacyWallClockStaticGateV1Tests.test_gate_reports_injected_direct_clock_and_missing_header) ... ok

----------------------------------------------------------------------
Ran 3 tests in 0.143s

OK

=== Task 2.6 GREEN (guardian only): operational_group.v1.json carries the process max_clamp_ns; cold reconciliation requires it as an int in [0, 10_000_001]
# base commit 5246d2a1d2d04f9b1e38d845e86ac653dee6ba4b; uncommitted:  M scripts/publication_guardian_operational_recorder_v1.py  M scripts/publication_operational_request_reconciliation_v1.py  M tests/test_publication_operational_boundary_v1.py 
$ cd /mnt/c/Users/s-a-balashov/.codex/worktrees/qfb-clock/VAST && /home/s-a-balashov/.local/state/vast/publication/runtime/full-publication-cp312-v1/bin/python -m unittest -v tests.test_publication_operational_boundary_v1.PublicationOperationalBoundaryTests.test_guardian_group_retains_process_max_clamp_and_cold_closure_bounds_it
2026-10-06T22:25:11Z
test_guardian_group_retains_process_max_clamp_and_cold_closure_bounds_it (tests.test_publication_operational_boundary_v1.PublicationOperationalBoundaryTests.test_guardian_group_retains_process_max_clamp_and_cold_closure_bounds_it) ... ok

----------------------------------------------------------------------
Ran 1 test in 0.415s

OK

=== Task 2.6 GREEN (guardian only): recorder, boundary and execution-binding modules
# base commit 5246d2a1d2d04f9b1e38d845e86ac653dee6ba4b; uncommitted:  M scripts/publication_guardian_operational_recorder_v1.py  M scripts/publication_operational_request_reconciliation_v1.py  M tests/test_publication_operational_boundary_v1.py 
$ cd /mnt/c/Users/s-a-balashov/.codex/worktrees/qfb-clock/VAST && /home/s-a-balashov/.local/state/vast/publication/runtime/full-publication-cp312-v1/bin/python -m unittest -v tests.test_publication_guardian_operational_recorder_v1 tests.test_publication_operational_boundary_v1 tests.test_publication_operational_execution_binding_v1
2026-10-06T22:25:13Z
test_actual_stream_rejected_without_suffix_inference (tests.test_publication_guardian_operational_recorder_v1.RecorderTests.test_actual_stream_rejected_without_suffix_inference) ... ok
test_event_terminal_reservation_rejects_before_begin (tests.test_publication_guardian_operational_recorder_v1.RecorderTests.test_event_terminal_reservation_rejects_before_begin) ... ok
test_exact_maximum_valid_begin_and_last_terminal_bytes (tests.test_publication_guardian_operational_recorder_v1.RecorderTests.test_exact_maximum_valid_begin_and_last_terminal_bytes) ... ok
test_idle_study_snapshot_is_prefix_of_actual_closed_pool_without_resetting_counters (tests.test_publication_guardian_operational_recorder_v1.RecorderTests.test_idle_study_snapshot_is_prefix_of_actual_closed_pool_without_resetting_counters) ... ok
test_journal_substitution_fails_custody_without_appending (tests.test_publication_guardian_operational_recorder_v1.RecorderTests.test_journal_substitution_fails_custody_without_appending) ... ok
test_overlimit_field_and_local_sequence_fail_before_begin (tests.test_publication_guardian_operational_recorder_v1.RecorderTests.test_overlimit_field_and_local_sequence_fail_before_begin) ... ok
test_pending_exhaustion_sticky_but_original_terminal_retained (tests.test_publication_guardian_operational_recorder_v1.RecorderTests.test_pending_exhaustion_sticky_but_original_terminal_retained) ... ok
test_persistence_failure_is_sticky (tests.test_publication_guardian_operational_recorder_v1.RecorderTests.test_persistence_failure_is_sticky) ... ok
test_roundtrip_pair_and_physical_companion (tests.test_publication_guardian_operational_recorder_v1.RecorderTests.test_roundtrip_pair_and_physical_companion) ... ok
test_study_frame_and_sequence_bounds_do_not_relax_legacy (tests.test_publication_guardian_operational_recorder_v1.RecorderTests.test_study_frame_and_sequence_bounds_do_not_relax_legacy) ... ok
test_terminal_duplicate_and_unfinished_rejected (tests.test_publication_guardian_operational_recorder_v1.RecorderTests.test_terminal_duplicate_and_unfinished_rejected) ... ok
test_complete_cold_workload_includes_warmup_measurement_and_drain (tests.test_publication_operational_boundary_v1.PublicationOperationalBoundaryTests.test_complete_cold_workload_includes_warmup_measurement_and_drain) ... ok
test_default_guardian_clock_keeps_terminal_after_begin_across_host_clock_step_back (tests.test_publication_operational_boundary_v1.PublicationOperationalBoundaryTests.test_default_guardian_clock_keeps_terminal_after_begin_across_host_clock_step_back) ... ok
test_default_scratch_file_exhaustion_is_bounded_and_cleans_only_private_files (tests.test_publication_operational_boundary_v1.PublicationOperationalBoundaryTests.test_default_scratch_file_exhaustion_is_bounded_and_cleans_only_private_files) ... ok
test_duplicate_actual_terminal_is_rejected_without_an_extra_front_call (tests.test_publication_operational_boundary_v1.PublicationOperationalBoundaryTests.test_duplicate_actual_terminal_is_rejected_without_an_extra_front_call) ... ok
test_guardian_group_retains_process_max_clamp_and_cold_closure_bounds_it (tests.test_publication_operational_boundary_v1.PublicationOperationalBoundaryTests.test_guardian_group_retains_process_max_clamp_and_cold_closure_bounds_it) ... ok
test_lazy_canonical_ingress_provider_cannot_substitute_same_count_stream_mapping (tests.test_publication_operational_boundary_v1.PublicationOperationalBoundaryTests.test_lazy_canonical_ingress_provider_cannot_substitute_same_count_stream_mapping) ... ok
test_lazy_canonical_ingress_provider_is_called_once_for_each_original_operation (tests.test_publication_operational_boundary_v1.PublicationOperationalBoundaryTests.test_lazy_canonical_ingress_provider_is_called_once_for_each_original_operation) ... ok
test_legitimate_repeated_wire_identity_keeps_both_original_operations (tests.test_publication_operational_boundary_v1.PublicationOperationalBoundaryTests.test_legitimate_repeated_wire_identity_keeps_both_original_operations) ... ok
test_observed_stream_substitution_is_rejected_before_inference (tests.test_publication_operational_boundary_v1.PublicationOperationalBoundaryTests.test_observed_stream_substitution_is_rejected_before_inference) ... ok
test_resealed_guardian_identity_and_terminal_mutations_fail_cold_validation (tests.test_publication_operational_boundary_v1.PublicationOperationalBoundaryTests.test_resealed_guardian_identity_and_terminal_mutations_fail_cold_validation) ... ok
test_same_count_foreign_front_frame_cannot_pass_complete_cold_join (tests.test_publication_operational_boundary_v1.PublicationOperationalBoundaryTests.test_same_count_foreign_front_frame_cannot_pass_complete_cold_join) ... ok
test_stock_canonical_frame_mapping_can_differ_from_original_worker_frame (tests.test_publication_operational_boundary_v1.PublicationOperationalBoundaryTests.test_stock_canonical_frame_mapping_can_differ_from_original_worker_frame) ... ok
test_actual_37_originals_join_32_selected_cells_and_all_three_phases (tests.test_publication_operational_execution_binding_v1.OperationalExecutionBindingTests.test_actual_37_originals_join_32_selected_cells_and_all_three_phases) ... ok
test_foreign_external_engine_cannot_replace_original_runtime_bundle_authority (tests.test_publication_operational_execution_binding_v1.OperationalExecutionBindingTests.test_foreign_external_engine_cannot_replace_original_runtime_bundle_authority) ... ok
test_original_binding_drift_during_full_cold_validation_is_rejected (tests.test_publication_operational_execution_binding_v1.OperationalExecutionBindingTests.test_original_binding_drift_during_full_cold_validation_is_rejected) ... ok
test_original_validator_ancestor_alias_after_return_is_rejected (tests.test_publication_operational_execution_binding_v1.OperationalExecutionBindingTests.test_original_validator_ancestor_alias_after_return_is_rejected) ... ok
test_original_validator_empty_output_witness_is_held (tests.test_publication_operational_execution_binding_v1.OperationalExecutionBindingTests.test_original_validator_empty_output_witness_is_held) ... ok
test_original_validator_external_engine_witness_is_held (tests.test_publication_operational_execution_binding_v1.OperationalExecutionBindingTests.test_original_validator_external_engine_witness_is_held) ... ok
test_original_validator_leaf_drift_after_validator_return_is_rejected (tests.test_publication_operational_execution_binding_v1.OperationalExecutionBindingTests.test_original_validator_leaf_drift_after_validator_return_is_rejected) ... ok
test_original_validator_malformed_epoch_is_rejected (tests.test_publication_operational_execution_binding_v1.OperationalExecutionBindingTests.test_original_validator_malformed_epoch_is_rejected) ... ok
test_physically_resealed_runtime_bundle_cannot_detach_original_capture_or_authority (tests.test_publication_operational_execution_binding_v1.OperationalExecutionBindingTests.test_physically_resealed_runtime_bundle_cannot_detach_original_capture_or_authority) ... ok
test_resealed_equal_count_original_operation_substitution_is_rejected (tests.test_publication_operational_execution_binding_v1.OperationalExecutionBindingTests.test_resealed_equal_count_original_operation_substitution_is_rejected) ... ok
test_same_bytes_original_binding_replacement_is_not_held_custody (tests.test_publication_operational_execution_binding_v1.OperationalExecutionBindingTests.test_same_bytes_original_binding_replacement_is_not_held_custody) ... ok
test_same_bytes_original_validator_leaf_replacement_is_rejected (tests.test_publication_operational_execution_binding_v1.OperationalExecutionBindingTests.test_same_bytes_original_validator_leaf_replacement_is_rejected) ... ok
test_same_count_32_cell_workload_substitution_is_rejected (tests.test_publication_operational_execution_binding_v1.OperationalExecutionBindingTests.test_same_count_32_cell_workload_substitution_is_rejected) ... ok
test_same_count_foreign_preprocessing_candidate_cannot_supply_original_authority (tests.test_publication_operational_execution_binding_v1.OperationalExecutionBindingTests.test_same_count_foreign_preprocessing_candidate_cannot_supply_original_authority) ... ok

----------------------------------------------------------------------
Ran 38 tests in 19.804s

OK

=== Task 2.6 NOT COMPLETED for DeepStream, Savant and native processes (no code change; needs a spec/design decision)
# Findings at commit 5246d2a1 (source references, no runtime execution):
# - DeepStream/Savant SDK workers and vast_checkpoint_source / vast_native_gst_probe are children of
#   scripts/checkpoint_runtime.py run_worker_processes (Popen stderr=PIPE, :1459-1466 and :1529-1536).
#   capture_stderr (:1338-1361) keeps only a 16 KiB in-memory tail per process; it reaches evidence only
#   inside a failure ContractError (final_stderr_tails, :1991-2001). On success the tail is discarded, so the
#   native line "[native-probe|checkpoint-source][wall-clock] max_clamp_ns=" is not retained.
# - No Python code parses that line.
# - The in-container owners write their summaries under native_runtime/ (deepstream_runtime_manifest.json,
#   native_stdio_audit, reset/cohort audits), which retire_owned_runtime_output_v1 removes at the end of the arm;
#   the SDK worker exit summary (run_fd_worker) is not persisted because fd 1 is reserved for the nvstreammux audit.
# - Everything that survives (terminal status, publication acceptance, CSV evidence, engine process capture
#   terminal: stdout/stderr only as size+sha256) is validated with exact field sets downstream
#   (e.g. checkpoint_deepstream_publication_runtime_v3.py:944-984).
# Therefore "existing persisted evidence of the process" does not exist on the success path for these
# processes, and adding max_clamp_ns there means a new persisted field or file through strict validators.
# Per the regulation this goes back to the change documents (/opsx:update) before any code.
=== Final: all touched test modules, image source-closure tests, test_benchmark_contract and test_finite_study_static_names_v1
# base commit e15fe89408f2b6f56eb332b1b4e6ff6971db0a20; uncommitted: none
$ cd /mnt/c/Users/s-a-balashov/.codex/worktrees/qfb-clock/VAST && /home/s-a-balashov/.local/state/vast/publication/runtime/full-publication-cp312-v1/bin/python -m unittest -v tests.test_non_decreasing_wall_clock_v1 tests.test_checkpoint_deepstream_sdk_runtime tests.test_checkpoint_deepstream_protocol_bridge tests.test_checkpoint_deepstream_service_clock tests.test_checkpoint_savant_sdk_runtime_v3 tests.test_checkpoint_savant_native_identity_integration_v3 tests.test_publication_guardian_operational_recorder_v1 tests.test_publication_operational_boundary_v1 tests.test_publication_operational_execution_binding_v1 tests.test_legacy_wall_clock_static_gate_v1 tests.test_publication_policy_qualification_execution_code_closure_v1 tests.test_checkpoint_deepstream_runtime_source_closure_v3 tests.test_checkpoint_savant_runtime_source_closure_v3 tests.test_checkpoint_gstreamer_custom_runtime_source_closure_v3 tests.test_checkpoint_openvino_gva_runtime_source_closure_v3 tests.test_publication_runtime_source_closure_guardian_v1 tests.test_benchmark_contract tests.test_finite_study_static_names_v1
2026-10-06T22:25:57Z
test_concurrent_stamps_are_unique_and_strictly_increasing_per_thread (tests.test_non_decreasing_wall_clock_v1.NonDecreasingWallClockTests.test_concurrent_stamps_are_unique_and_strictly_increasing_per_thread) ... ok
test_default_raw_source_is_realtime_nanoseconds (tests.test_non_decreasing_wall_clock_v1.NonDecreasingWallClockTests.test_default_raw_source_is_realtime_nanoseconds) ... ok
test_exactly_ten_millisecond_step_back_is_still_clamped (tests.test_non_decreasing_wall_clock_v1.NonDecreasingWallClockTests.test_exactly_ten_millisecond_step_back_is_still_clamped) ... ok
test_forward_raw_stamps_pass_unchanged_without_clamp (tests.test_non_decreasing_wall_clock_v1.NonDecreasingWallClockTests.test_forward_raw_stamps_pass_unchanged_without_clamp) ... ok
test_invalid_raw_source_fails_closed (tests.test_non_decreasing_wall_clock_v1.NonDecreasingWallClockTests.test_invalid_raw_source_fails_closed) ... ok
test_process_clock_is_one_shared_instance_behind_wall_time_ns (tests.test_non_decreasing_wall_clock_v1.NonDecreasingWallClockTests.test_process_clock_is_one_shared_instance_behind_wall_time_ns) ... ok
test_step_back_beyond_ten_milliseconds_fails_closed (tests.test_non_decreasing_wall_clock_v1.NonDecreasingWallClockTests.test_step_back_beyond_ten_milliseconds_fails_closed) ... ok
test_two_millisecond_step_back_is_clamped_to_one_nanosecond_after_previous (tests.test_non_decreasing_wall_clock_v1.NonDecreasingWallClockTests.test_two_millisecond_step_back_is_clamped_to_one_nanosecond_after_previous) ... ok
test_b_frame_dts_does_not_mix_unscaled_access_pts_with_scaled_dts (tests.test_checkpoint_deepstream_sdk_runtime.DeepStreamAdmissionTransportTests.test_b_frame_dts_does_not_mix_unscaled_access_pts_with_scaled_dts) ... ok
test_epoch_nanoseconds_use_exact_integer_millisecond_ceiling (tests.test_checkpoint_deepstream_sdk_runtime.DeepStreamAdmissionTransportTests.test_epoch_nanoseconds_use_exact_integer_millisecond_ceiling) ... ok
test_exact_native_vastau01_frame_preserves_access_and_transport_pts (tests.test_checkpoint_deepstream_sdk_runtime.DeepStreamAdmissionTransportTests.test_exact_native_vastau01_frame_preserves_access_and_transport_pts) ... ok
test_missing_dts_and_impossible_scaled_mapping_fail_closed (tests.test_checkpoint_deepstream_sdk_runtime.DeepStreamAdmissionTransportTests.test_missing_dts_and_impossible_scaled_mapping_fail_closed) ... ok
test_monotonic_start_wait_cannot_request_negative_sleep (tests.test_checkpoint_deepstream_sdk_runtime.DeepStreamAdmissionTransportTests.test_monotonic_start_wait_cannot_request_negative_sleep) ... ok
test_scaled_cycle_pts_dts_mapping_matches_native_worker_contract (tests.test_checkpoint_deepstream_sdk_runtime.DeepStreamAdmissionTransportTests.test_scaled_cycle_pts_dts_mapping_matches_native_worker_contract) ... ok
test_transport_accepts_b_frame_pts_reordering_with_monotonic_transport_pts (tests.test_checkpoint_deepstream_sdk_runtime.DeepStreamAdmissionTransportTests.test_transport_accepts_b_frame_pts_reordering_with_monotonic_transport_pts) ... ok
test_transport_preserves_delta_unit_and_rejects_unknown_flags (tests.test_checkpoint_deepstream_sdk_runtime.DeepStreamAdmissionTransportTests.test_transport_preserves_delta_unit_and_rejects_unknown_flags) ... ok
test_transport_rejects_digest_mismatch_and_truncated_payload (tests.test_checkpoint_deepstream_sdk_runtime.DeepStreamAdmissionTransportTests.test_transport_rejects_digest_mismatch_and_truncated_payload) ... ok
test_admission_eof_accepts_only_concurrent_valid_stop (tests.test_checkpoint_deepstream_sdk_runtime.DeepStreamFdAndQueueTests.test_admission_eof_accepts_only_concurrent_valid_stop) ... ok
test_admission_eof_without_valid_stop_remains_fail_closed (tests.test_checkpoint_deepstream_sdk_runtime.DeepStreamFdAndQueueTests.test_admission_eof_without_valid_stop_remains_fail_closed) ... ok
test_event_sink_writes_one_canonical_json_line_to_exact_fd (tests.test_checkpoint_deepstream_sdk_runtime.DeepStreamFdAndQueueTests.test_event_sink_writes_one_canonical_json_line_to_exact_fd) ... ok
test_finish_waits_for_every_appsink_eos_even_after_pipeline_bus_eos (tests.test_checkpoint_deepstream_sdk_runtime.DeepStreamFdAndQueueTests.test_finish_waits_for_every_appsink_eos_even_after_pipeline_bus_eos) ... ok
test_lifecycle_matches_coordinator_wire_grammar (tests.test_checkpoint_deepstream_sdk_runtime.DeepStreamFdAndQueueTests.test_lifecycle_matches_coordinator_wire_grammar) ... ok
test_missing_pending_pts_reports_stage_both_pts_and_pending_range (tests.test_checkpoint_deepstream_sdk_runtime.DeepStreamFdAndQueueTests.test_missing_pending_pts_reports_stage_both_pts_and_pending_range) ... ok
test_native_queue_drops_the_newest_buffer_at_capacity (tests.test_checkpoint_deepstream_sdk_runtime.DeepStreamFdAndQueueTests.test_native_queue_drops_the_newest_buffer_at_capacity) ... ok
test_nvdec_submit_timestamp_is_taken_after_buffer_materialization (tests.test_checkpoint_deepstream_sdk_runtime.DeepStreamFdAndQueueTests.test_nvdec_submit_timestamp_is_taken_after_buffer_materialization) ... ok
test_pending_frame_is_evicted_only_after_every_exact_branch_terminal (tests.test_checkpoint_deepstream_sdk_runtime.DeepStreamFdAndQueueTests.test_pending_frame_is_evicted_only_after_every_exact_branch_terminal) ... ok
test_pending_lookup_uses_nvds_frame_pts_not_batched_gst_buffer_pts (tests.test_checkpoint_deepstream_sdk_runtime.DeepStreamFdAndQueueTests.test_pending_lookup_uses_nvds_frame_pts_not_batched_gst_buffer_pts) ... ok
test_run_cli_reserves_stdout_for_native_nvstreammux_audit (tests.test_checkpoint_deepstream_sdk_runtime.DeepStreamFdAndQueueTests.test_run_cli_reserves_stdout_for_native_nvstreammux_audit) ... ok
test_stop_after_last_admission_still_requires_source_eof (tests.test_checkpoint_deepstream_sdk_runtime.DeepStreamFdAndQueueTests.test_stop_after_last_admission_still_requires_source_eof) ... ok
test_stop_drains_already_buffered_admissions_before_graph_eos (tests.test_checkpoint_deepstream_sdk_runtime.DeepStreamFdAndQueueTests.test_stop_drains_already_buffered_admissions_before_graph_eos) ... ok
test_stop_without_source_eof_expires_without_claiming_drained (tests.test_checkpoint_deepstream_sdk_runtime.DeepStreamFdAndQueueTests.test_stop_without_source_eof_expires_without_claiming_drained) ... ok
test_host_clock_step_back_beyond_ten_milliseconds_fails_closed (tests.test_checkpoint_deepstream_sdk_runtime.DeepStreamHostWallClockStepTests.test_host_clock_step_back_beyond_ten_milliseconds_fails_closed) ... ok
test_lifecycle_and_callback_wall_stamps_use_the_shared_process_clock (tests.test_checkpoint_deepstream_sdk_runtime.DeepStreamHostWallClockStepTests.test_lifecycle_and_callback_wall_stamps_use_the_shared_process_clock) ... ok
test_nvdec_interval_survives_two_millisecond_host_clock_step_back (tests.test_checkpoint_deepstream_sdk_runtime.DeepStreamHostWallClockStepTests.test_nvdec_interval_survives_two_millisecond_host_clock_step_back) ... ok
test_shared_fanout_interval_survives_two_millisecond_host_clock_step_back (tests.test_checkpoint_deepstream_sdk_runtime.DeepStreamHostWallClockStepTests.test_shared_fanout_interval_survives_two_millisecond_host_clock_step_back) ... ok
test_baseline_is_one_decoder_preprocess_process_for_one_branch (tests.test_checkpoint_deepstream_sdk_runtime.DeepStreamPhysicalGraphTests.test_baseline_is_one_decoder_preprocess_process_for_one_branch) ... ok
test_native_stage_contract_rows_bind_physical_domain_and_runtime_artifacts (tests.test_checkpoint_deepstream_sdk_runtime.DeepStreamPhysicalGraphTests.test_native_stage_contract_rows_bind_physical_domain_and_runtime_artifacts) ... ok
test_pipeline_builds_system_memory_rgb_routes_for_frozen_preprocess (tests.test_checkpoint_deepstream_sdk_runtime.DeepStreamPhysicalGraphTests.test_pipeline_builds_system_memory_rgb_routes_for_frozen_preprocess) ... ok
test_shared_is_one_decoder_and_four_native_bounded_routes (tests.test_checkpoint_deepstream_sdk_runtime.DeepStreamPhysicalGraphTests.test_shared_is_one_decoder_and_four_native_bounded_routes) ... ok
test_shared_native_stage_contract_is_written_once_for_common_prefix (tests.test_checkpoint_deepstream_sdk_runtime.DeepStreamPhysicalGraphTests.test_shared_native_stage_contract_is_written_once_for_common_prefix) ... ok
test_shared_pipeline_physically_links_rgb_prefix_into_tee_and_every_route (tests.test_checkpoint_deepstream_sdk_runtime.DeepStreamPhysicalGraphTests.test_shared_pipeline_physically_links_rgb_prefix_into_tee_and_every_route) ... ok
test_baseline_four_independent_workers_form_one_causal_join (tests.test_checkpoint_deepstream_protocol_bridge.DeepStreamProtocolBridgeContractTests.test_baseline_four_independent_workers_form_one_causal_join) ... ok
test_corrupt_provenance_cannot_be_relabelled_as_branch_terminal (tests.test_checkpoint_deepstream_protocol_bridge.DeepStreamProtocolBridgeContractTests.test_corrupt_provenance_cannot_be_relabelled_as_branch_terminal) ... ok
test_default_clock_keeps_decision_after_admission_across_host_clock_step_back (tests.test_checkpoint_deepstream_protocol_bridge.DeepStreamProtocolBridgeContractTests.test_default_clock_keeps_decision_after_admission_across_host_clock_step_back) ... ok
test_gpu_topology_uses_native_d2h_boundaries (tests.test_checkpoint_deepstream_protocol_bridge.DeepStreamProtocolBridgeContractTests.test_gpu_topology_uses_native_d2h_boundaries) ... ok
test_nonzero_logical_stream_uses_physical_single_mux_source_zero (tests.test_checkpoint_deepstream_protocol_bridge.DeepStreamProtocolBridgeContractTests.test_nonzero_logical_stream_uses_physical_single_mux_source_zero) ... ok
test_nvds_decoded_counter_is_not_relabelled_as_admission_sequence (tests.test_checkpoint_deepstream_protocol_bridge.DeepStreamProtocolBridgeContractTests.test_nvds_decoded_counter_is_not_relabelled_as_admission_sequence) ... ok
test_nvds_identity_cannot_relabel_software_decode_as_nvdec (tests.test_checkpoint_deepstream_protocol_bridge.DeepStreamProtocolBridgeContractTests.test_nvds_identity_cannot_relabel_software_decode_as_nvdec) ... ok
test_policy_path_clamps_wall_clock_regression_after_decision_ack (tests.test_checkpoint_deepstream_protocol_bridge.DeepStreamProtocolBridgeContractTests.test_policy_path_clamps_wall_clock_regression_after_decision_ack) ... ok
test_pre_detector_queue_drop_retains_verified_branch_model_identity (tests.test_checkpoint_deepstream_protocol_bridge.DeepStreamProtocolBridgeContractTests.test_pre_detector_queue_drop_retains_verified_branch_model_identity) ... ok
test_public_bridge_surface_exists (tests.test_checkpoint_deepstream_protocol_bridge.DeepStreamProtocolBridgeContractTests.test_public_bridge_surface_exists) ... ok
test_serialized_events_clamp_prelock_observation_timestamp_race (tests.test_checkpoint_deepstream_protocol_bridge.DeepStreamProtocolBridgeContractTests.test_serialized_events_clamp_prelock_observation_timestamp_race) ... ok
test_shared_fanout_returns_clamped_serialized_timestamp (tests.test_checkpoint_deepstream_protocol_bridge.DeepStreamProtocolBridgeContractTests.test_shared_fanout_returns_clamped_serialized_timestamp) ... ok
test_shared_graph_has_one_prefix_four_fanouts_and_cpu_gpu_terminals (tests.test_checkpoint_deepstream_protocol_bridge.DeepStreamProtocolBridgeContractTests.test_shared_graph_has_one_prefix_four_fanouts_and_cpu_gpu_terminals) ... ok
test_backward_wall_adjustment_does_not_shorten_native_service (tests.test_checkpoint_deepstream_service_clock.DeepStreamServiceClockTests.test_backward_wall_adjustment_does_not_shorten_native_service) ... ok
test_forward_wall_adjustment_does_not_inflate_native_service (tests.test_checkpoint_deepstream_service_clock.DeepStreamServiceClockTests.test_forward_wall_adjustment_does_not_inflate_native_service) ... ok
test_inference_longer_than_elapsed_service_still_fails (tests.test_checkpoint_deepstream_service_clock.DeepStreamServiceClockTests.test_inference_longer_than_elapsed_service_still_fails) ... ok
test_postprocess_outside_elapsed_service_still_fails (tests.test_checkpoint_deepstream_service_clock.DeepStreamServiceClockTests.test_postprocess_outside_elapsed_service_still_fails) ... ok
test_regressing_monotonic_clock_is_rejected (tests.test_checkpoint_deepstream_service_clock.DeepStreamServiceClockTests.test_regressing_monotonic_clock_is_rejected) ... ok
test_drop_identifies_the_incoming_queue_buffer_when_decode_is_ahead (tests.test_checkpoint_savant_sdk_runtime_v3.SavantQueueDropTests.test_drop_identifies_the_incoming_queue_buffer_when_decode_is_ahead) ... ok
test_first_shared_fanout_interval_follows_delayed_preprocess_parent (tests.test_checkpoint_savant_sdk_runtime_v3.SavantQueueDropTests.test_first_shared_fanout_interval_follows_delayed_preprocess_parent) ... ok
test_invalid_or_duplicate_drop_does_not_consume_another_identity (tests.test_checkpoint_savant_sdk_runtime_v3.SavantQueueDropTests.test_invalid_or_duplicate_drop_does_not_consume_another_identity) ... ok
test_out_of_order_route_rejection_preserves_the_pending_head (tests.test_checkpoint_savant_sdk_runtime_v3.SavantQueueDropTests.test_out_of_order_route_rejection_preserves_the_pending_head) ... ok
test_queue_entry_rejects_duplicate_unknown_and_invalid_payload (tests.test_checkpoint_savant_sdk_runtime_v3.SavantQueueDropTests.test_queue_entry_rejects_duplicate_unknown_and_invalid_payload) ... ok
test_savant_wall_milliseconds_use_the_shared_process_clock (tests.test_checkpoint_savant_sdk_runtime_v3.SavantQueueDropTests.test_savant_wall_milliseconds_use_the_shared_process_clock) ... ok
test_shared_fanout_survives_two_millisecond_host_clock_step_back (tests.test_checkpoint_savant_sdk_runtime_v3.SavantQueueDropTests.test_shared_fanout_survives_two_millisecond_host_clock_step_back) ... ok
test_shared_queue_entry_covers_routed_and_dropped_fanout_once (tests.test_checkpoint_savant_sdk_runtime_v3.SavantQueueDropTests.test_shared_queue_entry_covers_routed_and_dropped_fanout_once) ... ok
test_shared_terminals_cannot_invent_unobserved_fanout (tests.test_checkpoint_savant_sdk_runtime_v3.SavantQueueDropTests.test_shared_terminals_cannot_invent_unobserved_fanout) ... ok
test_callback_runtime_binds_native_admission_to_nvdec_and_fanout_intervals (tests.test_checkpoint_savant_sdk_runtime_v3.SavantSdkRuntimeV3Tests.test_callback_runtime_binds_native_admission_to_nvdec_and_fanout_intervals) ... ok
test_epoch_nanoseconds_use_exact_integer_millisecond_ceiling (tests.test_checkpoint_savant_sdk_runtime_v3.SavantSdkRuntimeV3Tests.test_epoch_nanoseconds_use_exact_integer_millisecond_ceiling) ... ok
test_google_api_core_filter_keeps_unrelated_future_warning_visible (tests.test_checkpoint_savant_sdk_runtime_v3.SavantSdkRuntimeV3Tests.test_google_api_core_filter_keeps_unrelated_future_warning_visible) ... ok
test_google_api_core_python_eol_warning_is_suppressed (tests.test_checkpoint_savant_sdk_runtime_v3.SavantSdkRuntimeV3Tests.test_google_api_core_python_eol_warning_is_suppressed) ... ok
test_resource_emitter_uses_canonical_coordinator_trace_and_physical_files (tests.test_checkpoint_savant_sdk_runtime_v3.SavantSdkRuntimeV3Tests.test_resource_emitter_uses_canonical_coordinator_trace_and_physical_files) ... ok
test_single_arm_specs_are_exact_24_or_6_genuine_sdk_workers (tests.test_checkpoint_savant_sdk_runtime_v3.SavantSdkRuntimeV3Tests.test_single_arm_specs_are_exact_24_or_6_genuine_sdk_workers) ... ok
test_worker_materializes_hash_bound_official_savant_module_config (tests.test_checkpoint_savant_sdk_runtime_v3.SavantSdkRuntimeV3Tests.test_worker_materializes_hash_bound_official_savant_module_config) ... ok
test_worker_uses_race_safe_monotonic_start_wait (tests.test_checkpoint_savant_sdk_runtime_v3.SavantSdkRuntimeV3Tests.test_worker_uses_race_safe_monotonic_start_wait) ... ok
test_all_native_stream_ids_are_bound_without_relabelling (tests.test_checkpoint_savant_native_identity_integration_v3.SavantNativeIdentityIntegrationV3Tests.test_all_native_stream_ids_are_bound_without_relabelling) ... ok
test_default_deepstream_still_rejects_nonzero_local_source_id (tests.test_checkpoint_savant_native_identity_integration_v3.SavantNativeIdentityIntegrationV3Tests.test_default_deepstream_still_rejects_nonzero_local_source_id) ... ok
test_module_webserver_ports_are_unique_for_the_full_process_matrix (tests.test_checkpoint_savant_native_identity_integration_v3.SavantNativeIdentityIntegrationV3Tests.test_module_webserver_ports_are_unique_for_the_full_process_matrix) ... ok
test_mux_pts_is_mandatory_and_never_copied_from_frame_pts (tests.test_checkpoint_savant_native_identity_integration_v3.SavantNativeIdentityIntegrationV3Tests.test_mux_pts_is_mandatory_and_never_copied_from_frame_pts) ... ok
test_post_demux_sample_uses_original_pts_and_preserves_mux_identity (tests.test_checkpoint_savant_native_identity_integration_v3.SavantNativeIdentityIntegrationV3Tests.test_post_demux_sample_uses_original_pts_and_preserves_mux_identity) ... ok
test_sdk_prefix_passes_actual_mux_pts_through_unmocked_identity_and_bridge (tests.test_checkpoint_savant_native_identity_integration_v3.SavantNativeIdentityIntegrationV3Tests.test_sdk_prefix_passes_actual_mux_pts_through_unmocked_identity_and_bridge) ... ok
test_wrong_demux_pts_and_unknown_pts_mode_are_rejected_before_preprocessing (tests.test_checkpoint_savant_native_identity_integration_v3.SavantNativeIdentityIntegrationV3Tests.test_wrong_demux_pts_and_unknown_pts_mode_are_rejected_before_preprocessing) ... ok
test_actual_stream_rejected_without_suffix_inference (tests.test_publication_guardian_operational_recorder_v1.RecorderTests.test_actual_stream_rejected_without_suffix_inference) ... ok
test_event_terminal_reservation_rejects_before_begin (tests.test_publication_guardian_operational_recorder_v1.RecorderTests.test_event_terminal_reservation_rejects_before_begin) ... ok
test_exact_maximum_valid_begin_and_last_terminal_bytes (tests.test_publication_guardian_operational_recorder_v1.RecorderTests.test_exact_maximum_valid_begin_and_last_terminal_bytes) ... ok
test_idle_study_snapshot_is_prefix_of_actual_closed_pool_without_resetting_counters (tests.test_publication_guardian_operational_recorder_v1.RecorderTests.test_idle_study_snapshot_is_prefix_of_actual_closed_pool_without_resetting_counters) ... ok
test_journal_substitution_fails_custody_without_appending (tests.test_publication_guardian_operational_recorder_v1.RecorderTests.test_journal_substitution_fails_custody_without_appending) ... ok
test_overlimit_field_and_local_sequence_fail_before_begin (tests.test_publication_guardian_operational_recorder_v1.RecorderTests.test_overlimit_field_and_local_sequence_fail_before_begin) ... ok
test_pending_exhaustion_sticky_but_original_terminal_retained (tests.test_publication_guardian_operational_recorder_v1.RecorderTests.test_pending_exhaustion_sticky_but_original_terminal_retained) ... ok
test_persistence_failure_is_sticky (tests.test_publication_guardian_operational_recorder_v1.RecorderTests.test_persistence_failure_is_sticky) ... ok
test_roundtrip_pair_and_physical_companion (tests.test_publication_guardian_operational_recorder_v1.RecorderTests.test_roundtrip_pair_and_physical_companion) ... ok
test_study_frame_and_sequence_bounds_do_not_relax_legacy (tests.test_publication_guardian_operational_recorder_v1.RecorderTests.test_study_frame_and_sequence_bounds_do_not_relax_legacy) ... ok
test_terminal_duplicate_and_unfinished_rejected (tests.test_publication_guardian_operational_recorder_v1.RecorderTests.test_terminal_duplicate_and_unfinished_rejected) ... ok
test_complete_cold_workload_includes_warmup_measurement_and_drain (tests.test_publication_operational_boundary_v1.PublicationOperationalBoundaryTests.test_complete_cold_workload_includes_warmup_measurement_and_drain) ... ok
test_default_guardian_clock_keeps_terminal_after_begin_across_host_clock_step_back (tests.test_publication_operational_boundary_v1.PublicationOperationalBoundaryTests.test_default_guardian_clock_keeps_terminal_after_begin_across_host_clock_step_back) ... ok
test_default_scratch_file_exhaustion_is_bounded_and_cleans_only_private_files (tests.test_publication_operational_boundary_v1.PublicationOperationalBoundaryTests.test_default_scratch_file_exhaustion_is_bounded_and_cleans_only_private_files) ... ok
test_duplicate_actual_terminal_is_rejected_without_an_extra_front_call (tests.test_publication_operational_boundary_v1.PublicationOperationalBoundaryTests.test_duplicate_actual_terminal_is_rejected_without_an_extra_front_call) ... ok
test_guardian_group_retains_process_max_clamp_and_cold_closure_bounds_it (tests.test_publication_operational_boundary_v1.PublicationOperationalBoundaryTests.test_guardian_group_retains_process_max_clamp_and_cold_closure_bounds_it) ... ok
test_lazy_canonical_ingress_provider_cannot_substitute_same_count_stream_mapping (tests.test_publication_operational_boundary_v1.PublicationOperationalBoundaryTests.test_lazy_canonical_ingress_provider_cannot_substitute_same_count_stream_mapping) ... ok
test_lazy_canonical_ingress_provider_is_called_once_for_each_original_operation (tests.test_publication_operational_boundary_v1.PublicationOperationalBoundaryTests.test_lazy_canonical_ingress_provider_is_called_once_for_each_original_operation) ... ok
test_legitimate_repeated_wire_identity_keeps_both_original_operations (tests.test_publication_operational_boundary_v1.PublicationOperationalBoundaryTests.test_legitimate_repeated_wire_identity_keeps_both_original_operations) ... ok
test_observed_stream_substitution_is_rejected_before_inference (tests.test_publication_operational_boundary_v1.PublicationOperationalBoundaryTests.test_observed_stream_substitution_is_rejected_before_inference) ... ok
test_resealed_guardian_identity_and_terminal_mutations_fail_cold_validation (tests.test_publication_operational_boundary_v1.PublicationOperationalBoundaryTests.test_resealed_guardian_identity_and_terminal_mutations_fail_cold_validation) ... ok
test_same_count_foreign_front_frame_cannot_pass_complete_cold_join (tests.test_publication_operational_boundary_v1.PublicationOperationalBoundaryTests.test_same_count_foreign_front_frame_cannot_pass_complete_cold_join) ... ok
test_stock_canonical_frame_mapping_can_differ_from_original_worker_frame (tests.test_publication_operational_boundary_v1.PublicationOperationalBoundaryTests.test_stock_canonical_frame_mapping_can_differ_from_original_worker_frame) ... ok
test_actual_37_originals_join_32_selected_cells_and_all_three_phases (tests.test_publication_operational_execution_binding_v1.OperationalExecutionBindingTests.test_actual_37_originals_join_32_selected_cells_and_all_three_phases) ... ok
test_foreign_external_engine_cannot_replace_original_runtime_bundle_authority (tests.test_publication_operational_execution_binding_v1.OperationalExecutionBindingTests.test_foreign_external_engine_cannot_replace_original_runtime_bundle_authority) ... ok
test_original_binding_drift_during_full_cold_validation_is_rejected (tests.test_publication_operational_execution_binding_v1.OperationalExecutionBindingTests.test_original_binding_drift_during_full_cold_validation_is_rejected) ... ok
test_original_validator_ancestor_alias_after_return_is_rejected (tests.test_publication_operational_execution_binding_v1.OperationalExecutionBindingTests.test_original_validator_ancestor_alias_after_return_is_rejected) ... ok
test_original_validator_empty_output_witness_is_held (tests.test_publication_operational_execution_binding_v1.OperationalExecutionBindingTests.test_original_validator_empty_output_witness_is_held) ... ok
test_original_validator_external_engine_witness_is_held (tests.test_publication_operational_execution_binding_v1.OperationalExecutionBindingTests.test_original_validator_external_engine_witness_is_held) ... ok
test_original_validator_leaf_drift_after_validator_return_is_rejected (tests.test_publication_operational_execution_binding_v1.OperationalExecutionBindingTests.test_original_validator_leaf_drift_after_validator_return_is_rejected) ... ok
test_original_validator_malformed_epoch_is_rejected (tests.test_publication_operational_execution_binding_v1.OperationalExecutionBindingTests.test_original_validator_malformed_epoch_is_rejected) ... ok
test_physically_resealed_runtime_bundle_cannot_detach_original_capture_or_authority (tests.test_publication_operational_execution_binding_v1.OperationalExecutionBindingTests.test_physically_resealed_runtime_bundle_cannot_detach_original_capture_or_authority) ... ok
test_resealed_equal_count_original_operation_substitution_is_rejected (tests.test_publication_operational_execution_binding_v1.OperationalExecutionBindingTests.test_resealed_equal_count_original_operation_substitution_is_rejected) ... ok
test_same_bytes_original_binding_replacement_is_not_held_custody (tests.test_publication_operational_execution_binding_v1.OperationalExecutionBindingTests.test_same_bytes_original_binding_replacement_is_not_held_custody) ... ok
test_same_bytes_original_validator_leaf_replacement_is_rejected (tests.test_publication_operational_execution_binding_v1.OperationalExecutionBindingTests.test_same_bytes_original_validator_leaf_replacement_is_rejected) ... ok
test_same_count_32_cell_workload_substitution_is_rejected (tests.test_publication_operational_execution_binding_v1.OperationalExecutionBindingTests.test_same_count_32_cell_workload_substitution_is_rejected) ... ok
test_same_count_foreign_preprocessing_candidate_cannot_supply_original_authority (tests.test_publication_operational_execution_binding_v1.OperationalExecutionBindingTests.test_same_count_foreign_preprocessing_candidate_cannot_supply_original_authority) ... ok
test_covered_runtimes_stamp_wall_time_only_through_the_shared_clock (tests.test_legacy_wall_clock_static_gate_v1.LegacyWallClockStaticGateV1Tests.test_covered_runtimes_stamp_wall_time_only_through_the_shared_clock) ... ok
test_every_native_probe_dockerfile_copies_the_wall_clock_header (tests.test_legacy_wall_clock_static_gate_v1.LegacyWallClockStaticGateV1Tests.test_every_native_probe_dockerfile_copies_the_wall_clock_header) ... ok
test_gate_reports_injected_direct_clock_and_missing_header (tests.test_legacy_wall_clock_static_gate_v1.LegacyWallClockStaticGateV1Tests.test_gate_reports_injected_direct_clock_and_missing_header) ... ok
test_actual_closure_freezes_the_shared_wall_clock_with_its_clients (tests.test_publication_policy_qualification_execution_code_closure_v1.QualificationExecutionCodeClosureV1Tests.test_actual_closure_freezes_the_shared_wall_clock_with_its_clients) ... ok
test_builder_recursively_freezes_exact_project_sources_and_interpreter (tests.test_publication_policy_qualification_execution_code_closure_v1.QualificationExecutionCodeClosureV1Tests.test_builder_recursively_freezes_exact_project_sources_and_interpreter) ... ok
test_loaded_project_module_escape_is_rejected (tests.test_publication_policy_qualification_execution_code_closure_v1.QualificationExecutionCodeClosureV1Tests.test_loaded_project_module_escape_is_rejected) ... ok
test_loader_rejects_mutate_restore_snapshot_drift (tests.test_publication_policy_qualification_execution_code_closure_v1.QualificationExecutionCodeClosureV1Tests.test_loader_rejects_mutate_restore_snapshot_drift) ... ok
test_dependency_closure_rejects_extraneous_symlinked_wheel (tests.test_checkpoint_deepstream_runtime_source_closure_v3.DeepStreamRuntimeSourceClosureV3Tests.test_dependency_closure_rejects_extraneous_symlinked_wheel) ... ok
test_docker_copy_and_isolated_build_context_match_validated_sets (tests.test_checkpoint_deepstream_runtime_source_closure_v3.DeepStreamRuntimeSourceClosureV3Tests.test_docker_copy_and_isolated_build_context_match_validated_sets) ... ok
test_missing_extraneous_and_unrelated_module_drift_fail_as_expected (tests.test_checkpoint_deepstream_runtime_source_closure_v3.DeepStreamRuntimeSourceClosureV3Tests.test_missing_extraneous_and_unrelated_module_drift_fail_as_expected) ... ok
test_production_allowlist_is_exact_multi_entry_runtime_closure (tests.test_checkpoint_deepstream_runtime_source_closure_v3.DeepStreamRuntimeSourceClosureV3Tests.test_production_allowlist_is_exact_multi_entry_runtime_closure) ... ok
test_constant_dynamic_local_import_is_in_the_reachable_set (tests.test_checkpoint_savant_runtime_source_closure_v3.SavantRuntimeSourceClosureV3Tests.test_constant_dynamic_local_import_is_in_the_reachable_set) ... ok
test_docker_copy_and_ab_build_use_only_validated_allowlist (tests.test_checkpoint_savant_runtime_source_closure_v3.SavantRuntimeSourceClosureV3Tests.test_docker_copy_and_ab_build_use_only_validated_allowlist) ... ok
test_frozen_cpu_manifest_is_hash_bound_into_the_runtime_image (tests.test_checkpoint_savant_runtime_source_closure_v3.SavantRuntimeSourceClosureV3Tests.test_frozen_cpu_manifest_is_hash_bound_into_the_runtime_image) ... ok
test_missing_and_extraneous_transitive_imports_fail_closed (tests.test_checkpoint_savant_runtime_source_closure_v3.SavantRuntimeSourceClosureV3Tests.test_missing_and_extraneous_transitive_imports_fail_closed) ... ok
test_production_allowlist_is_exact_multi_entry_runtime_closure (tests.test_checkpoint_savant_runtime_source_closure_v3.SavantRuntimeSourceClosureV3Tests.test_production_allowlist_is_exact_multi_entry_runtime_closure) ... ok
test_runtime_consumes_the_native_foundation_drop_queue (tests.test_checkpoint_savant_runtime_source_closure_v3.SavantRuntimeSourceClosureV3Tests.test_runtime_consumes_the_native_foundation_drop_queue) ... ok
test_docker_copy_and_build_hash_use_only_the_validated_allowlist (tests.test_checkpoint_gstreamer_custom_runtime_source_closure_v3.GStreamerCustomRuntimeSourceClosureV3Tests.test_docker_copy_and_build_hash_use_only_the_validated_allowlist) ... ok
test_missing_and_extraneous_python_imports_fail_closed (tests.test_checkpoint_gstreamer_custom_runtime_source_closure_v3.GStreamerCustomRuntimeSourceClosureV3Tests.test_missing_and_extraneous_python_imports_fail_closed) ... ok
test_production_allowlist_is_exact_reachable_runtime_closure (tests.test_checkpoint_gstreamer_custom_runtime_source_closure_v3.GStreamerCustomRuntimeSourceClosureV3Tests.test_production_allowlist_is_exact_reachable_runtime_closure) ... ok
test_missing_and_extraneous_imports_fail_closed (tests.test_checkpoint_openvino_gva_runtime_source_closure_v3.OpenVINOGVARuntimeSourceClosureV3Tests.test_missing_and_extraneous_imports_fail_closed) ... ok
test_production_allowlist_is_exact_transitive_closure (tests.test_checkpoint_openvino_gva_runtime_source_closure_v3.OpenVINOGVARuntimeSourceClosureV3Tests.test_production_allowlist_is_exact_transitive_closure) ... ok
test_all_runtime_validators_accept_the_same_guardian_closure (tests.test_publication_runtime_source_closure_guardian_v1.PublicationRuntimeSourceClosureGuardianV1Tests.test_all_runtime_validators_accept_the_same_guardian_closure) ... ok
test_all_runtime_validators_reject_the_same_missing_guardian_closure (tests.test_publication_runtime_source_closure_guardian_v1.PublicationRuntimeSourceClosureGuardianV1Tests.test_all_runtime_validators_reject_the_same_missing_guardian_closure) ... ok
test_adaptive_weights_requires_canonical_feedback_without_suffix_heuristic (tests.test_benchmark_contract.BenchmarkContractTests.test_adaptive_weights_requires_canonical_feedback_without_suffix_heuristic) ... ok
test_benchmark_rejects_extra_frame_event_fields (tests.test_benchmark_contract.BenchmarkContractTests.test_benchmark_rejects_extra_frame_event_fields) ... ok
test_benchmark_rejects_legacy_csv (tests.test_benchmark_contract.BenchmarkContractTests.test_benchmark_rejects_legacy_csv) ... ok
test_benchmark_rejects_malformed_frame_event_timestamps (tests.test_benchmark_contract.BenchmarkContractTests.test_benchmark_rejects_malformed_frame_event_timestamps) ... ok
test_benchmark_rejects_malformed_frame_timestamps (tests.test_benchmark_contract.BenchmarkContractTests.test_benchmark_rejects_malformed_frame_timestamps) ... ok
test_benchmark_rejects_missing_native_artifacts (tests.test_benchmark_contract.BenchmarkContractTests.test_benchmark_rejects_missing_native_artifacts) ... ok
test_benchmark_rejects_schema_v2_synthetic_csv (tests.test_benchmark_contract.BenchmarkContractTests.test_benchmark_rejects_schema_v2_synthetic_csv) ... ok
test_benchmark_requires_frame_event_contract (tests.test_benchmark_contract.BenchmarkContractTests.test_benchmark_requires_frame_event_contract) ... ok
test_branch_aware_passport_accepts_independent_mixed_and_all_prefix_intervals (tests.test_benchmark_contract.BenchmarkContractTests.test_branch_aware_passport_accepts_independent_mixed_and_all_prefix_intervals) ... ok
test_branch_aware_passport_accepts_shared_all_prefix_and_rejects_partial (tests.test_benchmark_contract.BenchmarkContractTests.test_branch_aware_passport_accepts_shared_all_prefix_and_rejects_partial) ... ok
test_branch_aware_passport_rejects_missing_fabricated_and_unlinked_intervals (tests.test_benchmark_contract.BenchmarkContractTests.test_branch_aware_passport_rejects_missing_fabricated_and_unlinked_intervals) ... ok
test_branch_terminals_close_completed_drop_and_censored_checkpoint_frames (tests.test_benchmark_contract.BenchmarkContractTests.test_branch_terminals_close_completed_drop_and_censored_checkpoint_frames) ... ok
test_branch_terminals_reject_missing_branch_inferred_drop_and_ambiguous_frame_aggregate (tests.test_benchmark_contract.BenchmarkContractTests.test_branch_terminals_reject_missing_branch_inferred_drop_and_ambiguous_frame_aggregate) ... ok
test_broad_report_runs_metadata_and_raw_preflight_before_outputs (tests.test_benchmark_contract.BenchmarkContractTests.test_broad_report_runs_metadata_and_raw_preflight_before_outputs) ... ok
test_causal_policy_trace_accepts_identical_epoch_timestamp_csv_json_ulp (tests.test_benchmark_contract.BenchmarkContractTests.test_causal_policy_trace_accepts_identical_epoch_timestamp_csv_json_ulp) ... ok
test_causal_policy_trace_links_terminal_feedback_to_first_consumer (tests.test_benchmark_contract.BenchmarkContractTests.test_causal_policy_trace_links_terminal_feedback_to_first_consumer) ... ok
test_causal_policy_trace_rejects_censored_feedback_update (tests.test_benchmark_contract.BenchmarkContractTests.test_causal_policy_trace_rejects_censored_feedback_update) ... ok
test_causal_policy_trace_rejects_future_feature_observation (tests.test_benchmark_contract.BenchmarkContractTests.test_causal_policy_trace_rejects_future_feature_observation) ... ok
test_causal_policy_trace_rejects_partial_column_group (tests.test_benchmark_contract.BenchmarkContractTests.test_causal_policy_trace_rejects_partial_column_group) ... ok
test_causal_policy_trace_rejects_post_completion_queue_snapshot (tests.test_benchmark_contract.BenchmarkContractTests.test_causal_policy_trace_rejects_post_completion_queue_snapshot) ... ok
test_completed_aggregate_join_may_follow_last_branch_terminal_but_not_precede_it (tests.test_benchmark_contract.BenchmarkContractTests.test_completed_aggregate_join_may_follow_last_branch_terminal_but_not_precede_it) ... ok
test_completed_proof_rows_require_consistent_run_metadata (tests.test_benchmark_contract.BenchmarkContractTests.test_completed_proof_rows_require_consistent_run_metadata) ... ok
test_completed_proof_rows_revalidate_raw_sidecars_and_summary_copy (tests.test_benchmark_contract.BenchmarkContractTests.test_completed_proof_rows_revalidate_raw_sidecars_and_summary_copy) ... ok
test_custom_cpp_policy_header_matches_current_contract (tests.test_benchmark_contract.BenchmarkContractTests.test_custom_cpp_policy_header_matches_current_contract) ... ok
test_dataset_manifest_identity_covers_logical_stream_contract (tests.test_benchmark_contract.BenchmarkContractTests.test_dataset_manifest_identity_covers_logical_stream_contract) ... ok
test_dataset_preflight_prints_byte_and_manifest_identities (tests.test_benchmark_contract.BenchmarkContractTests.test_dataset_preflight_prints_byte_and_manifest_identities) ... ok
test_decoder_placement_requires_allowed_nvdec_factory (tests.test_benchmark_contract.BenchmarkContractTests.test_decoder_placement_requires_allowed_nvdec_factory) ... ok
test_distributed_combine_rejects_truncated_event_rows (tests.test_benchmark_contract.BenchmarkContractTests.test_distributed_combine_rejects_truncated_event_rows) ... ok
test_full_policy_trace_accepts_replayable_update_payload (tests.test_benchmark_contract.BenchmarkContractTests.test_full_policy_trace_accepts_replayable_update_payload) ... ok
test_full_policy_trace_is_replayable (tests.test_benchmark_contract.BenchmarkContractTests.test_full_policy_trace_is_replayable) ... ok
test_full_policy_trace_rejects_gaps_in_update_sequence (tests.test_benchmark_contract.BenchmarkContractTests.test_full_policy_trace_rejects_gaps_in_update_sequence) ... ok
test_full_policy_trace_rejects_nonminimum_resource (tests.test_benchmark_contract.BenchmarkContractTests.test_full_policy_trace_rejects_nonminimum_resource) ... ok
test_full_policy_trace_rejects_update_without_sequence_increment (tests.test_benchmark_contract.BenchmarkContractTests.test_full_policy_trace_rejects_update_without_sequence_increment) ... ok
test_full_policy_trace_rejects_updates_for_frozen_policy (tests.test_benchmark_contract.BenchmarkContractTests.test_full_policy_trace_rejects_updates_for_frozen_policy) ... ok
test_full_policy_trace_requires_monotonic_update_sequence (tests.test_benchmark_contract.BenchmarkContractTests.test_full_policy_trace_requires_monotonic_update_sequence) ... ok
test_full_policy_trace_requires_selected_cost_consistency (tests.test_benchmark_contract.BenchmarkContractTests.test_full_policy_trace_requires_selected_cost_consistency) ... ok
test_full_policy_trace_requires_update_payload_when_sequence_advances (tests.test_benchmark_contract.BenchmarkContractTests.test_full_policy_trace_requires_update_payload_when_sequence_advances) ... ok
test_full_weighted_policy_trace_requires_all_resource_weights (tests.test_benchmark_contract.BenchmarkContractTests.test_full_weighted_policy_trace_requires_all_resource_weights) ... ok
test_ingress_ledger_bounds_schedule_selected_wall_clock_start_jitter (tests.test_benchmark_contract.BenchmarkContractTests.test_ingress_ledger_bounds_schedule_selected_wall_clock_start_jitter) ... ok
test_ingress_ledger_rejects_completed_frame_or_censoring_mismatch (tests.test_benchmark_contract.BenchmarkContractTests.test_ingress_ledger_rejects_completed_frame_or_censoring_mismatch) ... ok
test_ingress_ledger_rejects_derived_ingress_or_out_of_window_frame (tests.test_benchmark_contract.BenchmarkContractTests.test_ingress_ledger_rejects_derived_ingress_or_out_of_window_frame) ... ok
test_ingress_ledger_rejects_native_drop_counter_or_topology_identity_mismatch (tests.test_benchmark_contract.BenchmarkContractTests.test_ingress_ledger_rejects_native_drop_counter_or_topology_identity_mismatch) ... ok
test_kpp_real_avi_manifest_validates_real_files_and_fps_policy (tests.test_benchmark_contract.BenchmarkContractTests.test_kpp_real_avi_manifest_validates_real_files_and_fps_policy) ... skipped 'real KPP AVI files are not present'
test_legacy_sidecars_are_diagnostic_but_fail_strict_provenance (tests.test_benchmark_contract.BenchmarkContractTests.test_legacy_sidecars_are_diagnostic_but_fail_strict_provenance) ... ok
test_measurement_passport_accepts_nvdec_stage_elapsed_as_cpu_component (tests.test_benchmark_contract.BenchmarkContractTests.test_measurement_passport_accepts_nvdec_stage_elapsed_as_cpu_component) ... ok
test_measurement_passport_hashes_schedule_and_attributes_complete_prefix_work (tests.test_benchmark_contract.BenchmarkContractTests.test_measurement_passport_hashes_schedule_and_attributes_complete_prefix_work) ... ok
test_measurement_passport_rejects_duplicate_or_inconsistent_stage_intervals (tests.test_benchmark_contract.BenchmarkContractTests.test_measurement_passport_rejects_duplicate_or_inconsistent_stage_intervals) ... ok
test_measurement_passport_rejects_unattributed_or_incomplete_resource_work (tests.test_benchmark_contract.BenchmarkContractTests.test_measurement_passport_rejects_unattributed_or_incomplete_resource_work) ... ok
test_native_frames_and_events_are_accepted (tests.test_benchmark_contract.BenchmarkContractTests.test_native_frames_and_events_are_accepted) ... ok
test_native_full_policy_trace_is_not_overwritten_by_sidecar_fallback (tests.test_benchmark_contract.BenchmarkContractTests.test_native_full_policy_trace_is_not_overwritten_by_sidecar_fallback) ... ok
test_native_ingress_ledger_closes_completed_drop_and_censored_cohort (tests.test_benchmark_contract.BenchmarkContractTests.test_native_ingress_ledger_closes_completed_drop_and_censored_cohort) ... ok
test_native_reset_evidence_covers_processes_queues_origin_and_sink (tests.test_benchmark_contract.BenchmarkContractTests.test_native_reset_evidence_covers_processes_queues_origin_and_sink) ... ok
test_network_acceptance_gate (tests.test_benchmark_contract.BenchmarkContractTests.test_network_acceptance_gate) ... ok
test_online_policy_feedback_lag_uses_oldest_applied_snapshot (tests.test_benchmark_contract.BenchmarkContractTests.test_online_policy_feedback_lag_uses_oldest_applied_snapshot) ... ok
test_online_policy_feedback_rejects_non_deterministic_projection (tests.test_benchmark_contract.BenchmarkContractTests.test_online_policy_feedback_rejects_non_deterministic_projection) ... ok
test_online_policy_feedback_rejects_sequence_gap (tests.test_benchmark_contract.BenchmarkContractTests.test_online_policy_feedback_rejects_sequence_gap) ... ok
test_online_policy_feedback_rejects_unexplained_eligible_noop (tests.test_benchmark_contract.BenchmarkContractTests.test_online_policy_feedback_rejects_unexplained_eligible_noop) ... ok
test_online_policy_feedback_validates_projection_noop_and_first_consumer (tests.test_benchmark_contract.BenchmarkContractTests.test_online_policy_feedback_validates_projection_noop_and_first_consumer) ... ok
test_preflight_parsers (tests.test_benchmark_contract.BenchmarkContractTests.test_preflight_parsers) ... ok
test_primary_analysis_writes_unexecuted_policy_replay_scope (tests.test_benchmark_contract.BenchmarkContractTests.test_primary_analysis_writes_unexecuted_policy_replay_scope) ... ok
test_primary_architecture_claim_is_blocked_by_missing_pair (tests.test_benchmark_contract.BenchmarkContractTests.test_primary_architecture_claim_is_blocked_by_missing_pair) ... ok
test_primary_architecture_claim_is_not_confirmed_when_guardrail_interval_fails (tests.test_benchmark_contract.BenchmarkContractTests.test_primary_architecture_claim_is_not_confirmed_when_guardrail_interval_fails) ... ok
test_primary_architecture_only_skips_broad_report_validation (tests.test_benchmark_contract.BenchmarkContractTests.test_primary_architecture_only_skips_broad_report_validation) ... ok
test_primary_architecture_pair_bootstrap_and_favorable_claim_are_deterministic (tests.test_benchmark_contract.BenchmarkContractTests.test_primary_architecture_pair_bootstrap_and_favorable_claim_are_deterministic) ... ok
test_primary_architecture_pair_rejects_reused_process_or_sink_reset_identity (tests.test_benchmark_contract.BenchmarkContractTests.test_primary_architecture_pair_rejects_reused_process_or_sink_reset_identity) ... ok
test_primary_architecture_pair_requires_complete_metadata_contract (tests.test_benchmark_contract.BenchmarkContractTests.test_primary_architecture_pair_requires_complete_metadata_contract) ... ok
test_primary_architecture_pair_requires_recorded_counterbalanced_arm_order (tests.test_benchmark_contract.BenchmarkContractTests.test_primary_architecture_pair_requires_recorded_counterbalanced_arm_order) ... ok
test_primary_architecture_resource_mix_shift_stays_descriptive (tests.test_benchmark_contract.BenchmarkContractTests.test_primary_architecture_resource_mix_shift_stays_descriptive) ... ok
test_primary_pairing_rejects_branch_analytics_contract_mismatch (tests.test_benchmark_contract.BenchmarkContractTests.test_primary_pairing_rejects_branch_analytics_contract_mismatch) ... ok
test_primary_policy_analysis_writes_blocked_artifacts_without_policy_runs (tests.test_benchmark_contract.BenchmarkContractTests.test_primary_policy_analysis_writes_blocked_artifacts_without_policy_runs) ... ok
test_primary_policy_pair_is_blocked_by_drop_guardrail (tests.test_benchmark_contract.BenchmarkContractTests.test_primary_policy_pair_is_blocked_by_drop_guardrail) ... ok
test_primary_policy_pair_is_blocked_by_runtime_implementation_mismatch (tests.test_benchmark_contract.BenchmarkContractTests.test_primary_policy_pair_is_blocked_by_runtime_implementation_mismatch) ... ok
test_primary_policy_pair_is_blocked_without_executed_replay (tests.test_benchmark_contract.BenchmarkContractTests.test_primary_policy_pair_is_blocked_without_executed_replay) ... ok
test_primary_policy_pair_requires_complete_metadata_contract (tests.test_benchmark_contract.BenchmarkContractTests.test_primary_policy_pair_requires_complete_metadata_contract) ... ok
test_primary_policy_pair_requires_recorded_counterbalanced_arm_order (tests.test_benchmark_contract.BenchmarkContractTests.test_primary_policy_pair_requires_recorded_counterbalanced_arm_order) ... ok
test_primary_run_metric_rederives_raw_passport_and_blocks_summary_drift (tests.test_benchmark_contract.BenchmarkContractTests.test_primary_run_metric_rederives_raw_passport_and_blocks_summary_drift) ... ok
test_publication_evidence_bundle_policy_scope_binds_online_feedback (tests.test_benchmark_contract.BenchmarkContractTests.test_publication_evidence_bundle_policy_scope_binds_online_feedback) ... ok
test_publication_evidence_bundle_rejects_missing_tampered_or_symlinked_files (tests.test_benchmark_contract.BenchmarkContractTests.test_publication_evidence_bundle_rejects_missing_tampered_or_symlinked_files) ... ok
test_publication_run_contract_covers_protocol_system_and_primary_cell (tests.test_benchmark_contract.BenchmarkContractTests.test_publication_run_contract_covers_protocol_system_and_primary_cell) ... ok
test_publishable_dataset_requires_checksums (tests.test_benchmark_contract.BenchmarkContractTests.test_publishable_dataset_requires_checksums) ... ok
test_report_deadline_rows_use_raw_frame_latencies (tests.test_benchmark_contract.BenchmarkContractTests.test_report_deadline_rows_use_raw_frame_latencies) ... ok
test_required_sidecars_are_derived_and_validated (tests.test_benchmark_contract.BenchmarkContractTests.test_required_sidecars_are_derived_and_validated) ... ok
test_required_sidecars_reject_missing_files (tests.test_benchmark_contract.BenchmarkContractTests.test_required_sidecars_reject_missing_files) ... ok
test_required_sidecars_reject_unlinked_applied_policy_decision (tests.test_benchmark_contract.BenchmarkContractTests.test_required_sidecars_reject_unlinked_applied_policy_decision) ... ok
test_required_sidecars_require_native_stage_contracts_for_topology_run (tests.test_benchmark_contract.BenchmarkContractTests.test_required_sidecars_require_native_stage_contracts_for_topology_run) ... ok
test_reset_evidence_rejects_nonempty_queue_or_engineering_source (tests.test_benchmark_contract.BenchmarkContractTests.test_reset_evidence_rejects_nonempty_queue_or_engineering_source) ... ok
test_reset_origin_is_independent_of_warmup_excluded_measurement_sequence (tests.test_benchmark_contract.BenchmarkContractTests.test_reset_origin_is_independent_of_warmup_excluded_measurement_sequence) ... ok
test_rtp_trace_roundtrip (tests.test_benchmark_contract.BenchmarkContractTests.test_rtp_trace_roundtrip) ... ok
test_savant_local_merge_filters_measurement_window (tests.test_benchmark_contract.BenchmarkContractTests.test_savant_local_merge_filters_measurement_window) ... ok
test_savant_local_merge_rejects_malformed_measured_event (tests.test_benchmark_contract.BenchmarkContractTests.test_savant_local_merge_rejects_malformed_measured_event) ... ok
test_savant_local_merge_rejects_malformed_unmeasured_event (tests.test_benchmark_contract.BenchmarkContractTests.test_savant_local_merge_rejects_malformed_unmeasured_event) ... ok
test_savant_local_probe_writes_only_declared_stage_fragment (tests.test_benchmark_contract.BenchmarkContractTests.test_savant_local_probe_writes_only_declared_stage_fragment) ... ok
test_savant_local_pyfunc_writes_native_rows_from_buffer (tests.test_benchmark_contract.BenchmarkContractTests.test_savant_local_pyfunc_writes_native_rows_from_buffer) ... ok
test_savant_local_stage_event_fragments_are_merged (tests.test_benchmark_contract.BenchmarkContractTests.test_savant_local_stage_event_fragments_are_merged) ... ok
test_savant_local_stage_event_writers_handle_concurrent_stage_writes (tests.test_benchmark_contract.BenchmarkContractTests.test_savant_local_stage_event_writers_handle_concurrent_stage_writes) ... ok
test_savant_local_stream_outputs_are_merged (tests.test_benchmark_contract.BenchmarkContractTests.test_savant_local_stream_outputs_are_merged) ... ok
test_scenario_contract_identity_covers_resolved_execution_contract (tests.test_benchmark_contract.BenchmarkContractTests.test_scenario_contract_identity_covers_resolved_execution_contract) ... ok
test_shared_vs_duplicated_requires_common_stage_factor_two (tests.test_benchmark_contract.BenchmarkContractTests.test_shared_vs_duplicated_requires_common_stage_factor_two) ... ok
test_sidecar_provenance_rejects_unknown_value (tests.test_benchmark_contract.BenchmarkContractTests.test_sidecar_provenance_rejects_unknown_value) ... ok
test_sidecar_summary_does_not_erase_partial_topology_bindings (tests.test_benchmark_contract.BenchmarkContractTests.test_sidecar_summary_does_not_erase_partial_topology_bindings) ... ok
test_sidecar_summary_exposes_online_policy_trace_gate (tests.test_benchmark_contract.BenchmarkContractTests.test_sidecar_summary_exposes_online_policy_trace_gate) ... ok
test_smoke_legacy_csv_is_canonicalized_as_synthetic (tests.test_benchmark_contract.BenchmarkContractTests.test_smoke_legacy_csv_is_canonicalized_as_synthetic) ... ok
test_stage_base_name_strips_branch_suffixes (tests.test_benchmark_contract.BenchmarkContractTests.test_stage_base_name_strips_branch_suffixes) ... ok
test_stage_contracts_reject_bad_hash_or_incomplete_topology_coverage (tests.test_benchmark_contract.BenchmarkContractTests.test_stage_contracts_reject_bad_hash_or_incomplete_topology_coverage) ... ok
test_stage_contracts_reject_branch_mismatch_or_underspecified_transform (tests.test_benchmark_contract.BenchmarkContractTests.test_stage_contracts_reject_branch_mismatch_or_underspecified_transform) ... ok
test_stage_contracts_validate_semantic_prefix_and_stable_hash (tests.test_benchmark_contract.BenchmarkContractTests.test_stage_contracts_validate_semantic_prefix_and_stable_hash) ... ok
test_stage_trace_coverage_accepts_edge_preroll_with_per_stream_frame_ids (tests.test_benchmark_contract.BenchmarkContractTests.test_stage_trace_coverage_accepts_edge_preroll_with_per_stream_frame_ids) ... ok
test_stage_trace_coverage_accepts_merged_role_events (tests.test_benchmark_contract.BenchmarkContractTests.test_stage_trace_coverage_accepts_merged_role_events) ... ok
test_stage_trace_coverage_rejects_missing_declared_extra_stage (tests.test_benchmark_contract.BenchmarkContractTests.test_stage_trace_coverage_rejects_missing_declared_extra_stage) ... ok
test_stage_trace_coverage_rejects_missing_stage (tests.test_benchmark_contract.BenchmarkContractTests.test_stage_trace_coverage_rejects_missing_stage) ... ok
test_strict_sidecar_validation_requires_native_ingress_ledger (tests.test_benchmark_contract.BenchmarkContractTests.test_strict_sidecar_validation_requires_native_ingress_ledger) ... ok
test_throughput_uses_completed_frames_per_window (tests.test_benchmark_contract.BenchmarkContractTests.test_throughput_uses_completed_frames_per_window) ... ok
test_checker_refuses_a_real_undefined_function_global (tests.test_finite_study_static_names_v1.FiniteStudyStaticNamesTests.test_checker_refuses_a_real_undefined_function_global) ... ok
test_study_modules_reference_only_defined_globals_and_local_imports (tests.test_finite_study_static_names_v1.FiniteStudyStaticNamesTests.test_study_modules_reference_only_defined_globals_and_local_imports) ... ok
test_study_operational_persistence_refuses_a_missing_context_with_its_own_error (tests.test_finite_study_static_names_v1.FiniteStudyStaticNamesTests.test_study_operational_persistence_refuses_a_missing_context_with_its_own_error) ... ok

----------------------------------------------------------------------
Ran 264 tests in 58.441s

OK (skipped=1)
primary_architecture_claim_state=blocked_missing_required_pairs_or_gates
output_dir=/tmp/tmpry_5p8e3/report

=== Task 2.6 follow-up GREEN: writer always emits max_clamp_ns; reconciliation reads historical v1 groups without it and bounds a present value to an int in [0, 10_000_001]
# base commit 28f0cfb95893ac0eccd768259164029febfb1942; uncommitted:  M scripts/publication_operational_request_reconciliation_v1.py  M tests/test_publication_operational_boundary_v1.py 
$ cd /mnt/c/Users/s-a-balashov/.codex/worktrees/qfb-clock/VAST && /home/s-a-balashov/.local/state/vast/publication/runtime/full-publication-cp312-v1/bin/python -m unittest -v tests.test_publication_operational_boundary_v1.PublicationOperationalBoundaryTests.test_guardian_group_retains_process_max_clamp_and_cold_closure_bounds_it
2026-10-06T22:29:44Z
test_guardian_group_retains_process_max_clamp_and_cold_closure_bounds_it (tests.test_publication_operational_boundary_v1.PublicationOperationalBoundaryTests.test_guardian_group_retains_process_max_clamp_and_cold_closure_bounds_it) ... ok

----------------------------------------------------------------------
Ran 1 test in 0.450s

OK

=== Task 2.6 follow-up GREEN: guardian recorder, boundary, execution-binding, static gate, runtime source-closure guardian, test_benchmark_contract and test_finite_study_static_names_v1
# base commit 28f0cfb95893ac0eccd768259164029febfb1942; uncommitted:  M scripts/publication_operational_request_reconciliation_v1.py  M tests/test_publication_operational_boundary_v1.py 
$ cd /mnt/c/Users/s-a-balashov/.codex/worktrees/qfb-clock/VAST && /home/s-a-balashov/.local/state/vast/publication/runtime/full-publication-cp312-v1/bin/python -m unittest -v tests.test_publication_guardian_operational_recorder_v1 tests.test_publication_operational_boundary_v1 tests.test_publication_operational_execution_binding_v1 tests.test_legacy_wall_clock_static_gate_v1 tests.test_publication_runtime_source_closure_guardian_v1 tests.test_benchmark_contract tests.test_finite_study_static_names_v1
2026-10-06T22:29:45Z
test_actual_stream_rejected_without_suffix_inference (tests.test_publication_guardian_operational_recorder_v1.RecorderTests.test_actual_stream_rejected_without_suffix_inference) ... ok
test_event_terminal_reservation_rejects_before_begin (tests.test_publication_guardian_operational_recorder_v1.RecorderTests.test_event_terminal_reservation_rejects_before_begin) ... ok
test_exact_maximum_valid_begin_and_last_terminal_bytes (tests.test_publication_guardian_operational_recorder_v1.RecorderTests.test_exact_maximum_valid_begin_and_last_terminal_bytes) ... ok
test_idle_study_snapshot_is_prefix_of_actual_closed_pool_without_resetting_counters (tests.test_publication_guardian_operational_recorder_v1.RecorderTests.test_idle_study_snapshot_is_prefix_of_actual_closed_pool_without_resetting_counters) ... ok
test_journal_substitution_fails_custody_without_appending (tests.test_publication_guardian_operational_recorder_v1.RecorderTests.test_journal_substitution_fails_custody_without_appending) ... ok
test_overlimit_field_and_local_sequence_fail_before_begin (tests.test_publication_guardian_operational_recorder_v1.RecorderTests.test_overlimit_field_and_local_sequence_fail_before_begin) ... ok
test_pending_exhaustion_sticky_but_original_terminal_retained (tests.test_publication_guardian_operational_recorder_v1.RecorderTests.test_pending_exhaustion_sticky_but_original_terminal_retained) ... ok
test_persistence_failure_is_sticky (tests.test_publication_guardian_operational_recorder_v1.RecorderTests.test_persistence_failure_is_sticky) ... ok
test_roundtrip_pair_and_physical_companion (tests.test_publication_guardian_operational_recorder_v1.RecorderTests.test_roundtrip_pair_and_physical_companion) ... ok
test_study_frame_and_sequence_bounds_do_not_relax_legacy (tests.test_publication_guardian_operational_recorder_v1.RecorderTests.test_study_frame_and_sequence_bounds_do_not_relax_legacy) ... ok
test_terminal_duplicate_and_unfinished_rejected (tests.test_publication_guardian_operational_recorder_v1.RecorderTests.test_terminal_duplicate_and_unfinished_rejected) ... ok
test_complete_cold_workload_includes_warmup_measurement_and_drain (tests.test_publication_operational_boundary_v1.PublicationOperationalBoundaryTests.test_complete_cold_workload_includes_warmup_measurement_and_drain) ... ok
test_default_guardian_clock_keeps_terminal_after_begin_across_host_clock_step_back (tests.test_publication_operational_boundary_v1.PublicationOperationalBoundaryTests.test_default_guardian_clock_keeps_terminal_after_begin_across_host_clock_step_back) ... ok
test_default_scratch_file_exhaustion_is_bounded_and_cleans_only_private_files (tests.test_publication_operational_boundary_v1.PublicationOperationalBoundaryTests.test_default_scratch_file_exhaustion_is_bounded_and_cleans_only_private_files) ... ok
test_duplicate_actual_terminal_is_rejected_without_an_extra_front_call (tests.test_publication_operational_boundary_v1.PublicationOperationalBoundaryTests.test_duplicate_actual_terminal_is_rejected_without_an_extra_front_call) ... ok
test_guardian_group_retains_process_max_clamp_and_cold_closure_bounds_it (tests.test_publication_operational_boundary_v1.PublicationOperationalBoundaryTests.test_guardian_group_retains_process_max_clamp_and_cold_closure_bounds_it) ... ok
test_lazy_canonical_ingress_provider_cannot_substitute_same_count_stream_mapping (tests.test_publication_operational_boundary_v1.PublicationOperationalBoundaryTests.test_lazy_canonical_ingress_provider_cannot_substitute_same_count_stream_mapping) ... ok
test_lazy_canonical_ingress_provider_is_called_once_for_each_original_operation (tests.test_publication_operational_boundary_v1.PublicationOperationalBoundaryTests.test_lazy_canonical_ingress_provider_is_called_once_for_each_original_operation) ... ok
test_legitimate_repeated_wire_identity_keeps_both_original_operations (tests.test_publication_operational_boundary_v1.PublicationOperationalBoundaryTests.test_legitimate_repeated_wire_identity_keeps_both_original_operations) ... ok
test_observed_stream_substitution_is_rejected_before_inference (tests.test_publication_operational_boundary_v1.PublicationOperationalBoundaryTests.test_observed_stream_substitution_is_rejected_before_inference) ... ok
test_resealed_guardian_identity_and_terminal_mutations_fail_cold_validation (tests.test_publication_operational_boundary_v1.PublicationOperationalBoundaryTests.test_resealed_guardian_identity_and_terminal_mutations_fail_cold_validation) ... ok
test_same_count_foreign_front_frame_cannot_pass_complete_cold_join (tests.test_publication_operational_boundary_v1.PublicationOperationalBoundaryTests.test_same_count_foreign_front_frame_cannot_pass_complete_cold_join) ... ok
test_stock_canonical_frame_mapping_can_differ_from_original_worker_frame (tests.test_publication_operational_boundary_v1.PublicationOperationalBoundaryTests.test_stock_canonical_frame_mapping_can_differ_from_original_worker_frame) ... ok
test_actual_37_originals_join_32_selected_cells_and_all_three_phases (tests.test_publication_operational_execution_binding_v1.OperationalExecutionBindingTests.test_actual_37_originals_join_32_selected_cells_and_all_three_phases) ... ok
test_foreign_external_engine_cannot_replace_original_runtime_bundle_authority (tests.test_publication_operational_execution_binding_v1.OperationalExecutionBindingTests.test_foreign_external_engine_cannot_replace_original_runtime_bundle_authority) ... ok
test_original_binding_drift_during_full_cold_validation_is_rejected (tests.test_publication_operational_execution_binding_v1.OperationalExecutionBindingTests.test_original_binding_drift_during_full_cold_validation_is_rejected) ... ok
test_original_validator_ancestor_alias_after_return_is_rejected (tests.test_publication_operational_execution_binding_v1.OperationalExecutionBindingTests.test_original_validator_ancestor_alias_after_return_is_rejected) ... ok
test_original_validator_empty_output_witness_is_held (tests.test_publication_operational_execution_binding_v1.OperationalExecutionBindingTests.test_original_validator_empty_output_witness_is_held) ... ok
test_original_validator_external_engine_witness_is_held (tests.test_publication_operational_execution_binding_v1.OperationalExecutionBindingTests.test_original_validator_external_engine_witness_is_held) ... ok
test_original_validator_leaf_drift_after_validator_return_is_rejected (tests.test_publication_operational_execution_binding_v1.OperationalExecutionBindingTests.test_original_validator_leaf_drift_after_validator_return_is_rejected) ... ok
test_original_validator_malformed_epoch_is_rejected (tests.test_publication_operational_execution_binding_v1.OperationalExecutionBindingTests.test_original_validator_malformed_epoch_is_rejected) ... ok
test_physically_resealed_runtime_bundle_cannot_detach_original_capture_or_authority (tests.test_publication_operational_execution_binding_v1.OperationalExecutionBindingTests.test_physically_resealed_runtime_bundle_cannot_detach_original_capture_or_authority) ... ok
test_resealed_equal_count_original_operation_substitution_is_rejected (tests.test_publication_operational_execution_binding_v1.OperationalExecutionBindingTests.test_resealed_equal_count_original_operation_substitution_is_rejected) ... ok
test_same_bytes_original_binding_replacement_is_not_held_custody (tests.test_publication_operational_execution_binding_v1.OperationalExecutionBindingTests.test_same_bytes_original_binding_replacement_is_not_held_custody) ... ok
test_same_bytes_original_validator_leaf_replacement_is_rejected (tests.test_publication_operational_execution_binding_v1.OperationalExecutionBindingTests.test_same_bytes_original_validator_leaf_replacement_is_rejected) ... ok
test_same_count_32_cell_workload_substitution_is_rejected (tests.test_publication_operational_execution_binding_v1.OperationalExecutionBindingTests.test_same_count_32_cell_workload_substitution_is_rejected) ... ok
test_same_count_foreign_preprocessing_candidate_cannot_supply_original_authority (tests.test_publication_operational_execution_binding_v1.OperationalExecutionBindingTests.test_same_count_foreign_preprocessing_candidate_cannot_supply_original_authority) ... ok
test_covered_runtimes_stamp_wall_time_only_through_the_shared_clock (tests.test_legacy_wall_clock_static_gate_v1.LegacyWallClockStaticGateV1Tests.test_covered_runtimes_stamp_wall_time_only_through_the_shared_clock) ... ok
test_every_native_probe_dockerfile_copies_the_wall_clock_header (tests.test_legacy_wall_clock_static_gate_v1.LegacyWallClockStaticGateV1Tests.test_every_native_probe_dockerfile_copies_the_wall_clock_header) ... ok
test_gate_reports_injected_direct_clock_and_missing_header (tests.test_legacy_wall_clock_static_gate_v1.LegacyWallClockStaticGateV1Tests.test_gate_reports_injected_direct_clock_and_missing_header) ... ok
test_all_runtime_validators_accept_the_same_guardian_closure (tests.test_publication_runtime_source_closure_guardian_v1.PublicationRuntimeSourceClosureGuardianV1Tests.test_all_runtime_validators_accept_the_same_guardian_closure) ... ok
test_all_runtime_validators_reject_the_same_missing_guardian_closure (tests.test_publication_runtime_source_closure_guardian_v1.PublicationRuntimeSourceClosureGuardianV1Tests.test_all_runtime_validators_reject_the_same_missing_guardian_closure) ... ok
test_adaptive_weights_requires_canonical_feedback_without_suffix_heuristic (tests.test_benchmark_contract.BenchmarkContractTests.test_adaptive_weights_requires_canonical_feedback_without_suffix_heuristic) ... ok
test_benchmark_rejects_extra_frame_event_fields (tests.test_benchmark_contract.BenchmarkContractTests.test_benchmark_rejects_extra_frame_event_fields) ... ok
test_benchmark_rejects_legacy_csv (tests.test_benchmark_contract.BenchmarkContractTests.test_benchmark_rejects_legacy_csv) ... ok
test_benchmark_rejects_malformed_frame_event_timestamps (tests.test_benchmark_contract.BenchmarkContractTests.test_benchmark_rejects_malformed_frame_event_timestamps) ... ok
test_benchmark_rejects_malformed_frame_timestamps (tests.test_benchmark_contract.BenchmarkContractTests.test_benchmark_rejects_malformed_frame_timestamps) ... ok
test_benchmark_rejects_missing_native_artifacts (tests.test_benchmark_contract.BenchmarkContractTests.test_benchmark_rejects_missing_native_artifacts) ... ok
test_benchmark_rejects_schema_v2_synthetic_csv (tests.test_benchmark_contract.BenchmarkContractTests.test_benchmark_rejects_schema_v2_synthetic_csv) ... ok
test_benchmark_requires_frame_event_contract (tests.test_benchmark_contract.BenchmarkContractTests.test_benchmark_requires_frame_event_contract) ... ok
test_branch_aware_passport_accepts_independent_mixed_and_all_prefix_intervals (tests.test_benchmark_contract.BenchmarkContractTests.test_branch_aware_passport_accepts_independent_mixed_and_all_prefix_intervals) ... ok
test_branch_aware_passport_accepts_shared_all_prefix_and_rejects_partial (tests.test_benchmark_contract.BenchmarkContractTests.test_branch_aware_passport_accepts_shared_all_prefix_and_rejects_partial) ... ok
test_branch_aware_passport_rejects_missing_fabricated_and_unlinked_intervals (tests.test_benchmark_contract.BenchmarkContractTests.test_branch_aware_passport_rejects_missing_fabricated_and_unlinked_intervals) ... ok
test_branch_terminals_close_completed_drop_and_censored_checkpoint_frames (tests.test_benchmark_contract.BenchmarkContractTests.test_branch_terminals_close_completed_drop_and_censored_checkpoint_frames) ... ok
test_branch_terminals_reject_missing_branch_inferred_drop_and_ambiguous_frame_aggregate (tests.test_benchmark_contract.BenchmarkContractTests.test_branch_terminals_reject_missing_branch_inferred_drop_and_ambiguous_frame_aggregate) ... ok
test_broad_report_runs_metadata_and_raw_preflight_before_outputs (tests.test_benchmark_contract.BenchmarkContractTests.test_broad_report_runs_metadata_and_raw_preflight_before_outputs) ... ok
test_causal_policy_trace_accepts_identical_epoch_timestamp_csv_json_ulp (tests.test_benchmark_contract.BenchmarkContractTests.test_causal_policy_trace_accepts_identical_epoch_timestamp_csv_json_ulp) ... ok
test_causal_policy_trace_links_terminal_feedback_to_first_consumer (tests.test_benchmark_contract.BenchmarkContractTests.test_causal_policy_trace_links_terminal_feedback_to_first_consumer) ... ok
test_causal_policy_trace_rejects_censored_feedback_update (tests.test_benchmark_contract.BenchmarkContractTests.test_causal_policy_trace_rejects_censored_feedback_update) ... ok
test_causal_policy_trace_rejects_future_feature_observation (tests.test_benchmark_contract.BenchmarkContractTests.test_causal_policy_trace_rejects_future_feature_observation) ... ok
test_causal_policy_trace_rejects_partial_column_group (tests.test_benchmark_contract.BenchmarkContractTests.test_causal_policy_trace_rejects_partial_column_group) ... ok
test_causal_policy_trace_rejects_post_completion_queue_snapshot (tests.test_benchmark_contract.BenchmarkContractTests.test_causal_policy_trace_rejects_post_completion_queue_snapshot) ... ok
test_completed_aggregate_join_may_follow_last_branch_terminal_but_not_precede_it (tests.test_benchmark_contract.BenchmarkContractTests.test_completed_aggregate_join_may_follow_last_branch_terminal_but_not_precede_it) ... ok
test_completed_proof_rows_require_consistent_run_metadata (tests.test_benchmark_contract.BenchmarkContractTests.test_completed_proof_rows_require_consistent_run_metadata) ... ok
test_completed_proof_rows_revalidate_raw_sidecars_and_summary_copy (tests.test_benchmark_contract.BenchmarkContractTests.test_completed_proof_rows_revalidate_raw_sidecars_and_summary_copy) ... ok
test_custom_cpp_policy_header_matches_current_contract (tests.test_benchmark_contract.BenchmarkContractTests.test_custom_cpp_policy_header_matches_current_contract) ... ok
test_dataset_manifest_identity_covers_logical_stream_contract (tests.test_benchmark_contract.BenchmarkContractTests.test_dataset_manifest_identity_covers_logical_stream_contract) ... ok
test_dataset_preflight_prints_byte_and_manifest_identities (tests.test_benchmark_contract.BenchmarkContractTests.test_dataset_preflight_prints_byte_and_manifest_identities) ... ok
test_decoder_placement_requires_allowed_nvdec_factory (tests.test_benchmark_contract.BenchmarkContractTests.test_decoder_placement_requires_allowed_nvdec_factory) ... ok
test_distributed_combine_rejects_truncated_event_rows (tests.test_benchmark_contract.BenchmarkContractTests.test_distributed_combine_rejects_truncated_event_rows) ... ok
test_full_policy_trace_accepts_replayable_update_payload (tests.test_benchmark_contract.BenchmarkContractTests.test_full_policy_trace_accepts_replayable_update_payload) ... ok
test_full_policy_trace_is_replayable (tests.test_benchmark_contract.BenchmarkContractTests.test_full_policy_trace_is_replayable) ... ok
test_full_policy_trace_rejects_gaps_in_update_sequence (tests.test_benchmark_contract.BenchmarkContractTests.test_full_policy_trace_rejects_gaps_in_update_sequence) ... ok
test_full_policy_trace_rejects_nonminimum_resource (tests.test_benchmark_contract.BenchmarkContractTests.test_full_policy_trace_rejects_nonminimum_resource) ... ok
test_full_policy_trace_rejects_update_without_sequence_increment (tests.test_benchmark_contract.BenchmarkContractTests.test_full_policy_trace_rejects_update_without_sequence_increment) ... ok
test_full_policy_trace_rejects_updates_for_frozen_policy (tests.test_benchmark_contract.BenchmarkContractTests.test_full_policy_trace_rejects_updates_for_frozen_policy) ... ok
test_full_policy_trace_requires_monotonic_update_sequence (tests.test_benchmark_contract.BenchmarkContractTests.test_full_policy_trace_requires_monotonic_update_sequence) ... ok
test_full_policy_trace_requires_selected_cost_consistency (tests.test_benchmark_contract.BenchmarkContractTests.test_full_policy_trace_requires_selected_cost_consistency) ... ok
test_full_policy_trace_requires_update_payload_when_sequence_advances (tests.test_benchmark_contract.BenchmarkContractTests.test_full_policy_trace_requires_update_payload_when_sequence_advances) ... ok
test_full_weighted_policy_trace_requires_all_resource_weights (tests.test_benchmark_contract.BenchmarkContractTests.test_full_weighted_policy_trace_requires_all_resource_weights) ... ok
test_ingress_ledger_bounds_schedule_selected_wall_clock_start_jitter (tests.test_benchmark_contract.BenchmarkContractTests.test_ingress_ledger_bounds_schedule_selected_wall_clock_start_jitter) ... ok
test_ingress_ledger_rejects_completed_frame_or_censoring_mismatch (tests.test_benchmark_contract.BenchmarkContractTests.test_ingress_ledger_rejects_completed_frame_or_censoring_mismatch) ... ok
test_ingress_ledger_rejects_derived_ingress_or_out_of_window_frame (tests.test_benchmark_contract.BenchmarkContractTests.test_ingress_ledger_rejects_derived_ingress_or_out_of_window_frame) ... ok
test_ingress_ledger_rejects_native_drop_counter_or_topology_identity_mismatch (tests.test_benchmark_contract.BenchmarkContractTests.test_ingress_ledger_rejects_native_drop_counter_or_topology_identity_mismatch) ... ok
test_kpp_real_avi_manifest_validates_real_files_and_fps_policy (tests.test_benchmark_contract.BenchmarkContractTests.test_kpp_real_avi_manifest_validates_real_files_and_fps_policy) ... skipped 'real KPP AVI files are not present'
test_legacy_sidecars_are_diagnostic_but_fail_strict_provenance (tests.test_benchmark_contract.BenchmarkContractTests.test_legacy_sidecars_are_diagnostic_but_fail_strict_provenance) ... ok
test_measurement_passport_accepts_nvdec_stage_elapsed_as_cpu_component (tests.test_benchmark_contract.BenchmarkContractTests.test_measurement_passport_accepts_nvdec_stage_elapsed_as_cpu_component) ... ok
test_measurement_passport_hashes_schedule_and_attributes_complete_prefix_work (tests.test_benchmark_contract.BenchmarkContractTests.test_measurement_passport_hashes_schedule_and_attributes_complete_prefix_work) ... ok
test_measurement_passport_rejects_duplicate_or_inconsistent_stage_intervals (tests.test_benchmark_contract.BenchmarkContractTests.test_measurement_passport_rejects_duplicate_or_inconsistent_stage_intervals) ... ok
test_measurement_passport_rejects_unattributed_or_incomplete_resource_work (tests.test_benchmark_contract.BenchmarkContractTests.test_measurement_passport_rejects_unattributed_or_incomplete_resource_work) ... ok
test_native_frames_and_events_are_accepted (tests.test_benchmark_contract.BenchmarkContractTests.test_native_frames_and_events_are_accepted) ... ok
test_native_full_policy_trace_is_not_overwritten_by_sidecar_fallback (tests.test_benchmark_contract.BenchmarkContractTests.test_native_full_policy_trace_is_not_overwritten_by_sidecar_fallback) ... ok
test_native_ingress_ledger_closes_completed_drop_and_censored_cohort (tests.test_benchmark_contract.BenchmarkContractTests.test_native_ingress_ledger_closes_completed_drop_and_censored_cohort) ... ok
test_native_reset_evidence_covers_processes_queues_origin_and_sink (tests.test_benchmark_contract.BenchmarkContractTests.test_native_reset_evidence_covers_processes_queues_origin_and_sink) ... ok
test_network_acceptance_gate (tests.test_benchmark_contract.BenchmarkContractTests.test_network_acceptance_gate) ... ok
test_online_policy_feedback_lag_uses_oldest_applied_snapshot (tests.test_benchmark_contract.BenchmarkContractTests.test_online_policy_feedback_lag_uses_oldest_applied_snapshot) ... ok
test_online_policy_feedback_rejects_non_deterministic_projection (tests.test_benchmark_contract.BenchmarkContractTests.test_online_policy_feedback_rejects_non_deterministic_projection) ... ok
test_online_policy_feedback_rejects_sequence_gap (tests.test_benchmark_contract.BenchmarkContractTests.test_online_policy_feedback_rejects_sequence_gap) ... ok
test_online_policy_feedback_rejects_unexplained_eligible_noop (tests.test_benchmark_contract.BenchmarkContractTests.test_online_policy_feedback_rejects_unexplained_eligible_noop) ... ok
test_online_policy_feedback_validates_projection_noop_and_first_consumer (tests.test_benchmark_contract.BenchmarkContractTests.test_online_policy_feedback_validates_projection_noop_and_first_consumer) ... ok
test_preflight_parsers (tests.test_benchmark_contract.BenchmarkContractTests.test_preflight_parsers) ... ok
test_primary_analysis_writes_unexecuted_policy_replay_scope (tests.test_benchmark_contract.BenchmarkContractTests.test_primary_analysis_writes_unexecuted_policy_replay_scope) ... ok
test_primary_architecture_claim_is_blocked_by_missing_pair (tests.test_benchmark_contract.BenchmarkContractTests.test_primary_architecture_claim_is_blocked_by_missing_pair) ... ok
test_primary_architecture_claim_is_not_confirmed_when_guardrail_interval_fails (tests.test_benchmark_contract.BenchmarkContractTests.test_primary_architecture_claim_is_not_confirmed_when_guardrail_interval_fails) ... ok
test_primary_architecture_only_skips_broad_report_validation (tests.test_benchmark_contract.BenchmarkContractTests.test_primary_architecture_only_skips_broad_report_validation) ... ok
test_primary_architecture_pair_bootstrap_and_favorable_claim_are_deterministic (tests.test_benchmark_contract.BenchmarkContractTests.test_primary_architecture_pair_bootstrap_and_favorable_claim_are_deterministic) ... ok
test_primary_architecture_pair_rejects_reused_process_or_sink_reset_identity (tests.test_benchmark_contract.BenchmarkContractTests.test_primary_architecture_pair_rejects_reused_process_or_sink_reset_identity) ... ok
test_primary_architecture_pair_requires_complete_metadata_contract (tests.test_benchmark_contract.BenchmarkContractTests.test_primary_architecture_pair_requires_complete_metadata_contract) ... ok
test_primary_architecture_pair_requires_recorded_counterbalanced_arm_order (tests.test_benchmark_contract.BenchmarkContractTests.test_primary_architecture_pair_requires_recorded_counterbalanced_arm_order) ... ok
test_primary_architecture_resource_mix_shift_stays_descriptive (tests.test_benchmark_contract.BenchmarkContractTests.test_primary_architecture_resource_mix_shift_stays_descriptive) ... ok
test_primary_pairing_rejects_branch_analytics_contract_mismatch (tests.test_benchmark_contract.BenchmarkContractTests.test_primary_pairing_rejects_branch_analytics_contract_mismatch) ... ok
test_primary_policy_analysis_writes_blocked_artifacts_without_policy_runs (tests.test_benchmark_contract.BenchmarkContractTests.test_primary_policy_analysis_writes_blocked_artifacts_without_policy_runs) ... ok
test_primary_policy_pair_is_blocked_by_drop_guardrail (tests.test_benchmark_contract.BenchmarkContractTests.test_primary_policy_pair_is_blocked_by_drop_guardrail) ... ok
test_primary_policy_pair_is_blocked_by_runtime_implementation_mismatch (tests.test_benchmark_contract.BenchmarkContractTests.test_primary_policy_pair_is_blocked_by_runtime_implementation_mismatch) ... ok
test_primary_policy_pair_is_blocked_without_executed_replay (tests.test_benchmark_contract.BenchmarkContractTests.test_primary_policy_pair_is_blocked_without_executed_replay) ... ok
test_primary_policy_pair_requires_complete_metadata_contract (tests.test_benchmark_contract.BenchmarkContractTests.test_primary_policy_pair_requires_complete_metadata_contract) ... ok
test_primary_policy_pair_requires_recorded_counterbalanced_arm_order (tests.test_benchmark_contract.BenchmarkContractTests.test_primary_policy_pair_requires_recorded_counterbalanced_arm_order) ... ok
test_primary_run_metric_rederives_raw_passport_and_blocks_summary_drift (tests.test_benchmark_contract.BenchmarkContractTests.test_primary_run_metric_rederives_raw_passport_and_blocks_summary_drift) ... ok
test_publication_evidence_bundle_policy_scope_binds_online_feedback (tests.test_benchmark_contract.BenchmarkContractTests.test_publication_evidence_bundle_policy_scope_binds_online_feedback) ... ok
test_publication_evidence_bundle_rejects_missing_tampered_or_symlinked_files (tests.test_benchmark_contract.BenchmarkContractTests.test_publication_evidence_bundle_rejects_missing_tampered_or_symlinked_files) ... ok
test_publication_run_contract_covers_protocol_system_and_primary_cell (tests.test_benchmark_contract.BenchmarkContractTests.test_publication_run_contract_covers_protocol_system_and_primary_cell) ... ok
test_publishable_dataset_requires_checksums (tests.test_benchmark_contract.BenchmarkContractTests.test_publishable_dataset_requires_checksums) ... ok
test_report_deadline_rows_use_raw_frame_latencies (tests.test_benchmark_contract.BenchmarkContractTests.test_report_deadline_rows_use_raw_frame_latencies) ... ok
test_required_sidecars_are_derived_and_validated (tests.test_benchmark_contract.BenchmarkContractTests.test_required_sidecars_are_derived_and_validated) ... ok
test_required_sidecars_reject_missing_files (tests.test_benchmark_contract.BenchmarkContractTests.test_required_sidecars_reject_missing_files) ... ok
test_required_sidecars_reject_unlinked_applied_policy_decision (tests.test_benchmark_contract.BenchmarkContractTests.test_required_sidecars_reject_unlinked_applied_policy_decision) ... ok
test_required_sidecars_require_native_stage_contracts_for_topology_run (tests.test_benchmark_contract.BenchmarkContractTests.test_required_sidecars_require_native_stage_contracts_for_topology_run) ... ok
test_reset_evidence_rejects_nonempty_queue_or_engineering_source (tests.test_benchmark_contract.BenchmarkContractTests.test_reset_evidence_rejects_nonempty_queue_or_engineering_source) ... ok
test_reset_origin_is_independent_of_warmup_excluded_measurement_sequence (tests.test_benchmark_contract.BenchmarkContractTests.test_reset_origin_is_independent_of_warmup_excluded_measurement_sequence) ... ok
test_rtp_trace_roundtrip (tests.test_benchmark_contract.BenchmarkContractTests.test_rtp_trace_roundtrip) ... ok
test_savant_local_merge_filters_measurement_window (tests.test_benchmark_contract.BenchmarkContractTests.test_savant_local_merge_filters_measurement_window) ... ok
test_savant_local_merge_rejects_malformed_measured_event (tests.test_benchmark_contract.BenchmarkContractTests.test_savant_local_merge_rejects_malformed_measured_event) ... ok
test_savant_local_merge_rejects_malformed_unmeasured_event (tests.test_benchmark_contract.BenchmarkContractTests.test_savant_local_merge_rejects_malformed_unmeasured_event) ... ok
test_savant_local_probe_writes_only_declared_stage_fragment (tests.test_benchmark_contract.BenchmarkContractTests.test_savant_local_probe_writes_only_declared_stage_fragment) ... ok
test_savant_local_pyfunc_writes_native_rows_from_buffer (tests.test_benchmark_contract.BenchmarkContractTests.test_savant_local_pyfunc_writes_native_rows_from_buffer) ... ok
test_savant_local_stage_event_fragments_are_merged (tests.test_benchmark_contract.BenchmarkContractTests.test_savant_local_stage_event_fragments_are_merged) ... ok
test_savant_local_stage_event_writers_handle_concurrent_stage_writes (tests.test_benchmark_contract.BenchmarkContractTests.test_savant_local_stage_event_writers_handle_concurrent_stage_writes) ... ok
test_savant_local_stream_outputs_are_merged (tests.test_benchmark_contract.BenchmarkContractTests.test_savant_local_stream_outputs_are_merged) ... ok
test_scenario_contract_identity_covers_resolved_execution_contract (tests.test_benchmark_contract.BenchmarkContractTests.test_scenario_contract_identity_covers_resolved_execution_contract) ... ok
test_shared_vs_duplicated_requires_common_stage_factor_two (tests.test_benchmark_contract.BenchmarkContractTests.test_shared_vs_duplicated_requires_common_stage_factor_two) ... ok
test_sidecar_provenance_rejects_unknown_value (tests.test_benchmark_contract.BenchmarkContractTests.test_sidecar_provenance_rejects_unknown_value) ... ok
test_sidecar_summary_does_not_erase_partial_topology_bindings (tests.test_benchmark_contract.BenchmarkContractTests.test_sidecar_summary_does_not_erase_partial_topology_bindings) ... ok
test_sidecar_summary_exposes_online_policy_trace_gate (tests.test_benchmark_contract.BenchmarkContractTests.test_sidecar_summary_exposes_online_policy_trace_gate) ... ok
test_smoke_legacy_csv_is_canonicalized_as_synthetic (tests.test_benchmark_contract.BenchmarkContractTests.test_smoke_legacy_csv_is_canonicalized_as_synthetic) ... ok
test_stage_base_name_strips_branch_suffixes (tests.test_benchmark_contract.BenchmarkContractTests.test_stage_base_name_strips_branch_suffixes) ... ok
test_stage_contracts_reject_bad_hash_or_incomplete_topology_coverage (tests.test_benchmark_contract.BenchmarkContractTests.test_stage_contracts_reject_bad_hash_or_incomplete_topology_coverage) ... ok
test_stage_contracts_reject_branch_mismatch_or_underspecified_transform (tests.test_benchmark_contract.BenchmarkContractTests.test_stage_contracts_reject_branch_mismatch_or_underspecified_transform) ... ok
test_stage_contracts_validate_semantic_prefix_and_stable_hash (tests.test_benchmark_contract.BenchmarkContractTests.test_stage_contracts_validate_semantic_prefix_and_stable_hash) ... ok
test_stage_trace_coverage_accepts_edge_preroll_with_per_stream_frame_ids (tests.test_benchmark_contract.BenchmarkContractTests.test_stage_trace_coverage_accepts_edge_preroll_with_per_stream_frame_ids) ... ok
test_stage_trace_coverage_accepts_merged_role_events (tests.test_benchmark_contract.BenchmarkContractTests.test_stage_trace_coverage_accepts_merged_role_events) ... ok
test_stage_trace_coverage_rejects_missing_declared_extra_stage (tests.test_benchmark_contract.BenchmarkContractTests.test_stage_trace_coverage_rejects_missing_declared_extra_stage) ... ok
test_stage_trace_coverage_rejects_missing_stage (tests.test_benchmark_contract.BenchmarkContractTests.test_stage_trace_coverage_rejects_missing_stage) ... ok
test_strict_sidecar_validation_requires_native_ingress_ledger (tests.test_benchmark_contract.BenchmarkContractTests.test_strict_sidecar_validation_requires_native_ingress_ledger) ... ok
test_throughput_uses_completed_frames_per_window (tests.test_benchmark_contract.BenchmarkContractTests.test_throughput_uses_completed_frames_per_window) ... ok
test_checker_refuses_a_real_undefined_function_global (tests.test_finite_study_static_names_v1.FiniteStudyStaticNamesTests.test_checker_refuses_a_real_undefined_function_global) ... ok
test_study_modules_reference_only_defined_globals_and_local_imports (tests.test_finite_study_static_names_v1.FiniteStudyStaticNamesTests.test_study_modules_reference_only_defined_globals_and_local_imports) ... ok
test_study_operational_persistence_refuses_a_missing_context_with_its_own_error (tests.test_finite_study_static_names_v1.FiniteStudyStaticNamesTests.test_study_operational_persistence_refuses_a_missing_context_with_its_own_error) ... ok

----------------------------------------------------------------------
Ran 162 tests in 39.143s

OK (skipped=1)
primary_architecture_claim_state=blocked_missing_required_pairs_or_gates
output_dir=/tmp/tmph3lwxv_i/report

=== Task 2.6 amendment GREEN: shared vast::WallClockExitLine guard in the probe and source mains (normal return and fatal exception), Python DeepStream/Savant SDK runtime mains print one bounded line in finally (normal, handled error, uncaught ClockStepError). The C++ duplicate-line check in the RED tests searched from clock+1 and matched its own line; corrected to search after the line end before GREEN.
# base commit a6407710a22e5c2724dbaba4d85abf6c1b410e18; uncommitted:  M deploy/native_gst_probe/checkpoint_admission_transport.hpp  M deploy/native_gst_probe/checkpoint_source_coordinator.cpp  M deploy/native_gst_probe/vast_native_gst_probe.cpp  M scripts/checkpoint_deepstream_sdk_runtime.py  M scripts/checkpoint_savant_sdk_runtime_v3.py  M scripts/non_decreasing_wall_clock_v1.py  M tests/cpp/checkpoint_native_shutdown_test.cpp  M tests/cpp/checkpoint_source_lifecycle_test.cpp  M tests/test_checkpoint_deepstream_sdk_runtime.py  M tests/test_checkpoint_savant_sdk_runtime_v3.py 
$ cd /mnt/c/Users/s-a-balashov/.codex/worktrees/qfb-clock/VAST && /home/s-a-balashov/.local/state/vast/publication/runtime/full-publication-cp312-v1/bin/python -m unittest -v tests.test_checkpoint_analytics_execution_client_cpp.CheckpointAnalyticsExecutionClientCppTest.test_source_original_drain_and_stop_latch tests.test_checkpoint_analytics_execution_client_cpp.CheckpointAnalyticsExecutionClientCppTest.test_native_abort_precedes_gstreamer_null tests.test_checkpoint_deepstream_sdk_runtime.DeepStreamHostWallClockStepTests.test_main_writes_one_wall_clock_line_on_every_controlled_exit tests.test_checkpoint_savant_sdk_runtime_v3.SavantQueueDropTests.test_main_writes_one_wall_clock_line_on_every_controlled_exit
2026-10-06T23:17:33Z
test_source_original_drain_and_stop_latch (tests.test_checkpoint_analytics_execution_client_cpp.CheckpointAnalyticsExecutionClientCppTest.test_source_original_drain_and_stop_latch) ... ok
test_native_abort_precedes_gstreamer_null (tests.test_checkpoint_analytics_execution_client_cpp.CheckpointAnalyticsExecutionClientCppTest.test_native_abort_precedes_gstreamer_null) ... ok
test_main_writes_one_wall_clock_line_on_every_controlled_exit (tests.test_checkpoint_deepstream_sdk_runtime.DeepStreamHostWallClockStepTests.test_main_writes_one_wall_clock_line_on_every_controlled_exit) ... ok
test_main_writes_one_wall_clock_line_on_every_controlled_exit (tests.test_checkpoint_savant_sdk_runtime_v3.SavantQueueDropTests.test_main_writes_one_wall_clock_line_on_every_controlled_exit) ... ok

----------------------------------------------------------------------
Ran 4 tests in 11.152s

OK

=== Task 2.6 amendment pin GREEN: fanout_binding_sha256 rebound to the current vast_native_gst_probe.cpp bytes (as in PR5)
# base commit a6407710a22e5c2724dbaba4d85abf6c1b410e18; uncommitted:  M configs/experiments.yaml  M deploy/native_gst_probe/checkpoint_admission_transport.hpp  M deploy/native_gst_probe/checkpoint_source_coordinator.cpp  M deploy/native_gst_probe/vast_native_gst_probe.cpp  M scripts/checkpoint_deepstream_sdk_runtime.py  M scripts/checkpoint_savant_sdk_runtime_v3.py  M scripts/non_decreasing_wall_clock_v1.py  M tests/cpp/checkpoint_native_shutdown_test.cpp  M tests/cpp/checkpoint_source_lifecycle_test.cpp  M tests/test_checkpoint_deepstream_sdk_runtime.py  M tests/test_checkpoint_savant_sdk_runtime_v3.py 
$ cd /mnt/c/Users/s-a-balashov/.codex/worktrees/qfb-clock/VAST && /home/s-a-balashov/.local/state/vast/publication/runtime/full-publication-cp312-v1/bin/python -m unittest -v tests.test_scenario_planning
2026-10-06T23:17:51Z
test_benchmark_all_selects_supported_local_checkpoint_scenarios (tests.test_scenario_planning.ScenarioPlanningTests.test_benchmark_all_selects_supported_local_checkpoint_scenarios) ... ok
test_benchmark_runner_fails_closed_on_hardware_mismatch (tests.test_scenario_planning.ScenarioPlanningTests.test_benchmark_runner_fails_closed_on_hardware_mismatch) ... ok
test_builtin_strict_local_template_dry_run_commands (tests.test_scenario_planning.ScenarioPlanningTests.test_builtin_strict_local_template_dry_run_commands) ... ok
test_builtin_strict_systems_build_role_steps (tests.test_scenario_planning.ScenarioPlanningTests.test_builtin_strict_systems_build_role_steps) ... ok
test_builtin_strict_template_dry_run_commands (tests.test_scenario_planning.ScenarioPlanningTests.test_builtin_strict_template_dry_run_commands) ... ok
test_builtin_templates_dispatch_multistage_local_and_distributed_profiles (tests.test_scenario_planning.ScenarioPlanningTests.test_builtin_templates_dispatch_multistage_local_and_distributed_profiles) ... ok
test_checkpoint_adapter_requires_declared_topology_after_status_is_enabled (tests.test_scenario_planning.ScenarioPlanningTests.test_checkpoint_adapter_requires_declared_topology_after_status_is_enabled) ... ok
test_checkpoint_dataset_requires_resolved_matching_routing (tests.test_scenario_planning.ScenarioPlanningTests.test_checkpoint_dataset_requires_resolved_matching_routing) ... ok
test_checkpoint_profiles_share_workload_and_deadlines (tests.test_scenario_planning.ScenarioPlanningTests.test_checkpoint_profiles_share_workload_and_deadlines) ... ok
test_checkpoint_shared_scenario_uses_real_kpp_schema (tests.test_scenario_planning.ScenarioPlanningTests.test_checkpoint_shared_scenario_uses_real_kpp_schema) ... ok
test_checkpoint_shell_routes_only_local_gstreamer_to_publication_runtime (tests.test_scenario_planning.ScenarioPlanningTests.test_checkpoint_shell_routes_only_local_gstreamer_to_publication_runtime) ... ok
test_custom_cpp_uses_per_stream_frame_ids_for_distributed_preroll (tests.test_scenario_planning.ScenarioPlanningTests.test_custom_cpp_uses_per_stream_frame_ids_for_distributed_preroll) ... ok
test_custom_cuda_app_uses_monotonic_telemetry_timestamps (tests.test_scenario_planning.ScenarioPlanningTests.test_custom_cuda_app_uses_monotonic_telemetry_timestamps) ... ok
test_custom_gstreamer_template_prepends_project_plugin_path (tests.test_scenario_planning.ScenarioPlanningTests.test_custom_gstreamer_template_prepends_project_plugin_path) ... ok
test_custom_signal_adapter_is_rejected_as_publishable_benchmark (tests.test_scenario_planning.ScenarioPlanningTests.test_custom_signal_adapter_is_rejected_as_publishable_benchmark) ... ok
test_custom_signal_shell_adapter_rejects_benchmark_mode (tests.test_scenario_planning.ScenarioPlanningTests.test_custom_signal_shell_adapter_rejects_benchmark_mode) ... ok
test_deepstream_native_probe_uses_nvstreammux_topology (tests.test_scenario_planning.ScenarioPlanningTests.test_deepstream_native_probe_uses_nvstreammux_topology) ... ok
test_default_benchmark_matrix_excludes_diagnostic_signal_adapter (tests.test_scenario_planning.ScenarioPlanningTests.test_default_benchmark_matrix_excludes_diagnostic_signal_adapter) ... ok
test_distributed_edge_preroll_keeps_rtp_producer_alive_for_cold_workers (tests.test_scenario_planning.ScenarioPlanningTests.test_distributed_edge_preroll_keeps_rtp_producer_alive_for_cold_workers) ... ok
test_distributed_plan_maps_roles_to_hosts (tests.test_scenario_planning.ScenarioPlanningTests.test_distributed_plan_maps_roles_to_hosts) ... ok
test_dlstreamer_installer_prefers_clean_docker_fallback (tests.test_scenario_planning.ScenarioPlanningTests.test_dlstreamer_installer_prefers_clean_docker_fallback) ... ok
test_explicit_checkpoint_benchmark_request_is_selectable (tests.test_scenario_planning.ScenarioPlanningTests.test_explicit_checkpoint_benchmark_request_is_selectable) ... ok
test_explicit_diagnostic_signal_benchmark_request_fails (tests.test_scenario_planning.ScenarioPlanningTests.test_explicit_diagnostic_signal_benchmark_request_fails) ... ok
test_formal_aw_heft_reference_assessment_fails_closed_on_hash_or_binding_drift (tests.test_scenario_planning.ScenarioPlanningTests.test_formal_aw_heft_reference_assessment_fails_closed_on_hash_or_binding_drift) ... ok
test_gstreamer_custom_plugin_is_bundled (tests.test_scenario_planning.ScenarioPlanningTests.test_gstreamer_custom_plugin_is_bundled) ... ok
test_hardware_target_assessment_requires_cpu_gpu_and_ram_match (tests.test_scenario_planning.ScenarioPlanningTests.test_hardware_target_assessment_requires_cpu_gpu_and_ram_match) ... ok
test_heterogeneous_context_forces_distributed_env_off (tests.test_scenario_planning.ScenarioPlanningTests.test_heterogeneous_context_forces_distributed_env_off) ... ok
test_independent_baseline_repeats_common_stages_per_branch (tests.test_scenario_planning.ScenarioPlanningTests.test_independent_baseline_repeats_common_stages_per_branch) ... ok
test_kpp_codec_manifests_are_six_replicas_of_two_recordings (tests.test_scenario_planning.ScenarioPlanningTests.test_kpp_codec_manifests_are_six_replicas_of_two_recordings) ... ok
test_native_probe_builds_dynamic_stage_probes (tests.test_scenario_planning.ScenarioPlanningTests.test_native_probe_builds_dynamic_stage_probes) ... ok
test_native_probe_dockerfiles_compile_only_the_probe_sources (tests.test_scenario_planning.ScenarioPlanningTests.test_native_probe_dockerfiles_compile_only_the_probe_sources) ... ok
test_native_probe_handles_rtp_payload_buffer_lists (tests.test_scenario_planning.ScenarioPlanningTests.test_native_probe_handles_rtp_payload_buffer_lists) ... ok
test_native_probe_measurement_timer_starts_on_first_frame_event (tests.test_scenario_planning.ScenarioPlanningTests.test_native_probe_measurement_timer_starts_on_first_frame_event) ... ok
test_native_probe_receives_configured_dataset_streams (tests.test_scenario_planning.ScenarioPlanningTests.test_native_probe_receives_configured_dataset_streams) ... ok
test_native_probe_sets_string_properties_after_parse_launch (tests.test_scenario_planning.ScenarioPlanningTests.test_native_probe_sets_string_properties_after_parse_launch) ... ok
test_native_probe_stops_before_flushing_telemetry (tests.test_scenario_planning.ScenarioPlanningTests.test_native_probe_stops_before_flushing_telemetry) ... ok
test_openvino_container_fallback_uses_short_finite_input_chunks (tests.test_scenario_planning.ScenarioPlanningTests.test_openvino_container_fallback_uses_short_finite_input_chunks) ... ok
test_openvino_host_fallback_validates_runtime_model_load (tests.test_scenario_planning.ScenarioPlanningTests.test_openvino_host_fallback_validates_runtime_model_load) ... ok
test_openvino_local_template_can_force_container_runtime (tests.test_scenario_planning.ScenarioPlanningTests.test_openvino_local_template_can_force_container_runtime) ... ok
test_primary_architecture_contrast_is_fully_preregistered (tests.test_scenario_planning.ScenarioPlanningTests.test_primary_architecture_contrast_is_fully_preregistered) ... ok
test_primary_architecture_contrast_rejects_coordinate_drift (tests.test_scenario_planning.ScenarioPlanningTests.test_primary_architecture_contrast_rejects_coordinate_drift) ... ok
test_primary_architecture_execution_cells_preserve_frozen_order (tests.test_scenario_planning.ScenarioPlanningTests.test_primary_architecture_execution_cells_preserve_frozen_order) ... ok
test_primary_architecture_executor_invokes_frozen_order (tests.test_scenario_planning.ScenarioPlanningTests.test_primary_architecture_executor_invokes_frozen_order) ... ok
test_primary_architecture_pair_metadata_rejects_order_drift (tests.test_scenario_planning.ScenarioPlanningTests.test_primary_architecture_pair_metadata_rejects_order_drift) ... ok
test_primary_architecture_plan_cli_reports_runtime_ready (tests.test_scenario_planning.ScenarioPlanningTests.test_primary_architecture_plan_cli_reports_runtime_ready) ... ok
test_primary_architecture_resume_requires_contiguous_prefix (tests.test_scenario_planning.ScenarioPlanningTests.test_primary_architecture_resume_requires_contiguous_prefix) ... ok
test_primary_architecture_run_cli_rejects_matrix_overrides (tests.test_scenario_planning.ScenarioPlanningTests.test_primary_architecture_run_cli_rejects_matrix_overrides) ... ok
test_primary_architecture_run_cli_rejects_seed_drift_before_output_creation (tests.test_scenario_planning.ScenarioPlanningTests.test_primary_architecture_run_cli_rejects_seed_drift_before_output_creation) ... ok
test_primary_architecture_runtime_plan_preserves_counterbalanced_pairs (tests.test_scenario_planning.ScenarioPlanningTests.test_primary_architecture_runtime_plan_preserves_counterbalanced_pairs) ... ok
test_primary_policy_ablation_is_fully_preregistered_but_not_active (tests.test_scenario_planning.ScenarioPlanningTests.test_primary_policy_ablation_is_fully_preregistered_but_not_active) ... ok
test_primary_policy_ablation_rejects_preregistered_design_drift (tests.test_scenario_planning.ScenarioPlanningTests.test_primary_policy_ablation_rejects_preregistered_design_drift) ... ok
test_primary_policy_pair_metadata_rejects_order_drift (tests.test_scenario_planning.ScenarioPlanningTests.test_primary_policy_pair_metadata_rejects_order_drift) ... ok
test_primary_policy_plan_cli_reports_blocker_without_running_matrix (tests.test_scenario_planning.ScenarioPlanningTests.test_primary_policy_plan_cli_reports_blocker_without_running_matrix) ... ok
test_primary_policy_runtime_plan_freezes_order_but_disables_execution (tests.test_scenario_planning.ScenarioPlanningTests.test_primary_policy_runtime_plan_freezes_order_but_disables_execution) ... ok
test_publication_report_accepts_supported_checkpoint_scenarios (tests.test_scenario_planning.ScenarioPlanningTests.test_publication_report_accepts_supported_checkpoint_scenarios) ... ok
test_resource_interval_extension_is_verified_but_not_publication_bound (tests.test_scenario_planning.ScenarioPlanningTests.test_resource_interval_extension_is_verified_but_not_publication_bound) ... ok
test_runner_binds_project_root_before_long_lived_docker_execution (tests.test_scenario_planning.ScenarioPlanningTests.test_runner_binds_project_root_before_long_lived_docker_execution) ... ok
test_savant_local_template_preserves_benchmark_dataset_paths (tests.test_scenario_planning.ScenarioPlanningTests.test_savant_local_template_preserves_benchmark_dataset_paths) ... ok
test_savant_local_template_waits_for_native_rows_before_measurement (tests.test_scenario_planning.ScenarioPlanningTests.test_savant_local_template_waits_for_native_rows_before_measurement) ... ok
test_savant_local_timeout_allows_prewarm_and_shutdown (tests.test_scenario_planning.ScenarioPlanningTests.test_savant_local_timeout_allows_prewarm_and_shutdown) ... ok
test_single_server_distributed_uses_localhost_without_sync (tests.test_scenario_planning.ScenarioPlanningTests.test_single_server_distributed_uses_localhost_without_sync) ... ok
test_single_server_preflight_records_loopback_metrics (tests.test_scenario_planning.ScenarioPlanningTests.test_single_server_preflight_records_loopback_metrics) ... ok
test_strict_adapter_accepts_checkpoint_local_and_distributed_fixture (tests.test_scenario_planning.ScenarioPlanningTests.test_strict_adapter_accepts_checkpoint_local_and_distributed_fixture) ... ok
test_strict_adapter_binds_checkpoint_publication_to_gstreamer_custom (tests.test_scenario_planning.ScenarioPlanningTests.test_strict_adapter_binds_checkpoint_publication_to_gstreamer_custom) ... ok
test_strict_adapter_rejects_unknown_distributed_role (tests.test_scenario_planning.ScenarioPlanningTests.test_strict_adapter_rejects_unknown_distributed_role) ... ok
test_summary_csv_serializes_pairing_passport_and_reset_fields (tests.test_scenario_planning.ScenarioPlanningTests.test_summary_csv_serializes_pairing_passport_and_reset_fields) ... ok
test_summary_schema_accepts_incomplete_noncompleted_rows (tests.test_scenario_planning.ScenarioPlanningTests.test_summary_schema_accepts_incomplete_noncompleted_rows) ... ok
test_summary_schema_allows_smoke_completed_row_without_proof_fields (tests.test_scenario_planning.ScenarioPlanningTests.test_summary_schema_allows_smoke_completed_row_without_proof_fields) ... ok
test_summary_schema_rejects_non_native_benchmark_completed_row (tests.test_scenario_planning.ScenarioPlanningTests.test_summary_schema_rejects_non_native_benchmark_completed_row) ... ok
test_summary_schema_rejects_unexpected_key_before_opening_file (tests.test_scenario_planning.ScenarioPlanningTests.test_summary_schema_rejects_unexpected_key_before_opening_file) ... ok
test_summary_schema_requires_every_proof_field_for_native_completed_row (tests.test_scenario_planning.ScenarioPlanningTests.test_summary_schema_requires_every_proof_field_for_native_completed_row) ... ok
test_template_rejects_stale_native_probe_images (tests.test_scenario_planning.ScenarioPlanningTests.test_template_rejects_stale_native_probe_images) ... ok
test_workload_seed_is_independent_of_system (tests.test_scenario_planning.ScenarioPlanningTests.test_workload_seed_is_independent_of_system) ... ok

----------------------------------------------------------------------
Ran 74 tests in 3.061s

OK
[hardware] detected GPU: unknown
[hardware] detected CPU: Apple M4 Max
[hardware] detected RAM: 64.0 GB
[warning] hardware target mismatch: detected_gpu_model_missing, cpu_model_mismatch, ram_gb_mismatch
[hardware] detected GPU: unknown
[hardware] detected CPU: Apple M4 Max
[hardware] detected RAM: 64.0 GB
[done-primary-architecture] step=1/20 scenario=checkpoint_independent_processes_baseline rep=1
[done-primary-architecture] step=2/20 scenario=checkpoint_video_dag_shared rep=1
[done-primary-architecture] step=3/20 scenario=checkpoint_video_dag_shared rep=2
[done-primary-architecture] step=4/20 scenario=checkpoint_independent_processes_baseline rep=2
[done-primary-architecture] step=5/20 scenario=checkpoint_independent_processes_baseline rep=3
[done-primary-architecture] step=6/20 scenario=checkpoint_video_dag_shared rep=3
[done-primary-architecture] step=7/20 scenario=checkpoint_video_dag_shared rep=4
[done-primary-architecture] step=8/20 scenario=checkpoint_independent_processes_baseline rep=4
[done-primary-architecture] step=9/20 scenario=checkpoint_independent_processes_baseline rep=5
[done-primary-architecture] step=10/20 scenario=checkpoint_video_dag_shared rep=5
[done-primary-architecture] step=11/20 scenario=checkpoint_video_dag_shared rep=6
[done-primary-architecture] step=12/20 scenario=checkpoint_independent_processes_baseline rep=6
[done-primary-architecture] step=13/20 scenario=checkpoint_independent_processes_baseline rep=7
[done-primary-architecture] step=14/20 scenario=checkpoint_video_dag_shared rep=7
[done-primary-architecture] step=15/20 scenario=checkpoint_video_dag_shared rep=8
[done-primary-architecture] step=16/20 scenario=checkpoint_independent_processes_baseline rep=8
[done-primary-architecture] step=17/20 scenario=checkpoint_independent_processes_baseline rep=9
[done-primary-architecture] step=18/20 scenario=checkpoint_video_dag_shared rep=9
[done-primary-architecture] step=19/20 scenario=checkpoint_video_dag_shared rep=10
[done-primary-architecture] step=20/20 scenario=checkpoint_independent_processes_baseline rep=10
[result] primary architecture summary saved to /tmp/tmpweb58h_j/20261007_021752/summary.csv

=== Task 2.6 amendment final: C++ suite, all DeepStream/Savant modules (incl. native stdio stderr-empty contract tests), every test reading configs/experiments.yaml, guardian/closure/static-gate modules, test_benchmark_contract, test_finite_study_static_names_v1
# base commit a6407710a22e5c2724dbaba4d85abf6c1b410e18; uncommitted:  M configs/experiments.yaml  M deploy/native_gst_probe/checkpoint_admission_transport.hpp  M deploy/native_gst_probe/checkpoint_source_coordinator.cpp  M deploy/native_gst_probe/vast_native_gst_probe.cpp  M scripts/checkpoint_deepstream_sdk_runtime.py  M scripts/checkpoint_savant_sdk_runtime_v3.py  M scripts/non_decreasing_wall_clock_v1.py  M tests/cpp/checkpoint_native_shutdown_test.cpp  M tests/cpp/checkpoint_source_lifecycle_test.cpp  M tests/test_checkpoint_deepstream_sdk_runtime.py  M tests/test_checkpoint_savant_sdk_runtime_v3.py 
$ cd /mnt/c/Users/s-a-balashov/.codex/worktrees/qfb-clock/VAST && /home/s-a-balashov/.local/state/vast/publication/runtime/full-publication-cp312-v1/bin/python -m unittest -v tests.test_benchmark_contract tests.test_checkpoint_analytics_execution_client_cpp tests.test_checkpoint_deepstream_container_runtime_v3 tests.test_checkpoint_deepstream_launcher tests.test_checkpoint_deepstream_protocol_adapter tests.test_checkpoint_deepstream_protocol_bridge tests.test_checkpoint_deepstream_publication_runtime_v3 tests.test_checkpoint_deepstream_qualification_fragment_v1 tests.test_checkpoint_deepstream_resource_runtime_v3 tests.test_checkpoint_deepstream_runtime tests.test_checkpoint_deepstream_runtime_image_evidence_v1 tests.test_checkpoint_deepstream_runtime_source_closure_v3 tests.test_checkpoint_deepstream_sdk_runtime tests.test_checkpoint_deepstream_service_clock tests.test_checkpoint_external_execution_manifest tests.test_checkpoint_gstreamer_custom_runtime_source_closure_v3 tests.test_checkpoint_openvino_gva_publication_runtime_v3 tests.test_checkpoint_openvino_gva_runtime_source_closure_v3 tests.test_checkpoint_runtime tests.test_checkpoint_runtime_plan tests.test_checkpoint_savant_container_runtime_v3 tests.test_checkpoint_savant_ingress tests.test_checkpoint_savant_launcher tests.test_checkpoint_savant_native_identity_integration_v3 tests.test_checkpoint_savant_native_module tests.test_checkpoint_savant_protocol_bridge tests.test_checkpoint_savant_publication_image_v3 tests.test_checkpoint_savant_publication_runtime_v3 tests.test_checkpoint_savant_qualification_fragment_v3 tests.test_checkpoint_savant_runtime tests.test_checkpoint_savant_runtime_source_closure_v3 tests.test_checkpoint_savant_sdk_runtime_v3 tests.test_checkpoint_savant_stop_race tests.test_finite_study_static_names_v1 tests.test_full_publication_entrypoint tests.test_full_publication_runner tests.test_full_publication_wsl_user_service_v1 tests.test_full_resource_publication tests.test_legacy_wall_clock_static_gate_v1 tests.test_non_decreasing_wall_clock_v1 tests.test_publication_article_statistics_v1 tests.test_publication_gstreamer_component_inputs_v1 tests.test_publication_gstreamer_component_runtime_v1 tests.test_publication_guardian_operational_recorder_v1 tests.test_publication_matrix tests.test_publication_operational_boundary_v1 tests.test_publication_operational_capture_plan_v1 tests.test_publication_operational_execution_binding_v1 tests.test_publication_operational_stock_operations_v1 tests.test_publication_policy_qualification_execution_code_closure_v1 tests.test_publication_runtime_source_closure_guardian_v1 tests.test_run_experiments_full_resource tests.test_run_experiments_resume tests.test_savant_native_stdio_contract_v3 tests.test_savant_stage_geometry_contract_v3 tests.test_savant_worker_stdout_atomicity tests.test_scenario_planning tests.test_strict_validation tests.test_vast_gui
2026-10-06T23:18:08Z
test_adaptive_weights_requires_canonical_feedback_without_suffix_heuristic (tests.test_benchmark_contract.BenchmarkContractTests.test_adaptive_weights_requires_canonical_feedback_without_suffix_heuristic) ... ok
test_benchmark_rejects_extra_frame_event_fields (tests.test_benchmark_contract.BenchmarkContractTests.test_benchmark_rejects_extra_frame_event_fields) ... ok
test_benchmark_rejects_legacy_csv (tests.test_benchmark_contract.BenchmarkContractTests.test_benchmark_rejects_legacy_csv) ... ok
test_benchmark_rejects_malformed_frame_event_timestamps (tests.test_benchmark_contract.BenchmarkContractTests.test_benchmark_rejects_malformed_frame_event_timestamps) ... ok
test_benchmark_rejects_malformed_frame_timestamps (tests.test_benchmark_contract.BenchmarkContractTests.test_benchmark_rejects_malformed_frame_timestamps) ... ok
test_benchmark_rejects_missing_native_artifacts (tests.test_benchmark_contract.BenchmarkContractTests.test_benchmark_rejects_missing_native_artifacts) ... ok
test_benchmark_rejects_schema_v2_synthetic_csv (tests.test_benchmark_contract.BenchmarkContractTests.test_benchmark_rejects_schema_v2_synthetic_csv) ... ok
test_benchmark_requires_frame_event_contract (tests.test_benchmark_contract.BenchmarkContractTests.test_benchmark_requires_frame_event_contract) ... ok
test_branch_aware_passport_accepts_independent_mixed_and_all_prefix_intervals (tests.test_benchmark_contract.BenchmarkContractTests.test_branch_aware_passport_accepts_independent_mixed_and_all_prefix_intervals) ... ok
test_branch_aware_passport_accepts_shared_all_prefix_and_rejects_partial (tests.test_benchmark_contract.BenchmarkContractTests.test_branch_aware_passport_accepts_shared_all_prefix_and_rejects_partial) ... ok
test_branch_aware_passport_rejects_missing_fabricated_and_unlinked_intervals (tests.test_benchmark_contract.BenchmarkContractTests.test_branch_aware_passport_rejects_missing_fabricated_and_unlinked_intervals) ... ok
test_branch_terminals_close_completed_drop_and_censored_checkpoint_frames (tests.test_benchmark_contract.BenchmarkContractTests.test_branch_terminals_close_completed_drop_and_censored_checkpoint_frames) ... ok
test_branch_terminals_reject_missing_branch_inferred_drop_and_ambiguous_frame_aggregate (tests.test_benchmark_contract.BenchmarkContractTests.test_branch_terminals_reject_missing_branch_inferred_drop_and_ambiguous_frame_aggregate) ... ok
test_broad_report_runs_metadata_and_raw_preflight_before_outputs (tests.test_benchmark_contract.BenchmarkContractTests.test_broad_report_runs_metadata_and_raw_preflight_before_outputs) ... ok
test_causal_policy_trace_accepts_identical_epoch_timestamp_csv_json_ulp (tests.test_benchmark_contract.BenchmarkContractTests.test_causal_policy_trace_accepts_identical_epoch_timestamp_csv_json_ulp) ... ok
test_causal_policy_trace_links_terminal_feedback_to_first_consumer (tests.test_benchmark_contract.BenchmarkContractTests.test_causal_policy_trace_links_terminal_feedback_to_first_consumer) ... ok
test_causal_policy_trace_rejects_censored_feedback_update (tests.test_benchmark_contract.BenchmarkContractTests.test_causal_policy_trace_rejects_censored_feedback_update) ... ok
test_causal_policy_trace_rejects_future_feature_observation (tests.test_benchmark_contract.BenchmarkContractTests.test_causal_policy_trace_rejects_future_feature_observation) ... ok
test_causal_policy_trace_rejects_partial_column_group (tests.test_benchmark_contract.BenchmarkContractTests.test_causal_policy_trace_rejects_partial_column_group) ... ok
test_causal_policy_trace_rejects_post_completion_queue_snapshot (tests.test_benchmark_contract.BenchmarkContractTests.test_causal_policy_trace_rejects_post_completion_queue_snapshot) ... ok
test_completed_aggregate_join_may_follow_last_branch_terminal_but_not_precede_it (tests.test_benchmark_contract.BenchmarkContractTests.test_completed_aggregate_join_may_follow_last_branch_terminal_but_not_precede_it) ... ok
test_completed_proof_rows_require_consistent_run_metadata (tests.test_benchmark_contract.BenchmarkContractTests.test_completed_proof_rows_require_consistent_run_metadata) ... ok
test_completed_proof_rows_revalidate_raw_sidecars_and_summary_copy (tests.test_benchmark_contract.BenchmarkContractTests.test_completed_proof_rows_revalidate_raw_sidecars_and_summary_copy) ... ok
test_custom_cpp_policy_header_matches_current_contract (tests.test_benchmark_contract.BenchmarkContractTests.test_custom_cpp_policy_header_matches_current_contract) ... ok
test_dataset_manifest_identity_covers_logical_stream_contract (tests.test_benchmark_contract.BenchmarkContractTests.test_dataset_manifest_identity_covers_logical_stream_contract) ... ok
test_dataset_preflight_prints_byte_and_manifest_identities (tests.test_benchmark_contract.BenchmarkContractTests.test_dataset_preflight_prints_byte_and_manifest_identities) ... ok
test_decoder_placement_requires_allowed_nvdec_factory (tests.test_benchmark_contract.BenchmarkContractTests.test_decoder_placement_requires_allowed_nvdec_factory) ... ok
test_distributed_combine_rejects_truncated_event_rows (tests.test_benchmark_contract.BenchmarkContractTests.test_distributed_combine_rejects_truncated_event_rows) ... ok
test_full_policy_trace_accepts_replayable_update_payload (tests.test_benchmark_contract.BenchmarkContractTests.test_full_policy_trace_accepts_replayable_update_payload) ... ok
test_full_policy_trace_is_replayable (tests.test_benchmark_contract.BenchmarkContractTests.test_full_policy_trace_is_replayable) ... ok
test_full_policy_trace_rejects_gaps_in_update_sequence (tests.test_benchmark_contract.BenchmarkContractTests.test_full_policy_trace_rejects_gaps_in_update_sequence) ... ok
test_full_policy_trace_rejects_nonminimum_resource (tests.test_benchmark_contract.BenchmarkContractTests.test_full_policy_trace_rejects_nonminimum_resource) ... ok
test_full_policy_trace_rejects_update_without_sequence_increment (tests.test_benchmark_contract.BenchmarkContractTests.test_full_policy_trace_rejects_update_without_sequence_increment) ... ok
test_full_policy_trace_rejects_updates_for_frozen_policy (tests.test_benchmark_contract.BenchmarkContractTests.test_full_policy_trace_rejects_updates_for_frozen_policy) ... ok
test_full_policy_trace_requires_monotonic_update_sequence (tests.test_benchmark_contract.BenchmarkContractTests.test_full_policy_trace_requires_monotonic_update_sequence) ... ok
test_full_policy_trace_requires_selected_cost_consistency (tests.test_benchmark_contract.BenchmarkContractTests.test_full_policy_trace_requires_selected_cost_consistency) ... ok
test_full_policy_trace_requires_update_payload_when_sequence_advances (tests.test_benchmark_contract.BenchmarkContractTests.test_full_policy_trace_requires_update_payload_when_sequence_advances) ... ok
test_full_weighted_policy_trace_requires_all_resource_weights (tests.test_benchmark_contract.BenchmarkContractTests.test_full_weighted_policy_trace_requires_all_resource_weights) ... ok
test_ingress_ledger_bounds_schedule_selected_wall_clock_start_jitter (tests.test_benchmark_contract.BenchmarkContractTests.test_ingress_ledger_bounds_schedule_selected_wall_clock_start_jitter) ... ok
test_ingress_ledger_rejects_completed_frame_or_censoring_mismatch (tests.test_benchmark_contract.BenchmarkContractTests.test_ingress_ledger_rejects_completed_frame_or_censoring_mismatch) ... ok
test_ingress_ledger_rejects_derived_ingress_or_out_of_window_frame (tests.test_benchmark_contract.BenchmarkContractTests.test_ingress_ledger_rejects_derived_ingress_or_out_of_window_frame) ... ok
test_ingress_ledger_rejects_native_drop_counter_or_topology_identity_mismatch (tests.test_benchmark_contract.BenchmarkContractTests.test_ingress_ledger_rejects_native_drop_counter_or_topology_identity_mismatch) ... ok
test_kpp_real_avi_manifest_validates_real_files_and_fps_policy (tests.test_benchmark_contract.BenchmarkContractTests.test_kpp_real_avi_manifest_validates_real_files_and_fps_policy) ... skipped 'real KPP AVI files are not present'
test_legacy_sidecars_are_diagnostic_but_fail_strict_provenance (tests.test_benchmark_contract.BenchmarkContractTests.test_legacy_sidecars_are_diagnostic_but_fail_strict_provenance) ... ok
test_measurement_passport_accepts_nvdec_stage_elapsed_as_cpu_component (tests.test_benchmark_contract.BenchmarkContractTests.test_measurement_passport_accepts_nvdec_stage_elapsed_as_cpu_component) ... ok
test_measurement_passport_hashes_schedule_and_attributes_complete_prefix_work (tests.test_benchmark_contract.BenchmarkContractTests.test_measurement_passport_hashes_schedule_and_attributes_complete_prefix_work) ... ok
test_measurement_passport_rejects_duplicate_or_inconsistent_stage_intervals (tests.test_benchmark_contract.BenchmarkContractTests.test_measurement_passport_rejects_duplicate_or_inconsistent_stage_intervals) ... ok
test_measurement_passport_rejects_unattributed_or_incomplete_resource_work (tests.test_benchmark_contract.BenchmarkContractTests.test_measurement_passport_rejects_unattributed_or_incomplete_resource_work) ... ok
test_native_frames_and_events_are_accepted (tests.test_benchmark_contract.BenchmarkContractTests.test_native_frames_and_events_are_accepted) ... ok
test_native_full_policy_trace_is_not_overwritten_by_sidecar_fallback (tests.test_benchmark_contract.BenchmarkContractTests.test_native_full_policy_trace_is_not_overwritten_by_sidecar_fallback) ... ok
test_native_ingress_ledger_closes_completed_drop_and_censored_cohort (tests.test_benchmark_contract.BenchmarkContractTests.test_native_ingress_ledger_closes_completed_drop_and_censored_cohort) ... ok
test_native_reset_evidence_covers_processes_queues_origin_and_sink (tests.test_benchmark_contract.BenchmarkContractTests.test_native_reset_evidence_covers_processes_queues_origin_and_sink) ... ok
test_network_acceptance_gate (tests.test_benchmark_contract.BenchmarkContractTests.test_network_acceptance_gate) ... ok
test_online_policy_feedback_lag_uses_oldest_applied_snapshot (tests.test_benchmark_contract.BenchmarkContractTests.test_online_policy_feedback_lag_uses_oldest_applied_snapshot) ... ok
test_online_policy_feedback_rejects_non_deterministic_projection (tests.test_benchmark_contract.BenchmarkContractTests.test_online_policy_feedback_rejects_non_deterministic_projection) ... ok
test_online_policy_feedback_rejects_sequence_gap (tests.test_benchmark_contract.BenchmarkContractTests.test_online_policy_feedback_rejects_sequence_gap) ... ok
test_online_policy_feedback_rejects_unexplained_eligible_noop (tests.test_benchmark_contract.BenchmarkContractTests.test_online_policy_feedback_rejects_unexplained_eligible_noop) ... ok
test_online_policy_feedback_validates_projection_noop_and_first_consumer (tests.test_benchmark_contract.BenchmarkContractTests.test_online_policy_feedback_validates_projection_noop_and_first_consumer) ... ok
test_preflight_parsers (tests.test_benchmark_contract.BenchmarkContractTests.test_preflight_parsers) ... ok
test_primary_analysis_writes_unexecuted_policy_replay_scope (tests.test_benchmark_contract.BenchmarkContractTests.test_primary_analysis_writes_unexecuted_policy_replay_scope) ... ok
test_primary_architecture_claim_is_blocked_by_missing_pair (tests.test_benchmark_contract.BenchmarkContractTests.test_primary_architecture_claim_is_blocked_by_missing_pair) ... ok
test_primary_architecture_claim_is_not_confirmed_when_guardrail_interval_fails (tests.test_benchmark_contract.BenchmarkContractTests.test_primary_architecture_claim_is_not_confirmed_when_guardrail_interval_fails) ... ok
test_primary_architecture_only_skips_broad_report_validation (tests.test_benchmark_contract.BenchmarkContractTests.test_primary_architecture_only_skips_broad_report_validation) ... ok
test_primary_architecture_pair_bootstrap_and_favorable_claim_are_deterministic (tests.test_benchmark_contract.BenchmarkContractTests.test_primary_architecture_pair_bootstrap_and_favorable_claim_are_deterministic) ... ok
test_primary_architecture_pair_rejects_reused_process_or_sink_reset_identity (tests.test_benchmark_contract.BenchmarkContractTests.test_primary_architecture_pair_rejects_reused_process_or_sink_reset_identity) ... ok
test_primary_architecture_pair_requires_complete_metadata_contract (tests.test_benchmark_contract.BenchmarkContractTests.test_primary_architecture_pair_requires_complete_metadata_contract) ... ok
test_primary_architecture_pair_requires_recorded_counterbalanced_arm_order (tests.test_benchmark_contract.BenchmarkContractTests.test_primary_architecture_pair_requires_recorded_counterbalanced_arm_order) ... ok
test_primary_architecture_resource_mix_shift_stays_descriptive (tests.test_benchmark_contract.BenchmarkContractTests.test_primary_architecture_resource_mix_shift_stays_descriptive) ... ok
test_primary_pairing_rejects_branch_analytics_contract_mismatch (tests.test_benchmark_contract.BenchmarkContractTests.test_primary_pairing_rejects_branch_analytics_contract_mismatch) ... ok
test_primary_policy_analysis_writes_blocked_artifacts_without_policy_runs (tests.test_benchmark_contract.BenchmarkContractTests.test_primary_policy_analysis_writes_blocked_artifacts_without_policy_runs) ... ok
test_primary_policy_pair_is_blocked_by_drop_guardrail (tests.test_benchmark_contract.BenchmarkContractTests.test_primary_policy_pair_is_blocked_by_drop_guardrail) ... ok
test_primary_policy_pair_is_blocked_by_runtime_implementation_mismatch (tests.test_benchmark_contract.BenchmarkContractTests.test_primary_policy_pair_is_blocked_by_runtime_implementation_mismatch) ... ok
test_primary_policy_pair_is_blocked_without_executed_replay (tests.test_benchmark_contract.BenchmarkContractTests.test_primary_policy_pair_is_blocked_without_executed_replay) ... ok
test_primary_policy_pair_requires_complete_metadata_contract (tests.test_benchmark_contract.BenchmarkContractTests.test_primary_policy_pair_requires_complete_metadata_contract) ... ok
test_primary_policy_pair_requires_recorded_counterbalanced_arm_order (tests.test_benchmark_contract.BenchmarkContractTests.test_primary_policy_pair_requires_recorded_counterbalanced_arm_order) ... ok
test_primary_run_metric_rederives_raw_passport_and_blocks_summary_drift (tests.test_benchmark_contract.BenchmarkContractTests.test_primary_run_metric_rederives_raw_passport_and_blocks_summary_drift) ... ok
test_publication_evidence_bundle_policy_scope_binds_online_feedback (tests.test_benchmark_contract.BenchmarkContractTests.test_publication_evidence_bundle_policy_scope_binds_online_feedback) ... ok
test_publication_evidence_bundle_rejects_missing_tampered_or_symlinked_files (tests.test_benchmark_contract.BenchmarkContractTests.test_publication_evidence_bundle_rejects_missing_tampered_or_symlinked_files) ... ok
test_publication_run_contract_covers_protocol_system_and_primary_cell (tests.test_benchmark_contract.BenchmarkContractTests.test_publication_run_contract_covers_protocol_system_and_primary_cell) ... ok
test_publishable_dataset_requires_checksums (tests.test_benchmark_contract.BenchmarkContractTests.test_publishable_dataset_requires_checksums) ... ok
test_report_deadline_rows_use_raw_frame_latencies (tests.test_benchmark_contract.BenchmarkContractTests.test_report_deadline_rows_use_raw_frame_latencies) ... ok
test_required_sidecars_are_derived_and_validated (tests.test_benchmark_contract.BenchmarkContractTests.test_required_sidecars_are_derived_and_validated) ... ok
test_required_sidecars_reject_missing_files (tests.test_benchmark_contract.BenchmarkContractTests.test_required_sidecars_reject_missing_files) ... ok
test_required_sidecars_reject_unlinked_applied_policy_decision (tests.test_benchmark_contract.BenchmarkContractTests.test_required_sidecars_reject_unlinked_applied_policy_decision) ... ok
test_required_sidecars_require_native_stage_contracts_for_topology_run (tests.test_benchmark_contract.BenchmarkContractTests.test_required_sidecars_require_native_stage_contracts_for_topology_run) ... ok
test_reset_evidence_rejects_nonempty_queue_or_engineering_source (tests.test_benchmark_contract.BenchmarkContractTests.test_reset_evidence_rejects_nonempty_queue_or_engineering_source) ... ok
test_reset_origin_is_independent_of_warmup_excluded_measurement_sequence (tests.test_benchmark_contract.BenchmarkContractTests.test_reset_origin_is_independent_of_warmup_excluded_measurement_sequence) ... ok
test_rtp_trace_roundtrip (tests.test_benchmark_contract.BenchmarkContractTests.test_rtp_trace_roundtrip) ... ok
test_savant_local_merge_filters_measurement_window (tests.test_benchmark_contract.BenchmarkContractTests.test_savant_local_merge_filters_measurement_window) ... ok
test_savant_local_merge_rejects_malformed_measured_event (tests.test_benchmark_contract.BenchmarkContractTests.test_savant_local_merge_rejects_malformed_measured_event) ... ok
test_savant_local_merge_rejects_malformed_unmeasured_event (tests.test_benchmark_contract.BenchmarkContractTests.test_savant_local_merge_rejects_malformed_unmeasured_event) ... ok
test_savant_local_probe_writes_only_declared_stage_fragment (tests.test_benchmark_contract.BenchmarkContractTests.test_savant_local_probe_writes_only_declared_stage_fragment) ... ok
test_savant_local_pyfunc_writes_native_rows_from_buffer (tests.test_benchmark_contract.BenchmarkContractTests.test_savant_local_pyfunc_writes_native_rows_from_buffer) ... ok
test_savant_local_stage_event_fragments_are_merged (tests.test_benchmark_contract.BenchmarkContractTests.test_savant_local_stage_event_fragments_are_merged) ... ok
test_savant_local_stage_event_writers_handle_concurrent_stage_writes (tests.test_benchmark_contract.BenchmarkContractTests.test_savant_local_stage_event_writers_handle_concurrent_stage_writes) ... ok
test_savant_local_stream_outputs_are_merged (tests.test_benchmark_contract.BenchmarkContractTests.test_savant_local_stream_outputs_are_merged) ... ok
test_scenario_contract_identity_covers_resolved_execution_contract (tests.test_benchmark_contract.BenchmarkContractTests.test_scenario_contract_identity_covers_resolved_execution_contract) ... ok
test_shared_vs_duplicated_requires_common_stage_factor_two (tests.test_benchmark_contract.BenchmarkContractTests.test_shared_vs_duplicated_requires_common_stage_factor_two) ... ok
test_sidecar_provenance_rejects_unknown_value (tests.test_benchmark_contract.BenchmarkContractTests.test_sidecar_provenance_rejects_unknown_value) ... ok
test_sidecar_summary_does_not_erase_partial_topology_bindings (tests.test_benchmark_contract.BenchmarkContractTests.test_sidecar_summary_does_not_erase_partial_topology_bindings) ... ok
test_sidecar_summary_exposes_online_policy_trace_gate (tests.test_benchmark_contract.BenchmarkContractTests.test_sidecar_summary_exposes_online_policy_trace_gate) ... ok
test_smoke_legacy_csv_is_canonicalized_as_synthetic (tests.test_benchmark_contract.BenchmarkContractTests.test_smoke_legacy_csv_is_canonicalized_as_synthetic) ... ok
test_stage_base_name_strips_branch_suffixes (tests.test_benchmark_contract.BenchmarkContractTests.test_stage_base_name_strips_branch_suffixes) ... ok
test_stage_contracts_reject_bad_hash_or_incomplete_topology_coverage (tests.test_benchmark_contract.BenchmarkContractTests.test_stage_contracts_reject_bad_hash_or_incomplete_topology_coverage) ... ok
test_stage_contracts_reject_branch_mismatch_or_underspecified_transform (tests.test_benchmark_contract.BenchmarkContractTests.test_stage_contracts_reject_branch_mismatch_or_underspecified_transform) ... ok
test_stage_contracts_validate_semantic_prefix_and_stable_hash (tests.test_benchmark_contract.BenchmarkContractTests.test_stage_contracts_validate_semantic_prefix_and_stable_hash) ... ok
test_stage_trace_coverage_accepts_edge_preroll_with_per_stream_frame_ids (tests.test_benchmark_contract.BenchmarkContractTests.test_stage_trace_coverage_accepts_edge_preroll_with_per_stream_frame_ids) ... ok
test_stage_trace_coverage_accepts_merged_role_events (tests.test_benchmark_contract.BenchmarkContractTests.test_stage_trace_coverage_accepts_merged_role_events) ... ok
test_stage_trace_coverage_rejects_missing_declared_extra_stage (tests.test_benchmark_contract.BenchmarkContractTests.test_stage_trace_coverage_rejects_missing_declared_extra_stage) ... ok
test_stage_trace_coverage_rejects_missing_stage (tests.test_benchmark_contract.BenchmarkContractTests.test_stage_trace_coverage_rejects_missing_stage) ... ok
test_strict_sidecar_validation_requires_native_ingress_ledger (tests.test_benchmark_contract.BenchmarkContractTests.test_strict_sidecar_validation_requires_native_ingress_ledger) ... ok
test_throughput_uses_completed_frames_per_window (tests.test_benchmark_contract.BenchmarkContractTests.test_throughput_uses_completed_frames_per_window) ... ok
test_admission_transport_original_deadline (tests.test_checkpoint_analytics_execution_client_cpp.CheckpointAnalyticsExecutionClientCppTest.test_admission_transport_original_deadline) ... ok
test_native_abort_precedes_gstreamer_null (tests.test_checkpoint_analytics_execution_client_cpp.CheckpointAnalyticsExecutionClientCppTest.test_native_abort_precedes_gstreamer_null) ... ok
test_native_client_regression (tests.test_checkpoint_analytics_execution_client_cpp.CheckpointAnalyticsExecutionClientCppTest.test_native_client_regression) ... ok
test_native_event_pipe_original_deadline (tests.test_checkpoint_analytics_execution_client_cpp.CheckpointAnalyticsExecutionClientCppTest.test_native_event_pipe_original_deadline) ... ok
test_native_execution_deadline_is_the_deepstream_transport_bound (tests.test_checkpoint_analytics_execution_client_cpp.CheckpointAnalyticsExecutionClientCppTest.test_native_execution_deadline_is_the_deepstream_transport_bound) ... ok
test_native_execution_device_id_regression (tests.test_checkpoint_analytics_execution_client_cpp.CheckpointAnalyticsExecutionClientCppTest.test_native_execution_device_id_regression) ... ok
test_native_execution_request_is_guardian_canonical_json (tests.test_checkpoint_analytics_execution_client_cpp.CheckpointAnalyticsExecutionClientCppTest.test_native_execution_request_is_guardian_canonical_json) ... ok
test_native_policy_client_regression (tests.test_checkpoint_analytics_execution_client_cpp.CheckpointAnalyticsExecutionClientCppTest.test_native_policy_client_regression) ... ok
test_native_policy_identity_regression (tests.test_checkpoint_analytics_execution_client_cpp.CheckpointAnalyticsExecutionClientCppTest.test_native_policy_identity_regression) ... ok
test_native_policy_topology_regression (tests.test_checkpoint_analytics_execution_client_cpp.CheckpointAnalyticsExecutionClientCppTest.test_native_policy_topology_regression) ... ok
test_native_reset_queue_level_regression (tests.test_checkpoint_analytics_execution_client_cpp.CheckpointAnalyticsExecutionClientCppTest.test_native_reset_queue_level_regression) ... ok
test_native_stage_artifact_regression (tests.test_checkpoint_analytics_execution_client_cpp.CheckpointAnalyticsExecutionClientCppTest.test_native_stage_artifact_regression) ... ok
test_native_study_common_original_geometry_prefix (tests.test_checkpoint_analytics_execution_client_cpp.CheckpointAnalyticsExecutionClientCppTest.test_native_study_common_original_geometry_prefix) ... ok
test_source_original_drain_and_stop_latch (tests.test_checkpoint_analytics_execution_client_cpp.CheckpointAnalyticsExecutionClientCppTest.test_source_original_drain_and_stop_latch) ... ok
test_study_reference_actual_software_eos_and_deadline (tests.test_checkpoint_analytics_execution_client_cpp.CheckpointAnalyticsExecutionClientCppTest.test_study_reference_actual_software_eos_and_deadline) ... ok
test_coordinator_source_uses_real_sdk_graph_and_common_finalizer (tests.test_checkpoint_deepstream_container_runtime_v3.DeepStreamContainerRuntimeV3Tests.test_coordinator_source_uses_real_sdk_graph_and_common_finalizer) ... ok
test_frozen_model_paths_are_exactly_translated_to_materialized_bindings (tests.test_checkpoint_deepstream_container_runtime_v3.DeepStreamContainerRuntimeV3Tests.test_frozen_model_paths_are_exactly_translated_to_materialized_bindings) ... ok
test_gpu_registry_seed_is_hashed_and_copied_to_every_process (tests.test_checkpoint_deepstream_container_runtime_v3.DeepStreamContainerRuntimeV3Tests.test_gpu_registry_seed_is_hashed_and_copied_to_every_process) ... ok
test_materialized_sha_path_bindings_are_rehashed_and_closed (tests.test_checkpoint_deepstream_container_runtime_v3.DeepStreamContainerRuntimeV3Tests.test_materialized_sha_path_bindings_are_rehashed_and_closed) ... ok
test_native_stdio_is_bounded_exact_and_stderr_closed (tests.test_checkpoint_deepstream_container_runtime_v3.DeepStreamContainerRuntimeV3Tests.test_native_stdio_is_bounded_exact_and_stderr_closed) ... ok
test_runtime_image_recipe_is_pinned_to_abi3_coordinator (tests.test_checkpoint_deepstream_container_runtime_v3.DeepStreamContainerRuntimeV3Tests.test_runtime_image_recipe_is_pinned_to_abi3_coordinator) ... ok
test_terminal_status_is_exact_success_only_abi_v3 (tests.test_checkpoint_deepstream_container_runtime_v3.DeepStreamContainerRuntimeV3Tests.test_terminal_status_is_exact_success_only_abi_v3) ... ok
test_baseline_has_twenty_four_distinct_os_process_commands (tests.test_checkpoint_deepstream_launcher.DeepStreamLauncherTests.test_baseline_has_twenty_four_distinct_os_process_commands) ... ok
test_launcher_delegates_each_spec_to_existing_fd_coordinator (tests.test_checkpoint_deepstream_launcher.DeepStreamLauncherTests.test_launcher_delegates_each_spec_to_existing_fd_coordinator) ... ok
test_publication_source_specs_use_sha_bound_paths_and_declared_fds (tests.test_checkpoint_deepstream_launcher.DeepStreamLauncherTests.test_publication_source_specs_use_sha_bound_paths_and_declared_fds) ... ok
test_publication_worker_specs_bind_private_output_and_declared_fds (tests.test_checkpoint_deepstream_launcher.DeepStreamLauncherTests.test_publication_worker_specs_bind_private_output_and_declared_fds) ... ok
test_shared_has_six_os_processes_and_four_routes_per_process (tests.test_checkpoint_deepstream_launcher.DeepStreamLauncherTests.test_shared_has_six_os_processes_and_four_routes_per_process) ... ok
test_source_specs_materialize_exact_scaled_playback_contract (tests.test_checkpoint_deepstream_launcher.DeepStreamLauncherTests.test_source_specs_materialize_exact_scaled_playback_contract) ... ok
test_config_requires_exact_cpu_gpu_endpoint_material (tests.test_checkpoint_deepstream_protocol_adapter.DeepStreamProtocolAdapterTests.test_config_requires_exact_cpu_gpu_endpoint_material) ... ok
test_factory_fails_before_linux_endpoint_imports_without_config (tests.test_checkpoint_deepstream_protocol_adapter.DeepStreamProtocolAdapterTests.test_factory_fails_before_linux_endpoint_imports_without_config) ... ok
test_rgb_sample_is_preprocessed_bound_and_executed_directly (tests.test_checkpoint_deepstream_protocol_adapter.DeepStreamProtocolAdapterTests.test_rgb_sample_is_preprocessed_bound_and_executed_directly) ... ok
test_sdk_adapters_bind_v3_or_v4_preprocessing_to_endpoint_hashes (tests.test_checkpoint_deepstream_protocol_adapter.DeepStreamProtocolAdapterTests.test_sdk_adapters_bind_v3_or_v4_preprocessing_to_endpoint_hashes) ... ok
test_baseline_four_independent_workers_form_one_causal_join (tests.test_checkpoint_deepstream_protocol_bridge.DeepStreamProtocolBridgeContractTests.test_baseline_four_independent_workers_form_one_causal_join) ... ok
test_corrupt_provenance_cannot_be_relabelled_as_branch_terminal (tests.test_checkpoint_deepstream_protocol_bridge.DeepStreamProtocolBridgeContractTests.test_corrupt_provenance_cannot_be_relabelled_as_branch_terminal) ... ok
test_default_clock_keeps_decision_after_admission_across_host_clock_step_back (tests.test_checkpoint_deepstream_protocol_bridge.DeepStreamProtocolBridgeContractTests.test_default_clock_keeps_decision_after_admission_across_host_clock_step_back) ... ok
test_gpu_topology_uses_native_d2h_boundaries (tests.test_checkpoint_deepstream_protocol_bridge.DeepStreamProtocolBridgeContractTests.test_gpu_topology_uses_native_d2h_boundaries) ... ok
test_nonzero_logical_stream_uses_physical_single_mux_source_zero (tests.test_checkpoint_deepstream_protocol_bridge.DeepStreamProtocolBridgeContractTests.test_nonzero_logical_stream_uses_physical_single_mux_source_zero) ... ok
test_nvds_decoded_counter_is_not_relabelled_as_admission_sequence (tests.test_checkpoint_deepstream_protocol_bridge.DeepStreamProtocolBridgeContractTests.test_nvds_decoded_counter_is_not_relabelled_as_admission_sequence) ... ok
test_nvds_identity_cannot_relabel_software_decode_as_nvdec (tests.test_checkpoint_deepstream_protocol_bridge.DeepStreamProtocolBridgeContractTests.test_nvds_identity_cannot_relabel_software_decode_as_nvdec) ... ok
test_policy_path_clamps_wall_clock_regression_after_decision_ack (tests.test_checkpoint_deepstream_protocol_bridge.DeepStreamProtocolBridgeContractTests.test_policy_path_clamps_wall_clock_regression_after_decision_ack) ... ok
test_pre_detector_queue_drop_retains_verified_branch_model_identity (tests.test_checkpoint_deepstream_protocol_bridge.DeepStreamProtocolBridgeContractTests.test_pre_detector_queue_drop_retains_verified_branch_model_identity) ... ok
test_public_bridge_surface_exists (tests.test_checkpoint_deepstream_protocol_bridge.DeepStreamProtocolBridgeContractTests.test_public_bridge_surface_exists) ... ok
test_serialized_events_clamp_prelock_observation_timestamp_race (tests.test_checkpoint_deepstream_protocol_bridge.DeepStreamProtocolBridgeContractTests.test_serialized_events_clamp_prelock_observation_timestamp_race) ... ok
test_shared_fanout_returns_clamped_serialized_timestamp (tests.test_checkpoint_deepstream_protocol_bridge.DeepStreamProtocolBridgeContractTests.test_shared_fanout_returns_clamped_serialized_timestamp) ... ok
test_shared_graph_has_one_prefix_four_fanouts_and_cpu_gpu_terminals (tests.test_checkpoint_deepstream_protocol_bridge.DeepStreamProtocolBridgeContractTests.test_shared_graph_has_one_prefix_four_fanouts_and_cpu_gpu_terminals) ... ok
test_container_failure_precedes_endpoint_socket_postcondition (tests.test_checkpoint_deepstream_publication_runtime_v3.DeepStreamPublicationRuntimeV3Tests.test_container_failure_precedes_endpoint_socket_postcondition) ... ok
test_contract_schema_dataset_and_evidence_mapping_are_closed (tests.test_checkpoint_deepstream_publication_runtime_v3.DeepStreamPublicationRuntimeV3Tests.test_contract_schema_dataset_and_evidence_mapping_are_closed) ... ok
test_exact_engine_image_inputs_sockets_and_evidence_are_bound (tests.test_checkpoint_deepstream_publication_runtime_v3.DeepStreamPublicationRuntimeV3Tests.test_exact_engine_image_inputs_sockets_and_evidence_are_bound) ... ok
test_image_inspect_identity_drift_is_rejected_before_run (tests.test_checkpoint_deepstream_publication_runtime_v3.DeepStreamPublicationRuntimeV3Tests.test_image_inspect_identity_drift_is_rejected_before_run) ... ok
test_launcher_binds_both_topologies_to_real_container_runner (tests.test_checkpoint_deepstream_publication_runtime_v3.DeepStreamPublicationRuntimeV3Tests.test_launcher_binds_both_topologies_to_real_container_runner) ... ok
test_transient_input_path_replacement_is_rejected_before_container_run (tests.test_checkpoint_deepstream_publication_runtime_v3.DeepStreamPublicationRuntimeV3Tests.test_transient_input_path_replacement_is_rejected_before_container_run) ... ok
test_materialization_is_idempotent_but_refuses_physical_binding_drift (tests.test_checkpoint_deepstream_qualification_fragment_v1.DeepStreamQualificationFragmentV1Tests.test_materialization_is_idempotent_but_refuses_physical_binding_drift) ... ok
test_materializes_exact_ten_unique_physical_bindings_and_no_pilots (tests.test_checkpoint_deepstream_qualification_fragment_v1.DeepStreamQualificationFragmentV1Tests.test_materializes_exact_ten_unique_physical_bindings_and_no_pilots) ... ok
test_repository_refrozen_endpoint_materials_are_exactly_accepted (tests.test_checkpoint_deepstream_qualification_fragment_v1.DeepStreamQualificationFragmentV1Tests.test_repository_refrozen_endpoint_materials_are_exactly_accepted) ... ok
test_validator_rejects_hardlink_alias_and_image_identity_drift (tests.test_checkpoint_deepstream_qualification_fragment_v1.DeepStreamQualificationFragmentV1Tests.test_validator_rejects_hardlink_alias_and_image_identity_drift) ... ok
test_cpu_path_requires_empty_cuda_receipt_and_emits_no_transfer_rows (tests.test_checkpoint_deepstream_resource_runtime_v3.DeepStreamNativeResourceRecorderV3Tests.test_cpu_path_requires_empty_cuda_receipt_and_emits_no_transfer_rows) ... ok
test_fanout_interval_end_tracks_clamped_serialized_topology_time (tests.test_checkpoint_deepstream_resource_runtime_v3.DeepStreamNativeResourceRecorderV3Tests.test_fanout_interval_end_tracks_clamped_serialized_topology_time) ... ok
test_fragments_join_canonical_trace_to_worker_execution_identity (tests.test_checkpoint_deepstream_resource_runtime_v3.DeepStreamNativeResourceRecorderV3Tests.test_fragments_join_canonical_trace_to_worker_execution_identity) ... ok
test_gpu_cuda_intervals_bind_h2d_to_analytics_and_d2h_to_postprocess (tests.test_checkpoint_deepstream_resource_runtime_v3.DeepStreamNativeResourceRecorderV3Tests.test_gpu_cuda_intervals_bind_h2d_to_analytics_and_d2h_to_postprocess) ... ok
test_gpu_merge_accepts_cuda_device_duration_inside_host_envelope (tests.test_checkpoint_deepstream_resource_runtime_v3.DeepStreamNativeResourceRecorderV3Tests.test_gpu_merge_accepts_cuda_device_duration_inside_host_envelope) ... ok
test_independent_topology_refuses_fanout_and_emits_no_counter_file (tests.test_checkpoint_deepstream_resource_runtime_v3.DeepStreamNativeResourceRecorderV3Tests.test_independent_topology_refuses_fanout_and_emits_no_counter_file) ... ok
test_records_native_nvdec_interval_with_exact_identity (tests.test_checkpoint_deepstream_resource_runtime_v3.DeepStreamNativeResourceRecorderV3Tests.test_records_native_nvdec_interval_with_exact_identity) ... ok
test_rejects_nonpositive_measured_intervals_and_cpu_time (tests.test_checkpoint_deepstream_resource_runtime_v3.DeepStreamNativeResourceRecorderV3Tests.test_rejects_nonpositive_measured_intervals_and_cpu_time) ... ok
test_rejects_overlapping_cuda_transfer_pair (tests.test_checkpoint_deepstream_resource_runtime_v3.DeepStreamNativeResourceRecorderV3Tests.test_rejects_overlapping_cuda_transfer_pair) ... ok
test_shared_fanout_records_real_interval_and_thread_cpu_counter (tests.test_checkpoint_deepstream_resource_runtime_v3.DeepStreamNativeResourceRecorderV3Tests.test_shared_fanout_records_real_interval_and_thread_cpu_counter) ... ok
test_failed_codec_probe_adds_exact_blocker (tests.test_checkpoint_deepstream_runtime.DeepStreamCapabilityProbeTests.test_failed_codec_probe_adds_exact_blocker) ... ok
test_probe_command_is_argument_safe_and_mounts_only_read_only_inputs (tests.test_checkpoint_deepstream_runtime.DeepStreamCapabilityProbeTests.test_probe_command_is_argument_safe_and_mounts_only_read_only_inputs) ... ok
test_probe_payload_is_strict_and_cannot_claim_publication_evidence (tests.test_checkpoint_deepstream_runtime.DeepStreamCapabilityProbeTests.test_probe_payload_is_strict_and_cannot_claim_publication_evidence) ... ok
test_successful_sdk_and_nvdec_probe_remains_fail_closed (tests.test_checkpoint_deepstream_runtime.DeepStreamCapabilityProbeTests.test_successful_sdk_and_nvdec_probe_remains_fail_closed) ... ok
test_baseline_expands_to_twenty_four_real_process_specs (tests.test_checkpoint_deepstream_runtime.DeepStreamRuntimePlanTests.test_baseline_expands_to_twenty_four_real_process_specs) ... ok
test_h265_and_every_frozen_policy_deadline_are_propagated_exactly (tests.test_checkpoint_deepstream_runtime.DeepStreamRuntimePlanTests.test_h265_and_every_frozen_policy_deadline_are_propagated_exactly) ... ok
test_pair_plan_requires_equal_persisted_measurement_schedule_fingerprint (tests.test_checkpoint_deepstream_runtime.DeepStreamRuntimePlanTests.test_pair_plan_requires_equal_persisted_measurement_schedule_fingerprint) ... ok
test_plan_rejects_matrix_or_dataset_drift (tests.test_checkpoint_deepstream_runtime.DeepStreamRuntimePlanTests.test_plan_rejects_matrix_or_dataset_drift) ... ok
test_shared_has_six_decode_preprocess_prefixes_and_four_queued_routes (tests.test_checkpoint_deepstream_runtime.DeepStreamRuntimePlanTests.test_shared_has_six_decode_preprocess_prefixes_and_four_queued_routes) ... ok
test_validator_rejects_relabelled_or_collapsed_topology (tests.test_checkpoint_deepstream_runtime.DeepStreamRuntimePlanTests.test_validator_rejects_relabelled_or_collapsed_topology) ... ok
test_exact_materialized_image_evidence_and_qualification_fragment (tests.test_checkpoint_deepstream_runtime_image_evidence_v1.DeepStreamRuntimeImageEvidenceV1Tests.test_exact_materialized_image_evidence_and_qualification_fragment) ... ERROR
test_dependency_closure_rejects_extraneous_symlinked_wheel (tests.test_checkpoint_deepstream_runtime_source_closure_v3.DeepStreamRuntimeSourceClosureV3Tests.test_dependency_closure_rejects_extraneous_symlinked_wheel) ... ok
test_docker_copy_and_isolated_build_context_match_validated_sets (tests.test_checkpoint_deepstream_runtime_source_closure_v3.DeepStreamRuntimeSourceClosureV3Tests.test_docker_copy_and_isolated_build_context_match_validated_sets) ... ok
test_missing_extraneous_and_unrelated_module_drift_fail_as_expected (tests.test_checkpoint_deepstream_runtime_source_closure_v3.DeepStreamRuntimeSourceClosureV3Tests.test_missing_extraneous_and_unrelated_module_drift_fail_as_expected) ... ok
test_production_allowlist_is_exact_multi_entry_runtime_closure (tests.test_checkpoint_deepstream_runtime_source_closure_v3.DeepStreamRuntimeSourceClosureV3Tests.test_production_allowlist_is_exact_multi_entry_runtime_closure) ... ok
test_b_frame_dts_does_not_mix_unscaled_access_pts_with_scaled_dts (tests.test_checkpoint_deepstream_sdk_runtime.DeepStreamAdmissionTransportTests.test_b_frame_dts_does_not_mix_unscaled_access_pts_with_scaled_dts) ... ok
test_epoch_nanoseconds_use_exact_integer_millisecond_ceiling (tests.test_checkpoint_deepstream_sdk_runtime.DeepStreamAdmissionTransportTests.test_epoch_nanoseconds_use_exact_integer_millisecond_ceiling) ... ok
test_exact_native_vastau01_frame_preserves_access_and_transport_pts (tests.test_checkpoint_deepstream_sdk_runtime.DeepStreamAdmissionTransportTests.test_exact_native_vastau01_frame_preserves_access_and_transport_pts) ... ok
test_missing_dts_and_impossible_scaled_mapping_fail_closed (tests.test_checkpoint_deepstream_sdk_runtime.DeepStreamAdmissionTransportTests.test_missing_dts_and_impossible_scaled_mapping_fail_closed) ... ok
test_monotonic_start_wait_cannot_request_negative_sleep (tests.test_checkpoint_deepstream_sdk_runtime.DeepStreamAdmissionTransportTests.test_monotonic_start_wait_cannot_request_negative_sleep) ... ok
test_scaled_cycle_pts_dts_mapping_matches_native_worker_contract (tests.test_checkpoint_deepstream_sdk_runtime.DeepStreamAdmissionTransportTests.test_scaled_cycle_pts_dts_mapping_matches_native_worker_contract) ... ok
test_transport_accepts_b_frame_pts_reordering_with_monotonic_transport_pts (tests.test_checkpoint_deepstream_sdk_runtime.DeepStreamAdmissionTransportTests.test_transport_accepts_b_frame_pts_reordering_with_monotonic_transport_pts) ... ok
test_transport_preserves_delta_unit_and_rejects_unknown_flags (tests.test_checkpoint_deepstream_sdk_runtime.DeepStreamAdmissionTransportTests.test_transport_preserves_delta_unit_and_rejects_unknown_flags) ... ok
test_transport_rejects_digest_mismatch_and_truncated_payload (tests.test_checkpoint_deepstream_sdk_runtime.DeepStreamAdmissionTransportTests.test_transport_rejects_digest_mismatch_and_truncated_payload) ... ok
test_admission_eof_accepts_only_concurrent_valid_stop (tests.test_checkpoint_deepstream_sdk_runtime.DeepStreamFdAndQueueTests.test_admission_eof_accepts_only_concurrent_valid_stop) ... ok
test_admission_eof_without_valid_stop_remains_fail_closed (tests.test_checkpoint_deepstream_sdk_runtime.DeepStreamFdAndQueueTests.test_admission_eof_without_valid_stop_remains_fail_closed) ... ok
test_event_sink_writes_one_canonical_json_line_to_exact_fd (tests.test_checkpoint_deepstream_sdk_runtime.DeepStreamFdAndQueueTests.test_event_sink_writes_one_canonical_json_line_to_exact_fd) ... ok
test_finish_waits_for_every_appsink_eos_even_after_pipeline_bus_eos (tests.test_checkpoint_deepstream_sdk_runtime.DeepStreamFdAndQueueTests.test_finish_waits_for_every_appsink_eos_even_after_pipeline_bus_eos) ... ok
test_lifecycle_matches_coordinator_wire_grammar (tests.test_checkpoint_deepstream_sdk_runtime.DeepStreamFdAndQueueTests.test_lifecycle_matches_coordinator_wire_grammar) ... ok
test_missing_pending_pts_reports_stage_both_pts_and_pending_range (tests.test_checkpoint_deepstream_sdk_runtime.DeepStreamFdAndQueueTests.test_missing_pending_pts_reports_stage_both_pts_and_pending_range) ... ok
test_native_queue_drops_the_newest_buffer_at_capacity (tests.test_checkpoint_deepstream_sdk_runtime.DeepStreamFdAndQueueTests.test_native_queue_drops_the_newest_buffer_at_capacity) ... ok
test_nvdec_submit_timestamp_is_taken_after_buffer_materialization (tests.test_checkpoint_deepstream_sdk_runtime.DeepStreamFdAndQueueTests.test_nvdec_submit_timestamp_is_taken_after_buffer_materialization) ... ok
test_pending_frame_is_evicted_only_after_every_exact_branch_terminal (tests.test_checkpoint_deepstream_sdk_runtime.DeepStreamFdAndQueueTests.test_pending_frame_is_evicted_only_after_every_exact_branch_terminal) ... ok
test_pending_lookup_uses_nvds_frame_pts_not_batched_gst_buffer_pts (tests.test_checkpoint_deepstream_sdk_runtime.DeepStreamFdAndQueueTests.test_pending_lookup_uses_nvds_frame_pts_not_batched_gst_buffer_pts) ... ok
test_run_cli_reserves_stdout_for_native_nvstreammux_audit (tests.test_checkpoint_deepstream_sdk_runtime.DeepStreamFdAndQueueTests.test_run_cli_reserves_stdout_for_native_nvstreammux_audit) ... [deepstream-sdk-runtime][wall-clock] max_clamp_ns=0
ok
test_stop_after_last_admission_still_requires_source_eof (tests.test_checkpoint_deepstream_sdk_runtime.DeepStreamFdAndQueueTests.test_stop_after_last_admission_still_requires_source_eof) ... ok
test_stop_drains_already_buffered_admissions_before_graph_eos (tests.test_checkpoint_deepstream_sdk_runtime.DeepStreamFdAndQueueTests.test_stop_drains_already_buffered_admissions_before_graph_eos) ... ok
test_stop_without_source_eof_expires_without_claiming_drained (tests.test_checkpoint_deepstream_sdk_runtime.DeepStreamFdAndQueueTests.test_stop_without_source_eof_expires_without_claiming_drained) ... ok
test_host_clock_step_back_beyond_ten_milliseconds_fails_closed (tests.test_checkpoint_deepstream_sdk_runtime.DeepStreamHostWallClockStepTests.test_host_clock_step_back_beyond_ten_milliseconds_fails_closed) ... ok
test_lifecycle_and_callback_wall_stamps_use_the_shared_process_clock (tests.test_checkpoint_deepstream_sdk_runtime.DeepStreamHostWallClockStepTests.test_lifecycle_and_callback_wall_stamps_use_the_shared_process_clock) ... ok
test_main_writes_one_wall_clock_line_on_every_controlled_exit (tests.test_checkpoint_deepstream_sdk_runtime.DeepStreamHostWallClockStepTests.test_main_writes_one_wall_clock_line_on_every_controlled_exit) ... ok
test_nvdec_interval_survives_two_millisecond_host_clock_step_back (tests.test_checkpoint_deepstream_sdk_runtime.DeepStreamHostWallClockStepTests.test_nvdec_interval_survives_two_millisecond_host_clock_step_back) ... ok
test_shared_fanout_interval_survives_two_millisecond_host_clock_step_back (tests.test_checkpoint_deepstream_sdk_runtime.DeepStreamHostWallClockStepTests.test_shared_fanout_interval_survives_two_millisecond_host_clock_step_back) ... ok
test_baseline_is_one_decoder_preprocess_process_for_one_branch (tests.test_checkpoint_deepstream_sdk_runtime.DeepStreamPhysicalGraphTests.test_baseline_is_one_decoder_preprocess_process_for_one_branch) ... ok
test_native_stage_contract_rows_bind_physical_domain_and_runtime_artifacts (tests.test_checkpoint_deepstream_sdk_runtime.DeepStreamPhysicalGraphTests.test_native_stage_contract_rows_bind_physical_domain_and_runtime_artifacts) ... ok
test_pipeline_builds_system_memory_rgb_routes_for_frozen_preprocess (tests.test_checkpoint_deepstream_sdk_runtime.DeepStreamPhysicalGraphTests.test_pipeline_builds_system_memory_rgb_routes_for_frozen_preprocess) ... ok
test_shared_is_one_decoder_and_four_native_bounded_routes (tests.test_checkpoint_deepstream_sdk_runtime.DeepStreamPhysicalGraphTests.test_shared_is_one_decoder_and_four_native_bounded_routes) ... ok
test_shared_native_stage_contract_is_written_once_for_common_prefix (tests.test_checkpoint_deepstream_sdk_runtime.DeepStreamPhysicalGraphTests.test_shared_native_stage_contract_is_written_once_for_common_prefix) ... ok
test_shared_pipeline_physically_links_rgb_prefix_into_tee_and_every_route (tests.test_checkpoint_deepstream_sdk_runtime.DeepStreamPhysicalGraphTests.test_shared_pipeline_physically_links_rgb_prefix_into_tee_and_every_route) ... ok
test_backward_wall_adjustment_does_not_shorten_native_service (tests.test_checkpoint_deepstream_service_clock.DeepStreamServiceClockTests.test_backward_wall_adjustment_does_not_shorten_native_service) ... ok
test_forward_wall_adjustment_does_not_inflate_native_service (tests.test_checkpoint_deepstream_service_clock.DeepStreamServiceClockTests.test_forward_wall_adjustment_does_not_inflate_native_service) ... ok
test_inference_longer_than_elapsed_service_still_fails (tests.test_checkpoint_deepstream_service_clock.DeepStreamServiceClockTests.test_inference_longer_than_elapsed_service_still_fails) ... ok
test_postprocess_outside_elapsed_service_still_fails (tests.test_checkpoint_deepstream_service_clock.DeepStreamServiceClockTests.test_postprocess_outside_elapsed_service_still_fails) ... ok
test_regressing_monotonic_clock_is_rejected (tests.test_checkpoint_deepstream_service_clock.DeepStreamServiceClockTests.test_regressing_monotonic_clock_is_rejected) ... ok
test_external_manifest_rejects_real_identity_and_coverage_drift (tests.test_checkpoint_external_execution_manifest.ExternalExecutionManifestTests.test_external_manifest_rejects_real_identity_and_coverage_drift) ... ok
test_native_policy_import_does_not_require_sdk_bridge (tests.test_checkpoint_external_execution_manifest.ExternalExecutionManifestTests.test_native_policy_import_does_not_require_sdk_bridge) ... ok
test_producer_manifest_passes_real_coordinator_startup_for_both_systems (tests.test_checkpoint_external_execution_manifest.ExternalExecutionManifestTests.test_producer_manifest_passes_real_coordinator_startup_for_both_systems) ... ok
test_worker_fixture_needs_no_ignored_runtime_artifacts (tests.test_checkpoint_external_execution_manifest.ExternalExecutionManifestTests.test_worker_fixture_needs_no_ignored_runtime_artifacts) ... ok
test_worker_fixture_rejects_missing_and_foreign_metadata (tests.test_checkpoint_external_execution_manifest.ExternalExecutionManifestTests.test_worker_fixture_rejects_missing_and_foreign_metadata) ... ok
test_docker_copy_and_build_hash_use_only_the_validated_allowlist (tests.test_checkpoint_gstreamer_custom_runtime_source_closure_v3.GStreamerCustomRuntimeSourceClosureV3Tests.test_docker_copy_and_build_hash_use_only_the_validated_allowlist) ... ok
test_missing_and_extraneous_python_imports_fail_closed (tests.test_checkpoint_gstreamer_custom_runtime_source_closure_v3.GStreamerCustomRuntimeSourceClosureV3Tests.test_missing_and_extraneous_python_imports_fail_closed) ... ok
test_production_allowlist_is_exact_reachable_runtime_closure (tests.test_checkpoint_gstreamer_custom_runtime_source_closure_v3.GStreamerCustomRuntimeSourceClosureV3Tests.test_production_allowlist_is_exact_reachable_runtime_closure) ... ok
test_container_pid_ceiling_admits_all_native_workers (tests.test_checkpoint_openvino_gva_publication_runtime_v3.OpenVINOGVAPublicationRuntimeV3Tests.test_container_pid_ceiling_admits_all_native_workers) ... ok
test_contract_dataset_topology_and_evidence_mapping_are_closed (tests.test_checkpoint_openvino_gva_publication_runtime_v3.OpenVINOGVAPublicationRuntimeV3Tests.test_contract_dataset_topology_and_evidence_mapping_are_closed) ... ok
test_device_probe_identity_mismatch_retains_observed_probe_and_stays_fail_closed (tests.test_checkpoint_openvino_gva_publication_runtime_v3.OpenVINOGVAPublicationRuntimeV3Tests.test_device_probe_identity_mismatch_retains_observed_probe_and_stays_fail_closed) ... ok
test_exact_image_artifacts_devices_mounts_and_evidence_are_bound (tests.test_checkpoint_openvino_gva_publication_runtime_v3.OpenVINOGVAPublicationRuntimeV3Tests.test_exact_image_artifacts_devices_mounts_and_evidence_are_bound) ... ok
test_h265_frozen_dataset_accepts_exact_hevc_stream_metadata (tests.test_checkpoint_openvino_gva_publication_runtime_v3.OpenVINOGVAPublicationRuntimeV3Tests.test_h265_frozen_dataset_accepts_exact_hevc_stream_metadata) ... ok
test_image_device_and_embedded_artifact_drift_fail_before_measurement (tests.test_checkpoint_openvino_gva_publication_runtime_v3.OpenVINOGVAPublicationRuntimeV3Tests.test_image_device_and_embedded_artifact_drift_fail_before_measurement) ... ok
test_launcher_binds_both_topologies_to_real_container_runner (tests.test_checkpoint_openvino_gva_publication_runtime_v3.OpenVINOGVAPublicationRuntimeV3Tests.test_launcher_binds_both_topologies_to_real_container_runner) ... ok
test_live_daemon_reads_private_held_fd_copy (tests.test_checkpoint_openvino_gva_publication_runtime_v3.OpenVINOGVAPublicationRuntimeV3Tests.test_live_daemon_reads_private_held_fd_copy) ... skipped 'set VAST_RUN_OPENVINO_LIVE_DOCKER_TEST=1 for the WSL Docker proof'
test_missing_materialized_contract_stays_fail_closed (tests.test_checkpoint_openvino_gva_publication_runtime_v3.OpenVINOGVAPublicationRuntimeV3Tests.test_missing_materialized_contract_stays_fail_closed) ... ok
test_packaged_runtime_script_container_path_cannot_drift (tests.test_checkpoint_openvino_gva_publication_runtime_v3.OpenVINOGVAPublicationRuntimeV3Tests.test_packaged_runtime_script_container_path_cannot_drift) ... ok
test_private_held_fd_copy_is_read_only_and_rehashed (tests.test_checkpoint_openvino_gva_publication_runtime_v3.OpenVINOGVAPublicationRuntimeV3Tests.test_private_held_fd_copy_is_read_only_and_rehashed) ... ok
test_real_engine_invocation_uses_held_cli_fd_and_pass_fds (tests.test_checkpoint_openvino_gva_publication_runtime_v3.OpenVINOGVAPublicationRuntimeV3Tests.test_real_engine_invocation_uses_held_cli_fd_and_pass_fds) ... ok
test_stream_five_cannot_be_rebound_to_front_gate_media (tests.test_checkpoint_openvino_gva_publication_runtime_v3.OpenVINOGVAPublicationRuntimeV3Tests.test_stream_five_cannot_be_rebound_to_front_gate_media) ... ok
test_transient_config_replacement_is_rejected_after_preflight (tests.test_checkpoint_openvino_gva_publication_runtime_v3.OpenVINOGVAPublicationRuntimeV3Tests.test_transient_config_replacement_is_rejected_after_preflight) ... ok
test_versioned_analytics_execution_manifest_pins_open (tests.test_checkpoint_openvino_gva_publication_runtime_v3.OpenVINOGVAPublicationRuntimeV3Tests.test_versioned_analytics_execution_manifest_pins_open) ... ok
test_missing_and_extraneous_imports_fail_closed (tests.test_checkpoint_openvino_gva_runtime_source_closure_v3.OpenVINOGVARuntimeSourceClosureV3Tests.test_missing_and_extraneous_imports_fail_closed) ... ok
test_production_allowlist_is_exact_transitive_closure (tests.test_checkpoint_openvino_gva_runtime_source_closure_v3.OpenVINOGVARuntimeSourceClosureV3Tests.test_production_allowlist_is_exact_transitive_closure) ... ok
test_baseline_join_pairs_native_input_key_not_worker_local_ordinals (tests.test_checkpoint_runtime.CheckpointRuntimeTests.test_baseline_join_pairs_native_input_key_not_worker_local_ordinals) ... ok
test_baseline_workers_use_distinct_observed_pids_and_emit_live_join (tests.test_checkpoint_runtime.CheckpointRuntimeTests.test_baseline_workers_use_distinct_observed_pids_and_emit_live_join) ... ok
test_blueprint_expands_to_24_baseline_and_6_shared_process_assignments (tests.test_checkpoint_runtime.CheckpointRuntimeTests.test_blueprint_expands_to_24_baseline_and_6_shared_process_assignments) ... ok
test_central_admission_is_durable_before_failed_ack (tests.test_checkpoint_runtime.CheckpointRuntimeTests.test_central_admission_is_durable_before_failed_ack) ... ok
test_common_start_rejects_unknown_native_clock_epoch (tests.test_checkpoint_runtime.CheckpointRuntimeTests.test_common_start_rejects_unknown_native_clock_epoch) ... ok
test_common_start_selects_clock_matching_native_ready_epoch (tests.test_checkpoint_runtime.CheckpointRuntimeTests.test_common_start_selects_clock_matching_native_ready_epoch) ... ok
test_cpp_admission_transport_round_trips_binary_payload_and_rejects_truncation (tests.test_checkpoint_runtime.CheckpointRuntimeTests.test_cpp_admission_transport_round_trips_binary_payload_and_rejects_truncation) ... ok
test_cpp_analytics_terminal_transport_rejects_identity_and_ambiguous_drop (tests.test_checkpoint_runtime.CheckpointRuntimeTests.test_cpp_analytics_terminal_transport_rejects_identity_and_ambiguous_drop) ... ok
test_cpp_emitter_writes_parseable_gap_free_protocol (tests.test_checkpoint_runtime.CheckpointRuntimeTests.test_cpp_emitter_writes_parseable_gap_free_protocol) ... ok
test_cpp_gstreamer_frame_mapping_uses_negotiated_video_info (tests.test_checkpoint_runtime.CheckpointRuntimeTests.test_cpp_gstreamer_frame_mapping_uses_negotiated_video_info) ... ok
test_cpp_resource_interval_emitter_writes_runtime_only_fanout_contract (tests.test_checkpoint_runtime.CheckpointRuntimeTests.test_cpp_resource_interval_emitter_writes_runtime_only_fanout_contract) ... ok
test_decoder_placement_status_closes_during_warmup_before_measurement (tests.test_checkpoint_runtime.CheckpointRuntimeTests.test_decoder_placement_status_closes_during_warmup_before_measurement) ... ok
test_decoder_placement_status_is_required_before_measurement (tests.test_checkpoint_runtime.CheckpointRuntimeTests.test_decoder_placement_status_is_required_before_measurement) ... ok
test_decoder_placement_worker_exit_reports_identity_code_and_states (tests.test_checkpoint_runtime.CheckpointRuntimeTests.test_decoder_placement_worker_exit_reports_identity_code_and_states) ... ok
test_early_exit_before_ready_lists_process_and_returncode (tests.test_checkpoint_runtime.CheckpointRuntimeTests.test_early_exit_before_ready_lists_process_and_returncode) ... ok
test_explicit_native_branch_drop_resolves_frame_without_creating_join (tests.test_checkpoint_runtime.CheckpointRuntimeTests.test_explicit_native_branch_drop_resolves_frame_without_creating_join) ... ok
test_full_publication_pair_plan_binds_h264_and_h265_exactly (tests.test_checkpoint_runtime.CheckpointRuntimeTests.test_full_publication_pair_plan_binds_h264_and_h265_exactly) ... ok
test_gstreamer_analytics_terminal_and_queue_emit_native_outcomes (tests.test_checkpoint_runtime.CheckpointRuntimeTests.test_gstreamer_analytics_terminal_and_queue_emit_native_outcomes) ... ok
test_gstreamer_engineering_specs_bind_every_blueprint_process_without_unblocking (tests.test_checkpoint_runtime.CheckpointRuntimeTests.test_gstreamer_engineering_specs_bind_every_blueprint_process_without_unblocking) ... ok
test_gstreamer_native_runtime_selects_v2_join_contract (tests.test_checkpoint_runtime.CheckpointRuntimeTests.test_gstreamer_native_runtime_selects_v2_join_contract) ... ok
test_incomplete_shared_branch_remains_unresolved_and_cannot_create_join (tests.test_checkpoint_runtime.CheckpointRuntimeTests.test_incomplete_shared_branch_remains_unresolved_and_cannot_create_join) ... ok
test_join_coordinator_keeps_v1_and_v2_shapes_strictly_separate (tests.test_checkpoint_runtime.CheckpointRuntimeTests.test_join_coordinator_keeps_v1_and_v2_shapes_strictly_separate) ... ok
test_native_analytics_terminal_mode_requires_explicit_branch_aware_adapter (tests.test_checkpoint_runtime.CheckpointRuntimeTests.test_native_analytics_terminal_mode_requires_explicit_branch_aware_adapter) ... ok
test_native_policy_worker_specs_bind_exact_policy_and_deadline (tests.test_checkpoint_runtime.CheckpointRuntimeTests.test_native_policy_worker_specs_bind_exact_policy_and_deadline) ... ok
test_native_policy_worker_specs_inject_frozen_manifest_identities (tests.test_checkpoint_runtime.CheckpointRuntimeTests.test_native_policy_worker_specs_inject_frozen_manifest_identities) ... ok
test_native_postdecode_prefix_drop_closes_baseline_after_decode (tests.test_checkpoint_runtime.CheckpointRuntimeTests.test_native_postdecode_prefix_drop_closes_baseline_after_decode) ... ok
test_native_postdecode_prefix_drop_closes_every_shared_branch_after_decode (tests.test_checkpoint_runtime.CheckpointRuntimeTests.test_native_postdecode_prefix_drop_closes_every_shared_branch_after_decode) ... ok
test_native_predecode_ingress_drop_is_rejected_for_baseline (tests.test_checkpoint_runtime.CheckpointRuntimeTests.test_native_predecode_ingress_drop_is_rejected_for_baseline) ... ok
test_native_predecode_ingress_drop_is_rejected_for_shared (tests.test_checkpoint_runtime.CheckpointRuntimeTests.test_native_predecode_ingress_drop_is_rejected_for_shared) ... ok
test_native_probe_source_contains_physical_checkpoint_graphs_and_direct_emitter (tests.test_checkpoint_runtime.CheckpointRuntimeTests.test_native_probe_source_contains_physical_checkpoint_graphs_and_direct_emitter) ... ok
test_native_subprocess_environment_does_not_leak_python_import_paths (tests.test_checkpoint_runtime.CheckpointRuntimeTests.test_native_subprocess_environment_does_not_leak_python_import_paths) ... ok
test_parent_must_arrive_on_direct_pipe_before_child (tests.test_checkpoint_runtime.CheckpointRuntimeTests.test_parent_must_arrive_on_direct_pipe_before_child) ... ok
test_post_start_failure_preserves_primary_process_stderr (tests.test_checkpoint_runtime.CheckpointRuntimeTests.test_post_start_failure_preserves_primary_process_stderr) ... ok
test_publication_runtime_requires_gpu_aware_registry_refresh (tests.test_checkpoint_runtime.CheckpointRuntimeTests.test_publication_runtime_requires_gpu_aware_registry_refresh) ... ok
test_ready_timeout_lists_missing_workers (tests.test_checkpoint_runtime.CheckpointRuntimeTests.test_ready_timeout_lists_missing_workers) ... ok
test_reference_analytics_terminal_requires_verified_branch_model_manifest (tests.test_checkpoint_runtime.CheckpointRuntimeTests.test_reference_analytics_terminal_requires_verified_branch_model_manifest) ... ok
test_registry_template_is_copied_to_distinct_immutable_runtime_seeds (tests.test_checkpoint_runtime.CheckpointRuntimeTests.test_registry_template_is_copied_to_distinct_immutable_runtime_seeds) ... ok
test_runtime_branch_terminal_artifact_preserves_v3_without_becoming_accepted (tests.test_checkpoint_runtime.CheckpointRuntimeTests.test_runtime_branch_terminal_artifact_preserves_v3_without_becoming_accepted) ... ok
test_runtime_fanout_fragments_are_topology_bound_and_not_accepted (tests.test_checkpoint_runtime.CheckpointRuntimeTests.test_runtime_fanout_fragments_are_topology_bound_and_not_accepted) ... ok
test_runtime_stage_contract_fragments_are_pid_bound_merged_and_validated (tests.test_checkpoint_runtime.CheckpointRuntimeTests.test_runtime_stage_contract_fragments_are_pid_bound_merged_and_validated) ... ok
test_shared_worker_emits_one_prefix_four_fanouts_and_live_join (tests.test_checkpoint_runtime.CheckpointRuntimeTests.test_shared_worker_emits_one_prefix_four_fanouts_and_live_join) ... ok
test_slow_ready_does_not_consume_synchronized_execution_budget (tests.test_checkpoint_runtime.CheckpointRuntimeTests.test_slow_ready_does_not_consume_synchronized_execution_budget) ... ok
test_source_provenance_validation_rejects_manifest_hash_drift (tests.test_checkpoint_runtime.CheckpointRuntimeTests.test_source_provenance_validation_rejects_manifest_hash_drift) ... ok
test_spawn_fd_close_failure_still_reaps_the_original_child (tests.test_checkpoint_runtime.CheckpointRuntimeTests.test_spawn_fd_close_failure_still_reaps_the_original_child) ... ok
test_term_ignoring_children_are_killed_and_reaped_before_cleanup_returns (tests.test_checkpoint_runtime.CheckpointRuntimeTests.test_term_ignoring_children_are_killed_and_reaped_before_cleanup_returns) ... ok
test_terminal_cohort_uses_half_open_schedule_offsets_not_wall_clock_jitter (tests.test_checkpoint_runtime.CheckpointRuntimeTests.test_terminal_cohort_uses_half_open_schedule_offsets_not_wall_clock_jitter) ... ok
test_worker_cannot_claim_join_or_skip_sequence (tests.test_checkpoint_runtime.CheckpointRuntimeTests.test_worker_cannot_claim_join_or_skip_sequence) ... ok
test_worker_policy_sock_seqpacket_fd_is_inherited_and_served (tests.test_checkpoint_runtime.CheckpointRuntimeTests.test_worker_policy_sock_seqpacket_fd_is_inherited_and_served) ... ok
test_baseline_has_four_os_process_workers_per_logical_stream (tests.test_checkpoint_runtime_plan.CheckpointRuntimePlanTests.test_baseline_has_four_os_process_workers_per_logical_stream) ... ok
test_cli_writes_blueprint_without_scientific_sidecars (tests.test_checkpoint_runtime_plan.CheckpointRuntimePlanTests.test_cli_writes_blueprint_without_scientific_sidecars) ... ok
test_finite_study_layout_has_real_workers_and_keeps_legacy_kind_strict (tests.test_checkpoint_runtime_plan.CheckpointRuntimePlanTests.test_finite_study_layout_has_real_workers_and_keeps_legacy_kind_strict) ... ok
test_pair_builder_rejects_missing_finite_source_contract (tests.test_checkpoint_runtime_plan.CheckpointRuntimePlanTests.test_pair_builder_rejects_missing_finite_source_contract) ... ok
test_pair_builder_rejects_playback_contract_drift (tests.test_checkpoint_runtime_plan.CheckpointRuntimePlanTests.test_pair_builder_rejects_playback_contract_drift) ... ok
test_pair_builder_rejects_preregistered_coordinate_drift (tests.test_checkpoint_runtime_plan.CheckpointRuntimePlanTests.test_pair_builder_rejects_preregistered_coordinate_drift) ... ok
test_primary_pair_keeps_planning_only_status_and_exact_input_pairing (tests.test_checkpoint_runtime_plan.CheckpointRuntimePlanTests.test_primary_pair_keeps_planning_only_status_and_exact_input_pairing) ... ok
test_shared_has_one_prefix_tee_and_four_queued_routes_per_stream (tests.test_checkpoint_runtime_plan.CheckpointRuntimePlanTests.test_shared_has_one_prefix_tee_and_four_queued_routes_per_stream) ... ok
test_validator_rejects_analytics_queue_contract_drift (tests.test_checkpoint_runtime_plan.CheckpointRuntimePlanTests.test_validator_rejects_analytics_queue_contract_drift) ... ok
test_validator_rejects_decoder_placement_or_runtime_gate_drift (tests.test_checkpoint_runtime_plan.CheckpointRuntimePlanTests.test_validator_rejects_decoder_placement_or_runtime_gate_drift) ... ok
test_validator_rejects_missing_common_source_coordinator (tests.test_checkpoint_runtime_plan.CheckpointRuntimePlanTests.test_validator_rejects_missing_common_source_coordinator) ... ok
test_validator_rejects_posthoc_join_or_missing_branch_queue (tests.test_checkpoint_runtime_plan.CheckpointRuntimePlanTests.test_validator_rejects_posthoc_join_or_missing_branch_queue) ... ok
test_validator_rejects_publication_runtime_contract_drift (tests.test_checkpoint_runtime_plan.CheckpointRuntimePlanTests.test_validator_rejects_publication_runtime_contract_drift) ... ok
test_validator_rejects_shared_execution_domain_for_baseline_workers (tests.test_checkpoint_runtime_plan.CheckpointRuntimePlanTests.test_validator_rejects_shared_execution_domain_for_baseline_workers) ... ok
test_frozen_gpu_model_paths_are_sha_bound_after_namespace_translation (tests.test_checkpoint_savant_container_runtime_v3.SavantContainerRuntimeV3Tests.test_frozen_gpu_model_paths_are_sha_bound_after_namespace_translation) ... ok
test_materialized_bindings_are_rehashed_and_native_stdio_is_exact (tests.test_checkpoint_savant_container_runtime_v3.SavantContainerRuntimeV3Tests.test_materialized_bindings_are_rehashed_and_native_stdio_is_exact) ... ok
test_registry_seed_is_hashed_and_copied_to_every_internal_process (tests.test_checkpoint_savant_container_runtime_v3.SavantContainerRuntimeV3Tests.test_registry_seed_is_hashed_and_copied_to_every_internal_process) ... ok
test_runtime_image_manifest_is_derived_from_exact_inspect_projection (tests.test_checkpoint_savant_container_runtime_v3.SavantContainerRuntimeV3Tests.test_runtime_image_manifest_is_derived_from_exact_inspect_projection) ... ok
test_source_is_one_arm_with_exact_24_or_6_workers_and_six_sources (tests.test_checkpoint_savant_container_runtime_v3.SavantContainerRuntimeV3Tests.test_source_is_one_arm_with_exact_24_or_6_workers_and_six_sources) ... ok
test_terminal_status_is_exact_savant_abi_v3 (tests.test_checkpoint_savant_container_runtime_v3.SavantContainerRuntimeV3Tests.test_terminal_status_is_exact_savant_abi_v3) ... ok
test_binding_rejects_nonlocal_or_alias_socket_and_invalid_source (tests.test_checkpoint_savant_ingress.SavantIngressTests.test_binding_rejects_nonlocal_or_alias_socket_and_invalid_source) ... ok
test_checked_writer_never_retries_a_native_exception (tests.test_checkpoint_savant_ingress.SavantIngressTests.test_checked_writer_never_retries_a_native_exception) ... ok
test_checked_writer_preserves_exact_native_success_and_payload (tests.test_checkpoint_savant_ingress.SavantIngressTests.test_checked_writer_preserves_exact_native_success_and_payload) ... ok
test_checked_writer_rejects_timeout_and_unrecognized_results (tests.test_checkpoint_savant_ingress.SavantIngressTests.test_checked_writer_rejects_timeout_and_unrecognized_results) ... ok
test_native_ingress_uses_source_runner_without_per_frame_eos (tests.test_checkpoint_savant_ingress.SavantIngressTests.test_native_ingress_uses_source_runner_without_per_frame_eos) ... ok
test_owned_module_requires_shutdown_capable_runner (tests.test_checkpoint_savant_ingress.SavantIngressTests.test_owned_module_requires_shutdown_capable_runner) ... ok
test_owned_module_shutdown_follows_successful_eos_exactly_once (tests.test_checkpoint_savant_ingress.SavantIngressTests.test_owned_module_shutdown_follows_successful_eos_exactly_once) ... ok
test_rejected_eos_never_sends_shutdown (tests.test_checkpoint_savant_ingress.SavantIngressTests.test_rejected_eos_never_sends_shutdown) ... ok
test_rejected_shutdown_is_not_success_and_does_not_replay_eos (tests.test_checkpoint_savant_ingress.SavantIngressTests.test_rejected_shutdown_is_not_success_and_does_not_replay_eos) ... ok
test_shutdown_authority_is_validated_before_any_send (tests.test_checkpoint_savant_ingress.SavantIngressTests.test_shutdown_authority_is_validated_before_any_send) ... ok
test_vastau01_maps_byte_exactly_to_native_savant_frame (tests.test_checkpoint_savant_ingress.SavantIngressTests.test_vastau01_maps_byte_exactly_to_native_savant_frame) ... ok
test_wrong_stream_dataset_codec_or_payload_fails_closed (tests.test_checkpoint_savant_ingress.SavantIngressTests.test_wrong_stream_dataset_codec_or_payload_fails_closed) ... ok
test_baseline_maps_exact_frozen_process_ids_to_twenty_four_workers (tests.test_checkpoint_savant_launcher.SavantLauncherTests.test_baseline_maps_exact_frozen_process_ids_to_twenty_four_workers) ... ok
test_generic_configs_and_relabelled_processes_fail_closed (tests.test_checkpoint_savant_launcher.SavantLauncherTests.test_generic_configs_and_relabelled_processes_fail_closed) ... ok
test_launcher_delegates_exact_specs_to_existing_fd_coordinator (tests.test_checkpoint_savant_launcher.SavantLauncherTests.test_launcher_delegates_exact_specs_to_existing_fd_coordinator) ... ok
test_module_descriptors_bind_source_policy_and_inherited_fd_contract (tests.test_checkpoint_savant_launcher.SavantLauncherTests.test_module_descriptors_bind_source_policy_and_inherited_fd_contract) ... ok
test_shared_maps_six_single_decode_four_route_workers (tests.test_checkpoint_savant_launcher.SavantLauncherTests.test_shared_maps_six_single_decode_four_route_workers) ... ok
test_all_native_stream_ids_are_bound_without_relabelling (tests.test_checkpoint_savant_native_identity_integration_v3.SavantNativeIdentityIntegrationV3Tests.test_all_native_stream_ids_are_bound_without_relabelling) ... ok
test_default_deepstream_still_rejects_nonzero_local_source_id (tests.test_checkpoint_savant_native_identity_integration_v3.SavantNativeIdentityIntegrationV3Tests.test_default_deepstream_still_rejects_nonzero_local_source_id) ... ok
test_module_webserver_ports_are_unique_for_the_full_process_matrix (tests.test_checkpoint_savant_native_identity_integration_v3.SavantNativeIdentityIntegrationV3Tests.test_module_webserver_ports_are_unique_for_the_full_process_matrix) ... ok
test_mux_pts_is_mandatory_and_never_copied_from_frame_pts (tests.test_checkpoint_savant_native_identity_integration_v3.SavantNativeIdentityIntegrationV3Tests.test_mux_pts_is_mandatory_and_never_copied_from_frame_pts) ... ok
test_post_demux_sample_uses_original_pts_and_preserves_mux_identity (tests.test_checkpoint_savant_native_identity_integration_v3.SavantNativeIdentityIntegrationV3Tests.test_post_demux_sample_uses_original_pts_and_preserves_mux_identity) ... ok
test_sdk_prefix_passes_actual_mux_pts_through_unmocked_identity_and_bridge (tests.test_checkpoint_savant_native_identity_integration_v3.SavantNativeIdentityIntegrationV3Tests.test_sdk_prefix_passes_actual_mux_pts_through_unmocked_identity_and_bridge) ... ok
test_wrong_demux_pts_and_unknown_pts_mode_are_rejected_before_preprocessing (tests.test_checkpoint_savant_native_identity_integration_v3.SavantNativeIdentityIntegrationV3Tests.test_wrong_demux_pts_and_unknown_pts_mode_are_rejected_before_preprocessing) ... ok
test_baseline_config_is_real_zeromq_nvds_one_branch_and_nonpublication (tests.test_checkpoint_savant_native_module.NativeModuleTests.test_baseline_config_is_real_zeromq_nvds_one_branch_and_nonpublication) ... ok
test_canary_runtime_stays_nonpublication_and_records_native_identity (tests.test_checkpoint_savant_native_module.NativeModuleTests.test_canary_runtime_stays_nonpublication_and_records_native_identity) ... ok
test_checkpoint_factory_uses_device_memory_without_changing_upstream_factory (tests.test_checkpoint_savant_native_module.NativeModuleTests.test_checkpoint_factory_uses_device_memory_without_changing_upstream_factory) ... ok
test_ingress_filter_requires_external_zeromq_and_exact_eight_tags (tests.test_checkpoint_savant_native_module.NativeModuleTests.test_ingress_filter_requires_external_zeromq_and_exact_eight_tags) ... ok
test_matrix_preserves_twenty_four_and_six_process_identities (tests.test_checkpoint_savant_native_module.NativeModuleTests.test_matrix_preserves_twenty_four_and_six_process_identities) ... ok
test_native_identity_uses_actual_nvds_values_and_exact_admission_tags (tests.test_checkpoint_savant_native_module.NativeModuleTests.test_native_identity_uses_actual_nvds_values_and_exact_admission_tags) ... ok
test_native_queue_drop_callback_failure_is_not_acknowledged (tests.test_checkpoint_savant_native_module.NativeModuleTests.test_native_queue_drop_callback_failure_is_not_acknowledged) ... ok
test_native_queue_drop_callback_uses_the_reported_pts (tests.test_checkpoint_savant_native_module.NativeModuleTests.test_native_queue_drop_callback_uses_the_reported_pts) ... ok
test_native_resolution_does_not_inherit_eight_pixel_geometry_requirement (tests.test_checkpoint_savant_native_module.NativeModuleTests.test_native_resolution_does_not_inherit_eight_pixel_geometry_requirement) ... ok
test_post_demux_rgb_routes_do_not_use_nvmm_only_savant_pyfunc (tests.test_checkpoint_savant_native_module.NativeModuleTests.test_post_demux_rgb_routes_do_not_use_nvmm_only_savant_pyfunc) ... ok
test_post_demux_terminal_uses_buffer_pts_without_removed_nvds_batch_meta (tests.test_checkpoint_savant_native_module.NativeModuleTests.test_post_demux_terminal_uses_buffer_pts_without_removed_nvds_batch_meta) ... ok
test_queue_probe_failure_posts_error_and_prevents_buffer_delivery (tests.test_checkpoint_savant_native_module.NativeModuleTests.test_queue_probe_failure_posts_error_and_prevents_buffer_delivery) ... ok
test_queue_probe_passes_real_buffer_and_caps_before_queue_decision (tests.test_checkpoint_savant_native_module.NativeModuleTests.test_queue_probe_passes_real_buffer_and_caps_before_queue_decision) ... ok
test_rgb_route_callback_failure_posts_native_stream_error (tests.test_checkpoint_savant_native_module.NativeModuleTests.test_rgb_route_callback_failure_posts_native_stream_error) ... ok
test_rgb_route_callback_passes_the_real_buffer_once (tests.test_checkpoint_savant_native_module.NativeModuleTests.test_rgb_route_callback_passes_the_real_buffer_once) ... ok
test_savant_pyfunc_reloads_preserve_registered_runtime_and_binding_type (tests.test_checkpoint_savant_native_module.NativeModuleTests.test_savant_pyfunc_reloads_preserve_registered_runtime_and_binding_type) ... ok
test_shared_config_declares_native_tee_and_four_exact_routes (tests.test_checkpoint_savant_native_module.NativeModuleTests.test_shared_config_declares_native_tee_and_four_exact_routes) ... ok
test_baseline_module_is_bound_to_one_branch_and_module_identity (tests.test_checkpoint_savant_protocol_bridge.SavantProtocolBridgeTests.test_baseline_module_is_bound_to_one_branch_and_module_identity) ... ok
test_bridge_and_delegate_topology_or_stream_drift_is_rejected (tests.test_checkpoint_savant_protocol_bridge.SavantProtocolBridgeTests.test_bridge_and_delegate_topology_or_stream_drift_is_rejected) ... ok
test_savant_metadata_cannot_relabel_module_frame_or_origin (tests.test_checkpoint_savant_protocol_bridge.SavantProtocolBridgeTests.test_savant_metadata_cannot_relabel_module_frame_or_origin) ... ok
test_shared_module_closes_one_live_protocol_v3_join (tests.test_checkpoint_savant_protocol_bridge.SavantProtocolBridgeTests.test_shared_module_closes_one_live_protocol_v3_join) ... ok
test_exact_base_labels_and_entrypoint_are_frozen (tests.test_checkpoint_savant_publication_image_v3.SavantPublicationImageV3Tests.test_exact_base_labels_and_entrypoint_are_frozen) ... ok
test_finalizer_derives_evidence_only_from_complete_worker_receipts (tests.test_checkpoint_savant_publication_image_v3.SavantPublicationImageV3Tests.test_finalizer_derives_evidence_only_from_complete_worker_receipts) ... ok
test_runtime_contract_covers_exact_datasets_codecs_and_topologies (tests.test_checkpoint_savant_publication_image_v3.SavantPublicationImageV3Tests.test_runtime_contract_covers_exact_datasets_codecs_and_topologies) ... ok
test_worker_receipt_requires_real_savant_observations (tests.test_checkpoint_savant_publication_image_v3.SavantPublicationImageV3Tests.test_worker_receipt_requires_real_savant_observations) ... ok
test_contract_schema_dataset_and_evidence_mapping_are_closed (tests.test_checkpoint_savant_publication_runtime_v3.SavantPublicationRuntimeV3Tests.test_contract_schema_dataset_and_evidence_mapping_are_closed) ... ok
test_exact_engine_image_inputs_sockets_and_evidence_are_bound (tests.test_checkpoint_savant_publication_runtime_v3.SavantPublicationRuntimeV3Tests.test_exact_engine_image_inputs_sockets_and_evidence_are_bound) ... ok
test_image_inspect_identity_drift_is_rejected_before_run (tests.test_checkpoint_savant_publication_runtime_v3.SavantPublicationRuntimeV3Tests.test_image_inspect_identity_drift_is_rejected_before_run) ... ok
test_launcher_binds_both_topologies_to_real_container_runner (tests.test_checkpoint_savant_publication_runtime_v3.SavantPublicationRuntimeV3Tests.test_launcher_binds_both_topologies_to_real_container_runner) ... ok
test_native_failure_keeps_bounded_diagnostics_without_promoting_evidence (tests.test_checkpoint_savant_publication_runtime_v3.SavantPublicationRuntimeV3Tests.test_native_failure_keeps_bounded_diagnostics_without_promoting_evidence) ... ok
test_transient_input_path_replacement_is_rejected_before_container_run (tests.test_checkpoint_savant_publication_runtime_v3.SavantPublicationRuntimeV3Tests.test_transient_input_path_replacement_is_rejected_before_container_run) ... ok
test_phase_one_materializes_ten_physical_bindings_and_no_pilots (tests.test_checkpoint_savant_qualification_fragment_v3.SavantQualificationFragmentV3Tests.test_phase_one_materializes_ten_physical_bindings_and_no_pilots) ... ok
test_refreeze_and_exact_runtime_identity_fields_are_bound (tests.test_checkpoint_savant_qualification_fragment_v3.SavantQualificationFragmentV3Tests.test_refreeze_and_exact_runtime_identity_fields_are_bound) ... ok
test_source_and_dependency_hashes_use_only_exact_build_inputs (tests.test_checkpoint_savant_qualification_fragment_v3.SavantQualificationFragmentV3Tests.test_source_and_dependency_hashes_use_only_exact_build_inputs) ... ok
test_failed_h265_or_required_element_probe_adds_precise_blocker (tests.test_checkpoint_savant_runtime.SavantCapabilityProbeTests.test_failed_h265_or_required_element_probe_adds_precise_blocker) ... ok
test_probe_command_is_pinned_argument_safe_and_read_only (tests.test_checkpoint_savant_runtime.SavantCapabilityProbeTests.test_probe_command_is_pinned_argument_safe_and_read_only) ... ok
test_probe_is_strict_and_cannot_claim_generic_or_publication_evidence (tests.test_checkpoint_savant_runtime.SavantCapabilityProbeTests.test_probe_is_strict_and_cannot_claim_generic_or_publication_evidence) ... ok
test_successful_savant_sdk_and_nvdec_probe_remains_blocked (tests.test_checkpoint_savant_runtime.SavantCapabilityProbeTests.test_successful_savant_sdk_and_nvdec_probe_remains_blocked) ... ok
test_all_frozen_matrix_coordinates_propagate_without_drift (tests.test_checkpoint_savant_runtime.SavantRuntimePlanTests.test_all_frozen_matrix_coordinates_propagate_without_drift) ... ok
test_baseline_has_exactly_twenty_four_isolated_savant_module_processes (tests.test_checkpoint_savant_runtime.SavantRuntimePlanTests.test_baseline_has_exactly_twenty_four_isolated_savant_module_processes) ... ok
test_matrix_dataset_and_topology_relabel_drift_fail_closed (tests.test_checkpoint_savant_runtime.SavantRuntimePlanTests.test_matrix_dataset_and_topology_relabel_drift_fail_closed) ... ok
test_pair_uses_identical_frozen_sources_and_schedule_gate (tests.test_checkpoint_savant_runtime.SavantRuntimePlanTests.test_pair_uses_identical_frozen_sources_and_schedule_gate) ... ok
test_policy_protocol_and_nvidia_cuda_contract_are_exact (tests.test_checkpoint_savant_runtime.SavantRuntimePlanTests.test_policy_protocol_and_nvidia_cuda_contract_are_exact) ... ok
test_shared_has_six_decode_preprocess_modules_and_four_queued_routes (tests.test_checkpoint_savant_runtime.SavantRuntimePlanTests.test_shared_has_six_decode_preprocess_modules_and_four_queued_routes) ... ok
test_constant_dynamic_local_import_is_in_the_reachable_set (tests.test_checkpoint_savant_runtime_source_closure_v3.SavantRuntimeSourceClosureV3Tests.test_constant_dynamic_local_import_is_in_the_reachable_set) ... ok
test_docker_copy_and_ab_build_use_only_validated_allowlist (tests.test_checkpoint_savant_runtime_source_closure_v3.SavantRuntimeSourceClosureV3Tests.test_docker_copy_and_ab_build_use_only_validated_allowlist) ... ok
test_frozen_cpu_manifest_is_hash_bound_into_the_runtime_image (tests.test_checkpoint_savant_runtime_source_closure_v3.SavantRuntimeSourceClosureV3Tests.test_frozen_cpu_manifest_is_hash_bound_into_the_runtime_image) ... ok
test_missing_and_extraneous_transitive_imports_fail_closed (tests.test_checkpoint_savant_runtime_source_closure_v3.SavantRuntimeSourceClosureV3Tests.test_missing_and_extraneous_transitive_imports_fail_closed) ... ok
test_production_allowlist_is_exact_multi_entry_runtime_closure (tests.test_checkpoint_savant_runtime_source_closure_v3.SavantRuntimeSourceClosureV3Tests.test_production_allowlist_is_exact_multi_entry_runtime_closure) ... ok
test_runtime_consumes_the_native_foundation_drop_queue (tests.test_checkpoint_savant_runtime_source_closure_v3.SavantRuntimeSourceClosureV3Tests.test_runtime_consumes_the_native_foundation_drop_queue) ... ok
test_drop_identifies_the_incoming_queue_buffer_when_decode_is_ahead (tests.test_checkpoint_savant_sdk_runtime_v3.SavantQueueDropTests.test_drop_identifies_the_incoming_queue_buffer_when_decode_is_ahead) ... ok
test_first_shared_fanout_interval_follows_delayed_preprocess_parent (tests.test_checkpoint_savant_sdk_runtime_v3.SavantQueueDropTests.test_first_shared_fanout_interval_follows_delayed_preprocess_parent) ... ok
test_invalid_or_duplicate_drop_does_not_consume_another_identity (tests.test_checkpoint_savant_sdk_runtime_v3.SavantQueueDropTests.test_invalid_or_duplicate_drop_does_not_consume_another_identity) ... ok
test_main_writes_one_wall_clock_line_on_every_controlled_exit (tests.test_checkpoint_savant_sdk_runtime_v3.SavantQueueDropTests.test_main_writes_one_wall_clock_line_on_every_controlled_exit) ... ok
test_out_of_order_route_rejection_preserves_the_pending_head (tests.test_checkpoint_savant_sdk_runtime_v3.SavantQueueDropTests.test_out_of_order_route_rejection_preserves_the_pending_head) ... ok
test_queue_entry_rejects_duplicate_unknown_and_invalid_payload (tests.test_checkpoint_savant_sdk_runtime_v3.SavantQueueDropTests.test_queue_entry_rejects_duplicate_unknown_and_invalid_payload) ... ok
test_savant_wall_milliseconds_use_the_shared_process_clock (tests.test_checkpoint_savant_sdk_runtime_v3.SavantQueueDropTests.test_savant_wall_milliseconds_use_the_shared_process_clock) ... ok
test_shared_fanout_survives_two_millisecond_host_clock_step_back (tests.test_checkpoint_savant_sdk_runtime_v3.SavantQueueDropTests.test_shared_fanout_survives_two_millisecond_host_clock_step_back) ... ok
test_shared_queue_entry_covers_routed_and_dropped_fanout_once (tests.test_checkpoint_savant_sdk_runtime_v3.SavantQueueDropTests.test_shared_queue_entry_covers_routed_and_dropped_fanout_once) ... ok
test_shared_terminals_cannot_invent_unobserved_fanout (tests.test_checkpoint_savant_sdk_runtime_v3.SavantQueueDropTests.test_shared_terminals_cannot_invent_unobserved_fanout) ... ok
test_callback_runtime_binds_native_admission_to_nvdec_and_fanout_intervals (tests.test_checkpoint_savant_sdk_runtime_v3.SavantSdkRuntimeV3Tests.test_callback_runtime_binds_native_admission_to_nvdec_and_fanout_intervals) ... ok
test_epoch_nanoseconds_use_exact_integer_millisecond_ceiling (tests.test_checkpoint_savant_sdk_runtime_v3.SavantSdkRuntimeV3Tests.test_epoch_nanoseconds_use_exact_integer_millisecond_ceiling) ... ok
test_google_api_core_filter_keeps_unrelated_future_warning_visible (tests.test_checkpoint_savant_sdk_runtime_v3.SavantSdkRuntimeV3Tests.test_google_api_core_filter_keeps_unrelated_future_warning_visible) ... ok
test_google_api_core_python_eol_warning_is_suppressed (tests.test_checkpoint_savant_sdk_runtime_v3.SavantSdkRuntimeV3Tests.test_google_api_core_python_eol_warning_is_suppressed) ... ok
test_resource_emitter_uses_canonical_coordinator_trace_and_physical_files (tests.test_checkpoint_savant_sdk_runtime_v3.SavantSdkRuntimeV3Tests.test_resource_emitter_uses_canonical_coordinator_trace_and_physical_files) ... ok
test_single_arm_specs_are_exact_24_or_6_genuine_sdk_workers (tests.test_checkpoint_savant_sdk_runtime_v3.SavantSdkRuntimeV3Tests.test_single_arm_specs_are_exact_24_or_6_genuine_sdk_workers) ... ok
test_worker_materializes_hash_bound_official_savant_module_config (tests.test_checkpoint_savant_sdk_runtime_v3.SavantSdkRuntimeV3Tests.test_worker_materializes_hash_bound_official_savant_module_config) ... ok
test_worker_uses_race_safe_monotonic_start_wait (tests.test_checkpoint_savant_sdk_runtime_v3.SavantSdkRuntimeV3Tests.test_worker_uses_race_safe_monotonic_start_wait) ... ok
test_eof_before_control_stop_waits_for_validated_timestamp (tests.test_checkpoint_savant_stop_race.SavantCoordinatedStopTests.test_eof_before_control_stop_waits_for_validated_timestamp) ... ok
test_eof_without_stop_is_rejected_even_after_receiver_failure (tests.test_checkpoint_savant_stop_race.SavantCoordinatedStopTests.test_eof_without_stop_is_rejected_even_after_receiver_failure) ... ok
test_pending_stop_is_bounded_and_cannot_synthesize_success (tests.test_checkpoint_savant_stop_race.SavantCoordinatedStopTests.test_pending_stop_is_bounded_and_cannot_synthesize_success) ... ok
test_timestamp_without_completed_stop_notification_is_rejected (tests.test_checkpoint_savant_stop_race.SavantCoordinatedStopTests.test_timestamp_without_completed_stop_notification_is_rejected) ... ok
test_checker_refuses_a_real_undefined_function_global (tests.test_finite_study_static_names_v1.FiniteStudyStaticNamesTests.test_checker_refuses_a_real_undefined_function_global) ... ok
test_study_modules_reference_only_defined_globals_and_local_imports (tests.test_finite_study_static_names_v1.FiniteStudyStaticNamesTests.test_study_modules_reference_only_defined_globals_and_local_imports) ... ok
test_study_operational_persistence_refuses_a_missing_context_with_its_own_error (tests.test_finite_study_static_names_v1.FiniteStudyStaticNamesTests.test_study_operational_persistence_refuses_a_missing_context_with_its_own_error) ... ok
test_coordinated_policy_manifest_sha_drift_is_rejected_by_literal_pin (tests.test_full_publication_entrypoint.AcceptedPolicyCapabilityManifestTests.test_coordinated_policy_manifest_sha_drift_is_rejected_by_literal_pin) ... ok
test_descriptor_must_exactly_match_identity_file_set (tests.test_full_publication_entrypoint.AcceptedPolicyCapabilityManifestTests.test_descriptor_must_exactly_match_identity_file_set) ... ok
test_failed_capability_assessment_is_rejected (tests.test_full_publication_entrypoint.AcceptedPolicyCapabilityManifestTests.test_failed_capability_assessment_is_rejected) ... ok
test_happy_path_returns_detached_accepted_manifest (tests.test_full_publication_entrypoint.AcceptedPolicyCapabilityManifestTests.test_happy_path_returns_detached_accepted_manifest) ... ok
test_hash_mismatch_is_rejected (tests.test_full_publication_entrypoint.AcceptedPolicyCapabilityManifestTests.test_hash_mismatch_is_rejected) ... ok
test_missing_descriptor_is_rejected (tests.test_full_publication_entrypoint.AcceptedPolicyCapabilityManifestTests.test_missing_descriptor_is_rejected) ... ok
test_missing_physical_file_is_rejected (tests.test_full_publication_entrypoint.AcceptedPolicyCapabilityManifestTests.test_missing_physical_file_is_rejected) ... ok
test_noncanonical_json_is_rejected (tests.test_full_publication_entrypoint.AcceptedPolicyCapabilityManifestTests.test_noncanonical_json_is_rejected) ... ok
test_path_escape_is_rejected (tests.test_full_publication_entrypoint.AcceptedPolicyCapabilityManifestTests.test_path_escape_is_rejected) ... ok
test_size_mismatch_is_rejected (tests.test_full_publication_entrypoint.AcceptedPolicyCapabilityManifestTests.test_size_mismatch_is_rejected) ... ok
test_symbolic_link_is_rejected (tests.test_full_publication_entrypoint.AcceptedPolicyCapabilityManifestTests.test_symbolic_link_is_rejected) ... ok
test_cloud_capability_environment_cannot_replace_canonical_link_file (tests.test_full_publication_entrypoint.IdentityMaterialTests.test_cloud_capability_environment_cannot_replace_canonical_link_file) ... ok
test_cloud_capability_file_is_consumed_without_layout_assumptions (tests.test_full_publication_entrypoint.IdentityMaterialTests.test_cloud_capability_file_is_consumed_without_layout_assumptions) ... ok
test_cloud_identity_survives_capability_rotation_but_binds_destination_id (tests.test_full_publication_entrypoint.IdentityMaterialTests.test_cloud_identity_survives_capability_rotation_but_binds_destination_id) ... ok
test_identity_binds_untracked_sources_actual_artifacts_images_hardware_and_redacted_cloud (tests.test_full_publication_entrypoint.IdentityMaterialTests.test_identity_binds_untracked_sources_actual_artifacts_images_hardware_and_redacted_cloud) ... ok
test_legacy_identity_binding_cannot_build_execution_identity (tests.test_full_publication_entrypoint.IdentityMaterialTests.test_legacy_identity_binding_cannot_build_execution_identity) ... ok
test_missing_local_container_image_fails_closed (tests.test_full_publication_entrypoint.IdentityMaterialTests.test_missing_local_container_image_fails_closed) ... ok
test_model_hash_mismatch_is_permanent_contract_error (tests.test_full_publication_entrypoint.IdentityMaterialTests.test_model_hash_mismatch_is_permanent_contract_error) ... ok
test_windows_cpu_probe_falls_back_to_cim_when_lscpu_is_unavailable (tests.test_full_publication_entrypoint.IdentityMaterialTests.test_windows_cpu_probe_falls_back_to_cim_when_lscpu_is_unavailable) ... ok
test_cli_expected_pin_cannot_authorize_an_alternate_matrix (tests.test_full_publication_entrypoint.OfflinePublicationPlanTests.test_cli_expected_pin_cannot_authorize_an_alternate_matrix) ... ok
test_nonplan_factory_still_requires_a_run_root (tests.test_full_publication_entrypoint.OfflinePublicationPlanTests.test_nonplan_factory_still_requires_a_run_root) ... ok
test_nonplan_missing_identity_manifest_blocks_before_cloud_consumption (tests.test_full_publication_entrypoint.OfflinePublicationPlanTests.test_nonplan_missing_identity_manifest_blocks_before_cloud_consumption) ... ok
test_offline_plan_fails_closed_on_frozen_policy_drift (tests.test_full_publication_entrypoint.OfflinePublicationPlanTests.test_offline_plan_fails_closed_on_frozen_policy_drift) ... ok
test_policy_contract_literal_pin_rejects_coordinated_dynamic_drift (tests.test_full_publication_entrypoint.OfflinePublicationPlanTests.test_policy_contract_literal_pin_rejects_coordinated_dynamic_drift) ... ok
test_real_plan_factory_is_offline_read_only_and_needs_no_run_root (tests.test_full_publication_entrypoint.OfflinePublicationPlanTests.test_real_plan_factory_is_offline_read_only_and_needs_no_run_root) ... ok
test_system_probe_child_environment_excludes_seafile_capabilities (tests.test_full_publication_entrypoint.OfflinePublicationPlanTests.test_system_probe_child_environment_excludes_seafile_capabilities) ... ok
test_valid_alternate_2800_pair_matrix_is_permanent_78 (tests.test_full_publication_entrypoint.OfflinePublicationPlanTests.test_valid_alternate_2800_pair_matrix_is_permanent_78) ... ok
test_blocked_run_does_not_initialize_run_root (tests.test_full_publication_entrypoint.ProductionEntrypointTests.test_blocked_run_does_not_initialize_run_root) ... ok
test_external_preflight_uses_durable_resume_prefix (tests.test_full_publication_entrypoint.ProductionEntrypointTests.test_external_preflight_uses_durable_resume_prefix) ... ok
test_finalized_export_uses_run_root_default_destination (tests.test_full_publication_entrypoint.ProductionEntrypointTests.test_finalized_export_uses_run_root_default_destination) ... ok
test_incomplete_run_is_not_exported (tests.test_full_publication_entrypoint.ProductionEntrypointTests.test_incomplete_run_is_not_exported) ... ok
test_main_prints_json_and_returns_strict_exit (tests.test_full_publication_entrypoint.ProductionEntrypointTests.test_main_prints_json_and_returns_strict_exit) ... ok
test_parser_exposes_no_cloud_credentials (tests.test_full_publication_entrypoint.ProductionEntrypointTests.test_parser_exposes_no_cloud_credentials) ... ok
test_plan_and_preflight_are_read_only (tests.test_full_publication_entrypoint.ProductionEntrypointTests.test_plan_and_preflight_are_read_only) ... ok
test_plan_preflight_and_run_reject_matrix_identity_drift_before_execution (tests.test_full_publication_entrypoint.ProductionEntrypointTests.test_plan_preflight_and_run_reject_matrix_identity_drift_before_execution) ... ok
test_ready_run_delegates_and_preserves_runner_exit_semantics (tests.test_full_publication_entrypoint.ProductionEntrypointTests.test_ready_run_delegates_and_preserves_runner_exit_semantics) ... ok
test_status_verify_and_finalize_exit_codes (tests.test_full_publication_entrypoint.ProductionEntrypointTests.test_status_verify_and_finalize_exit_codes) ... ok
test_transient_external_preflight_maps_to_75_without_run (tests.test_full_publication_entrypoint.ProductionEntrypointTests.test_transient_external_preflight_maps_to_75_without_run) ... ok
test_accepted_policy_manifest_is_injected_only_into_readiness_copy (tests.test_full_publication_entrypoint.ProductionReadinessTests.test_accepted_policy_manifest_is_injected_only_into_readiness_copy) ... ok
test_conflicting_config_policy_manifest_is_rejected (tests.test_full_publication_entrypoint.ProductionReadinessTests.test_conflicting_config_policy_manifest_is_rejected) ... ok
test_hardware_mismatch_blocks_otherwise_ready_assessment (tests.test_full_publication_entrypoint.ProductionReadinessTests.test_hardware_mismatch_blocks_otherwise_ready_assessment) ... ok
test_tampered_parity_grant_is_rejected_before_scientific_readiness (tests.test_full_publication_entrypoint.ProductionReadinessTests.test_tampered_parity_grant_is_rejected_before_scientific_readiness) ... ok
test_verified_grant_is_forwarded_to_scientific_readiness (tests.test_full_publication_entrypoint.ProductionReadinessTests.test_verified_grant_is_forwarded_to_scientific_readiness) ... ok
test_verified_grant_rejects_legacy_scientific_validator_signature (tests.test_full_publication_entrypoint.ProductionReadinessTests.test_verified_grant_rejects_legacy_scientific_validator_signature) ... ok
test_run_root_is_confined_to_a_dedicated_publication_child (tests.test_full_publication_entrypoint.ProductionRunRootGuardTests.test_run_root_is_confined_to_a_dedicated_publication_child) ... ok
test_default_real_arm_routes_only_through_production_v3_transaction (tests.test_full_publication_entrypoint.RealArmRunnerTests.test_default_real_arm_routes_only_through_production_v3_transaction) ... ok
test_exact_primary_architecture_pair_metadata_is_validated_and_forwarded (tests.test_full_publication_entrypoint.RealArmRunnerTests.test_exact_primary_architecture_pair_metadata_is_validated_and_forwarded) ... ok
test_exactly_maps_frozen_arm_to_run_one_in_local_heterogeneous_mode (tests.test_full_publication_entrypoint.RealArmRunnerTests.test_exactly_maps_frozen_arm_to_run_one_in_local_heterogeneous_mode) ... ok
test_identity_artifact_guard_rehashes_despite_unchanged_size_and_mtime (tests.test_full_publication_entrypoint.RealArmRunnerTests.test_identity_artifact_guard_rehashes_despite_unchanged_size_and_mtime) ... ok
test_pins_every_container_reference_to_frozen_image_id (tests.test_full_publication_entrypoint.RealArmRunnerTests.test_pins_every_container_reference_to_frozen_image_id) ... ok
test_primary_architecture_pair_arm_position_is_crossbound (tests.test_full_publication_entrypoint.RealArmRunnerTests.test_primary_architecture_pair_arm_position_is_crossbound) ... ok
test_primary_architecture_pair_metadata_is_required_only_for_exact_cell (tests.test_full_publication_entrypoint.RealArmRunnerTests.test_primary_architecture_pair_metadata_is_required_only_for_exact_cell) ... ok
test_production_executor_passes_ro_ext4_contract_to_transaction (tests.test_full_publication_entrypoint.RealArmRunnerTests.test_production_executor_passes_ro_ext4_contract_to_transaction) ... ok
test_production_v3_existing_plain_arm_resumes_without_prepare (tests.test_full_publication_entrypoint.RealArmRunnerTests.test_production_v3_existing_plain_arm_resumes_without_prepare) ... ok
test_production_v3_rejects_unaccepted_semantic_authority (tests.test_full_publication_entrypoint.RealArmRunnerTests.test_production_v3_rejects_unaccepted_semantic_authority) ... ok
test_rejects_arm_protocol_drift_before_launch (tests.test_full_publication_entrypoint.RealArmRunnerTests.test_rejects_arm_protocol_drift_before_launch) ... ok
test_rejects_codec_dataset_mapping_drift (tests.test_full_publication_entrypoint.RealArmRunnerTests.test_rejects_codec_dataset_mapping_drift) ... ok
test_rejects_execution_input_drift_before_launch (tests.test_full_publication_entrypoint.RealArmRunnerTests.test_rejects_execution_input_drift_before_launch) ... ok
test_rejects_parity_grant_that_does_not_match_immutable_identity (tests.test_full_publication_entrypoint.RealArmRunnerTests.test_rejects_parity_grant_that_does_not_match_immutable_identity) ... ok
test_rejects_run_one_result_identity_drift (tests.test_full_publication_entrypoint.RealArmRunnerTests.test_rejects_run_one_result_identity_drift) ... ok
test_rejects_run_one_that_cannot_receive_parity_grant_before_launch (tests.test_full_publication_entrypoint.RealArmRunnerTests.test_rejects_run_one_that_cannot_receive_parity_grant_before_launch) ... ok
test_semantic_validator_crossbinds_acceptance_metadata_and_evidence (tests.test_full_publication_entrypoint.RealArmRunnerTests.test_semantic_validator_crossbinds_acceptance_metadata_and_evidence) ... ok
test_acceptance_requires_manifest_hash_before_cloud (tests.test_full_publication_runner.FullPublicationRunnerTests.test_acceptance_requires_manifest_hash_before_cloud) ... ok
test_atomic_checkpoint_replace_does_not_mask_permanent_or_exhausted_errors (tests.test_full_publication_runner.FullPublicationRunnerTests.test_atomic_checkpoint_replace_does_not_mask_permanent_or_exhausted_errors) ... ok
test_atomic_checkpoint_replace_retries_windows_sharing_races (tests.test_full_publication_runner.FullPublicationRunnerTests.test_atomic_checkpoint_replace_retries_windows_sharing_races) ... ok
test_callback_decisions_require_exact_bools_strings_and_json_objects (tests.test_full_publication_runner.FullPublicationRunnerTests.test_callback_decisions_require_exact_bools_strings_and_json_objects) ... ok
test_cloud_failure_resumes_from_durable_acceptance_without_rerunning_arms (tests.test_full_publication_runner.FullPublicationRunnerTests.test_cloud_failure_resumes_from_durable_acceptance_without_rerunning_arms) ... ok
test_complete_run_executes_each_pair_in_sequence_and_finalizes (tests.test_full_publication_runner.FullPublicationRunnerTests.test_complete_run_executes_each_pair_in_sequence_and_finalizes) ... ok
test_each_callback_boundary_receives_fresh_immutable_snapshot (tests.test_full_publication_runner.FullPublicationRunnerTests.test_each_callback_boundary_receives_fresh_immutable_snapshot) ... ok
test_finalization_recovers_each_physical_crash_window (tests.test_full_publication_runner.FullPublicationRunnerTests.test_finalization_recovers_each_physical_crash_window) ... ok
test_finalization_rejects_racing_foreign_and_rebound_final (tests.test_full_publication_runner.FullPublicationRunnerTests.test_finalization_rejects_racing_foreign_and_rebound_final) ... ok
test_finalize_crash_after_file_reverifies_remote_before_checkpoint_commit (tests.test_full_publication_runner.FullPublicationRunnerTests.test_finalize_crash_after_file_reverifies_remote_before_checkpoint_commit) ... ok
test_finalize_refuses_incomplete_run_and_run_requires_callbacks (tests.test_full_publication_runner.FullPublicationRunnerTests.test_finalize_refuses_incomplete_run_and_run_requires_callbacks) ... ok
test_finalize_requires_remote_verification_of_every_receipt (tests.test_full_publication_runner.FullPublicationRunnerTests.test_finalize_requires_remote_verification_of_every_receipt) ... ok
test_identity_drift_aborts_before_any_callback (tests.test_full_publication_runner.FullPublicationRunnerTests.test_identity_drift_aborts_before_any_callback) ... ok
test_noncontiguous_or_tampered_verified_prefix_fails_closed (tests.test_full_publication_runner.FullPublicationRunnerTests.test_noncontiguous_or_tampered_verified_prefix_fails_closed) ... ok
test_pair_rejection_is_permanent_and_never_reaches_cloud (tests.test_full_publication_runner.FullPublicationRunnerTests.test_pair_rejection_is_permanent_and_never_reaches_cloud) ... ok
test_plan_uses_the_frozen_2800_pair_publication_matrix (tests.test_full_publication_runner.FullPublicationRunnerTests.test_plan_uses_the_frozen_2800_pair_publication_matrix) ... ok
test_preexisting_finalization_cannot_bypass_live_remote_verification (tests.test_full_publication_runner.FullPublicationRunnerTests.test_preexisting_finalization_cannot_bypass_live_remote_verification) ... ok
test_preflight_classifies_transient_and_untyped_failures (tests.test_full_publication_runner.FullPublicationRunnerTests.test_preflight_classifies_transient_and_untyped_failures) ... ok
test_process_crash_inside_arm_resumes_same_attempt_and_skips_committed_prefix (tests.test_full_publication_runner.FullPublicationRunnerTests.test_process_crash_inside_arm_resumes_same_attempt_and_skips_committed_prefix) ... ok
test_process_crash_inside_cloud_transaction_resumes_from_acceptance (tests.test_full_publication_runner.FullPublicationRunnerTests.test_process_crash_inside_cloud_transaction_resumes_from_acceptance) ... ok
test_run_manifest_recovers_each_physical_crash_window (tests.test_full_publication_runner.FullPublicationRunnerTests.test_run_manifest_recovers_each_physical_crash_window) ... ok
test_run_manifest_rejects_racing_foreign_and_rebound_final (tests.test_full_publication_runner.FullPublicationRunnerTests.test_run_manifest_rejects_racing_foreign_and_rebound_final) ... ok
test_run_rejects_malformed_existing_finalization (tests.test_full_publication_runner.FullPublicationRunnerTests.test_run_rejects_malformed_existing_finalization) ... ok
test_run_root_lock_rejects_concurrent_run_and_status (tests.test_full_publication_runner.FullPublicationRunnerTests.test_run_root_lock_rejects_concurrent_run_and_status) ... ok
test_status_rejects_unknown_finalization_fields (tests.test_full_publication_runner.FullPublicationRunnerTests.test_status_rejects_unknown_finalization_fields) ... ok
test_tampered_durable_arm_result_fails_closed_before_callback (tests.test_full_publication_runner.FullPublicationRunnerTests.test_tampered_durable_arm_result_fails_closed_before_callback) ... ok
test_transient_failure_resumes_same_attempt_without_rerunning_committed_arm (tests.test_full_publication_runner.FullPublicationRunnerTests.test_transient_failure_resumes_same_attempt_without_rerunning_committed_arm) ... ok
test_verified_cloud_receipt_has_strict_envelope_and_identity_schema (tests.test_full_publication_runner.FullPublicationRunnerTests.test_verified_cloud_receipt_has_strict_envelope_and_identity_schema) ... ok
test_bundle_leaf_and_directory_crash_windows_retry_same_path (tests.test_full_publication_wsl_user_service_v1.FullPublicationWslUserServiceTests.test_bundle_leaf_and_directory_crash_windows_retry_same_path) ... ok
test_bundle_rejects_foreign_partial_target_tamper_and_rebind (tests.test_full_publication_wsl_user_service_v1.FullPublicationWslUserServiceTests.test_bundle_rejects_foreign_partial_target_tamper_and_rebind) ... ok
test_bundle_rejects_preexisting_empty_or_symlink_target (tests.test_full_publication_wsl_user_service_v1.FullPublicationWslUserServiceTests.test_bundle_rejects_preexisting_empty_or_symlink_target) ... ok
test_fully_rehashed_manifest_and_receipt_pin_drift_is_rejected (tests.test_full_publication_wsl_user_service_v1.FullPublicationWslUserServiceTests.test_fully_rehashed_manifest_and_receipt_pin_drift_is_rejected) ... ok
test_install_crash_windows_retry_same_path_and_preserve_inode (tests.test_full_publication_wsl_user_service_v1.FullPublicationWslUserServiceTests.test_install_crash_windows_retry_same_path_and_preserve_inode) ... ok
test_install_is_idempotent_never_enables_and_requires_linger (tests.test_full_publication_wsl_user_service_v1.FullPublicationWslUserServiceTests.test_install_is_idempotent_never_enables_and_requires_linger) ... ok
test_install_refuses_drifted_existing_unit (tests.test_full_publication_wsl_user_service_v1.FullPublicationWslUserServiceTests.test_install_refuses_drifted_existing_unit) ... ok
test_install_rejects_partial_journal_symlink_and_unit_dir_aba (tests.test_full_publication_wsl_user_service_v1.FullPublicationWslUserServiceTests.test_install_rejects_partial_journal_symlink_and_unit_dir_aba) ... ok
test_launch_execs_exact_supervisor_only_after_preflight (tests.test_full_publication_wsl_user_service_v1.FullPublicationWslUserServiceTests.test_launch_execs_exact_supervisor_only_after_preflight) ... ok
test_launch_returns_transient_for_unready_docker_and_never_execs (tests.test_full_publication_wsl_user_service_v1.FullPublicationWslUserServiceTests.test_launch_returns_transient_for_unready_docker_and_never_execs) ... ok
test_manifest_binds_same_exact_run_root_state_and_command_sources (tests.test_full_publication_wsl_user_service_v1.FullPublicationWslUserServiceTests.test_manifest_binds_same_exact_run_root_state_and_command_sources) ... ok
test_materialization_is_canonical_self_hashed_and_does_not_start (tests.test_full_publication_wsl_user_service_v1.FullPublicationWslUserServiceTests.test_materialization_is_canonical_self_hashed_and_does_not_start) ... ok
test_materialization_rejects_alternate_frozen_contract_pins (tests.test_full_publication_wsl_user_service_v1.FullPublicationWslUserServiceTests.test_materialization_rejects_alternate_frozen_contract_pins) ... ok
test_materialization_rejects_attempt_mismatch_and_symlinked_input (tests.test_full_publication_wsl_user_service_v1.FullPublicationWslUserServiceTests.test_materialization_rejects_attempt_mismatch_and_symlinked_input) ... ok
test_materialization_rejects_run_root_outside_exact_namespace (tests.test_full_publication_wsl_user_service_v1.FullPublicationWslUserServiceTests.test_materialization_rejects_run_root_outside_exact_namespace) ... ok
test_materialize_api_default_disables_unexpected_retries (tests.test_full_publication_wsl_user_service_v1.FullPublicationWslUserServiceTests.test_materialize_api_default_disables_unexpected_retries) ... ok
test_materialize_cli_default_disables_unexpected_retries (tests.test_full_publication_wsl_user_service_v1.FullPublicationWslUserServiceTests.test_materialize_cli_default_disables_unexpected_retries) ... ok
test_pinned_source_command_rejects_post_manifest_replacement (tests.test_full_publication_wsl_user_service_v1.FullPublicationWslUserServiceTests.test_pinned_source_command_rejects_post_manifest_replacement) ... ok
test_rendered_unit_passes_systemd_verify (tests.test_full_publication_wsl_user_service_v1.FullPublicationWslUserServiceTests.test_rendered_unit_passes_systemd_verify) ... ok
test_start_enables_only_after_exact_preflight_ready (tests.test_full_publication_wsl_user_service_v1.FullPublicationWslUserServiceTests.test_start_enables_only_after_exact_preflight_ready) ... ok
test_start_never_enables_when_preflight_is_not_exact_ready (tests.test_full_publication_wsl_user_service_v1.FullPublicationWslUserServiceTests.test_start_never_enables_when_preflight_is_not_exact_ready) ... ok
test_status_crosschecks_supervisor_command_identity (tests.test_full_publication_wsl_user_service_v1.FullPublicationWslUserServiceTests.test_status_crosschecks_supervisor_command_identity) ... ok
test_stop_targets_only_exact_installed_unit_and_disables_it (tests.test_full_publication_wsl_user_service_v1.FullPublicationWslUserServiceTests.test_stop_targets_only_exact_installed_unit_and_disables_it) ... ok
test_validation_fails_on_source_unit_and_receipt_tampering (tests.test_full_publication_wsl_user_service_v1.FullPublicationWslUserServiceTests.test_validation_fails_on_source_unit_and_receipt_tampering) ... ok
test_wsl_gate_rejects_non_wsl_and_accepts_explicit_probe (tests.test_full_publication_wsl_user_service_v1.FullPublicationWslUserServiceTests.test_wsl_gate_rejects_non_wsl_and_accepts_explicit_probe) ... ok
test_adaptive_v2_bundle_rejects_missing_and_tampered_jsonl (tests.test_full_resource_publication.FullResourcePublicationTests.test_adaptive_v2_bundle_rejects_missing_and_tampered_jsonl) ... ok
test_backend_run_contract_requires_current_crossbound_parity_grant (tests.test_full_resource_publication.FullResourcePublicationTests.test_backend_run_contract_requires_current_crossbound_parity_grant) ... ok
test_config_self_declared_post_run_acceptance_cannot_select_full_scope (tests.test_full_resource_publication.FullResourcePublicationTests.test_config_self_declared_post_run_acceptance_cannot_select_full_scope) ... ok
test_grant_is_derived_only_from_exact_validated_identity_binding (tests.test_full_resource_publication.FullResourcePublicationTests.test_grant_is_derived_only_from_exact_validated_identity_binding) ... ok
test_grant_rejects_legacy_identity_binding_schema_v1 (tests.test_full_resource_publication.FullResourcePublicationTests.test_grant_rejects_legacy_identity_binding_schema_v1) ... ok
test_run_contract_binds_grant_and_resume_identity_will_detect_drift (tests.test_full_resource_publication.FullResourcePublicationTests.test_run_contract_binds_grant_and_resume_identity_will_detect_drift) ... ok
test_v2_bundle_identity_binds_every_resource_sidecar (tests.test_full_resource_publication.FullResourcePublicationTests.test_v2_bundle_identity_binds_every_resource_sidecar) ... ok
test_v2_scope_extends_v1_with_exact_resource_evidence (tests.test_full_resource_publication.FullResourcePublicationTests.test_v2_scope_extends_v1_with_exact_resource_evidence) ... ok
test_verified_pre_run_grant_selects_full_scope_while_config_evidence_is_false (tests.test_full_resource_publication.FullResourcePublicationTests.test_verified_pre_run_grant_selects_full_scope_while_config_evidence_is_false) ... ok
test_covered_runtimes_stamp_wall_time_only_through_the_shared_clock (tests.test_legacy_wall_clock_static_gate_v1.LegacyWallClockStaticGateV1Tests.test_covered_runtimes_stamp_wall_time_only_through_the_shared_clock) ... ok
test_every_native_probe_dockerfile_copies_the_wall_clock_header (tests.test_legacy_wall_clock_static_gate_v1.LegacyWallClockStaticGateV1Tests.test_every_native_probe_dockerfile_copies_the_wall_clock_header) ... ok
test_gate_reports_injected_direct_clock_and_missing_header (tests.test_legacy_wall_clock_static_gate_v1.LegacyWallClockStaticGateV1Tests.test_gate_reports_injected_direct_clock_and_missing_header) ... ok
test_concurrent_stamps_are_unique_and_strictly_increasing_per_thread (tests.test_non_decreasing_wall_clock_v1.NonDecreasingWallClockTests.test_concurrent_stamps_are_unique_and_strictly_increasing_per_thread) ... ok
test_default_raw_source_is_realtime_nanoseconds (tests.test_non_decreasing_wall_clock_v1.NonDecreasingWallClockTests.test_default_raw_source_is_realtime_nanoseconds) ... ok
test_exactly_ten_millisecond_step_back_is_still_clamped (tests.test_non_decreasing_wall_clock_v1.NonDecreasingWallClockTests.test_exactly_ten_millisecond_step_back_is_still_clamped) ... ok
test_forward_raw_stamps_pass_unchanged_without_clamp (tests.test_non_decreasing_wall_clock_v1.NonDecreasingWallClockTests.test_forward_raw_stamps_pass_unchanged_without_clamp) ... ok
test_invalid_raw_source_fails_closed (tests.test_non_decreasing_wall_clock_v1.NonDecreasingWallClockTests.test_invalid_raw_source_fails_closed) ... ok
test_process_clock_is_one_shared_instance_behind_wall_time_ns (tests.test_non_decreasing_wall_clock_v1.NonDecreasingWallClockTests.test_process_clock_is_one_shared_instance_behind_wall_time_ns) ... ok
test_step_back_beyond_ten_milliseconds_fails_closed (tests.test_non_decreasing_wall_clock_v1.NonDecreasingWallClockTests.test_step_back_beyond_ten_milliseconds_fails_closed) ... ok
test_two_millisecond_step_back_is_clamped_to_one_nanosecond_after_previous (tests.test_non_decreasing_wall_clock_v1.NonDecreasingWallClockTests.test_two_millisecond_step_back_is_clamped_to_one_nanosecond_after_previous) ... ok
test_binding_rejects_retained_copy_tamper_and_raw_evidence_tamper (tests.test_publication_article_statistics_v1.PublicationArticleStatisticsV1Tests.test_binding_rejects_retained_copy_tamper_and_raw_evidence_tamper) ... ok
test_preexisting_attempt_leaf_is_never_replaced (tests.test_publication_article_statistics_v1.PublicationArticleStatisticsV1Tests.test_preexisting_attempt_leaf_is_never_replaced) ... ok
test_production_seal_uses_runtime_metadata_authority_and_frozen_pair_override (tests.test_publication_article_statistics_v1.PublicationArticleStatisticsV1Tests.test_production_seal_uses_runtime_metadata_authority_and_frozen_pair_override) ... ok
test_record_is_self_hashed_and_both_copies_are_physically_bound (tests.test_publication_article_statistics_v1.PublicationArticleStatisticsV1Tests.test_record_is_self_hashed_and_both_copies_are_physically_bound) ... ok
test_retained_parent_redirect_is_rejected_before_either_copy_write (tests.test_publication_article_statistics_v1.PublicationArticleStatisticsV1Tests.test_retained_parent_redirect_is_rejected_before_either_copy_write) ... ok
test_same_path_retry_recovers_both_copies_at_every_physical_window (tests.test_publication_article_statistics_v1.PublicationArticleStatisticsV1Tests.test_same_path_retry_recovers_both_copies_at_every_physical_window) ... ok
test_twenty_sealed_arms_reproduce_exact_preregistered_paired_inference (tests.test_publication_article_statistics_v1.PublicationArticleStatisticsV1Tests.test_twenty_sealed_arms_reproduce_exact_preregistered_paired_inference) ... ok
test_validator_rejects_per_stream_aggregate_drift_even_with_rehashed_record (tests.test_publication_article_statistics_v1.PublicationArticleStatisticsV1Tests.test_validator_rejects_per_stream_aggregate_drift_even_with_rehashed_record) ... ok
test_engine_bytes_or_socket_identity_drift_rejects (tests.test_publication_gstreamer_component_inputs_v1.ComponentHeldSessionTests.test_engine_bytes_or_socket_identity_drift_rejects) ... ok
test_exception_closes_actual_input_fds_and_keeps_original_failure (tests.test_publication_gstreamer_component_inputs_v1.ComponentHeldSessionTests.test_exception_closes_actual_input_fds_and_keeps_original_failure) ... ok
test_five_boundaries_share_one_full_assessment_but_observe_twenty_images (tests.test_publication_gstreamer_component_inputs_v1.ComponentHeldSessionTests.test_five_boundaries_share_one_full_assessment_but_observe_twenty_images) ... ok
test_original_socket_replacement_and_ancestor_alias_reject_before_inspect (tests.test_publication_gstreamer_component_inputs_v1.ComponentHeldSessionTests.test_original_socket_replacement_and_ancestor_alias_reject_before_inspect) ... ok
test_private_projection_collector_publishes_only_after_complete_assessment (tests.test_publication_gstreamer_component_inputs_v1.ComponentHeldSessionTests.test_private_projection_collector_publishes_only_after_complete_assessment) ... ok
test_public_held_inputs_retains_independent_complete_validation (tests.test_publication_gstreamer_component_inputs_v1.ComponentHeldSessionTests.test_public_held_inputs_retains_independent_complete_validation) ... ok
test_raw_dict_foreign_pid_root_authority_and_closed_session_fail (tests.test_publication_gstreamer_component_inputs_v1.ComponentHeldSessionTests.test_raw_dict_foreign_pid_root_authority_and_closed_session_fail) ... ok
test_same_bytes_replacement_is_rejected_before_live_image_observation (tests.test_publication_gstreamer_component_inputs_v1.ComponentHeldSessionTests.test_same_bytes_replacement_is_rejected_before_live_image_observation) ... ok
test_same_image_id_does_not_hide_projection_drift (tests.test_publication_gstreamer_component_inputs_v1.ComponentHeldSessionTests.test_same_image_id_does_not_hide_projection_drift) ... ok
test_actual_materializer_commits_last_and_raw_refusal_leaves_only_owned_prefix (tests.test_publication_gstreamer_component_inputs_v1.ComponentHostPredicatesTests.test_actual_materializer_commits_last_and_raw_refusal_leaves_only_owned_prefix)
Only expensive model/image/closure authorities are explicit fixtures. ... ok
test_materializer_refuses_bad_mode_or_occupied_output_before_any_preflight (tests.test_publication_gstreamer_component_inputs_v1.ComponentHostPredicatesTests.test_materializer_refuses_bad_mode_or_occupied_output_before_any_preflight) ... ok
test_model_observer_accepts_actual_stock_formatted_inspect_contract (tests.test_publication_gstreamer_component_inputs_v1.ComponentHostPredicatesTests.test_model_observer_accepts_actual_stock_formatted_inspect_contract) ... ok
test_model_observer_routes_only_inspect_to_original_pinned_engine_socket (tests.test_publication_gstreamer_component_inputs_v1.ComponentHostPredicatesTests.test_model_observer_routes_only_inspect_to_original_pinned_engine_socket) ... ok
test_selected_costs_retain_actual_original_sample_ids_and_medians (tests.test_publication_gstreamer_component_inputs_v1.ComponentHostPredicatesTests.test_selected_costs_retain_actual_original_sample_ids_and_medians) ... ok
test_expected_descriptor_semantic_seal_and_symlink_are_not_alias_authority (tests.test_publication_gstreamer_component_inputs_v1.ComponentPhysicalAuthorityTests.test_expected_descriptor_semantic_seal_and_symlink_are_not_alias_authority) ... ok
test_held_leaf_replacement_and_legitimate_sibling_output (tests.test_publication_gstreamer_component_inputs_v1.ComponentPhysicalAuthorityTests.test_held_leaf_replacement_and_legitimate_sibling_output) ... ok
test_original_seven_roles_and_front_workers_are_independently_bound (tests.test_publication_gstreamer_component_inputs_v1.ComponentPhysicalAuthorityTests.test_original_seven_roles_and_front_workers_are_independently_bound) ... ok
test_original_stock_probe_authority_shape_and_implementation_are_bound (tests.test_publication_gstreamer_component_inputs_v1.ComponentPhysicalAuthorityTests.test_original_stock_probe_authority_shape_and_implementation_are_bound) ... ok
test_real_physical_selected_eight_keep_complete_declaration_verbatim (tests.test_publication_gstreamer_component_inputs_v1.ComponentPhysicalAuthorityTests.test_real_physical_selected_eight_keep_complete_declaration_verbatim) ... ok
test_resealed_sibling_policy_count_and_model_binding_fail (tests.test_publication_gstreamer_component_inputs_v1.ComponentPhysicalAuthorityTests.test_resealed_sibling_policy_count_and_model_binding_fail) ... ok
test_stale_current_source_rejects_even_same_length (tests.test_publication_gstreamer_component_inputs_v1.ComponentPhysicalAuthorityTests.test_stale_current_source_rejects_even_same_length) ... ok
test_native_factory_uses_explicit_current_material_without_qualification_inputs (tests.test_publication_gstreamer_component_inputs_v1.ComponentPureFactoryTests.test_native_factory_uses_explicit_current_material_without_qualification_inputs) ... ok
test_selected_pin_factory_does_not_read_other_system_calibrations (tests.test_publication_gstreamer_component_inputs_v1.ComponentPureFactoryTests.test_selected_pin_factory_does_not_read_other_system_calibrations) ... ok
test_actual_operational_header_reader_binds_physical_bytes (tests.test_publication_gstreamer_component_runtime_v1.ColdProviderBoundaryTests.test_actual_operational_header_reader_binds_physical_bytes) ... ok
test_real_cold_provider_resolves_before_two_arm_cardinality_guard (tests.test_publication_gstreamer_component_runtime_v1.ColdProviderBoundaryTests.test_real_cold_provider_resolves_before_two_arm_cardinality_guard) ... ok
test_all_acceptance_leaves_remain_held_after_validator_returns (tests.test_publication_gstreamer_component_runtime_v1.ComponentCustodyTests.test_all_acceptance_leaves_remain_held_after_validator_returns) ... ok
test_descriptive_metrics_keep_absolute_misses_drops_and_zero_denominator_reason (tests.test_publication_gstreamer_component_runtime_v1.ComponentCustodyTests.test_descriptive_metrics_keep_absolute_misses_drops_and_zero_denominator_reason) ... ok
test_generated_preprocessing_leaves_reject_late_same_byte_replacement (tests.test_publication_gstreamer_component_runtime_v1.ComponentCustodyTests.test_generated_preprocessing_leaves_reject_late_same_byte_replacement) ... ok
test_guardian_journals_stay_held_after_the_surrounding_join_returns (tests.test_publication_gstreamer_component_runtime_v1.ComponentCustodyTests.test_guardian_journals_stay_held_after_the_surrounding_join_returns) ... ok
test_original_arm_local_cohort_ids_do_not_break_stock_schedule_pair_gate (tests.test_publication_gstreamer_component_runtime_v1.ComponentCustodyTests.test_original_arm_local_cohort_ids_do_not_break_stock_schedule_pair_gate) ... ok
test_original_hardware_transfer_is_exact_exclusive_and_owned (tests.test_publication_gstreamer_component_runtime_v1.ComponentCustodyTests.test_original_hardware_transfer_is_exact_exclusive_and_owned) ... ok
test_oversized_sparse_hardware_is_refused_without_publication (tests.test_publication_gstreamer_component_runtime_v1.ComponentCustodyTests.test_oversized_sparse_hardware_is_refused_without_publication) ... ok
test_same_byte_source_substitution_refuses_transfer_and_retains_both_originals (tests.test_publication_gstreamer_component_runtime_v1.ComponentCustodyTests.test_same_byte_source_substitution_refuses_transfer_and_retains_both_originals) ... ok
test_execution_cannot_opt_out_of_live_guardian (tests.test_publication_gstreamer_component_runtime_v1.ComponentRuntimeFixtureTests.test_execution_cannot_opt_out_of_live_guardian) ... ok
test_original_pair_is_physically_planned_and_factory_reconstructed (tests.test_publication_gstreamer_component_runtime_v1.ComponentRuntimeFixtureTests.test_original_pair_is_physically_planned_and_factory_reconstructed) ... ok
test_private_session_keeps_real_factory_and_custody_at_all_five_boundaries (tests.test_publication_gstreamer_component_runtime_v1.ComponentRuntimeFixtureTests.test_private_session_keeps_real_factory_and_custody_at_all_five_boundaries) ... ok
test_resealed_foreign_factory_fields_fail_before_native_execution (tests.test_publication_gstreamer_component_runtime_v1.ComponentRuntimeFixtureTests.test_resealed_foreign_factory_fields_fail_before_native_execution) ... ok
test_same_shaped_foreign_copied_engine_fails_before_executor (tests.test_publication_gstreamer_component_runtime_v1.ComponentRuntimeFixtureTests.test_same_shaped_foreign_copied_engine_fails_before_executor) ... ok
test_actual_stream_rejected_without_suffix_inference (tests.test_publication_guardian_operational_recorder_v1.RecorderTests.test_actual_stream_rejected_without_suffix_inference) ... ok
test_event_terminal_reservation_rejects_before_begin (tests.test_publication_guardian_operational_recorder_v1.RecorderTests.test_event_terminal_reservation_rejects_before_begin) ... ok
test_exact_maximum_valid_begin_and_last_terminal_bytes (tests.test_publication_guardian_operational_recorder_v1.RecorderTests.test_exact_maximum_valid_begin_and_last_terminal_bytes) ... ok
test_idle_study_snapshot_is_prefix_of_actual_closed_pool_without_resetting_counters (tests.test_publication_guardian_operational_recorder_v1.RecorderTests.test_idle_study_snapshot_is_prefix_of_actual_closed_pool_without_resetting_counters) ... ok
test_journal_substitution_fails_custody_without_appending (tests.test_publication_guardian_operational_recorder_v1.RecorderTests.test_journal_substitution_fails_custody_without_appending) ... ok
test_overlimit_field_and_local_sequence_fail_before_begin (tests.test_publication_guardian_operational_recorder_v1.RecorderTests.test_overlimit_field_and_local_sequence_fail_before_begin) ... ok
test_pending_exhaustion_sticky_but_original_terminal_retained (tests.test_publication_guardian_operational_recorder_v1.RecorderTests.test_pending_exhaustion_sticky_but_original_terminal_retained) ... ok
test_persistence_failure_is_sticky (tests.test_publication_guardian_operational_recorder_v1.RecorderTests.test_persistence_failure_is_sticky) ... ok
test_roundtrip_pair_and_physical_companion (tests.test_publication_guardian_operational_recorder_v1.RecorderTests.test_roundtrip_pair_and_physical_companion) ... ok
test_study_frame_and_sequence_bounds_do_not_relax_legacy (tests.test_publication_guardian_operational_recorder_v1.RecorderTests.test_study_frame_and_sequence_bounds_do_not_relax_legacy) ... ok
test_terminal_duplicate_and_unfinished_rejected (tests.test_publication_guardian_operational_recorder_v1.RecorderTests.test_terminal_duplicate_and_unfinished_rejected) ... ok
test_authenticated_q4_protocol_grant_unlocks_exact_5600_runtime_arms (tests.test_publication_matrix.PublicationMatrixTests.test_authenticated_q4_protocol_grant_unlocks_exact_5600_runtime_arms) ... ok
test_backend_grant_missing_cell_or_launcher_invocation_drift_blocks_arms (tests.test_publication_matrix.PublicationMatrixTests.test_backend_grant_missing_cell_or_launcher_invocation_drift_blocks_arms) ... ok
test_current_config_fails_closed_until_all_v2_gates_are_ready (tests.test_publication_matrix.PublicationMatrixTests.test_current_config_fails_closed_until_all_v2_gates_are_ready) ... ok
test_exact_backend_grant_stays_blocked_until_output_receipt_protocol (tests.test_publication_matrix.PublicationMatrixTests.test_exact_backend_grant_stays_blocked_until_output_receipt_protocol) ... ok
test_full_matrix_is_deterministic_complete_and_paired (tests.test_publication_matrix.PublicationMatrixTests.test_full_matrix_is_deterministic_complete_and_paired) ... ok
test_readiness_rejects_drifted_pre_run_grant (tests.test_publication_matrix.PublicationMatrixTests.test_readiness_rejects_drifted_pre_run_grant) ... ok
test_readiness_rejects_missing_or_tampered_model_parity_grant (tests.test_publication_matrix.PublicationMatrixTests.test_readiness_rejects_missing_or_tampered_model_parity_grant) ... ok
test_readiness_uses_exact_pre_run_grant_and_preserves_post_run_false (tests.test_publication_matrix.PublicationMatrixTests.test_readiness_uses_exact_pre_run_grant_and_preserves_post_run_false) ... ok
test_complete_cold_workload_includes_warmup_measurement_and_drain (tests.test_publication_operational_boundary_v1.PublicationOperationalBoundaryTests.test_complete_cold_workload_includes_warmup_measurement_and_drain) ... ok
test_default_guardian_clock_keeps_terminal_after_begin_across_host_clock_step_back (tests.test_publication_operational_boundary_v1.PublicationOperationalBoundaryTests.test_default_guardian_clock_keeps_terminal_after_begin_across_host_clock_step_back) ... ok
test_default_scratch_file_exhaustion_is_bounded_and_cleans_only_private_files (tests.test_publication_operational_boundary_v1.PublicationOperationalBoundaryTests.test_default_scratch_file_exhaustion_is_bounded_and_cleans_only_private_files) ... ok
test_duplicate_actual_terminal_is_rejected_without_an_extra_front_call (tests.test_publication_operational_boundary_v1.PublicationOperationalBoundaryTests.test_duplicate_actual_terminal_is_rejected_without_an_extra_front_call) ... ok
test_guardian_group_retains_process_max_clamp_and_cold_closure_bounds_it (tests.test_publication_operational_boundary_v1.PublicationOperationalBoundaryTests.test_guardian_group_retains_process_max_clamp_and_cold_closure_bounds_it) ... ok
test_lazy_canonical_ingress_provider_cannot_substitute_same_count_stream_mapping (tests.test_publication_operational_boundary_v1.PublicationOperationalBoundaryTests.test_lazy_canonical_ingress_provider_cannot_substitute_same_count_stream_mapping) ... ok
test_lazy_canonical_ingress_provider_is_called_once_for_each_original_operation (tests.test_publication_operational_boundary_v1.PublicationOperationalBoundaryTests.test_lazy_canonical_ingress_provider_is_called_once_for_each_original_operation) ... ok
test_legitimate_repeated_wire_identity_keeps_both_original_operations (tests.test_publication_operational_boundary_v1.PublicationOperationalBoundaryTests.test_legitimate_repeated_wire_identity_keeps_both_original_operations) ... ok
test_observed_stream_substitution_is_rejected_before_inference (tests.test_publication_operational_boundary_v1.PublicationOperationalBoundaryTests.test_observed_stream_substitution_is_rejected_before_inference) ... ok
test_resealed_guardian_identity_and_terminal_mutations_fail_cold_validation (tests.test_publication_operational_boundary_v1.PublicationOperationalBoundaryTests.test_resealed_guardian_identity_and_terminal_mutations_fail_cold_validation) ... ok
test_same_count_foreign_front_frame_cannot_pass_complete_cold_join (tests.test_publication_operational_boundary_v1.PublicationOperationalBoundaryTests.test_same_count_foreign_front_frame_cannot_pass_complete_cold_join) ... ok
test_stock_canonical_frame_mapping_can_differ_from_original_worker_frame (tests.test_publication_operational_boundary_v1.PublicationOperationalBoundaryTests.test_stock_canonical_frame_mapping_can_differ_from_original_worker_frame) ... ok
test_alias_same_bytes_and_hardlink_are_not_original_custody (tests.test_publication_operational_capture_plan_v1.CapturePlanTests.test_alias_same_bytes_and_hardlink_are_not_original_custody) ... ok
test_changed_source_and_alias_are_rejected_before_build (tests.test_publication_operational_capture_plan_v1.CapturePlanTests.test_changed_source_and_alias_are_rejected_before_build) ... ok
test_cold_loader_streams_large_metadata_without_retaining_source_payload_cache (tests.test_publication_operational_capture_plan_v1.CapturePlanTests.test_cold_loader_streams_large_metadata_without_retaining_source_payload_cache) ... ok
test_context_templates_match_existing_native_loader_and_guardian_header_validator (tests.test_publication_operational_capture_plan_v1.CapturePlanTests.test_context_templates_match_existing_native_loader_and_guardian_header_validator) ... ok
test_declared_inputs_remain_held_while_unrelated_output_siblings_are_created (tests.test_publication_operational_capture_plan_v1.CapturePlanTests.test_declared_inputs_remain_held_while_unrelated_output_siblings_are_created) ... ok
test_exact_37_originals_preserve_reused_arms_and_deduplicate_only_wire_constants (tests.test_publication_operational_capture_plan_v1.CapturePlanTests.test_exact_37_originals_preserve_reused_arms_and_deduplicate_only_wire_constants) ... ok
test_full_qualification_refuses_wrong_phase_or_stock_id (tests.test_publication_operational_capture_plan_v1.CapturePlanTests.test_full_qualification_refuses_wrong_phase_or_stock_id) ... ok
test_index_descriptor_cannot_name_another_same_bytes_file (tests.test_publication_operational_capture_plan_v1.CapturePlanTests.test_index_descriptor_cannot_name_another_same_bytes_file) ... ok
test_loader_rechecks_original_asset_mutation_during_hold (tests.test_publication_operational_capture_plan_v1.CapturePlanTests.test_loader_rechecks_original_asset_mutation_during_hold) ... ok
test_loader_rejects_semantic_reseal_with_foreign_native_context (tests.test_publication_operational_capture_plan_v1.CapturePlanTests.test_loader_rejects_semantic_reseal_with_foreign_native_context) ... ok
test_modes_cardinality_and_window_are_explicit (tests.test_publication_operational_capture_plan_v1.CapturePlanTests.test_modes_cardinality_and_window_are_explicit) ... ok
test_original_validator_refusal_never_writes_authority (tests.test_publication_operational_capture_plan_v1.CapturePlanTests.test_original_validator_refusal_never_writes_authority) ... ok
test_real_source_pair_builds_separately_pinned_contexts_without_cycle (tests.test_publication_operational_capture_plan_v1.CapturePlanTests.test_real_source_pair_builds_separately_pinned_contexts_without_cycle) ... ok
test_refusal_return_value_and_callback_mutation_are_not_authority (tests.test_publication_operational_capture_plan_v1.CapturePlanTests.test_refusal_return_value_and_callback_mutation_are_not_authority) ... ok
test_repeated_build_cannot_overwrite_immutable_plan (tests.test_publication_operational_capture_plan_v1.CapturePlanTests.test_repeated_build_cannot_overwrite_immutable_plan) ... ok
test_source_ancestor_symlink_substitution_is_detected (tests.test_publication_operational_capture_plan_v1.CapturePlanTests.test_source_ancestor_symlink_substitution_is_detected) ... ok
test_source_same_bytes_replacement_and_source_leaf_ABA_are_detected (tests.test_publication_operational_capture_plan_v1.CapturePlanTests.test_source_same_bytes_replacement_and_source_leaf_ABA_are_detected) ... ok
test_unknown_dynamic_wire_fields_and_worker_reference_are_rejected (tests.test_publication_operational_capture_plan_v1.CapturePlanTests.test_unknown_dynamic_wire_fields_and_worker_reference_are_rejected) ... ok
test_unsealed_native_context_is_rejected_after_outer_index_repin (tests.test_publication_operational_capture_plan_v1.CapturePlanTests.test_unsealed_native_context_is_rejected_after_outer_index_repin) ... ok
test_actual_37_originals_join_32_selected_cells_and_all_three_phases (tests.test_publication_operational_execution_binding_v1.OperationalExecutionBindingTests.test_actual_37_originals_join_32_selected_cells_and_all_three_phases) ... ok
test_foreign_external_engine_cannot_replace_original_runtime_bundle_authority (tests.test_publication_operational_execution_binding_v1.OperationalExecutionBindingTests.test_foreign_external_engine_cannot_replace_original_runtime_bundle_authority) ... ok
test_original_binding_drift_during_full_cold_validation_is_rejected (tests.test_publication_operational_execution_binding_v1.OperationalExecutionBindingTests.test_original_binding_drift_during_full_cold_validation_is_rejected) ... ok
test_original_validator_ancestor_alias_after_return_is_rejected (tests.test_publication_operational_execution_binding_v1.OperationalExecutionBindingTests.test_original_validator_ancestor_alias_after_return_is_rejected) ... ok
test_original_validator_empty_output_witness_is_held (tests.test_publication_operational_execution_binding_v1.OperationalExecutionBindingTests.test_original_validator_empty_output_witness_is_held) ... ok
test_original_validator_external_engine_witness_is_held (tests.test_publication_operational_execution_binding_v1.OperationalExecutionBindingTests.test_original_validator_external_engine_witness_is_held) ... ok
test_original_validator_leaf_drift_after_validator_return_is_rejected (tests.test_publication_operational_execution_binding_v1.OperationalExecutionBindingTests.test_original_validator_leaf_drift_after_validator_return_is_rejected) ... ok
test_original_validator_malformed_epoch_is_rejected (tests.test_publication_operational_execution_binding_v1.OperationalExecutionBindingTests.test_original_validator_malformed_epoch_is_rejected) ... ok
test_physically_resealed_runtime_bundle_cannot_detach_original_capture_or_authority (tests.test_publication_operational_execution_binding_v1.OperationalExecutionBindingTests.test_physically_resealed_runtime_bundle_cannot_detach_original_capture_or_authority) ... ok
test_resealed_equal_count_original_operation_substitution_is_rejected (tests.test_publication_operational_execution_binding_v1.OperationalExecutionBindingTests.test_resealed_equal_count_original_operation_substitution_is_rejected) ... ok
test_same_bytes_original_binding_replacement_is_not_held_custody (tests.test_publication_operational_execution_binding_v1.OperationalExecutionBindingTests.test_same_bytes_original_binding_replacement_is_not_held_custody) ... ok
test_same_bytes_original_validator_leaf_replacement_is_rejected (tests.test_publication_operational_execution_binding_v1.OperationalExecutionBindingTests.test_same_bytes_original_validator_leaf_replacement_is_rejected) ... ok
test_same_count_32_cell_workload_substitution_is_rejected (tests.test_publication_operational_execution_binding_v1.OperationalExecutionBindingTests.test_same_count_32_cell_workload_substitution_is_rejected) ... ok
test_same_count_foreign_preprocessing_candidate_cannot_supply_original_authority (tests.test_publication_operational_execution_binding_v1.OperationalExecutionBindingTests.test_same_count_foreign_preprocessing_candidate_cannot_supply_original_authority) ... ok
test_source_mutation_after_stock_observation_prevents_any_capture_index (tests.test_publication_operational_stock_operations_v1.PhysicalStockOperationPlanningSeamTests.test_source_mutation_after_stock_observation_prevents_any_capture_index) ... ok
test_stock_37_source_equations_are_physically_pinned_with_exact_final_reservations (tests.test_publication_operational_stock_operations_v1.PhysicalStockOperationPlanningSeamTests.test_stock_37_source_equations_are_physically_pinned_with_exact_final_reservations) ... ok
test_stock_native_pair_selection_preserves_two_distinct_contexts_and_mode (tests.test_publication_operational_stock_operations_v1.PhysicalStockOperationPlanningSeamTests.test_stock_native_pair_selection_preserves_two_distinct_contexts_and_mode) ... ok
test_incomplete_or_substituted_stock_source_never_generates_a_context (tests.test_publication_operational_stock_operations_v1.StockOperationPlanningTests.test_incomplete_or_substituted_stock_source_never_generates_a_context) ... ok
test_native_ids_follow_actual_branch_and_graph_processes_for_both_codecs (tests.test_publication_operational_stock_operations_v1.StockOperationPlanningTests.test_native_ids_follow_actual_branch_and_graph_processes_for_both_codecs) ... ok
test_sdk_front_worker_uses_actual_binding_capability_for_each_route (tests.test_publication_operational_stock_operations_v1.StockOperationPlanningTests.test_sdk_front_worker_uses_actual_binding_capability_for_each_route) ... ok
test_actual_closure_freezes_the_shared_wall_clock_with_its_clients (tests.test_publication_policy_qualification_execution_code_closure_v1.QualificationExecutionCodeClosureV1Tests.test_actual_closure_freezes_the_shared_wall_clock_with_its_clients) ... ok
test_builder_recursively_freezes_exact_project_sources_and_interpreter (tests.test_publication_policy_qualification_execution_code_closure_v1.QualificationExecutionCodeClosureV1Tests.test_builder_recursively_freezes_exact_project_sources_and_interpreter) ... ok
test_loaded_project_module_escape_is_rejected (tests.test_publication_policy_qualification_execution_code_closure_v1.QualificationExecutionCodeClosureV1Tests.test_loaded_project_module_escape_is_rejected) ... ok
test_loader_rejects_mutate_restore_snapshot_drift (tests.test_publication_policy_qualification_execution_code_closure_v1.QualificationExecutionCodeClosureV1Tests.test_loader_rejects_mutate_restore_snapshot_drift) ... ok
test_all_runtime_validators_accept_the_same_guardian_closure (tests.test_publication_runtime_source_closure_guardian_v1.PublicationRuntimeSourceClosureGuardianV1Tests.test_all_runtime_validators_accept_the_same_guardian_closure) ... ok
test_all_runtime_validators_reject_the_same_missing_guardian_closure (tests.test_publication_runtime_source_closure_guardian_v1.PublicationRuntimeSourceClosureGuardianV1Tests.test_all_runtime_validators_reject_the_same_missing_guardian_closure) ... ok
test_collector_is_disabled_until_v2_scope_is_accepted (tests.test_run_experiments_full_resource.RunExperimentsFullResourceTests.test_collector_is_disabled_until_v2_scope_is_accepted) ... ok
test_exception_before_last_commit_never_creates_accepted_arm (tests.test_run_experiments_full_resource.RunExperimentsFullResourceTests.test_exception_before_last_commit_never_creates_accepted_arm) ... ok
test_finalization_fails_closed_without_started_and_closed_collector (tests.test_run_experiments_full_resource.RunExperimentsFullResourceTests.test_finalization_fails_closed_without_started_and_closed_collector) ... ok
test_finalization_rejects_alive_collector_and_non_checkpoint_scope (tests.test_run_experiments_full_resource.RunExperimentsFullResourceTests.test_finalization_rejects_alive_collector_and_non_checkpoint_scope) ... ok
test_finalization_uses_authoritative_resource_summary_not_stale_candidate (tests.test_run_experiments_full_resource.RunExperimentsFullResourceTests.test_finalization_uses_authoritative_resource_summary_not_stale_candidate) ... ok
test_non_full_resource_run_never_calls_finalizer (tests.test_run_experiments_full_resource.RunExperimentsFullResourceTests.test_non_full_resource_run_never_calls_finalizer) ... ok
test_process_kill_after_durable_metadata_cannot_leave_accepted_arm (tests.test_run_experiments_full_resource.RunExperimentsFullResourceTests.test_process_kill_after_durable_metadata_cannot_leave_accepted_arm) ... ok
test_summary_schema_exposes_article_ready_v2_resource_metrics (tests.test_run_experiments_full_resource.RunExperimentsFullResourceTests.test_summary_schema_exposes_article_ready_v2_resource_metrics) ... ok
test_verified_full_resource_path_explicitly_defers_child_acceptance (tests.test_run_experiments_full_resource.RunExperimentsFullResourceTests.test_verified_full_resource_path_explicitly_defers_child_acceptance) ... ok
test_verified_pre_run_grant_binds_collector_while_post_run_config_is_false (tests.test_run_experiments_full_resource.RunExperimentsFullResourceTests.test_verified_pre_run_grant_binds_collector_while_post_run_config_is_false) ... ok
test_full_resource_resume_rejects_candidate_without_final_acceptance (tests.test_run_experiments_resume.RunExperimentsResumeTests.test_full_resource_resume_rejects_candidate_without_final_acceptance) ... ok
test_load_resumable_result_accepts_matching_completed_metadata (tests.test_run_experiments_resume.RunExperimentsResumeTests.test_load_resumable_result_accepts_matching_completed_metadata) ... ok
test_load_resumable_result_rejects_incompatible_metadata (tests.test_run_experiments_resume.RunExperimentsResumeTests.test_load_resumable_result_rejects_incompatible_metadata) ... ok
test_load_resumable_result_rejects_pair_metadata_outside_benchmark (tests.test_run_experiments_resume.RunExperimentsResumeTests.test_load_resumable_result_rejects_pair_metadata_outside_benchmark) ... ok
test_load_resumable_result_rejects_scenario_or_dataset_contract_drift (tests.test_run_experiments_resume.RunExperimentsResumeTests.test_load_resumable_result_rejects_scenario_or_dataset_contract_drift) ... ok
test_load_resumable_result_rejects_stale_summary_schema (tests.test_run_experiments_resume.RunExperimentsResumeTests.test_load_resumable_result_rejects_stale_summary_schema) ... ok
test_load_resumable_result_rejects_top_level_mode_drift (tests.test_run_experiments_resume.RunExperimentsResumeTests.test_load_resumable_result_rejects_top_level_mode_drift) ... ok
test_run_directory_matches_canonical_layout (tests.test_run_experiments_resume.RunExperimentsResumeTests.test_run_directory_matches_canonical_layout) ... ok
test_exact_six_and_twenty_four_worker_mux_notices_allow_interleaving (tests.test_savant_native_stdio_contract_v3.SavantNativeStdioContractV3Tests.test_exact_six_and_twenty_four_worker_mux_notices_allow_interleaving) ... ok
test_native_stdio_rejects_missing_extra_changed_and_unexpected_output (tests.test_savant_native_stdio_contract_v3.SavantNativeStdioContractV3Tests.test_native_stdio_rejects_missing_extra_changed_and_unexpected_output) ... ok
test_worker_entrypoint_keeps_failure_on_stderr (tests.test_savant_native_stdio_contract_v3.SavantNativeStdioContractV3Tests.test_worker_entrypoint_keeps_failure_on_stderr) ... FAIL
test_worker_entrypoint_preserves_receipt_without_duplicate_stdout (tests.test_savant_native_stdio_contract_v3.SavantNativeStdioContractV3Tests.test_worker_entrypoint_preserves_receipt_without_duplicate_stdout) ... FAIL
test_concrete_observations_remain_available_for_audit (tests.test_savant_stage_geometry_contract_v3.SavantStageGeometryContractTests.test_concrete_observations_remain_available_for_audit) ... ok
test_heterogeneous_sources_have_same_identity_geometry_contract (tests.test_savant_stage_geometry_contract_v3.SavantStageGeometryContractTests.test_heterogeneous_sources_have_same_identity_geometry_contract) ... ok
test_non_geometry_caps_difference_still_blocks_reuse (tests.test_savant_stage_geometry_contract_v3.SavantStageGeometryContractTests.test_non_geometry_caps_difference_still_blocks_reuse) ... ok
test_unexpected_resize_rejected_at_observation (tests.test_savant_stage_geometry_contract_v3.SavantStageGeometryContractTests.test_unexpected_resize_rejected_at_observation) ... ok
test_concurrent_worker_entrypoints_preserve_fragmented_native_notices (tests.test_savant_worker_stdout_atomicity.SavantWorkerStdoutAtomicityTests.test_concurrent_worker_entrypoints_preserve_fragmented_native_notices) ... FAIL
test_failure_keeps_captured_bytes_and_restores_stdout (tests.test_savant_worker_stdout_atomicity.SavantWorkerStdoutAtomicityTests.test_failure_keeps_captured_bytes_and_restores_stdout) ... ok
test_native_c_buffer_is_flushed_before_restoring_stdout (tests.test_savant_worker_stdout_atomicity.SavantWorkerStdoutAtomicityTests.test_native_c_buffer_is_flushed_before_restoring_stdout) ... ok
test_oversized_stdout_fails_instead_of_forwarding_truncated_success (tests.test_savant_worker_stdout_atomicity.SavantWorkerStdoutAtomicityTests.test_oversized_stdout_fails_instead_of_forwarding_truncated_success) ... ok
test_unexpected_bytes_are_preserved_for_strict_validator_rejection (tests.test_savant_worker_stdout_atomicity.SavantWorkerStdoutAtomicityTests.test_unexpected_bytes_are_preserved_for_strict_validator_rejection) ... ok
test_benchmark_all_selects_supported_local_checkpoint_scenarios (tests.test_scenario_planning.ScenarioPlanningTests.test_benchmark_all_selects_supported_local_checkpoint_scenarios) ... ok
test_benchmark_runner_fails_closed_on_hardware_mismatch (tests.test_scenario_planning.ScenarioPlanningTests.test_benchmark_runner_fails_closed_on_hardware_mismatch) ... ok
test_builtin_strict_local_template_dry_run_commands (tests.test_scenario_planning.ScenarioPlanningTests.test_builtin_strict_local_template_dry_run_commands) ... ok
test_builtin_strict_systems_build_role_steps (tests.test_scenario_planning.ScenarioPlanningTests.test_builtin_strict_systems_build_role_steps) ... ok
test_builtin_strict_template_dry_run_commands (tests.test_scenario_planning.ScenarioPlanningTests.test_builtin_strict_template_dry_run_commands) ... ok
test_builtin_templates_dispatch_multistage_local_and_distributed_profiles (tests.test_scenario_planning.ScenarioPlanningTests.test_builtin_templates_dispatch_multistage_local_and_distributed_profiles) ... ok
test_checkpoint_adapter_requires_declared_topology_after_status_is_enabled (tests.test_scenario_planning.ScenarioPlanningTests.test_checkpoint_adapter_requires_declared_topology_after_status_is_enabled) ... ok
test_checkpoint_dataset_requires_resolved_matching_routing (tests.test_scenario_planning.ScenarioPlanningTests.test_checkpoint_dataset_requires_resolved_matching_routing) ... ok
test_checkpoint_profiles_share_workload_and_deadlines (tests.test_scenario_planning.ScenarioPlanningTests.test_checkpoint_profiles_share_workload_and_deadlines) ... ok
test_checkpoint_shared_scenario_uses_real_kpp_schema (tests.test_scenario_planning.ScenarioPlanningTests.test_checkpoint_shared_scenario_uses_real_kpp_schema) ... ok
test_checkpoint_shell_routes_only_local_gstreamer_to_publication_runtime (tests.test_scenario_planning.ScenarioPlanningTests.test_checkpoint_shell_routes_only_local_gstreamer_to_publication_runtime) ... ok
test_custom_cpp_uses_per_stream_frame_ids_for_distributed_preroll (tests.test_scenario_planning.ScenarioPlanningTests.test_custom_cpp_uses_per_stream_frame_ids_for_distributed_preroll) ... ok
test_custom_cuda_app_uses_monotonic_telemetry_timestamps (tests.test_scenario_planning.ScenarioPlanningTests.test_custom_cuda_app_uses_monotonic_telemetry_timestamps) ... ok
test_custom_gstreamer_template_prepends_project_plugin_path (tests.test_scenario_planning.ScenarioPlanningTests.test_custom_gstreamer_template_prepends_project_plugin_path) ... ok
test_custom_signal_adapter_is_rejected_as_publishable_benchmark (tests.test_scenario_planning.ScenarioPlanningTests.test_custom_signal_adapter_is_rejected_as_publishable_benchmark) ... ok
test_custom_signal_shell_adapter_rejects_benchmark_mode (tests.test_scenario_planning.ScenarioPlanningTests.test_custom_signal_shell_adapter_rejects_benchmark_mode) ... ok
test_deepstream_native_probe_uses_nvstreammux_topology (tests.test_scenario_planning.ScenarioPlanningTests.test_deepstream_native_probe_uses_nvstreammux_topology) ... ok
test_default_benchmark_matrix_excludes_diagnostic_signal_adapter (tests.test_scenario_planning.ScenarioPlanningTests.test_default_benchmark_matrix_excludes_diagnostic_signal_adapter) ... ok
test_distributed_edge_preroll_keeps_rtp_producer_alive_for_cold_workers (tests.test_scenario_planning.ScenarioPlanningTests.test_distributed_edge_preroll_keeps_rtp_producer_alive_for_cold_workers) ... ok
test_distributed_plan_maps_roles_to_hosts (tests.test_scenario_planning.ScenarioPlanningTests.test_distributed_plan_maps_roles_to_hosts) ... ok
test_dlstreamer_installer_prefers_clean_docker_fallback (tests.test_scenario_planning.ScenarioPlanningTests.test_dlstreamer_installer_prefers_clean_docker_fallback) ... ok
test_explicit_checkpoint_benchmark_request_is_selectable (tests.test_scenario_planning.ScenarioPlanningTests.test_explicit_checkpoint_benchmark_request_is_selectable) ... ok
test_explicit_diagnostic_signal_benchmark_request_fails (tests.test_scenario_planning.ScenarioPlanningTests.test_explicit_diagnostic_signal_benchmark_request_fails) ... ok
test_formal_aw_heft_reference_assessment_fails_closed_on_hash_or_binding_drift (tests.test_scenario_planning.ScenarioPlanningTests.test_formal_aw_heft_reference_assessment_fails_closed_on_hash_or_binding_drift) ... ok
test_gstreamer_custom_plugin_is_bundled (tests.test_scenario_planning.ScenarioPlanningTests.test_gstreamer_custom_plugin_is_bundled) ... ok
test_hardware_target_assessment_requires_cpu_gpu_and_ram_match (tests.test_scenario_planning.ScenarioPlanningTests.test_hardware_target_assessment_requires_cpu_gpu_and_ram_match) ... ok
test_heterogeneous_context_forces_distributed_env_off (tests.test_scenario_planning.ScenarioPlanningTests.test_heterogeneous_context_forces_distributed_env_off) ... ok
test_independent_baseline_repeats_common_stages_per_branch (tests.test_scenario_planning.ScenarioPlanningTests.test_independent_baseline_repeats_common_stages_per_branch) ... ok
test_kpp_codec_manifests_are_six_replicas_of_two_recordings (tests.test_scenario_planning.ScenarioPlanningTests.test_kpp_codec_manifests_are_six_replicas_of_two_recordings) ... ok
test_native_probe_builds_dynamic_stage_probes (tests.test_scenario_planning.ScenarioPlanningTests.test_native_probe_builds_dynamic_stage_probes) ... ok
test_native_probe_dockerfiles_compile_only_the_probe_sources (tests.test_scenario_planning.ScenarioPlanningTests.test_native_probe_dockerfiles_compile_only_the_probe_sources) ... ok
test_native_probe_handles_rtp_payload_buffer_lists (tests.test_scenario_planning.ScenarioPlanningTests.test_native_probe_handles_rtp_payload_buffer_lists) ... ok
test_native_probe_measurement_timer_starts_on_first_frame_event (tests.test_scenario_planning.ScenarioPlanningTests.test_native_probe_measurement_timer_starts_on_first_frame_event) ... ok
test_native_probe_receives_configured_dataset_streams (tests.test_scenario_planning.ScenarioPlanningTests.test_native_probe_receives_configured_dataset_streams) ... ok
test_native_probe_sets_string_properties_after_parse_launch (tests.test_scenario_planning.ScenarioPlanningTests.test_native_probe_sets_string_properties_after_parse_launch) ... ok
test_native_probe_stops_before_flushing_telemetry (tests.test_scenario_planning.ScenarioPlanningTests.test_native_probe_stops_before_flushing_telemetry) ... ok
test_openvino_container_fallback_uses_short_finite_input_chunks (tests.test_scenario_planning.ScenarioPlanningTests.test_openvino_container_fallback_uses_short_finite_input_chunks) ... ok
test_openvino_host_fallback_validates_runtime_model_load (tests.test_scenario_planning.ScenarioPlanningTests.test_openvino_host_fallback_validates_runtime_model_load) ... ok
test_openvino_local_template_can_force_container_runtime (tests.test_scenario_planning.ScenarioPlanningTests.test_openvino_local_template_can_force_container_runtime) ... ok
test_primary_architecture_contrast_is_fully_preregistered (tests.test_scenario_planning.ScenarioPlanningTests.test_primary_architecture_contrast_is_fully_preregistered) ... ok
test_primary_architecture_contrast_rejects_coordinate_drift (tests.test_scenario_planning.ScenarioPlanningTests.test_primary_architecture_contrast_rejects_coordinate_drift) ... ok
test_primary_architecture_execution_cells_preserve_frozen_order (tests.test_scenario_planning.ScenarioPlanningTests.test_primary_architecture_execution_cells_preserve_frozen_order) ... ok
test_primary_architecture_executor_invokes_frozen_order (tests.test_scenario_planning.ScenarioPlanningTests.test_primary_architecture_executor_invokes_frozen_order) ... ok
test_primary_architecture_pair_metadata_rejects_order_drift (tests.test_scenario_planning.ScenarioPlanningTests.test_primary_architecture_pair_metadata_rejects_order_drift) ... ok
test_primary_architecture_plan_cli_reports_runtime_ready (tests.test_scenario_planning.ScenarioPlanningTests.test_primary_architecture_plan_cli_reports_runtime_ready) ... ok
test_primary_architecture_resume_requires_contiguous_prefix (tests.test_scenario_planning.ScenarioPlanningTests.test_primary_architecture_resume_requires_contiguous_prefix) ... ok
test_primary_architecture_run_cli_rejects_matrix_overrides (tests.test_scenario_planning.ScenarioPlanningTests.test_primary_architecture_run_cli_rejects_matrix_overrides) ... ok
test_primary_architecture_run_cli_rejects_seed_drift_before_output_creation (tests.test_scenario_planning.ScenarioPlanningTests.test_primary_architecture_run_cli_rejects_seed_drift_before_output_creation) ... ok
test_primary_architecture_runtime_plan_preserves_counterbalanced_pairs (tests.test_scenario_planning.ScenarioPlanningTests.test_primary_architecture_runtime_plan_preserves_counterbalanced_pairs) ... ok
test_primary_policy_ablation_is_fully_preregistered_but_not_active (tests.test_scenario_planning.ScenarioPlanningTests.test_primary_policy_ablation_is_fully_preregistered_but_not_active) ... ok
test_primary_policy_ablation_rejects_preregistered_design_drift (tests.test_scenario_planning.ScenarioPlanningTests.test_primary_policy_ablation_rejects_preregistered_design_drift) ... ok
test_primary_policy_pair_metadata_rejects_order_drift (tests.test_scenario_planning.ScenarioPlanningTests.test_primary_policy_pair_metadata_rejects_order_drift) ... ok
test_primary_policy_plan_cli_reports_blocker_without_running_matrix (tests.test_scenario_planning.ScenarioPlanningTests.test_primary_policy_plan_cli_reports_blocker_without_running_matrix) ... ok
test_primary_policy_runtime_plan_freezes_order_but_disables_execution (tests.test_scenario_planning.ScenarioPlanningTests.test_primary_policy_runtime_plan_freezes_order_but_disables_execution) ... ok
test_publication_report_accepts_supported_checkpoint_scenarios (tests.test_scenario_planning.ScenarioPlanningTests.test_publication_report_accepts_supported_checkpoint_scenarios) ... ok
test_resource_interval_extension_is_verified_but_not_publication_bound (tests.test_scenario_planning.ScenarioPlanningTests.test_resource_interval_extension_is_verified_but_not_publication_bound) ... ok
test_runner_binds_project_root_before_long_lived_docker_execution (tests.test_scenario_planning.ScenarioPlanningTests.test_runner_binds_project_root_before_long_lived_docker_execution) ... ok
test_savant_local_template_preserves_benchmark_dataset_paths (tests.test_scenario_planning.ScenarioPlanningTests.test_savant_local_template_preserves_benchmark_dataset_paths) ... ok
test_savant_local_template_waits_for_native_rows_before_measurement (tests.test_scenario_planning.ScenarioPlanningTests.test_savant_local_template_waits_for_native_rows_before_measurement) ... ok
test_savant_local_timeout_allows_prewarm_and_shutdown (tests.test_scenario_planning.ScenarioPlanningTests.test_savant_local_timeout_allows_prewarm_and_shutdown) ... ok
test_single_server_distributed_uses_localhost_without_sync (tests.test_scenario_planning.ScenarioPlanningTests.test_single_server_distributed_uses_localhost_without_sync) ... ok
test_single_server_preflight_records_loopback_metrics (tests.test_scenario_planning.ScenarioPlanningTests.test_single_server_preflight_records_loopback_metrics) ... ok
test_strict_adapter_accepts_checkpoint_local_and_distributed_fixture (tests.test_scenario_planning.ScenarioPlanningTests.test_strict_adapter_accepts_checkpoint_local_and_distributed_fixture) ... ok
test_strict_adapter_binds_checkpoint_publication_to_gstreamer_custom (tests.test_scenario_planning.ScenarioPlanningTests.test_strict_adapter_binds_checkpoint_publication_to_gstreamer_custom) ... ok
test_strict_adapter_rejects_unknown_distributed_role (tests.test_scenario_planning.ScenarioPlanningTests.test_strict_adapter_rejects_unknown_distributed_role) ... ok
test_summary_csv_serializes_pairing_passport_and_reset_fields (tests.test_scenario_planning.ScenarioPlanningTests.test_summary_csv_serializes_pairing_passport_and_reset_fields) ... ok
test_summary_schema_accepts_incomplete_noncompleted_rows (tests.test_scenario_planning.ScenarioPlanningTests.test_summary_schema_accepts_incomplete_noncompleted_rows) ... ok
test_summary_schema_allows_smoke_completed_row_without_proof_fields (tests.test_scenario_planning.ScenarioPlanningTests.test_summary_schema_allows_smoke_completed_row_without_proof_fields) ... ok
test_summary_schema_rejects_non_native_benchmark_completed_row (tests.test_scenario_planning.ScenarioPlanningTests.test_summary_schema_rejects_non_native_benchmark_completed_row) ... ok
test_summary_schema_rejects_unexpected_key_before_opening_file (tests.test_scenario_planning.ScenarioPlanningTests.test_summary_schema_rejects_unexpected_key_before_opening_file) ... ok
test_summary_schema_requires_every_proof_field_for_native_completed_row (tests.test_scenario_planning.ScenarioPlanningTests.test_summary_schema_requires_every_proof_field_for_native_completed_row) ... ok
test_template_rejects_stale_native_probe_images (tests.test_scenario_planning.ScenarioPlanningTests.test_template_rejects_stale_native_probe_images) ... ok
test_workload_seed_is_independent_of_system (tests.test_scenario_planning.ScenarioPlanningTests.test_workload_seed_is_independent_of_system) ... ok
test_auto_scenario_groups_use_local_and_single_server_dispatch (tests.test_strict_validation.StrictValidationAutomationTests.test_auto_scenario_groups_use_local_and_single_server_dispatch) ... ok
test_clear_runtime_artifacts_keeps_dataset_assets (tests.test_strict_validation.StrictValidationAutomationTests.test_clear_runtime_artifacts_keeps_dataset_assets) ... ok
test_completed_systems_detects_all_requested_repeats (tests.test_strict_validation.StrictValidationAutomationTests.test_completed_systems_detects_all_requested_repeats) ... ok
test_expand_all_policies_from_config (tests.test_strict_validation.StrictValidationAutomationTests.test_expand_all_policies_from_config) ... ok
test_guard_rejects_paths_outside_repo (tests.test_strict_validation.StrictValidationAutomationTests.test_guard_rejects_paths_outside_repo) ... ok
test_openvino_chunk_cleanup_rejects_symlink_alias (tests.test_strict_validation.StrictValidationAutomationTests.test_openvino_chunk_cleanup_rejects_symlink_alias) ... ok
test_openvino_chunk_cleanup_requires_exact_owned_marker (tests.test_strict_validation.StrictValidationAutomationTests.test_openvino_chunk_cleanup_requires_exact_owned_marker) ... ok
test_openvino_chunk_command_isolates_one_stream (tests.test_strict_validation.StrictValidationAutomationTests.test_openvino_chunk_command_isolates_one_stream) ... ok
test_openvino_chunk_merge_rejects_empty_surplus_raw_field (tests.test_strict_validation.StrictValidationAutomationTests.test_openvino_chunk_merge_rejects_empty_surplus_raw_field) ... ok
test_openvino_chunk_merge_rejects_malformed_raw_rows (tests.test_strict_validation.StrictValidationAutomationTests.test_openvino_chunk_merge_rejects_malformed_raw_rows) ... ok
test_openvino_chunk_merge_rewrites_stream_identity (tests.test_strict_validation.StrictValidationAutomationTests.test_openvino_chunk_merge_rewrites_stream_identity) ... ok
test_openvino_chunk_output_is_confined_to_runs_namespace (tests.test_strict_validation.StrictValidationAutomationTests.test_openvino_chunk_output_is_confined_to_runs_namespace) ... ok
test_openvino_chunk_sources_cycle_when_scenario_has_more_streams_than_clips (tests.test_strict_validation.StrictValidationAutomationTests.test_openvino_chunk_sources_cycle_when_scenario_has_more_streams_than_clips) ... ok
test_run_experiments_command_is_strict_local_benchmark (tests.test_strict_validation.StrictValidationAutomationTests.test_run_experiments_command_is_strict_local_benchmark) ... ok
test_run_validation_all_dry_run_dispatches_local_and_single_server_profiles (tests.test_strict_validation.StrictValidationAutomationTests.test_run_validation_all_dry_run_dispatches_local_and_single_server_profiles) ... ok
test_run_validation_dry_run_plan_reaches_benchmark_command (tests.test_strict_validation.StrictValidationAutomationTests.test_run_validation_dry_run_plan_reaches_benchmark_command) ... ok
test_runtime_artifact_paths_are_constrained (tests.test_strict_validation.StrictValidationAutomationTests.test_runtime_artifact_paths_are_constrained) ... ok
test_runtime_artifact_paths_reject_arbitrary_repository_subtrees (tests.test_strict_validation.StrictValidationAutomationTests.test_runtime_artifact_paths_reject_arbitrary_repository_subtrees) ... ok
test_scenario_completed_requires_every_variant_stream_and_repeat (tests.test_strict_validation.StrictValidationAutomationTests.test_scenario_completed_requires_every_variant_stream_and_repeat) ... ok
test_validation_environment_sets_savant_defaults_without_overriding (tests.test_strict_validation.StrictValidationAutomationTests.test_validation_environment_sets_savant_defaults_without_overriding) ... ok
test_analytics_index_and_detail (tests.test_vast_gui.VastGuiTests.test_analytics_index_and_detail) ... ok
test_api_get_config_and_mocked_dry_run (tests.test_vast_gui.VastGuiTests.test_api_get_config_and_mocked_dry_run) ... [vast-gui] "GET /api/config HTTP/1.1" 200 -
[vast-gui] "POST /api/runs/dry-run HTTP/1.1" 200 -
ok
test_build_run_command_includes_profile_fields_and_env (tests.test_vast_gui.VastGuiTests.test_build_run_command_includes_profile_fields_and_env) ... ok
test_invalid_command_template_is_rejected (tests.test_vast_gui.VastGuiTests.test_invalid_command_template_is_rejected) ... ok
test_load_config_creates_hosts_from_example (tests.test_vast_gui.VastGuiTests.test_load_config_creates_hosts_from_example) ... ok
test_save_config_validates_and_creates_backup (tests.test_vast_gui.VastGuiTests.test_save_config_validates_and_creates_backup) ... ok
test_summary_defaults_keep_causal_gate_separate (tests.test_vast_gui.VastGuiTests.test_summary_defaults_keep_causal_gate_separate) ... ok

======================================================================
ERROR: test_exact_materialized_image_evidence_and_qualification_fragment (tests.test_checkpoint_deepstream_runtime_image_evidence_v1.DeepStreamRuntimeImageEvidenceV1Tests.test_exact_materialized_image_evidence_and_qualification_fragment)
----------------------------------------------------------------------
Traceback (most recent call last):
  File "/mnt/c/Users/s-a-balashov/.codex/worktrees/qfb-clock/VAST/tests/test_checkpoint_deepstream_runtime_image_evidence_v1.py", line 60, in test_exact_materialized_image_evidence_and_qualification_fragment
    evidence = json.loads(EVIDENCE.read_text(encoding="utf-8"))
                          ^^^^^^^^^^^^^^^^^^^^^^^^^^^^^^^^^^^^
  File "/usr/lib/python3.12/pathlib.py", line 1029, in read_text
    with self.open(mode='r', encoding=encoding, errors=errors) as f:
         ^^^^^^^^^^^^^^^^^^^^^^^^^^^^^^^^^^^^^^^^^^^^^^^^^^^^^
  File "/usr/lib/python3.12/pathlib.py", line 1015, in open
    return io.open(self, mode, buffering, encoding, errors, newline)
           ^^^^^^^^^^^^^^^^^^^^^^^^^^^^^^^^^^^^^^^^^^^^^^^^^^^^^^^^^
FileNotFoundError: [Errno 2] No such file or directory: '/mnt/c/Users/s-a-balashov/.codex/worktrees/qfb-clock/VAST/artifacts/deepstream_publication_v3/runtime_image_evidence.v1.json'

======================================================================
FAIL: test_worker_entrypoint_keeps_failure_on_stderr (tests.test_savant_native_stdio_contract_v3.SavantNativeStdioContractV3Tests.test_worker_entrypoint_keeps_failure_on_stderr)
----------------------------------------------------------------------
Traceback (most recent call last):
  File "/mnt/c/Users/s-a-balashov/.codex/worktrees/qfb-clock/VAST/tests/test_savant_native_stdio_contract_v3.py", line 90, in test_worker_entrypoint_keeps_failure_on_stderr
    self.assertEqual(stderr.getvalue(), 'native callback failed\n')
AssertionError: 'native callback failed\n[savant-sdk-runtime][wall-clock] max_clamp_ns=0\n' != 'native callback failed\n'
  native callback failed
- [savant-sdk-runtime][wall-clock] max_clamp_ns=0


======================================================================
FAIL: test_worker_entrypoint_preserves_receipt_without_duplicate_stdout (tests.test_savant_native_stdio_contract_v3.SavantNativeStdioContractV3Tests.test_worker_entrypoint_preserves_receipt_without_duplicate_stdout)
----------------------------------------------------------------------
Traceback (most recent call last):
  File "/mnt/c/Users/s-a-balashov/.codex/worktrees/qfb-clock/VAST/tests/test_savant_native_stdio_contract_v3.py", line 81, in test_worker_entrypoint_preserves_receipt_without_duplicate_stdout
    self.assertEqual(stderr.getvalue(), '')
AssertionError: '[savant-sdk-runtime][wall-clock] max_clamp_ns=0\n' != ''
- [savant-sdk-runtime][wall-clock] max_clamp_ns=0


======================================================================
FAIL: test_concurrent_worker_entrypoints_preserve_fragmented_native_notices (tests.test_savant_worker_stdout_atomicity.SavantWorkerStdoutAtomicityTests.test_concurrent_worker_entrypoints_preserve_fragmented_native_notices)
----------------------------------------------------------------------
Traceback (most recent call last):
  File "/mnt/c/Users/s-a-balashov/.codex/worktrees/qfb-clock/VAST/tests/test_savant_worker_stdout_atomicity.py", line 54, in test_concurrent_worker_entrypoints_preserve_fragmented_native_notices
    self.assertEqual(result.stderr, b'')
AssertionError: b'[savant-sdk-runtime][wall-clock] max_clam[53 chars]=0\n' != b''

----------------------------------------------------------------------
Ran 817 tests in 276.757s

FAILED (failures=3, errors=1, skipped=2)
primary_architecture_claim_state=blocked_missing_required_pairs_or_gates
output_dir=/tmp/tmp2kewzc41/report
[hardware] detected GPU: unknown
[hardware] detected CPU: Apple M4 Max
[hardware] detected RAM: 64.0 GB
[warning] hardware target mismatch: detected_gpu_model_missing, cpu_model_mismatch, ram_gb_mismatch
[hardware] detected GPU: unknown
[hardware] detected CPU: Apple M4 Max
[hardware] detected RAM: 64.0 GB
[done-primary-architecture] step=1/20 scenario=checkpoint_independent_processes_baseline rep=1
[done-primary-architecture] step=2/20 scenario=checkpoint_video_dag_shared rep=1
[done-primary-architecture] step=3/20 scenario=checkpoint_video_dag_shared rep=2
[done-primary-architecture] step=4/20 scenario=checkpoint_independent_processes_baseline rep=2
[done-primary-architecture] step=5/20 scenario=checkpoint_independent_processes_baseline rep=3
[done-primary-architecture] step=6/20 scenario=checkpoint_video_dag_shared rep=3
[done-primary-architecture] step=7/20 scenario=checkpoint_video_dag_shared rep=4
[done-primary-architecture] step=8/20 scenario=checkpoint_independent_processes_baseline rep=4
[done-primary-architecture] step=9/20 scenario=checkpoint_independent_processes_baseline rep=5
[done-primary-architecture] step=10/20 scenario=checkpoint_video_dag_shared rep=5
[done-primary-architecture] step=11/20 scenario=checkpoint_video_dag_shared rep=6
[done-primary-architecture] step=12/20 scenario=checkpoint_independent_processes_baseline rep=6
[done-primary-architecture] step=13/20 scenario=checkpoint_independent_processes_baseline rep=7
[done-primary-architecture] step=14/20 scenario=checkpoint_video_dag_shared rep=7
[done-primary-architecture] step=15/20 scenario=checkpoint_video_dag_shared rep=8
[done-primary-architecture] step=16/20 scenario=checkpoint_independent_processes_baseline rep=8
[done-primary-architecture] step=17/20 scenario=checkpoint_independent_processes_baseline rep=9
[done-primary-architecture] step=18/20 scenario=checkpoint_video_dag_shared rep=9
[done-primary-architecture] step=19/20 scenario=checkpoint_video_dag_shared rep=10
[done-primary-architecture] step=20/20 scenario=checkpoint_independent_processes_baseline rep=10
[result] primary architecture summary saved to /tmp/tmpxccfx2by/20261007_022244/summary.csv
[strict-validation] removed /tmp/tmpj5zix0a_/repo/.cache/savant
[strict-validation] removed /tmp/tmpj5zix0a_/repo/runs/strict_validation

# Note: the run above exposed three existing Savant worker tests (test_savant_native_stdio_contract_v3 x2, test_savant_worker_stdout_atomicity x1) that asserted an empty or exact worker stderr. In production the worker stderr is piped by checkpoint_runtime.run_worker_processes (:1459-1466, stderr=PIPE) and never reaches native_children.stderr.log validated at checkpoint_savant_container_runtime_v3.py:365, so those tests now expect exactly one clamp line per worker exit (fresh process clock => max_clamp_ns=0); stdout and the strict validator input stay unchanged. The remaining error is the git-ignored artifacts/deepstream_publication_v3/runtime_image_evidence.v1.json absent from this worktree.

=== Task 2.6 amendment final (rerun): same set plus the Savant stdio tests; tests.test_checkpoint_deepstream_runtime_image_evidence_v1 excluded (needs git-ignored artifacts)
# base commit a6407710a22e5c2724dbaba4d85abf6c1b410e18; uncommitted:  M configs/experiments.yaml  M deploy/native_gst_probe/checkpoint_admission_transport.hpp  M deploy/native_gst_probe/checkpoint_source_coordinator.cpp  M deploy/native_gst_probe/vast_native_gst_probe.cpp  M scripts/checkpoint_deepstream_sdk_runtime.py  M scripts/checkpoint_savant_sdk_runtime_v3.py  M scripts/non_decreasing_wall_clock_v1.py  M tests/cpp/checkpoint_native_shutdown_test.cpp  M tests/cpp/checkpoint_source_lifecycle_test.cpp  M tests/test_checkpoint_deepstream_sdk_runtime.py  M tests/test_checkpoint_savant_sdk_runtime_v3.py  M tests/test_savant_native_stdio_contract_v3.py  M tests/test_savant_worker_stdout_atomicity.py 
$ cd /mnt/c/Users/s-a-balashov/.codex/worktrees/qfb-clock/VAST && /home/s-a-balashov/.local/state/vast/publication/runtime/full-publication-cp312-v1/bin/python -m unittest -v tests.test_benchmark_contract tests.test_checkpoint_analytics_execution_client_cpp tests.test_checkpoint_deepstream_container_runtime_v3 tests.test_checkpoint_deepstream_launcher tests.test_checkpoint_deepstream_protocol_adapter tests.test_checkpoint_deepstream_protocol_bridge tests.test_checkpoint_deepstream_publication_runtime_v3 tests.test_checkpoint_deepstream_qualification_fragment_v1 tests.test_checkpoint_deepstream_resource_runtime_v3 tests.test_checkpoint_deepstream_runtime tests.test_checkpoint_deepstream_runtime_source_closure_v3 tests.test_checkpoint_deepstream_sdk_runtime tests.test_checkpoint_deepstream_service_clock tests.test_checkpoint_external_execution_manifest tests.test_checkpoint_gstreamer_custom_runtime_source_closure_v3 tests.test_checkpoint_openvino_gva_publication_runtime_v3 tests.test_checkpoint_openvino_gva_runtime_source_closure_v3 tests.test_checkpoint_runtime tests.test_checkpoint_runtime_plan tests.test_checkpoint_savant_container_runtime_v3 tests.test_checkpoint_savant_ingress tests.test_checkpoint_savant_launcher tests.test_checkpoint_savant_native_identity_integration_v3 tests.test_checkpoint_savant_native_module tests.test_checkpoint_savant_protocol_bridge tests.test_checkpoint_savant_publication_image_v3 tests.test_checkpoint_savant_publication_runtime_v3 tests.test_checkpoint_savant_qualification_fragment_v3 tests.test_checkpoint_savant_runtime tests.test_checkpoint_savant_runtime_source_closure_v3 tests.test_checkpoint_savant_sdk_runtime_v3 tests.test_checkpoint_savant_stop_race tests.test_finite_study_static_names_v1 tests.test_full_publication_entrypoint tests.test_full_publication_runner tests.test_full_publication_wsl_user_service_v1 tests.test_full_resource_publication tests.test_legacy_wall_clock_static_gate_v1 tests.test_non_decreasing_wall_clock_v1 tests.test_publication_article_statistics_v1 tests.test_publication_gstreamer_component_inputs_v1 tests.test_publication_gstreamer_component_runtime_v1 tests.test_publication_guardian_operational_recorder_v1 tests.test_publication_matrix tests.test_publication_operational_boundary_v1 tests.test_publication_operational_capture_plan_v1 tests.test_publication_operational_execution_binding_v1 tests.test_publication_operational_stock_operations_v1 tests.test_publication_policy_qualification_execution_code_closure_v1 tests.test_publication_runtime_source_closure_guardian_v1 tests.test_run_experiments_full_resource tests.test_run_experiments_resume tests.test_savant_native_stdio_contract_v3 tests.test_savant_stage_geometry_contract_v3 tests.test_savant_worker_stdout_atomicity tests.test_scenario_planning tests.test_strict_validation tests.test_vast_gui
2026-10-06T23:23:55Z
test_adaptive_weights_requires_canonical_feedback_without_suffix_heuristic (tests.test_benchmark_contract.BenchmarkContractTests.test_adaptive_weights_requires_canonical_feedback_without_suffix_heuristic) ... ok
test_benchmark_rejects_extra_frame_event_fields (tests.test_benchmark_contract.BenchmarkContractTests.test_benchmark_rejects_extra_frame_event_fields) ... ok
test_benchmark_rejects_legacy_csv (tests.test_benchmark_contract.BenchmarkContractTests.test_benchmark_rejects_legacy_csv) ... ok
test_benchmark_rejects_malformed_frame_event_timestamps (tests.test_benchmark_contract.BenchmarkContractTests.test_benchmark_rejects_malformed_frame_event_timestamps) ... ok
test_benchmark_rejects_malformed_frame_timestamps (tests.test_benchmark_contract.BenchmarkContractTests.test_benchmark_rejects_malformed_frame_timestamps) ... ok
test_benchmark_rejects_missing_native_artifacts (tests.test_benchmark_contract.BenchmarkContractTests.test_benchmark_rejects_missing_native_artifacts) ... ok
test_benchmark_rejects_schema_v2_synthetic_csv (tests.test_benchmark_contract.BenchmarkContractTests.test_benchmark_rejects_schema_v2_synthetic_csv) ... ok
test_benchmark_requires_frame_event_contract (tests.test_benchmark_contract.BenchmarkContractTests.test_benchmark_requires_frame_event_contract) ... ok
test_branch_aware_passport_accepts_independent_mixed_and_all_prefix_intervals (tests.test_benchmark_contract.BenchmarkContractTests.test_branch_aware_passport_accepts_independent_mixed_and_all_prefix_intervals) ... ok
test_branch_aware_passport_accepts_shared_all_prefix_and_rejects_partial (tests.test_benchmark_contract.BenchmarkContractTests.test_branch_aware_passport_accepts_shared_all_prefix_and_rejects_partial) ... ok
test_branch_aware_passport_rejects_missing_fabricated_and_unlinked_intervals (tests.test_benchmark_contract.BenchmarkContractTests.test_branch_aware_passport_rejects_missing_fabricated_and_unlinked_intervals) ... ok
test_branch_terminals_close_completed_drop_and_censored_checkpoint_frames (tests.test_benchmark_contract.BenchmarkContractTests.test_branch_terminals_close_completed_drop_and_censored_checkpoint_frames) ... ok
test_branch_terminals_reject_missing_branch_inferred_drop_and_ambiguous_frame_aggregate (tests.test_benchmark_contract.BenchmarkContractTests.test_branch_terminals_reject_missing_branch_inferred_drop_and_ambiguous_frame_aggregate) ... ok
test_broad_report_runs_metadata_and_raw_preflight_before_outputs (tests.test_benchmark_contract.BenchmarkContractTests.test_broad_report_runs_metadata_and_raw_preflight_before_outputs) ... ok
test_causal_policy_trace_accepts_identical_epoch_timestamp_csv_json_ulp (tests.test_benchmark_contract.BenchmarkContractTests.test_causal_policy_trace_accepts_identical_epoch_timestamp_csv_json_ulp) ... ok
test_causal_policy_trace_links_terminal_feedback_to_first_consumer (tests.test_benchmark_contract.BenchmarkContractTests.test_causal_policy_trace_links_terminal_feedback_to_first_consumer) ... ok
test_causal_policy_trace_rejects_censored_feedback_update (tests.test_benchmark_contract.BenchmarkContractTests.test_causal_policy_trace_rejects_censored_feedback_update) ... ok
test_causal_policy_trace_rejects_future_feature_observation (tests.test_benchmark_contract.BenchmarkContractTests.test_causal_policy_trace_rejects_future_feature_observation) ... ok
test_causal_policy_trace_rejects_partial_column_group (tests.test_benchmark_contract.BenchmarkContractTests.test_causal_policy_trace_rejects_partial_column_group) ... ok
test_causal_policy_trace_rejects_post_completion_queue_snapshot (tests.test_benchmark_contract.BenchmarkContractTests.test_causal_policy_trace_rejects_post_completion_queue_snapshot) ... ok
test_completed_aggregate_join_may_follow_last_branch_terminal_but_not_precede_it (tests.test_benchmark_contract.BenchmarkContractTests.test_completed_aggregate_join_may_follow_last_branch_terminal_but_not_precede_it) ... ok
test_completed_proof_rows_require_consistent_run_metadata (tests.test_benchmark_contract.BenchmarkContractTests.test_completed_proof_rows_require_consistent_run_metadata) ... ok
test_completed_proof_rows_revalidate_raw_sidecars_and_summary_copy (tests.test_benchmark_contract.BenchmarkContractTests.test_completed_proof_rows_revalidate_raw_sidecars_and_summary_copy) ... ok
test_custom_cpp_policy_header_matches_current_contract (tests.test_benchmark_contract.BenchmarkContractTests.test_custom_cpp_policy_header_matches_current_contract) ... ok
test_dataset_manifest_identity_covers_logical_stream_contract (tests.test_benchmark_contract.BenchmarkContractTests.test_dataset_manifest_identity_covers_logical_stream_contract) ... ok
test_dataset_preflight_prints_byte_and_manifest_identities (tests.test_benchmark_contract.BenchmarkContractTests.test_dataset_preflight_prints_byte_and_manifest_identities) ... ok
test_decoder_placement_requires_allowed_nvdec_factory (tests.test_benchmark_contract.BenchmarkContractTests.test_decoder_placement_requires_allowed_nvdec_factory) ... ok
test_distributed_combine_rejects_truncated_event_rows (tests.test_benchmark_contract.BenchmarkContractTests.test_distributed_combine_rejects_truncated_event_rows) ... ok
test_full_policy_trace_accepts_replayable_update_payload (tests.test_benchmark_contract.BenchmarkContractTests.test_full_policy_trace_accepts_replayable_update_payload) ... ok
test_full_policy_trace_is_replayable (tests.test_benchmark_contract.BenchmarkContractTests.test_full_policy_trace_is_replayable) ... ok
test_full_policy_trace_rejects_gaps_in_update_sequence (tests.test_benchmark_contract.BenchmarkContractTests.test_full_policy_trace_rejects_gaps_in_update_sequence) ... ok
test_full_policy_trace_rejects_nonminimum_resource (tests.test_benchmark_contract.BenchmarkContractTests.test_full_policy_trace_rejects_nonminimum_resource) ... ok
test_full_policy_trace_rejects_update_without_sequence_increment (tests.test_benchmark_contract.BenchmarkContractTests.test_full_policy_trace_rejects_update_without_sequence_increment) ... ok
test_full_policy_trace_rejects_updates_for_frozen_policy (tests.test_benchmark_contract.BenchmarkContractTests.test_full_policy_trace_rejects_updates_for_frozen_policy) ... ok
test_full_policy_trace_requires_monotonic_update_sequence (tests.test_benchmark_contract.BenchmarkContractTests.test_full_policy_trace_requires_monotonic_update_sequence) ... ok
test_full_policy_trace_requires_selected_cost_consistency (tests.test_benchmark_contract.BenchmarkContractTests.test_full_policy_trace_requires_selected_cost_consistency) ... ok
test_full_policy_trace_requires_update_payload_when_sequence_advances (tests.test_benchmark_contract.BenchmarkContractTests.test_full_policy_trace_requires_update_payload_when_sequence_advances) ... ok
test_full_weighted_policy_trace_requires_all_resource_weights (tests.test_benchmark_contract.BenchmarkContractTests.test_full_weighted_policy_trace_requires_all_resource_weights) ... ok
test_ingress_ledger_bounds_schedule_selected_wall_clock_start_jitter (tests.test_benchmark_contract.BenchmarkContractTests.test_ingress_ledger_bounds_schedule_selected_wall_clock_start_jitter) ... ok
test_ingress_ledger_rejects_completed_frame_or_censoring_mismatch (tests.test_benchmark_contract.BenchmarkContractTests.test_ingress_ledger_rejects_completed_frame_or_censoring_mismatch) ... ok
test_ingress_ledger_rejects_derived_ingress_or_out_of_window_frame (tests.test_benchmark_contract.BenchmarkContractTests.test_ingress_ledger_rejects_derived_ingress_or_out_of_window_frame) ... ok
test_ingress_ledger_rejects_native_drop_counter_or_topology_identity_mismatch (tests.test_benchmark_contract.BenchmarkContractTests.test_ingress_ledger_rejects_native_drop_counter_or_topology_identity_mismatch) ... ok
test_kpp_real_avi_manifest_validates_real_files_and_fps_policy (tests.test_benchmark_contract.BenchmarkContractTests.test_kpp_real_avi_manifest_validates_real_files_and_fps_policy) ... skipped 'real KPP AVI files are not present'
test_legacy_sidecars_are_diagnostic_but_fail_strict_provenance (tests.test_benchmark_contract.BenchmarkContractTests.test_legacy_sidecars_are_diagnostic_but_fail_strict_provenance) ... ok
test_measurement_passport_accepts_nvdec_stage_elapsed_as_cpu_component (tests.test_benchmark_contract.BenchmarkContractTests.test_measurement_passport_accepts_nvdec_stage_elapsed_as_cpu_component) ... ok
test_measurement_passport_hashes_schedule_and_attributes_complete_prefix_work (tests.test_benchmark_contract.BenchmarkContractTests.test_measurement_passport_hashes_schedule_and_attributes_complete_prefix_work) ... ok
test_measurement_passport_rejects_duplicate_or_inconsistent_stage_intervals (tests.test_benchmark_contract.BenchmarkContractTests.test_measurement_passport_rejects_duplicate_or_inconsistent_stage_intervals) ... ok
test_measurement_passport_rejects_unattributed_or_incomplete_resource_work (tests.test_benchmark_contract.BenchmarkContractTests.test_measurement_passport_rejects_unattributed_or_incomplete_resource_work) ... ok
test_native_frames_and_events_are_accepted (tests.test_benchmark_contract.BenchmarkContractTests.test_native_frames_and_events_are_accepted) ... ok
test_native_full_policy_trace_is_not_overwritten_by_sidecar_fallback (tests.test_benchmark_contract.BenchmarkContractTests.test_native_full_policy_trace_is_not_overwritten_by_sidecar_fallback) ... ok
test_native_ingress_ledger_closes_completed_drop_and_censored_cohort (tests.test_benchmark_contract.BenchmarkContractTests.test_native_ingress_ledger_closes_completed_drop_and_censored_cohort) ... ok
test_native_reset_evidence_covers_processes_queues_origin_and_sink (tests.test_benchmark_contract.BenchmarkContractTests.test_native_reset_evidence_covers_processes_queues_origin_and_sink) ... ok
test_network_acceptance_gate (tests.test_benchmark_contract.BenchmarkContractTests.test_network_acceptance_gate) ... ok
test_online_policy_feedback_lag_uses_oldest_applied_snapshot (tests.test_benchmark_contract.BenchmarkContractTests.test_online_policy_feedback_lag_uses_oldest_applied_snapshot) ... ok
test_online_policy_feedback_rejects_non_deterministic_projection (tests.test_benchmark_contract.BenchmarkContractTests.test_online_policy_feedback_rejects_non_deterministic_projection) ... ok
test_online_policy_feedback_rejects_sequence_gap (tests.test_benchmark_contract.BenchmarkContractTests.test_online_policy_feedback_rejects_sequence_gap) ... ok
test_online_policy_feedback_rejects_unexplained_eligible_noop (tests.test_benchmark_contract.BenchmarkContractTests.test_online_policy_feedback_rejects_unexplained_eligible_noop) ... ok
test_online_policy_feedback_validates_projection_noop_and_first_consumer (tests.test_benchmark_contract.BenchmarkContractTests.test_online_policy_feedback_validates_projection_noop_and_first_consumer) ... ok
test_preflight_parsers (tests.test_benchmark_contract.BenchmarkContractTests.test_preflight_parsers) ... ok
test_primary_analysis_writes_unexecuted_policy_replay_scope (tests.test_benchmark_contract.BenchmarkContractTests.test_primary_analysis_writes_unexecuted_policy_replay_scope) ... ok
test_primary_architecture_claim_is_blocked_by_missing_pair (tests.test_benchmark_contract.BenchmarkContractTests.test_primary_architecture_claim_is_blocked_by_missing_pair) ... ok
test_primary_architecture_claim_is_not_confirmed_when_guardrail_interval_fails (tests.test_benchmark_contract.BenchmarkContractTests.test_primary_architecture_claim_is_not_confirmed_when_guardrail_interval_fails) ... ok
test_primary_architecture_only_skips_broad_report_validation (tests.test_benchmark_contract.BenchmarkContractTests.test_primary_architecture_only_skips_broad_report_validation) ... ok
test_primary_architecture_pair_bootstrap_and_favorable_claim_are_deterministic (tests.test_benchmark_contract.BenchmarkContractTests.test_primary_architecture_pair_bootstrap_and_favorable_claim_are_deterministic) ... ok
test_primary_architecture_pair_rejects_reused_process_or_sink_reset_identity (tests.test_benchmark_contract.BenchmarkContractTests.test_primary_architecture_pair_rejects_reused_process_or_sink_reset_identity) ... ok
test_primary_architecture_pair_requires_complete_metadata_contract (tests.test_benchmark_contract.BenchmarkContractTests.test_primary_architecture_pair_requires_complete_metadata_contract) ... ok
test_primary_architecture_pair_requires_recorded_counterbalanced_arm_order (tests.test_benchmark_contract.BenchmarkContractTests.test_primary_architecture_pair_requires_recorded_counterbalanced_arm_order) ... ok
test_primary_architecture_resource_mix_shift_stays_descriptive (tests.test_benchmark_contract.BenchmarkContractTests.test_primary_architecture_resource_mix_shift_stays_descriptive) ... ok
test_primary_pairing_rejects_branch_analytics_contract_mismatch (tests.test_benchmark_contract.BenchmarkContractTests.test_primary_pairing_rejects_branch_analytics_contract_mismatch) ... ok
test_primary_policy_analysis_writes_blocked_artifacts_without_policy_runs (tests.test_benchmark_contract.BenchmarkContractTests.test_primary_policy_analysis_writes_blocked_artifacts_without_policy_runs) ... ok
test_primary_policy_pair_is_blocked_by_drop_guardrail (tests.test_benchmark_contract.BenchmarkContractTests.test_primary_policy_pair_is_blocked_by_drop_guardrail) ... ok
test_primary_policy_pair_is_blocked_by_runtime_implementation_mismatch (tests.test_benchmark_contract.BenchmarkContractTests.test_primary_policy_pair_is_blocked_by_runtime_implementation_mismatch) ... ok
test_primary_policy_pair_is_blocked_without_executed_replay (tests.test_benchmark_contract.BenchmarkContractTests.test_primary_policy_pair_is_blocked_without_executed_replay) ... ok
test_primary_policy_pair_requires_complete_metadata_contract (tests.test_benchmark_contract.BenchmarkContractTests.test_primary_policy_pair_requires_complete_metadata_contract) ... ok
test_primary_policy_pair_requires_recorded_counterbalanced_arm_order (tests.test_benchmark_contract.BenchmarkContractTests.test_primary_policy_pair_requires_recorded_counterbalanced_arm_order) ... ok
test_primary_run_metric_rederives_raw_passport_and_blocks_summary_drift (tests.test_benchmark_contract.BenchmarkContractTests.test_primary_run_metric_rederives_raw_passport_and_blocks_summary_drift) ... ok
test_publication_evidence_bundle_policy_scope_binds_online_feedback (tests.test_benchmark_contract.BenchmarkContractTests.test_publication_evidence_bundle_policy_scope_binds_online_feedback) ... ok
test_publication_evidence_bundle_rejects_missing_tampered_or_symlinked_files (tests.test_benchmark_contract.BenchmarkContractTests.test_publication_evidence_bundle_rejects_missing_tampered_or_symlinked_files) ... ok
test_publication_run_contract_covers_protocol_system_and_primary_cell (tests.test_benchmark_contract.BenchmarkContractTests.test_publication_run_contract_covers_protocol_system_and_primary_cell) ... ok
test_publishable_dataset_requires_checksums (tests.test_benchmark_contract.BenchmarkContractTests.test_publishable_dataset_requires_checksums) ... ok
test_report_deadline_rows_use_raw_frame_latencies (tests.test_benchmark_contract.BenchmarkContractTests.test_report_deadline_rows_use_raw_frame_latencies) ... ok
test_required_sidecars_are_derived_and_validated (tests.test_benchmark_contract.BenchmarkContractTests.test_required_sidecars_are_derived_and_validated) ... ok
test_required_sidecars_reject_missing_files (tests.test_benchmark_contract.BenchmarkContractTests.test_required_sidecars_reject_missing_files) ... ok
test_required_sidecars_reject_unlinked_applied_policy_decision (tests.test_benchmark_contract.BenchmarkContractTests.test_required_sidecars_reject_unlinked_applied_policy_decision) ... ok
test_required_sidecars_require_native_stage_contracts_for_topology_run (tests.test_benchmark_contract.BenchmarkContractTests.test_required_sidecars_require_native_stage_contracts_for_topology_run) ... ok
test_reset_evidence_rejects_nonempty_queue_or_engineering_source (tests.test_benchmark_contract.BenchmarkContractTests.test_reset_evidence_rejects_nonempty_queue_or_engineering_source) ... ok
test_reset_origin_is_independent_of_warmup_excluded_measurement_sequence (tests.test_benchmark_contract.BenchmarkContractTests.test_reset_origin_is_independent_of_warmup_excluded_measurement_sequence) ... ok
test_rtp_trace_roundtrip (tests.test_benchmark_contract.BenchmarkContractTests.test_rtp_trace_roundtrip) ... ok
test_savant_local_merge_filters_measurement_window (tests.test_benchmark_contract.BenchmarkContractTests.test_savant_local_merge_filters_measurement_window) ... ok
test_savant_local_merge_rejects_malformed_measured_event (tests.test_benchmark_contract.BenchmarkContractTests.test_savant_local_merge_rejects_malformed_measured_event) ... ok
test_savant_local_merge_rejects_malformed_unmeasured_event (tests.test_benchmark_contract.BenchmarkContractTests.test_savant_local_merge_rejects_malformed_unmeasured_event) ... ok
test_savant_local_probe_writes_only_declared_stage_fragment (tests.test_benchmark_contract.BenchmarkContractTests.test_savant_local_probe_writes_only_declared_stage_fragment) ... ok
test_savant_local_pyfunc_writes_native_rows_from_buffer (tests.test_benchmark_contract.BenchmarkContractTests.test_savant_local_pyfunc_writes_native_rows_from_buffer) ... ok
test_savant_local_stage_event_fragments_are_merged (tests.test_benchmark_contract.BenchmarkContractTests.test_savant_local_stage_event_fragments_are_merged) ... ok
test_savant_local_stage_event_writers_handle_concurrent_stage_writes (tests.test_benchmark_contract.BenchmarkContractTests.test_savant_local_stage_event_writers_handle_concurrent_stage_writes) ... ok
test_savant_local_stream_outputs_are_merged (tests.test_benchmark_contract.BenchmarkContractTests.test_savant_local_stream_outputs_are_merged) ... ok
test_scenario_contract_identity_covers_resolved_execution_contract (tests.test_benchmark_contract.BenchmarkContractTests.test_scenario_contract_identity_covers_resolved_execution_contract) ... ok
test_shared_vs_duplicated_requires_common_stage_factor_two (tests.test_benchmark_contract.BenchmarkContractTests.test_shared_vs_duplicated_requires_common_stage_factor_two) ... ok
test_sidecar_provenance_rejects_unknown_value (tests.test_benchmark_contract.BenchmarkContractTests.test_sidecar_provenance_rejects_unknown_value) ... ok
test_sidecar_summary_does_not_erase_partial_topology_bindings (tests.test_benchmark_contract.BenchmarkContractTests.test_sidecar_summary_does_not_erase_partial_topology_bindings) ... ok
test_sidecar_summary_exposes_online_policy_trace_gate (tests.test_benchmark_contract.BenchmarkContractTests.test_sidecar_summary_exposes_online_policy_trace_gate) ... ok
test_smoke_legacy_csv_is_canonicalized_as_synthetic (tests.test_benchmark_contract.BenchmarkContractTests.test_smoke_legacy_csv_is_canonicalized_as_synthetic) ... ok
test_stage_base_name_strips_branch_suffixes (tests.test_benchmark_contract.BenchmarkContractTests.test_stage_base_name_strips_branch_suffixes) ... ok
test_stage_contracts_reject_bad_hash_or_incomplete_topology_coverage (tests.test_benchmark_contract.BenchmarkContractTests.test_stage_contracts_reject_bad_hash_or_incomplete_topology_coverage) ... ok
test_stage_contracts_reject_branch_mismatch_or_underspecified_transform (tests.test_benchmark_contract.BenchmarkContractTests.test_stage_contracts_reject_branch_mismatch_or_underspecified_transform) ... ok
test_stage_contracts_validate_semantic_prefix_and_stable_hash (tests.test_benchmark_contract.BenchmarkContractTests.test_stage_contracts_validate_semantic_prefix_and_stable_hash) ... ok
test_stage_trace_coverage_accepts_edge_preroll_with_per_stream_frame_ids (tests.test_benchmark_contract.BenchmarkContractTests.test_stage_trace_coverage_accepts_edge_preroll_with_per_stream_frame_ids) ... ok
test_stage_trace_coverage_accepts_merged_role_events (tests.test_benchmark_contract.BenchmarkContractTests.test_stage_trace_coverage_accepts_merged_role_events) ... ok
test_stage_trace_coverage_rejects_missing_declared_extra_stage (tests.test_benchmark_contract.BenchmarkContractTests.test_stage_trace_coverage_rejects_missing_declared_extra_stage) ... ok
test_stage_trace_coverage_rejects_missing_stage (tests.test_benchmark_contract.BenchmarkContractTests.test_stage_trace_coverage_rejects_missing_stage) ... ok
test_strict_sidecar_validation_requires_native_ingress_ledger (tests.test_benchmark_contract.BenchmarkContractTests.test_strict_sidecar_validation_requires_native_ingress_ledger) ... ok
test_throughput_uses_completed_frames_per_window (tests.test_benchmark_contract.BenchmarkContractTests.test_throughput_uses_completed_frames_per_window) ... ok
test_admission_transport_original_deadline (tests.test_checkpoint_analytics_execution_client_cpp.CheckpointAnalyticsExecutionClientCppTest.test_admission_transport_original_deadline) ... ok
test_native_abort_precedes_gstreamer_null (tests.test_checkpoint_analytics_execution_client_cpp.CheckpointAnalyticsExecutionClientCppTest.test_native_abort_precedes_gstreamer_null) ... ok
test_native_client_regression (tests.test_checkpoint_analytics_execution_client_cpp.CheckpointAnalyticsExecutionClientCppTest.test_native_client_regression) ... ok
test_native_event_pipe_original_deadline (tests.test_checkpoint_analytics_execution_client_cpp.CheckpointAnalyticsExecutionClientCppTest.test_native_event_pipe_original_deadline) ... ok
test_native_execution_deadline_is_the_deepstream_transport_bound (tests.test_checkpoint_analytics_execution_client_cpp.CheckpointAnalyticsExecutionClientCppTest.test_native_execution_deadline_is_the_deepstream_transport_bound) ... ok
test_native_execution_device_id_regression (tests.test_checkpoint_analytics_execution_client_cpp.CheckpointAnalyticsExecutionClientCppTest.test_native_execution_device_id_regression) ... ok
test_native_execution_request_is_guardian_canonical_json (tests.test_checkpoint_analytics_execution_client_cpp.CheckpointAnalyticsExecutionClientCppTest.test_native_execution_request_is_guardian_canonical_json) ... ok
test_native_policy_client_regression (tests.test_checkpoint_analytics_execution_client_cpp.CheckpointAnalyticsExecutionClientCppTest.test_native_policy_client_regression) ... ok
test_native_policy_identity_regression (tests.test_checkpoint_analytics_execution_client_cpp.CheckpointAnalyticsExecutionClientCppTest.test_native_policy_identity_regression) ... ok
test_native_policy_topology_regression (tests.test_checkpoint_analytics_execution_client_cpp.CheckpointAnalyticsExecutionClientCppTest.test_native_policy_topology_regression) ... ok
test_native_reset_queue_level_regression (tests.test_checkpoint_analytics_execution_client_cpp.CheckpointAnalyticsExecutionClientCppTest.test_native_reset_queue_level_regression) ... ok
test_native_stage_artifact_regression (tests.test_checkpoint_analytics_execution_client_cpp.CheckpointAnalyticsExecutionClientCppTest.test_native_stage_artifact_regression) ... ok
test_native_study_common_original_geometry_prefix (tests.test_checkpoint_analytics_execution_client_cpp.CheckpointAnalyticsExecutionClientCppTest.test_native_study_common_original_geometry_prefix) ... ok
test_source_original_drain_and_stop_latch (tests.test_checkpoint_analytics_execution_client_cpp.CheckpointAnalyticsExecutionClientCppTest.test_source_original_drain_and_stop_latch) ... ok
test_study_reference_actual_software_eos_and_deadline (tests.test_checkpoint_analytics_execution_client_cpp.CheckpointAnalyticsExecutionClientCppTest.test_study_reference_actual_software_eos_and_deadline) ... ok
test_coordinator_source_uses_real_sdk_graph_and_common_finalizer (tests.test_checkpoint_deepstream_container_runtime_v3.DeepStreamContainerRuntimeV3Tests.test_coordinator_source_uses_real_sdk_graph_and_common_finalizer) ... ok
test_frozen_model_paths_are_exactly_translated_to_materialized_bindings (tests.test_checkpoint_deepstream_container_runtime_v3.DeepStreamContainerRuntimeV3Tests.test_frozen_model_paths_are_exactly_translated_to_materialized_bindings) ... ok
test_gpu_registry_seed_is_hashed_and_copied_to_every_process (tests.test_checkpoint_deepstream_container_runtime_v3.DeepStreamContainerRuntimeV3Tests.test_gpu_registry_seed_is_hashed_and_copied_to_every_process) ... ok
test_materialized_sha_path_bindings_are_rehashed_and_closed (tests.test_checkpoint_deepstream_container_runtime_v3.DeepStreamContainerRuntimeV3Tests.test_materialized_sha_path_bindings_are_rehashed_and_closed) ... ok
test_native_stdio_is_bounded_exact_and_stderr_closed (tests.test_checkpoint_deepstream_container_runtime_v3.DeepStreamContainerRuntimeV3Tests.test_native_stdio_is_bounded_exact_and_stderr_closed) ... ok
test_runtime_image_recipe_is_pinned_to_abi3_coordinator (tests.test_checkpoint_deepstream_container_runtime_v3.DeepStreamContainerRuntimeV3Tests.test_runtime_image_recipe_is_pinned_to_abi3_coordinator) ... ok
test_terminal_status_is_exact_success_only_abi_v3 (tests.test_checkpoint_deepstream_container_runtime_v3.DeepStreamContainerRuntimeV3Tests.test_terminal_status_is_exact_success_only_abi_v3) ... ok
test_baseline_has_twenty_four_distinct_os_process_commands (tests.test_checkpoint_deepstream_launcher.DeepStreamLauncherTests.test_baseline_has_twenty_four_distinct_os_process_commands) ... ok
test_launcher_delegates_each_spec_to_existing_fd_coordinator (tests.test_checkpoint_deepstream_launcher.DeepStreamLauncherTests.test_launcher_delegates_each_spec_to_existing_fd_coordinator) ... ok
test_publication_source_specs_use_sha_bound_paths_and_declared_fds (tests.test_checkpoint_deepstream_launcher.DeepStreamLauncherTests.test_publication_source_specs_use_sha_bound_paths_and_declared_fds) ... ok
test_publication_worker_specs_bind_private_output_and_declared_fds (tests.test_checkpoint_deepstream_launcher.DeepStreamLauncherTests.test_publication_worker_specs_bind_private_output_and_declared_fds) ... ok
test_shared_has_six_os_processes_and_four_routes_per_process (tests.test_checkpoint_deepstream_launcher.DeepStreamLauncherTests.test_shared_has_six_os_processes_and_four_routes_per_process) ... ok
test_source_specs_materialize_exact_scaled_playback_contract (tests.test_checkpoint_deepstream_launcher.DeepStreamLauncherTests.test_source_specs_materialize_exact_scaled_playback_contract) ... ok
test_config_requires_exact_cpu_gpu_endpoint_material (tests.test_checkpoint_deepstream_protocol_adapter.DeepStreamProtocolAdapterTests.test_config_requires_exact_cpu_gpu_endpoint_material) ... ok
test_factory_fails_before_linux_endpoint_imports_without_config (tests.test_checkpoint_deepstream_protocol_adapter.DeepStreamProtocolAdapterTests.test_factory_fails_before_linux_endpoint_imports_without_config) ... ok
test_rgb_sample_is_preprocessed_bound_and_executed_directly (tests.test_checkpoint_deepstream_protocol_adapter.DeepStreamProtocolAdapterTests.test_rgb_sample_is_preprocessed_bound_and_executed_directly) ... ok
test_sdk_adapters_bind_v3_or_v4_preprocessing_to_endpoint_hashes (tests.test_checkpoint_deepstream_protocol_adapter.DeepStreamProtocolAdapterTests.test_sdk_adapters_bind_v3_or_v4_preprocessing_to_endpoint_hashes) ... ok
test_baseline_four_independent_workers_form_one_causal_join (tests.test_checkpoint_deepstream_protocol_bridge.DeepStreamProtocolBridgeContractTests.test_baseline_four_independent_workers_form_one_causal_join) ... ok
test_corrupt_provenance_cannot_be_relabelled_as_branch_terminal (tests.test_checkpoint_deepstream_protocol_bridge.DeepStreamProtocolBridgeContractTests.test_corrupt_provenance_cannot_be_relabelled_as_branch_terminal) ... ok
test_default_clock_keeps_decision_after_admission_across_host_clock_step_back (tests.test_checkpoint_deepstream_protocol_bridge.DeepStreamProtocolBridgeContractTests.test_default_clock_keeps_decision_after_admission_across_host_clock_step_back) ... ok
test_gpu_topology_uses_native_d2h_boundaries (tests.test_checkpoint_deepstream_protocol_bridge.DeepStreamProtocolBridgeContractTests.test_gpu_topology_uses_native_d2h_boundaries) ... ok
test_nonzero_logical_stream_uses_physical_single_mux_source_zero (tests.test_checkpoint_deepstream_protocol_bridge.DeepStreamProtocolBridgeContractTests.test_nonzero_logical_stream_uses_physical_single_mux_source_zero) ... ok
test_nvds_decoded_counter_is_not_relabelled_as_admission_sequence (tests.test_checkpoint_deepstream_protocol_bridge.DeepStreamProtocolBridgeContractTests.test_nvds_decoded_counter_is_not_relabelled_as_admission_sequence) ... ok
test_nvds_identity_cannot_relabel_software_decode_as_nvdec (tests.test_checkpoint_deepstream_protocol_bridge.DeepStreamProtocolBridgeContractTests.test_nvds_identity_cannot_relabel_software_decode_as_nvdec) ... ok
test_policy_path_clamps_wall_clock_regression_after_decision_ack (tests.test_checkpoint_deepstream_protocol_bridge.DeepStreamProtocolBridgeContractTests.test_policy_path_clamps_wall_clock_regression_after_decision_ack) ... ok
test_pre_detector_queue_drop_retains_verified_branch_model_identity (tests.test_checkpoint_deepstream_protocol_bridge.DeepStreamProtocolBridgeContractTests.test_pre_detector_queue_drop_retains_verified_branch_model_identity) ... ok
test_public_bridge_surface_exists (tests.test_checkpoint_deepstream_protocol_bridge.DeepStreamProtocolBridgeContractTests.test_public_bridge_surface_exists) ... ok
test_serialized_events_clamp_prelock_observation_timestamp_race (tests.test_checkpoint_deepstream_protocol_bridge.DeepStreamProtocolBridgeContractTests.test_serialized_events_clamp_prelock_observation_timestamp_race) ... ok
test_shared_fanout_returns_clamped_serialized_timestamp (tests.test_checkpoint_deepstream_protocol_bridge.DeepStreamProtocolBridgeContractTests.test_shared_fanout_returns_clamped_serialized_timestamp) ... ok
test_shared_graph_has_one_prefix_four_fanouts_and_cpu_gpu_terminals (tests.test_checkpoint_deepstream_protocol_bridge.DeepStreamProtocolBridgeContractTests.test_shared_graph_has_one_prefix_four_fanouts_and_cpu_gpu_terminals) ... ok
test_container_failure_precedes_endpoint_socket_postcondition (tests.test_checkpoint_deepstream_publication_runtime_v3.DeepStreamPublicationRuntimeV3Tests.test_container_failure_precedes_endpoint_socket_postcondition) ... ok
test_contract_schema_dataset_and_evidence_mapping_are_closed (tests.test_checkpoint_deepstream_publication_runtime_v3.DeepStreamPublicationRuntimeV3Tests.test_contract_schema_dataset_and_evidence_mapping_are_closed) ... ok
test_exact_engine_image_inputs_sockets_and_evidence_are_bound (tests.test_checkpoint_deepstream_publication_runtime_v3.DeepStreamPublicationRuntimeV3Tests.test_exact_engine_image_inputs_sockets_and_evidence_are_bound) ... ok
test_image_inspect_identity_drift_is_rejected_before_run (tests.test_checkpoint_deepstream_publication_runtime_v3.DeepStreamPublicationRuntimeV3Tests.test_image_inspect_identity_drift_is_rejected_before_run) ... ok
test_launcher_binds_both_topologies_to_real_container_runner (tests.test_checkpoint_deepstream_publication_runtime_v3.DeepStreamPublicationRuntimeV3Tests.test_launcher_binds_both_topologies_to_real_container_runner) ... ok
test_transient_input_path_replacement_is_rejected_before_container_run (tests.test_checkpoint_deepstream_publication_runtime_v3.DeepStreamPublicationRuntimeV3Tests.test_transient_input_path_replacement_is_rejected_before_container_run) ... ok
test_materialization_is_idempotent_but_refuses_physical_binding_drift (tests.test_checkpoint_deepstream_qualification_fragment_v1.DeepStreamQualificationFragmentV1Tests.test_materialization_is_idempotent_but_refuses_physical_binding_drift) ... ok
test_materializes_exact_ten_unique_physical_bindings_and_no_pilots (tests.test_checkpoint_deepstream_qualification_fragment_v1.DeepStreamQualificationFragmentV1Tests.test_materializes_exact_ten_unique_physical_bindings_and_no_pilots) ... ok
test_repository_refrozen_endpoint_materials_are_exactly_accepted (tests.test_checkpoint_deepstream_qualification_fragment_v1.DeepStreamQualificationFragmentV1Tests.test_repository_refrozen_endpoint_materials_are_exactly_accepted) ... ok
test_validator_rejects_hardlink_alias_and_image_identity_drift (tests.test_checkpoint_deepstream_qualification_fragment_v1.DeepStreamQualificationFragmentV1Tests.test_validator_rejects_hardlink_alias_and_image_identity_drift) ... ok
test_cpu_path_requires_empty_cuda_receipt_and_emits_no_transfer_rows (tests.test_checkpoint_deepstream_resource_runtime_v3.DeepStreamNativeResourceRecorderV3Tests.test_cpu_path_requires_empty_cuda_receipt_and_emits_no_transfer_rows) ... ok
test_fanout_interval_end_tracks_clamped_serialized_topology_time (tests.test_checkpoint_deepstream_resource_runtime_v3.DeepStreamNativeResourceRecorderV3Tests.test_fanout_interval_end_tracks_clamped_serialized_topology_time) ... ok
test_fragments_join_canonical_trace_to_worker_execution_identity (tests.test_checkpoint_deepstream_resource_runtime_v3.DeepStreamNativeResourceRecorderV3Tests.test_fragments_join_canonical_trace_to_worker_execution_identity) ... ok
test_gpu_cuda_intervals_bind_h2d_to_analytics_and_d2h_to_postprocess (tests.test_checkpoint_deepstream_resource_runtime_v3.DeepStreamNativeResourceRecorderV3Tests.test_gpu_cuda_intervals_bind_h2d_to_analytics_and_d2h_to_postprocess) ... ok
test_gpu_merge_accepts_cuda_device_duration_inside_host_envelope (tests.test_checkpoint_deepstream_resource_runtime_v3.DeepStreamNativeResourceRecorderV3Tests.test_gpu_merge_accepts_cuda_device_duration_inside_host_envelope) ... ok
test_independent_topology_refuses_fanout_and_emits_no_counter_file (tests.test_checkpoint_deepstream_resource_runtime_v3.DeepStreamNativeResourceRecorderV3Tests.test_independent_topology_refuses_fanout_and_emits_no_counter_file) ... ok
test_records_native_nvdec_interval_with_exact_identity (tests.test_checkpoint_deepstream_resource_runtime_v3.DeepStreamNativeResourceRecorderV3Tests.test_records_native_nvdec_interval_with_exact_identity) ... ok
test_rejects_nonpositive_measured_intervals_and_cpu_time (tests.test_checkpoint_deepstream_resource_runtime_v3.DeepStreamNativeResourceRecorderV3Tests.test_rejects_nonpositive_measured_intervals_and_cpu_time) ... ok
test_rejects_overlapping_cuda_transfer_pair (tests.test_checkpoint_deepstream_resource_runtime_v3.DeepStreamNativeResourceRecorderV3Tests.test_rejects_overlapping_cuda_transfer_pair) ... ok
test_shared_fanout_records_real_interval_and_thread_cpu_counter (tests.test_checkpoint_deepstream_resource_runtime_v3.DeepStreamNativeResourceRecorderV3Tests.test_shared_fanout_records_real_interval_and_thread_cpu_counter) ... ok
test_failed_codec_probe_adds_exact_blocker (tests.test_checkpoint_deepstream_runtime.DeepStreamCapabilityProbeTests.test_failed_codec_probe_adds_exact_blocker) ... ok
test_probe_command_is_argument_safe_and_mounts_only_read_only_inputs (tests.test_checkpoint_deepstream_runtime.DeepStreamCapabilityProbeTests.test_probe_command_is_argument_safe_and_mounts_only_read_only_inputs) ... ok
test_probe_payload_is_strict_and_cannot_claim_publication_evidence (tests.test_checkpoint_deepstream_runtime.DeepStreamCapabilityProbeTests.test_probe_payload_is_strict_and_cannot_claim_publication_evidence) ... ok
test_successful_sdk_and_nvdec_probe_remains_fail_closed (tests.test_checkpoint_deepstream_runtime.DeepStreamCapabilityProbeTests.test_successful_sdk_and_nvdec_probe_remains_fail_closed) ... ok
test_baseline_expands_to_twenty_four_real_process_specs (tests.test_checkpoint_deepstream_runtime.DeepStreamRuntimePlanTests.test_baseline_expands_to_twenty_four_real_process_specs) ... ok
test_h265_and_every_frozen_policy_deadline_are_propagated_exactly (tests.test_checkpoint_deepstream_runtime.DeepStreamRuntimePlanTests.test_h265_and_every_frozen_policy_deadline_are_propagated_exactly) ... ok
test_pair_plan_requires_equal_persisted_measurement_schedule_fingerprint (tests.test_checkpoint_deepstream_runtime.DeepStreamRuntimePlanTests.test_pair_plan_requires_equal_persisted_measurement_schedule_fingerprint) ... ok
test_plan_rejects_matrix_or_dataset_drift (tests.test_checkpoint_deepstream_runtime.DeepStreamRuntimePlanTests.test_plan_rejects_matrix_or_dataset_drift) ... ok
test_shared_has_six_decode_preprocess_prefixes_and_four_queued_routes (tests.test_checkpoint_deepstream_runtime.DeepStreamRuntimePlanTests.test_shared_has_six_decode_preprocess_prefixes_and_four_queued_routes) ... ok
test_validator_rejects_relabelled_or_collapsed_topology (tests.test_checkpoint_deepstream_runtime.DeepStreamRuntimePlanTests.test_validator_rejects_relabelled_or_collapsed_topology) ... ok
test_dependency_closure_rejects_extraneous_symlinked_wheel (tests.test_checkpoint_deepstream_runtime_source_closure_v3.DeepStreamRuntimeSourceClosureV3Tests.test_dependency_closure_rejects_extraneous_symlinked_wheel) ... ok
test_docker_copy_and_isolated_build_context_match_validated_sets (tests.test_checkpoint_deepstream_runtime_source_closure_v3.DeepStreamRuntimeSourceClosureV3Tests.test_docker_copy_and_isolated_build_context_match_validated_sets) ... ok
test_missing_extraneous_and_unrelated_module_drift_fail_as_expected (tests.test_checkpoint_deepstream_runtime_source_closure_v3.DeepStreamRuntimeSourceClosureV3Tests.test_missing_extraneous_and_unrelated_module_drift_fail_as_expected) ... ok
test_production_allowlist_is_exact_multi_entry_runtime_closure (tests.test_checkpoint_deepstream_runtime_source_closure_v3.DeepStreamRuntimeSourceClosureV3Tests.test_production_allowlist_is_exact_multi_entry_runtime_closure) ... ok
test_b_frame_dts_does_not_mix_unscaled_access_pts_with_scaled_dts (tests.test_checkpoint_deepstream_sdk_runtime.DeepStreamAdmissionTransportTests.test_b_frame_dts_does_not_mix_unscaled_access_pts_with_scaled_dts) ... ok
test_epoch_nanoseconds_use_exact_integer_millisecond_ceiling (tests.test_checkpoint_deepstream_sdk_runtime.DeepStreamAdmissionTransportTests.test_epoch_nanoseconds_use_exact_integer_millisecond_ceiling) ... ok
test_exact_native_vastau01_frame_preserves_access_and_transport_pts (tests.test_checkpoint_deepstream_sdk_runtime.DeepStreamAdmissionTransportTests.test_exact_native_vastau01_frame_preserves_access_and_transport_pts) ... ok
test_missing_dts_and_impossible_scaled_mapping_fail_closed (tests.test_checkpoint_deepstream_sdk_runtime.DeepStreamAdmissionTransportTests.test_missing_dts_and_impossible_scaled_mapping_fail_closed) ... ok
test_monotonic_start_wait_cannot_request_negative_sleep (tests.test_checkpoint_deepstream_sdk_runtime.DeepStreamAdmissionTransportTests.test_monotonic_start_wait_cannot_request_negative_sleep) ... ok
test_scaled_cycle_pts_dts_mapping_matches_native_worker_contract (tests.test_checkpoint_deepstream_sdk_runtime.DeepStreamAdmissionTransportTests.test_scaled_cycle_pts_dts_mapping_matches_native_worker_contract) ... ok
test_transport_accepts_b_frame_pts_reordering_with_monotonic_transport_pts (tests.test_checkpoint_deepstream_sdk_runtime.DeepStreamAdmissionTransportTests.test_transport_accepts_b_frame_pts_reordering_with_monotonic_transport_pts) ... ok
test_transport_preserves_delta_unit_and_rejects_unknown_flags (tests.test_checkpoint_deepstream_sdk_runtime.DeepStreamAdmissionTransportTests.test_transport_preserves_delta_unit_and_rejects_unknown_flags) ... ok
test_transport_rejects_digest_mismatch_and_truncated_payload (tests.test_checkpoint_deepstream_sdk_runtime.DeepStreamAdmissionTransportTests.test_transport_rejects_digest_mismatch_and_truncated_payload) ... ok
test_admission_eof_accepts_only_concurrent_valid_stop (tests.test_checkpoint_deepstream_sdk_runtime.DeepStreamFdAndQueueTests.test_admission_eof_accepts_only_concurrent_valid_stop) ... ok
test_admission_eof_without_valid_stop_remains_fail_closed (tests.test_checkpoint_deepstream_sdk_runtime.DeepStreamFdAndQueueTests.test_admission_eof_without_valid_stop_remains_fail_closed) ... ok
test_event_sink_writes_one_canonical_json_line_to_exact_fd (tests.test_checkpoint_deepstream_sdk_runtime.DeepStreamFdAndQueueTests.test_event_sink_writes_one_canonical_json_line_to_exact_fd) ... ok
test_finish_waits_for_every_appsink_eos_even_after_pipeline_bus_eos (tests.test_checkpoint_deepstream_sdk_runtime.DeepStreamFdAndQueueTests.test_finish_waits_for_every_appsink_eos_even_after_pipeline_bus_eos) ... ok
test_lifecycle_matches_coordinator_wire_grammar (tests.test_checkpoint_deepstream_sdk_runtime.DeepStreamFdAndQueueTests.test_lifecycle_matches_coordinator_wire_grammar) ... ok
test_missing_pending_pts_reports_stage_both_pts_and_pending_range (tests.test_checkpoint_deepstream_sdk_runtime.DeepStreamFdAndQueueTests.test_missing_pending_pts_reports_stage_both_pts_and_pending_range) ... ok
test_native_queue_drops_the_newest_buffer_at_capacity (tests.test_checkpoint_deepstream_sdk_runtime.DeepStreamFdAndQueueTests.test_native_queue_drops_the_newest_buffer_at_capacity) ... ok
test_nvdec_submit_timestamp_is_taken_after_buffer_materialization (tests.test_checkpoint_deepstream_sdk_runtime.DeepStreamFdAndQueueTests.test_nvdec_submit_timestamp_is_taken_after_buffer_materialization) ... ok
test_pending_frame_is_evicted_only_after_every_exact_branch_terminal (tests.test_checkpoint_deepstream_sdk_runtime.DeepStreamFdAndQueueTests.test_pending_frame_is_evicted_only_after_every_exact_branch_terminal) ... ok
test_pending_lookup_uses_nvds_frame_pts_not_batched_gst_buffer_pts (tests.test_checkpoint_deepstream_sdk_runtime.DeepStreamFdAndQueueTests.test_pending_lookup_uses_nvds_frame_pts_not_batched_gst_buffer_pts) ... ok
test_run_cli_reserves_stdout_for_native_nvstreammux_audit (tests.test_checkpoint_deepstream_sdk_runtime.DeepStreamFdAndQueueTests.test_run_cli_reserves_stdout_for_native_nvstreammux_audit) ... [deepstream-sdk-runtime][wall-clock] max_clamp_ns=0
ok
test_stop_after_last_admission_still_requires_source_eof (tests.test_checkpoint_deepstream_sdk_runtime.DeepStreamFdAndQueueTests.test_stop_after_last_admission_still_requires_source_eof) ... ok
test_stop_drains_already_buffered_admissions_before_graph_eos (tests.test_checkpoint_deepstream_sdk_runtime.DeepStreamFdAndQueueTests.test_stop_drains_already_buffered_admissions_before_graph_eos) ... ok
test_stop_without_source_eof_expires_without_claiming_drained (tests.test_checkpoint_deepstream_sdk_runtime.DeepStreamFdAndQueueTests.test_stop_without_source_eof_expires_without_claiming_drained) ... ok
test_host_clock_step_back_beyond_ten_milliseconds_fails_closed (tests.test_checkpoint_deepstream_sdk_runtime.DeepStreamHostWallClockStepTests.test_host_clock_step_back_beyond_ten_milliseconds_fails_closed) ... ok
test_lifecycle_and_callback_wall_stamps_use_the_shared_process_clock (tests.test_checkpoint_deepstream_sdk_runtime.DeepStreamHostWallClockStepTests.test_lifecycle_and_callback_wall_stamps_use_the_shared_process_clock) ... ok
test_main_writes_one_wall_clock_line_on_every_controlled_exit (tests.test_checkpoint_deepstream_sdk_runtime.DeepStreamHostWallClockStepTests.test_main_writes_one_wall_clock_line_on_every_controlled_exit) ... ok
test_nvdec_interval_survives_two_millisecond_host_clock_step_back (tests.test_checkpoint_deepstream_sdk_runtime.DeepStreamHostWallClockStepTests.test_nvdec_interval_survives_two_millisecond_host_clock_step_back) ... ok
test_shared_fanout_interval_survives_two_millisecond_host_clock_step_back (tests.test_checkpoint_deepstream_sdk_runtime.DeepStreamHostWallClockStepTests.test_shared_fanout_interval_survives_two_millisecond_host_clock_step_back) ... ok
test_baseline_is_one_decoder_preprocess_process_for_one_branch (tests.test_checkpoint_deepstream_sdk_runtime.DeepStreamPhysicalGraphTests.test_baseline_is_one_decoder_preprocess_process_for_one_branch) ... ok
test_native_stage_contract_rows_bind_physical_domain_and_runtime_artifacts (tests.test_checkpoint_deepstream_sdk_runtime.DeepStreamPhysicalGraphTests.test_native_stage_contract_rows_bind_physical_domain_and_runtime_artifacts) ... ok
test_pipeline_builds_system_memory_rgb_routes_for_frozen_preprocess (tests.test_checkpoint_deepstream_sdk_runtime.DeepStreamPhysicalGraphTests.test_pipeline_builds_system_memory_rgb_routes_for_frozen_preprocess) ... ok
test_shared_is_one_decoder_and_four_native_bounded_routes (tests.test_checkpoint_deepstream_sdk_runtime.DeepStreamPhysicalGraphTests.test_shared_is_one_decoder_and_four_native_bounded_routes) ... ok
test_shared_native_stage_contract_is_written_once_for_common_prefix (tests.test_checkpoint_deepstream_sdk_runtime.DeepStreamPhysicalGraphTests.test_shared_native_stage_contract_is_written_once_for_common_prefix) ... ok
test_shared_pipeline_physically_links_rgb_prefix_into_tee_and_every_route (tests.test_checkpoint_deepstream_sdk_runtime.DeepStreamPhysicalGraphTests.test_shared_pipeline_physically_links_rgb_prefix_into_tee_and_every_route) ... ok
test_backward_wall_adjustment_does_not_shorten_native_service (tests.test_checkpoint_deepstream_service_clock.DeepStreamServiceClockTests.test_backward_wall_adjustment_does_not_shorten_native_service) ... ok
test_forward_wall_adjustment_does_not_inflate_native_service (tests.test_checkpoint_deepstream_service_clock.DeepStreamServiceClockTests.test_forward_wall_adjustment_does_not_inflate_native_service) ... ok
test_inference_longer_than_elapsed_service_still_fails (tests.test_checkpoint_deepstream_service_clock.DeepStreamServiceClockTests.test_inference_longer_than_elapsed_service_still_fails) ... ok
test_postprocess_outside_elapsed_service_still_fails (tests.test_checkpoint_deepstream_service_clock.DeepStreamServiceClockTests.test_postprocess_outside_elapsed_service_still_fails) ... ok
test_regressing_monotonic_clock_is_rejected (tests.test_checkpoint_deepstream_service_clock.DeepStreamServiceClockTests.test_regressing_monotonic_clock_is_rejected) ... ok
test_external_manifest_rejects_real_identity_and_coverage_drift (tests.test_checkpoint_external_execution_manifest.ExternalExecutionManifestTests.test_external_manifest_rejects_real_identity_and_coverage_drift) ... ok
test_native_policy_import_does_not_require_sdk_bridge (tests.test_checkpoint_external_execution_manifest.ExternalExecutionManifestTests.test_native_policy_import_does_not_require_sdk_bridge) ... ok
test_producer_manifest_passes_real_coordinator_startup_for_both_systems (tests.test_checkpoint_external_execution_manifest.ExternalExecutionManifestTests.test_producer_manifest_passes_real_coordinator_startup_for_both_systems) ... ok
test_worker_fixture_needs_no_ignored_runtime_artifacts (tests.test_checkpoint_external_execution_manifest.ExternalExecutionManifestTests.test_worker_fixture_needs_no_ignored_runtime_artifacts) ... ok
test_worker_fixture_rejects_missing_and_foreign_metadata (tests.test_checkpoint_external_execution_manifest.ExternalExecutionManifestTests.test_worker_fixture_rejects_missing_and_foreign_metadata) ... ok
test_docker_copy_and_build_hash_use_only_the_validated_allowlist (tests.test_checkpoint_gstreamer_custom_runtime_source_closure_v3.GStreamerCustomRuntimeSourceClosureV3Tests.test_docker_copy_and_build_hash_use_only_the_validated_allowlist) ... ok
test_missing_and_extraneous_python_imports_fail_closed (tests.test_checkpoint_gstreamer_custom_runtime_source_closure_v3.GStreamerCustomRuntimeSourceClosureV3Tests.test_missing_and_extraneous_python_imports_fail_closed) ... ok
test_production_allowlist_is_exact_reachable_runtime_closure (tests.test_checkpoint_gstreamer_custom_runtime_source_closure_v3.GStreamerCustomRuntimeSourceClosureV3Tests.test_production_allowlist_is_exact_reachable_runtime_closure) ... ok
test_container_pid_ceiling_admits_all_native_workers (tests.test_checkpoint_openvino_gva_publication_runtime_v3.OpenVINOGVAPublicationRuntimeV3Tests.test_container_pid_ceiling_admits_all_native_workers) ... ok
test_contract_dataset_topology_and_evidence_mapping_are_closed (tests.test_checkpoint_openvino_gva_publication_runtime_v3.OpenVINOGVAPublicationRuntimeV3Tests.test_contract_dataset_topology_and_evidence_mapping_are_closed) ... ok
test_device_probe_identity_mismatch_retains_observed_probe_and_stays_fail_closed (tests.test_checkpoint_openvino_gva_publication_runtime_v3.OpenVINOGVAPublicationRuntimeV3Tests.test_device_probe_identity_mismatch_retains_observed_probe_and_stays_fail_closed) ... ok
test_exact_image_artifacts_devices_mounts_and_evidence_are_bound (tests.test_checkpoint_openvino_gva_publication_runtime_v3.OpenVINOGVAPublicationRuntimeV3Tests.test_exact_image_artifacts_devices_mounts_and_evidence_are_bound) ... ok
test_h265_frozen_dataset_accepts_exact_hevc_stream_metadata (tests.test_checkpoint_openvino_gva_publication_runtime_v3.OpenVINOGVAPublicationRuntimeV3Tests.test_h265_frozen_dataset_accepts_exact_hevc_stream_metadata) ... ok
test_image_device_and_embedded_artifact_drift_fail_before_measurement (tests.test_checkpoint_openvino_gva_publication_runtime_v3.OpenVINOGVAPublicationRuntimeV3Tests.test_image_device_and_embedded_artifact_drift_fail_before_measurement) ... ok
test_launcher_binds_both_topologies_to_real_container_runner (tests.test_checkpoint_openvino_gva_publication_runtime_v3.OpenVINOGVAPublicationRuntimeV3Tests.test_launcher_binds_both_topologies_to_real_container_runner) ... ok
test_live_daemon_reads_private_held_fd_copy (tests.test_checkpoint_openvino_gva_publication_runtime_v3.OpenVINOGVAPublicationRuntimeV3Tests.test_live_daemon_reads_private_held_fd_copy) ... skipped 'set VAST_RUN_OPENVINO_LIVE_DOCKER_TEST=1 for the WSL Docker proof'
test_missing_materialized_contract_stays_fail_closed (tests.test_checkpoint_openvino_gva_publication_runtime_v3.OpenVINOGVAPublicationRuntimeV3Tests.test_missing_materialized_contract_stays_fail_closed) ... ok
test_packaged_runtime_script_container_path_cannot_drift (tests.test_checkpoint_openvino_gva_publication_runtime_v3.OpenVINOGVAPublicationRuntimeV3Tests.test_packaged_runtime_script_container_path_cannot_drift) ... ok
test_private_held_fd_copy_is_read_only_and_rehashed (tests.test_checkpoint_openvino_gva_publication_runtime_v3.OpenVINOGVAPublicationRuntimeV3Tests.test_private_held_fd_copy_is_read_only_and_rehashed) ... ok
test_real_engine_invocation_uses_held_cli_fd_and_pass_fds (tests.test_checkpoint_openvino_gva_publication_runtime_v3.OpenVINOGVAPublicationRuntimeV3Tests.test_real_engine_invocation_uses_held_cli_fd_and_pass_fds) ... ok
test_stream_five_cannot_be_rebound_to_front_gate_media (tests.test_checkpoint_openvino_gva_publication_runtime_v3.OpenVINOGVAPublicationRuntimeV3Tests.test_stream_five_cannot_be_rebound_to_front_gate_media) ... ok
test_transient_config_replacement_is_rejected_after_preflight (tests.test_checkpoint_openvino_gva_publication_runtime_v3.OpenVINOGVAPublicationRuntimeV3Tests.test_transient_config_replacement_is_rejected_after_preflight) ... ok
test_versioned_analytics_execution_manifest_pins_open (tests.test_checkpoint_openvino_gva_publication_runtime_v3.OpenVINOGVAPublicationRuntimeV3Tests.test_versioned_analytics_execution_manifest_pins_open) ... ok
test_missing_and_extraneous_imports_fail_closed (tests.test_checkpoint_openvino_gva_runtime_source_closure_v3.OpenVINOGVARuntimeSourceClosureV3Tests.test_missing_and_extraneous_imports_fail_closed) ... ok
test_production_allowlist_is_exact_transitive_closure (tests.test_checkpoint_openvino_gva_runtime_source_closure_v3.OpenVINOGVARuntimeSourceClosureV3Tests.test_production_allowlist_is_exact_transitive_closure) ... ok
test_baseline_join_pairs_native_input_key_not_worker_local_ordinals (tests.test_checkpoint_runtime.CheckpointRuntimeTests.test_baseline_join_pairs_native_input_key_not_worker_local_ordinals) ... ok
test_baseline_workers_use_distinct_observed_pids_and_emit_live_join (tests.test_checkpoint_runtime.CheckpointRuntimeTests.test_baseline_workers_use_distinct_observed_pids_and_emit_live_join) ... ok
test_blueprint_expands_to_24_baseline_and_6_shared_process_assignments (tests.test_checkpoint_runtime.CheckpointRuntimeTests.test_blueprint_expands_to_24_baseline_and_6_shared_process_assignments) ... ok
test_central_admission_is_durable_before_failed_ack (tests.test_checkpoint_runtime.CheckpointRuntimeTests.test_central_admission_is_durable_before_failed_ack) ... ok
test_common_start_rejects_unknown_native_clock_epoch (tests.test_checkpoint_runtime.CheckpointRuntimeTests.test_common_start_rejects_unknown_native_clock_epoch) ... ok
test_common_start_selects_clock_matching_native_ready_epoch (tests.test_checkpoint_runtime.CheckpointRuntimeTests.test_common_start_selects_clock_matching_native_ready_epoch) ... ok
test_cpp_admission_transport_round_trips_binary_payload_and_rejects_truncation (tests.test_checkpoint_runtime.CheckpointRuntimeTests.test_cpp_admission_transport_round_trips_binary_payload_and_rejects_truncation) ... ok
test_cpp_analytics_terminal_transport_rejects_identity_and_ambiguous_drop (tests.test_checkpoint_runtime.CheckpointRuntimeTests.test_cpp_analytics_terminal_transport_rejects_identity_and_ambiguous_drop) ... ok
test_cpp_emitter_writes_parseable_gap_free_protocol (tests.test_checkpoint_runtime.CheckpointRuntimeTests.test_cpp_emitter_writes_parseable_gap_free_protocol) ... ok
test_cpp_gstreamer_frame_mapping_uses_negotiated_video_info (tests.test_checkpoint_runtime.CheckpointRuntimeTests.test_cpp_gstreamer_frame_mapping_uses_negotiated_video_info) ... ok
test_cpp_resource_interval_emitter_writes_runtime_only_fanout_contract (tests.test_checkpoint_runtime.CheckpointRuntimeTests.test_cpp_resource_interval_emitter_writes_runtime_only_fanout_contract) ... ok
test_decoder_placement_status_closes_during_warmup_before_measurement (tests.test_checkpoint_runtime.CheckpointRuntimeTests.test_decoder_placement_status_closes_during_warmup_before_measurement) ... ok
test_decoder_placement_status_is_required_before_measurement (tests.test_checkpoint_runtime.CheckpointRuntimeTests.test_decoder_placement_status_is_required_before_measurement) ... ok
test_decoder_placement_worker_exit_reports_identity_code_and_states (tests.test_checkpoint_runtime.CheckpointRuntimeTests.test_decoder_placement_worker_exit_reports_identity_code_and_states) ... ok
test_early_exit_before_ready_lists_process_and_returncode (tests.test_checkpoint_runtime.CheckpointRuntimeTests.test_early_exit_before_ready_lists_process_and_returncode) ... ok
test_explicit_native_branch_drop_resolves_frame_without_creating_join (tests.test_checkpoint_runtime.CheckpointRuntimeTests.test_explicit_native_branch_drop_resolves_frame_without_creating_join) ... ok
test_full_publication_pair_plan_binds_h264_and_h265_exactly (tests.test_checkpoint_runtime.CheckpointRuntimeTests.test_full_publication_pair_plan_binds_h264_and_h265_exactly) ... ok
test_gstreamer_analytics_terminal_and_queue_emit_native_outcomes (tests.test_checkpoint_runtime.CheckpointRuntimeTests.test_gstreamer_analytics_terminal_and_queue_emit_native_outcomes) ... ok
test_gstreamer_engineering_specs_bind_every_blueprint_process_without_unblocking (tests.test_checkpoint_runtime.CheckpointRuntimeTests.test_gstreamer_engineering_specs_bind_every_blueprint_process_without_unblocking) ... ok
test_gstreamer_native_runtime_selects_v2_join_contract (tests.test_checkpoint_runtime.CheckpointRuntimeTests.test_gstreamer_native_runtime_selects_v2_join_contract) ... ok
test_incomplete_shared_branch_remains_unresolved_and_cannot_create_join (tests.test_checkpoint_runtime.CheckpointRuntimeTests.test_incomplete_shared_branch_remains_unresolved_and_cannot_create_join) ... ok
test_join_coordinator_keeps_v1_and_v2_shapes_strictly_separate (tests.test_checkpoint_runtime.CheckpointRuntimeTests.test_join_coordinator_keeps_v1_and_v2_shapes_strictly_separate) ... ok
test_native_analytics_terminal_mode_requires_explicit_branch_aware_adapter (tests.test_checkpoint_runtime.CheckpointRuntimeTests.test_native_analytics_terminal_mode_requires_explicit_branch_aware_adapter) ... ok
test_native_policy_worker_specs_bind_exact_policy_and_deadline (tests.test_checkpoint_runtime.CheckpointRuntimeTests.test_native_policy_worker_specs_bind_exact_policy_and_deadline) ... ok
test_native_policy_worker_specs_inject_frozen_manifest_identities (tests.test_checkpoint_runtime.CheckpointRuntimeTests.test_native_policy_worker_specs_inject_frozen_manifest_identities) ... ok
test_native_postdecode_prefix_drop_closes_baseline_after_decode (tests.test_checkpoint_runtime.CheckpointRuntimeTests.test_native_postdecode_prefix_drop_closes_baseline_after_decode) ... ok
test_native_postdecode_prefix_drop_closes_every_shared_branch_after_decode (tests.test_checkpoint_runtime.CheckpointRuntimeTests.test_native_postdecode_prefix_drop_closes_every_shared_branch_after_decode) ... ok
test_native_predecode_ingress_drop_is_rejected_for_baseline (tests.test_checkpoint_runtime.CheckpointRuntimeTests.test_native_predecode_ingress_drop_is_rejected_for_baseline) ... ok
test_native_predecode_ingress_drop_is_rejected_for_shared (tests.test_checkpoint_runtime.CheckpointRuntimeTests.test_native_predecode_ingress_drop_is_rejected_for_shared) ... ok
test_native_probe_source_contains_physical_checkpoint_graphs_and_direct_emitter (tests.test_checkpoint_runtime.CheckpointRuntimeTests.test_native_probe_source_contains_physical_checkpoint_graphs_and_direct_emitter) ... ok
test_native_subprocess_environment_does_not_leak_python_import_paths (tests.test_checkpoint_runtime.CheckpointRuntimeTests.test_native_subprocess_environment_does_not_leak_python_import_paths) ... ok
test_parent_must_arrive_on_direct_pipe_before_child (tests.test_checkpoint_runtime.CheckpointRuntimeTests.test_parent_must_arrive_on_direct_pipe_before_child) ... ok
test_post_start_failure_preserves_primary_process_stderr (tests.test_checkpoint_runtime.CheckpointRuntimeTests.test_post_start_failure_preserves_primary_process_stderr) ... ok
test_publication_runtime_requires_gpu_aware_registry_refresh (tests.test_checkpoint_runtime.CheckpointRuntimeTests.test_publication_runtime_requires_gpu_aware_registry_refresh) ... ok
test_ready_timeout_lists_missing_workers (tests.test_checkpoint_runtime.CheckpointRuntimeTests.test_ready_timeout_lists_missing_workers) ... ok
test_reference_analytics_terminal_requires_verified_branch_model_manifest (tests.test_checkpoint_runtime.CheckpointRuntimeTests.test_reference_analytics_terminal_requires_verified_branch_model_manifest) ... ok
test_registry_template_is_copied_to_distinct_immutable_runtime_seeds (tests.test_checkpoint_runtime.CheckpointRuntimeTests.test_registry_template_is_copied_to_distinct_immutable_runtime_seeds) ... ok
test_runtime_branch_terminal_artifact_preserves_v3_without_becoming_accepted (tests.test_checkpoint_runtime.CheckpointRuntimeTests.test_runtime_branch_terminal_artifact_preserves_v3_without_becoming_accepted) ... ok
test_runtime_fanout_fragments_are_topology_bound_and_not_accepted (tests.test_checkpoint_runtime.CheckpointRuntimeTests.test_runtime_fanout_fragments_are_topology_bound_and_not_accepted) ... ok
test_runtime_stage_contract_fragments_are_pid_bound_merged_and_validated (tests.test_checkpoint_runtime.CheckpointRuntimeTests.test_runtime_stage_contract_fragments_are_pid_bound_merged_and_validated) ... ok
test_shared_worker_emits_one_prefix_four_fanouts_and_live_join (tests.test_checkpoint_runtime.CheckpointRuntimeTests.test_shared_worker_emits_one_prefix_four_fanouts_and_live_join) ... ok
test_slow_ready_does_not_consume_synchronized_execution_budget (tests.test_checkpoint_runtime.CheckpointRuntimeTests.test_slow_ready_does_not_consume_synchronized_execution_budget) ... ok
test_source_provenance_validation_rejects_manifest_hash_drift (tests.test_checkpoint_runtime.CheckpointRuntimeTests.test_source_provenance_validation_rejects_manifest_hash_drift) ... ok
test_spawn_fd_close_failure_still_reaps_the_original_child (tests.test_checkpoint_runtime.CheckpointRuntimeTests.test_spawn_fd_close_failure_still_reaps_the_original_child) ... ok
test_term_ignoring_children_are_killed_and_reaped_before_cleanup_returns (tests.test_checkpoint_runtime.CheckpointRuntimeTests.test_term_ignoring_children_are_killed_and_reaped_before_cleanup_returns) ... ok
test_terminal_cohort_uses_half_open_schedule_offsets_not_wall_clock_jitter (tests.test_checkpoint_runtime.CheckpointRuntimeTests.test_terminal_cohort_uses_half_open_schedule_offsets_not_wall_clock_jitter) ... ok
test_worker_cannot_claim_join_or_skip_sequence (tests.test_checkpoint_runtime.CheckpointRuntimeTests.test_worker_cannot_claim_join_or_skip_sequence) ... ok
test_worker_policy_sock_seqpacket_fd_is_inherited_and_served (tests.test_checkpoint_runtime.CheckpointRuntimeTests.test_worker_policy_sock_seqpacket_fd_is_inherited_and_served) ... ok
test_baseline_has_four_os_process_workers_per_logical_stream (tests.test_checkpoint_runtime_plan.CheckpointRuntimePlanTests.test_baseline_has_four_os_process_workers_per_logical_stream) ... ok
test_cli_writes_blueprint_without_scientific_sidecars (tests.test_checkpoint_runtime_plan.CheckpointRuntimePlanTests.test_cli_writes_blueprint_without_scientific_sidecars) ... ok
test_finite_study_layout_has_real_workers_and_keeps_legacy_kind_strict (tests.test_checkpoint_runtime_plan.CheckpointRuntimePlanTests.test_finite_study_layout_has_real_workers_and_keeps_legacy_kind_strict) ... ok
test_pair_builder_rejects_missing_finite_source_contract (tests.test_checkpoint_runtime_plan.CheckpointRuntimePlanTests.test_pair_builder_rejects_missing_finite_source_contract) ... ok
test_pair_builder_rejects_playback_contract_drift (tests.test_checkpoint_runtime_plan.CheckpointRuntimePlanTests.test_pair_builder_rejects_playback_contract_drift) ... ok
test_pair_builder_rejects_preregistered_coordinate_drift (tests.test_checkpoint_runtime_plan.CheckpointRuntimePlanTests.test_pair_builder_rejects_preregistered_coordinate_drift) ... ok
test_primary_pair_keeps_planning_only_status_and_exact_input_pairing (tests.test_checkpoint_runtime_plan.CheckpointRuntimePlanTests.test_primary_pair_keeps_planning_only_status_and_exact_input_pairing) ... ok
test_shared_has_one_prefix_tee_and_four_queued_routes_per_stream (tests.test_checkpoint_runtime_plan.CheckpointRuntimePlanTests.test_shared_has_one_prefix_tee_and_four_queued_routes_per_stream) ... ok
test_validator_rejects_analytics_queue_contract_drift (tests.test_checkpoint_runtime_plan.CheckpointRuntimePlanTests.test_validator_rejects_analytics_queue_contract_drift) ... ok
test_validator_rejects_decoder_placement_or_runtime_gate_drift (tests.test_checkpoint_runtime_plan.CheckpointRuntimePlanTests.test_validator_rejects_decoder_placement_or_runtime_gate_drift) ... ok
test_validator_rejects_missing_common_source_coordinator (tests.test_checkpoint_runtime_plan.CheckpointRuntimePlanTests.test_validator_rejects_missing_common_source_coordinator) ... ok
test_validator_rejects_posthoc_join_or_missing_branch_queue (tests.test_checkpoint_runtime_plan.CheckpointRuntimePlanTests.test_validator_rejects_posthoc_join_or_missing_branch_queue) ... ok
test_validator_rejects_publication_runtime_contract_drift (tests.test_checkpoint_runtime_plan.CheckpointRuntimePlanTests.test_validator_rejects_publication_runtime_contract_drift) ... ok
test_validator_rejects_shared_execution_domain_for_baseline_workers (tests.test_checkpoint_runtime_plan.CheckpointRuntimePlanTests.test_validator_rejects_shared_execution_domain_for_baseline_workers) ... ok
test_frozen_gpu_model_paths_are_sha_bound_after_namespace_translation (tests.test_checkpoint_savant_container_runtime_v3.SavantContainerRuntimeV3Tests.test_frozen_gpu_model_paths_are_sha_bound_after_namespace_translation) ... ok
test_materialized_bindings_are_rehashed_and_native_stdio_is_exact (tests.test_checkpoint_savant_container_runtime_v3.SavantContainerRuntimeV3Tests.test_materialized_bindings_are_rehashed_and_native_stdio_is_exact) ... ok
test_registry_seed_is_hashed_and_copied_to_every_internal_process (tests.test_checkpoint_savant_container_runtime_v3.SavantContainerRuntimeV3Tests.test_registry_seed_is_hashed_and_copied_to_every_internal_process) ... ok
test_runtime_image_manifest_is_derived_from_exact_inspect_projection (tests.test_checkpoint_savant_container_runtime_v3.SavantContainerRuntimeV3Tests.test_runtime_image_manifest_is_derived_from_exact_inspect_projection) ... ok
test_source_is_one_arm_with_exact_24_or_6_workers_and_six_sources (tests.test_checkpoint_savant_container_runtime_v3.SavantContainerRuntimeV3Tests.test_source_is_one_arm_with_exact_24_or_6_workers_and_six_sources) ... ok
test_terminal_status_is_exact_savant_abi_v3 (tests.test_checkpoint_savant_container_runtime_v3.SavantContainerRuntimeV3Tests.test_terminal_status_is_exact_savant_abi_v3) ... ok
test_binding_rejects_nonlocal_or_alias_socket_and_invalid_source (tests.test_checkpoint_savant_ingress.SavantIngressTests.test_binding_rejects_nonlocal_or_alias_socket_and_invalid_source) ... ok
test_checked_writer_never_retries_a_native_exception (tests.test_checkpoint_savant_ingress.SavantIngressTests.test_checked_writer_never_retries_a_native_exception) ... ok
test_checked_writer_preserves_exact_native_success_and_payload (tests.test_checkpoint_savant_ingress.SavantIngressTests.test_checked_writer_preserves_exact_native_success_and_payload) ... ok
test_checked_writer_rejects_timeout_and_unrecognized_results (tests.test_checkpoint_savant_ingress.SavantIngressTests.test_checked_writer_rejects_timeout_and_unrecognized_results) ... ok
test_native_ingress_uses_source_runner_without_per_frame_eos (tests.test_checkpoint_savant_ingress.SavantIngressTests.test_native_ingress_uses_source_runner_without_per_frame_eos) ... ok
test_owned_module_requires_shutdown_capable_runner (tests.test_checkpoint_savant_ingress.SavantIngressTests.test_owned_module_requires_shutdown_capable_runner) ... ok
test_owned_module_shutdown_follows_successful_eos_exactly_once (tests.test_checkpoint_savant_ingress.SavantIngressTests.test_owned_module_shutdown_follows_successful_eos_exactly_once) ... ok
test_rejected_eos_never_sends_shutdown (tests.test_checkpoint_savant_ingress.SavantIngressTests.test_rejected_eos_never_sends_shutdown) ... ok
test_rejected_shutdown_is_not_success_and_does_not_replay_eos (tests.test_checkpoint_savant_ingress.SavantIngressTests.test_rejected_shutdown_is_not_success_and_does_not_replay_eos) ... ok
test_shutdown_authority_is_validated_before_any_send (tests.test_checkpoint_savant_ingress.SavantIngressTests.test_shutdown_authority_is_validated_before_any_send) ... ok
test_vastau01_maps_byte_exactly_to_native_savant_frame (tests.test_checkpoint_savant_ingress.SavantIngressTests.test_vastau01_maps_byte_exactly_to_native_savant_frame) ... ok
test_wrong_stream_dataset_codec_or_payload_fails_closed (tests.test_checkpoint_savant_ingress.SavantIngressTests.test_wrong_stream_dataset_codec_or_payload_fails_closed) ... ok
test_baseline_maps_exact_frozen_process_ids_to_twenty_four_workers (tests.test_checkpoint_savant_launcher.SavantLauncherTests.test_baseline_maps_exact_frozen_process_ids_to_twenty_four_workers) ... ok
test_generic_configs_and_relabelled_processes_fail_closed (tests.test_checkpoint_savant_launcher.SavantLauncherTests.test_generic_configs_and_relabelled_processes_fail_closed) ... ok
test_launcher_delegates_exact_specs_to_existing_fd_coordinator (tests.test_checkpoint_savant_launcher.SavantLauncherTests.test_launcher_delegates_exact_specs_to_existing_fd_coordinator) ... ok
test_module_descriptors_bind_source_policy_and_inherited_fd_contract (tests.test_checkpoint_savant_launcher.SavantLauncherTests.test_module_descriptors_bind_source_policy_and_inherited_fd_contract) ... ok
test_shared_maps_six_single_decode_four_route_workers (tests.test_checkpoint_savant_launcher.SavantLauncherTests.test_shared_maps_six_single_decode_four_route_workers) ... ok
test_all_native_stream_ids_are_bound_without_relabelling (tests.test_checkpoint_savant_native_identity_integration_v3.SavantNativeIdentityIntegrationV3Tests.test_all_native_stream_ids_are_bound_without_relabelling) ... ok
test_default_deepstream_still_rejects_nonzero_local_source_id (tests.test_checkpoint_savant_native_identity_integration_v3.SavantNativeIdentityIntegrationV3Tests.test_default_deepstream_still_rejects_nonzero_local_source_id) ... ok
test_module_webserver_ports_are_unique_for_the_full_process_matrix (tests.test_checkpoint_savant_native_identity_integration_v3.SavantNativeIdentityIntegrationV3Tests.test_module_webserver_ports_are_unique_for_the_full_process_matrix) ... ok
test_mux_pts_is_mandatory_and_never_copied_from_frame_pts (tests.test_checkpoint_savant_native_identity_integration_v3.SavantNativeIdentityIntegrationV3Tests.test_mux_pts_is_mandatory_and_never_copied_from_frame_pts) ... ok
test_post_demux_sample_uses_original_pts_and_preserves_mux_identity (tests.test_checkpoint_savant_native_identity_integration_v3.SavantNativeIdentityIntegrationV3Tests.test_post_demux_sample_uses_original_pts_and_preserves_mux_identity) ... ok
test_sdk_prefix_passes_actual_mux_pts_through_unmocked_identity_and_bridge (tests.test_checkpoint_savant_native_identity_integration_v3.SavantNativeIdentityIntegrationV3Tests.test_sdk_prefix_passes_actual_mux_pts_through_unmocked_identity_and_bridge) ... ok
test_wrong_demux_pts_and_unknown_pts_mode_are_rejected_before_preprocessing (tests.test_checkpoint_savant_native_identity_integration_v3.SavantNativeIdentityIntegrationV3Tests.test_wrong_demux_pts_and_unknown_pts_mode_are_rejected_before_preprocessing) ... ok
test_baseline_config_is_real_zeromq_nvds_one_branch_and_nonpublication (tests.test_checkpoint_savant_native_module.NativeModuleTests.test_baseline_config_is_real_zeromq_nvds_one_branch_and_nonpublication) ... ok
test_canary_runtime_stays_nonpublication_and_records_native_identity (tests.test_checkpoint_savant_native_module.NativeModuleTests.test_canary_runtime_stays_nonpublication_and_records_native_identity) ... ok
test_checkpoint_factory_uses_device_memory_without_changing_upstream_factory (tests.test_checkpoint_savant_native_module.NativeModuleTests.test_checkpoint_factory_uses_device_memory_without_changing_upstream_factory) ... ok
test_ingress_filter_requires_external_zeromq_and_exact_eight_tags (tests.test_checkpoint_savant_native_module.NativeModuleTests.test_ingress_filter_requires_external_zeromq_and_exact_eight_tags) ... ok
test_matrix_preserves_twenty_four_and_six_process_identities (tests.test_checkpoint_savant_native_module.NativeModuleTests.test_matrix_preserves_twenty_four_and_six_process_identities) ... ok
test_native_identity_uses_actual_nvds_values_and_exact_admission_tags (tests.test_checkpoint_savant_native_module.NativeModuleTests.test_native_identity_uses_actual_nvds_values_and_exact_admission_tags) ... ok
test_native_queue_drop_callback_failure_is_not_acknowledged (tests.test_checkpoint_savant_native_module.NativeModuleTests.test_native_queue_drop_callback_failure_is_not_acknowledged) ... ok
test_native_queue_drop_callback_uses_the_reported_pts (tests.test_checkpoint_savant_native_module.NativeModuleTests.test_native_queue_drop_callback_uses_the_reported_pts) ... ok
test_native_resolution_does_not_inherit_eight_pixel_geometry_requirement (tests.test_checkpoint_savant_native_module.NativeModuleTests.test_native_resolution_does_not_inherit_eight_pixel_geometry_requirement) ... ok
test_post_demux_rgb_routes_do_not_use_nvmm_only_savant_pyfunc (tests.test_checkpoint_savant_native_module.NativeModuleTests.test_post_demux_rgb_routes_do_not_use_nvmm_only_savant_pyfunc) ... ok
test_post_demux_terminal_uses_buffer_pts_without_removed_nvds_batch_meta (tests.test_checkpoint_savant_native_module.NativeModuleTests.test_post_demux_terminal_uses_buffer_pts_without_removed_nvds_batch_meta) ... ok
test_queue_probe_failure_posts_error_and_prevents_buffer_delivery (tests.test_checkpoint_savant_native_module.NativeModuleTests.test_queue_probe_failure_posts_error_and_prevents_buffer_delivery) ... ok
test_queue_probe_passes_real_buffer_and_caps_before_queue_decision (tests.test_checkpoint_savant_native_module.NativeModuleTests.test_queue_probe_passes_real_buffer_and_caps_before_queue_decision) ... ok
test_rgb_route_callback_failure_posts_native_stream_error (tests.test_checkpoint_savant_native_module.NativeModuleTests.test_rgb_route_callback_failure_posts_native_stream_error) ... ok
test_rgb_route_callback_passes_the_real_buffer_once (tests.test_checkpoint_savant_native_module.NativeModuleTests.test_rgb_route_callback_passes_the_real_buffer_once) ... ok
test_savant_pyfunc_reloads_preserve_registered_runtime_and_binding_type (tests.test_checkpoint_savant_native_module.NativeModuleTests.test_savant_pyfunc_reloads_preserve_registered_runtime_and_binding_type) ... ok
test_shared_config_declares_native_tee_and_four_exact_routes (tests.test_checkpoint_savant_native_module.NativeModuleTests.test_shared_config_declares_native_tee_and_four_exact_routes) ... ok
test_baseline_module_is_bound_to_one_branch_and_module_identity (tests.test_checkpoint_savant_protocol_bridge.SavantProtocolBridgeTests.test_baseline_module_is_bound_to_one_branch_and_module_identity) ... ok
test_bridge_and_delegate_topology_or_stream_drift_is_rejected (tests.test_checkpoint_savant_protocol_bridge.SavantProtocolBridgeTests.test_bridge_and_delegate_topology_or_stream_drift_is_rejected) ... ok
test_savant_metadata_cannot_relabel_module_frame_or_origin (tests.test_checkpoint_savant_protocol_bridge.SavantProtocolBridgeTests.test_savant_metadata_cannot_relabel_module_frame_or_origin) ... ok
test_shared_module_closes_one_live_protocol_v3_join (tests.test_checkpoint_savant_protocol_bridge.SavantProtocolBridgeTests.test_shared_module_closes_one_live_protocol_v3_join) ... ok
test_exact_base_labels_and_entrypoint_are_frozen (tests.test_checkpoint_savant_publication_image_v3.SavantPublicationImageV3Tests.test_exact_base_labels_and_entrypoint_are_frozen) ... ok
test_finalizer_derives_evidence_only_from_complete_worker_receipts (tests.test_checkpoint_savant_publication_image_v3.SavantPublicationImageV3Tests.test_finalizer_derives_evidence_only_from_complete_worker_receipts) ... ok
test_runtime_contract_covers_exact_datasets_codecs_and_topologies (tests.test_checkpoint_savant_publication_image_v3.SavantPublicationImageV3Tests.test_runtime_contract_covers_exact_datasets_codecs_and_topologies) ... ok
test_worker_receipt_requires_real_savant_observations (tests.test_checkpoint_savant_publication_image_v3.SavantPublicationImageV3Tests.test_worker_receipt_requires_real_savant_observations) ... ok
test_contract_schema_dataset_and_evidence_mapping_are_closed (tests.test_checkpoint_savant_publication_runtime_v3.SavantPublicationRuntimeV3Tests.test_contract_schema_dataset_and_evidence_mapping_are_closed) ... ok
test_exact_engine_image_inputs_sockets_and_evidence_are_bound (tests.test_checkpoint_savant_publication_runtime_v3.SavantPublicationRuntimeV3Tests.test_exact_engine_image_inputs_sockets_and_evidence_are_bound) ... ok
test_image_inspect_identity_drift_is_rejected_before_run (tests.test_checkpoint_savant_publication_runtime_v3.SavantPublicationRuntimeV3Tests.test_image_inspect_identity_drift_is_rejected_before_run) ... ok
test_launcher_binds_both_topologies_to_real_container_runner (tests.test_checkpoint_savant_publication_runtime_v3.SavantPublicationRuntimeV3Tests.test_launcher_binds_both_topologies_to_real_container_runner) ... ok
test_native_failure_keeps_bounded_diagnostics_without_promoting_evidence (tests.test_checkpoint_savant_publication_runtime_v3.SavantPublicationRuntimeV3Tests.test_native_failure_keeps_bounded_diagnostics_without_promoting_evidence) ... ok
test_transient_input_path_replacement_is_rejected_before_container_run (tests.test_checkpoint_savant_publication_runtime_v3.SavantPublicationRuntimeV3Tests.test_transient_input_path_replacement_is_rejected_before_container_run) ... ok
test_phase_one_materializes_ten_physical_bindings_and_no_pilots (tests.test_checkpoint_savant_qualification_fragment_v3.SavantQualificationFragmentV3Tests.test_phase_one_materializes_ten_physical_bindings_and_no_pilots) ... ok
test_refreeze_and_exact_runtime_identity_fields_are_bound (tests.test_checkpoint_savant_qualification_fragment_v3.SavantQualificationFragmentV3Tests.test_refreeze_and_exact_runtime_identity_fields_are_bound) ... ok
test_source_and_dependency_hashes_use_only_exact_build_inputs (tests.test_checkpoint_savant_qualification_fragment_v3.SavantQualificationFragmentV3Tests.test_source_and_dependency_hashes_use_only_exact_build_inputs) ... ok
test_failed_h265_or_required_element_probe_adds_precise_blocker (tests.test_checkpoint_savant_runtime.SavantCapabilityProbeTests.test_failed_h265_or_required_element_probe_adds_precise_blocker) ... ok
test_probe_command_is_pinned_argument_safe_and_read_only (tests.test_checkpoint_savant_runtime.SavantCapabilityProbeTests.test_probe_command_is_pinned_argument_safe_and_read_only) ... ok
test_probe_is_strict_and_cannot_claim_generic_or_publication_evidence (tests.test_checkpoint_savant_runtime.SavantCapabilityProbeTests.test_probe_is_strict_and_cannot_claim_generic_or_publication_evidence) ... ok
test_successful_savant_sdk_and_nvdec_probe_remains_blocked (tests.test_checkpoint_savant_runtime.SavantCapabilityProbeTests.test_successful_savant_sdk_and_nvdec_probe_remains_blocked) ... ok
test_all_frozen_matrix_coordinates_propagate_without_drift (tests.test_checkpoint_savant_runtime.SavantRuntimePlanTests.test_all_frozen_matrix_coordinates_propagate_without_drift) ... ok
test_baseline_has_exactly_twenty_four_isolated_savant_module_processes (tests.test_checkpoint_savant_runtime.SavantRuntimePlanTests.test_baseline_has_exactly_twenty_four_isolated_savant_module_processes) ... ok
test_matrix_dataset_and_topology_relabel_drift_fail_closed (tests.test_checkpoint_savant_runtime.SavantRuntimePlanTests.test_matrix_dataset_and_topology_relabel_drift_fail_closed) ... ok
test_pair_uses_identical_frozen_sources_and_schedule_gate (tests.test_checkpoint_savant_runtime.SavantRuntimePlanTests.test_pair_uses_identical_frozen_sources_and_schedule_gate) ... ok
test_policy_protocol_and_nvidia_cuda_contract_are_exact (tests.test_checkpoint_savant_runtime.SavantRuntimePlanTests.test_policy_protocol_and_nvidia_cuda_contract_are_exact) ... ok
test_shared_has_six_decode_preprocess_modules_and_four_queued_routes (tests.test_checkpoint_savant_runtime.SavantRuntimePlanTests.test_shared_has_six_decode_preprocess_modules_and_four_queued_routes) ... ok
test_constant_dynamic_local_import_is_in_the_reachable_set (tests.test_checkpoint_savant_runtime_source_closure_v3.SavantRuntimeSourceClosureV3Tests.test_constant_dynamic_local_import_is_in_the_reachable_set) ... ok
test_docker_copy_and_ab_build_use_only_validated_allowlist (tests.test_checkpoint_savant_runtime_source_closure_v3.SavantRuntimeSourceClosureV3Tests.test_docker_copy_and_ab_build_use_only_validated_allowlist) ... ok
test_frozen_cpu_manifest_is_hash_bound_into_the_runtime_image (tests.test_checkpoint_savant_runtime_source_closure_v3.SavantRuntimeSourceClosureV3Tests.test_frozen_cpu_manifest_is_hash_bound_into_the_runtime_image) ... ok
test_missing_and_extraneous_transitive_imports_fail_closed (tests.test_checkpoint_savant_runtime_source_closure_v3.SavantRuntimeSourceClosureV3Tests.test_missing_and_extraneous_transitive_imports_fail_closed) ... ok
test_production_allowlist_is_exact_multi_entry_runtime_closure (tests.test_checkpoint_savant_runtime_source_closure_v3.SavantRuntimeSourceClosureV3Tests.test_production_allowlist_is_exact_multi_entry_runtime_closure) ... ok
test_runtime_consumes_the_native_foundation_drop_queue (tests.test_checkpoint_savant_runtime_source_closure_v3.SavantRuntimeSourceClosureV3Tests.test_runtime_consumes_the_native_foundation_drop_queue) ... ok
test_drop_identifies_the_incoming_queue_buffer_when_decode_is_ahead (tests.test_checkpoint_savant_sdk_runtime_v3.SavantQueueDropTests.test_drop_identifies_the_incoming_queue_buffer_when_decode_is_ahead) ... ok
test_first_shared_fanout_interval_follows_delayed_preprocess_parent (tests.test_checkpoint_savant_sdk_runtime_v3.SavantQueueDropTests.test_first_shared_fanout_interval_follows_delayed_preprocess_parent) ... ok
test_invalid_or_duplicate_drop_does_not_consume_another_identity (tests.test_checkpoint_savant_sdk_runtime_v3.SavantQueueDropTests.test_invalid_or_duplicate_drop_does_not_consume_another_identity) ... ok
test_main_writes_one_wall_clock_line_on_every_controlled_exit (tests.test_checkpoint_savant_sdk_runtime_v3.SavantQueueDropTests.test_main_writes_one_wall_clock_line_on_every_controlled_exit) ... ok
test_out_of_order_route_rejection_preserves_the_pending_head (tests.test_checkpoint_savant_sdk_runtime_v3.SavantQueueDropTests.test_out_of_order_route_rejection_preserves_the_pending_head) ... ok
test_queue_entry_rejects_duplicate_unknown_and_invalid_payload (tests.test_checkpoint_savant_sdk_runtime_v3.SavantQueueDropTests.test_queue_entry_rejects_duplicate_unknown_and_invalid_payload) ... ok
test_savant_wall_milliseconds_use_the_shared_process_clock (tests.test_checkpoint_savant_sdk_runtime_v3.SavantQueueDropTests.test_savant_wall_milliseconds_use_the_shared_process_clock) ... ok
test_shared_fanout_survives_two_millisecond_host_clock_step_back (tests.test_checkpoint_savant_sdk_runtime_v3.SavantQueueDropTests.test_shared_fanout_survives_two_millisecond_host_clock_step_back) ... ok
test_shared_queue_entry_covers_routed_and_dropped_fanout_once (tests.test_checkpoint_savant_sdk_runtime_v3.SavantQueueDropTests.test_shared_queue_entry_covers_routed_and_dropped_fanout_once) ... ok
test_shared_terminals_cannot_invent_unobserved_fanout (tests.test_checkpoint_savant_sdk_runtime_v3.SavantQueueDropTests.test_shared_terminals_cannot_invent_unobserved_fanout) ... ok
test_callback_runtime_binds_native_admission_to_nvdec_and_fanout_intervals (tests.test_checkpoint_savant_sdk_runtime_v3.SavantSdkRuntimeV3Tests.test_callback_runtime_binds_native_admission_to_nvdec_and_fanout_intervals) ... ok
test_epoch_nanoseconds_use_exact_integer_millisecond_ceiling (tests.test_checkpoint_savant_sdk_runtime_v3.SavantSdkRuntimeV3Tests.test_epoch_nanoseconds_use_exact_integer_millisecond_ceiling) ... ok
test_google_api_core_filter_keeps_unrelated_future_warning_visible (tests.test_checkpoint_savant_sdk_runtime_v3.SavantSdkRuntimeV3Tests.test_google_api_core_filter_keeps_unrelated_future_warning_visible) ... ok
test_google_api_core_python_eol_warning_is_suppressed (tests.test_checkpoint_savant_sdk_runtime_v3.SavantSdkRuntimeV3Tests.test_google_api_core_python_eol_warning_is_suppressed) ... ok
test_resource_emitter_uses_canonical_coordinator_trace_and_physical_files (tests.test_checkpoint_savant_sdk_runtime_v3.SavantSdkRuntimeV3Tests.test_resource_emitter_uses_canonical_coordinator_trace_and_physical_files) ... ok
test_single_arm_specs_are_exact_24_or_6_genuine_sdk_workers (tests.test_checkpoint_savant_sdk_runtime_v3.SavantSdkRuntimeV3Tests.test_single_arm_specs_are_exact_24_or_6_genuine_sdk_workers) ... ok
test_worker_materializes_hash_bound_official_savant_module_config (tests.test_checkpoint_savant_sdk_runtime_v3.SavantSdkRuntimeV3Tests.test_worker_materializes_hash_bound_official_savant_module_config) ... ok
test_worker_uses_race_safe_monotonic_start_wait (tests.test_checkpoint_savant_sdk_runtime_v3.SavantSdkRuntimeV3Tests.test_worker_uses_race_safe_monotonic_start_wait) ... ok
test_eof_before_control_stop_waits_for_validated_timestamp (tests.test_checkpoint_savant_stop_race.SavantCoordinatedStopTests.test_eof_before_control_stop_waits_for_validated_timestamp) ... ok
test_eof_without_stop_is_rejected_even_after_receiver_failure (tests.test_checkpoint_savant_stop_race.SavantCoordinatedStopTests.test_eof_without_stop_is_rejected_even_after_receiver_failure) ... ok
test_pending_stop_is_bounded_and_cannot_synthesize_success (tests.test_checkpoint_savant_stop_race.SavantCoordinatedStopTests.test_pending_stop_is_bounded_and_cannot_synthesize_success) ... ok
test_timestamp_without_completed_stop_notification_is_rejected (tests.test_checkpoint_savant_stop_race.SavantCoordinatedStopTests.test_timestamp_without_completed_stop_notification_is_rejected) ... ok
test_checker_refuses_a_real_undefined_function_global (tests.test_finite_study_static_names_v1.FiniteStudyStaticNamesTests.test_checker_refuses_a_real_undefined_function_global) ... ok
test_study_modules_reference_only_defined_globals_and_local_imports (tests.test_finite_study_static_names_v1.FiniteStudyStaticNamesTests.test_study_modules_reference_only_defined_globals_and_local_imports) ... ok
test_study_operational_persistence_refuses_a_missing_context_with_its_own_error (tests.test_finite_study_static_names_v1.FiniteStudyStaticNamesTests.test_study_operational_persistence_refuses_a_missing_context_with_its_own_error) ... ok
test_coordinated_policy_manifest_sha_drift_is_rejected_by_literal_pin (tests.test_full_publication_entrypoint.AcceptedPolicyCapabilityManifestTests.test_coordinated_policy_manifest_sha_drift_is_rejected_by_literal_pin) ... ok
test_descriptor_must_exactly_match_identity_file_set (tests.test_full_publication_entrypoint.AcceptedPolicyCapabilityManifestTests.test_descriptor_must_exactly_match_identity_file_set) ... ok
test_failed_capability_assessment_is_rejected (tests.test_full_publication_entrypoint.AcceptedPolicyCapabilityManifestTests.test_failed_capability_assessment_is_rejected) ... ok
test_happy_path_returns_detached_accepted_manifest (tests.test_full_publication_entrypoint.AcceptedPolicyCapabilityManifestTests.test_happy_path_returns_detached_accepted_manifest) ... ok
test_hash_mismatch_is_rejected (tests.test_full_publication_entrypoint.AcceptedPolicyCapabilityManifestTests.test_hash_mismatch_is_rejected) ... ok
test_missing_descriptor_is_rejected (tests.test_full_publication_entrypoint.AcceptedPolicyCapabilityManifestTests.test_missing_descriptor_is_rejected) ... ok
test_missing_physical_file_is_rejected (tests.test_full_publication_entrypoint.AcceptedPolicyCapabilityManifestTests.test_missing_physical_file_is_rejected) ... ok
test_noncanonical_json_is_rejected (tests.test_full_publication_entrypoint.AcceptedPolicyCapabilityManifestTests.test_noncanonical_json_is_rejected) ... ok
test_path_escape_is_rejected (tests.test_full_publication_entrypoint.AcceptedPolicyCapabilityManifestTests.test_path_escape_is_rejected) ... ok
test_size_mismatch_is_rejected (tests.test_full_publication_entrypoint.AcceptedPolicyCapabilityManifestTests.test_size_mismatch_is_rejected) ... ok
test_symbolic_link_is_rejected (tests.test_full_publication_entrypoint.AcceptedPolicyCapabilityManifestTests.test_symbolic_link_is_rejected) ... ok
test_cloud_capability_environment_cannot_replace_canonical_link_file (tests.test_full_publication_entrypoint.IdentityMaterialTests.test_cloud_capability_environment_cannot_replace_canonical_link_file) ... ok
test_cloud_capability_file_is_consumed_without_layout_assumptions (tests.test_full_publication_entrypoint.IdentityMaterialTests.test_cloud_capability_file_is_consumed_without_layout_assumptions) ... ok
test_cloud_identity_survives_capability_rotation_but_binds_destination_id (tests.test_full_publication_entrypoint.IdentityMaterialTests.test_cloud_identity_survives_capability_rotation_but_binds_destination_id) ... ok
test_identity_binds_untracked_sources_actual_artifacts_images_hardware_and_redacted_cloud (tests.test_full_publication_entrypoint.IdentityMaterialTests.test_identity_binds_untracked_sources_actual_artifacts_images_hardware_and_redacted_cloud) ... ok
test_legacy_identity_binding_cannot_build_execution_identity (tests.test_full_publication_entrypoint.IdentityMaterialTests.test_legacy_identity_binding_cannot_build_execution_identity) ... ok
test_missing_local_container_image_fails_closed (tests.test_full_publication_entrypoint.IdentityMaterialTests.test_missing_local_container_image_fails_closed) ... ok
test_model_hash_mismatch_is_permanent_contract_error (tests.test_full_publication_entrypoint.IdentityMaterialTests.test_model_hash_mismatch_is_permanent_contract_error) ... ok
test_windows_cpu_probe_falls_back_to_cim_when_lscpu_is_unavailable (tests.test_full_publication_entrypoint.IdentityMaterialTests.test_windows_cpu_probe_falls_back_to_cim_when_lscpu_is_unavailable) ... ok
test_cli_expected_pin_cannot_authorize_an_alternate_matrix (tests.test_full_publication_entrypoint.OfflinePublicationPlanTests.test_cli_expected_pin_cannot_authorize_an_alternate_matrix) ... ok
test_nonplan_factory_still_requires_a_run_root (tests.test_full_publication_entrypoint.OfflinePublicationPlanTests.test_nonplan_factory_still_requires_a_run_root) ... ok
test_nonplan_missing_identity_manifest_blocks_before_cloud_consumption (tests.test_full_publication_entrypoint.OfflinePublicationPlanTests.test_nonplan_missing_identity_manifest_blocks_before_cloud_consumption) ... ok
test_offline_plan_fails_closed_on_frozen_policy_drift (tests.test_full_publication_entrypoint.OfflinePublicationPlanTests.test_offline_plan_fails_closed_on_frozen_policy_drift) ... ok
test_policy_contract_literal_pin_rejects_coordinated_dynamic_drift (tests.test_full_publication_entrypoint.OfflinePublicationPlanTests.test_policy_contract_literal_pin_rejects_coordinated_dynamic_drift) ... ok
test_real_plan_factory_is_offline_read_only_and_needs_no_run_root (tests.test_full_publication_entrypoint.OfflinePublicationPlanTests.test_real_plan_factory_is_offline_read_only_and_needs_no_run_root) ... ok
test_system_probe_child_environment_excludes_seafile_capabilities (tests.test_full_publication_entrypoint.OfflinePublicationPlanTests.test_system_probe_child_environment_excludes_seafile_capabilities) ... ok
test_valid_alternate_2800_pair_matrix_is_permanent_78 (tests.test_full_publication_entrypoint.OfflinePublicationPlanTests.test_valid_alternate_2800_pair_matrix_is_permanent_78) ... ok
test_blocked_run_does_not_initialize_run_root (tests.test_full_publication_entrypoint.ProductionEntrypointTests.test_blocked_run_does_not_initialize_run_root) ... ok
test_external_preflight_uses_durable_resume_prefix (tests.test_full_publication_entrypoint.ProductionEntrypointTests.test_external_preflight_uses_durable_resume_prefix) ... ok
test_finalized_export_uses_run_root_default_destination (tests.test_full_publication_entrypoint.ProductionEntrypointTests.test_finalized_export_uses_run_root_default_destination) ... ok
test_incomplete_run_is_not_exported (tests.test_full_publication_entrypoint.ProductionEntrypointTests.test_incomplete_run_is_not_exported) ... ok
test_main_prints_json_and_returns_strict_exit (tests.test_full_publication_entrypoint.ProductionEntrypointTests.test_main_prints_json_and_returns_strict_exit) ... ok
test_parser_exposes_no_cloud_credentials (tests.test_full_publication_entrypoint.ProductionEntrypointTests.test_parser_exposes_no_cloud_credentials) ... ok
test_plan_and_preflight_are_read_only (tests.test_full_publication_entrypoint.ProductionEntrypointTests.test_plan_and_preflight_are_read_only) ... ok
test_plan_preflight_and_run_reject_matrix_identity_drift_before_execution (tests.test_full_publication_entrypoint.ProductionEntrypointTests.test_plan_preflight_and_run_reject_matrix_identity_drift_before_execution) ... ok
test_ready_run_delegates_and_preserves_runner_exit_semantics (tests.test_full_publication_entrypoint.ProductionEntrypointTests.test_ready_run_delegates_and_preserves_runner_exit_semantics) ... ok
test_status_verify_and_finalize_exit_codes (tests.test_full_publication_entrypoint.ProductionEntrypointTests.test_status_verify_and_finalize_exit_codes) ... ok
test_transient_external_preflight_maps_to_75_without_run (tests.test_full_publication_entrypoint.ProductionEntrypointTests.test_transient_external_preflight_maps_to_75_without_run) ... ok
test_accepted_policy_manifest_is_injected_only_into_readiness_copy (tests.test_full_publication_entrypoint.ProductionReadinessTests.test_accepted_policy_manifest_is_injected_only_into_readiness_copy) ... ok
test_conflicting_config_policy_manifest_is_rejected (tests.test_full_publication_entrypoint.ProductionReadinessTests.test_conflicting_config_policy_manifest_is_rejected) ... ok
test_hardware_mismatch_blocks_otherwise_ready_assessment (tests.test_full_publication_entrypoint.ProductionReadinessTests.test_hardware_mismatch_blocks_otherwise_ready_assessment) ... ok
test_tampered_parity_grant_is_rejected_before_scientific_readiness (tests.test_full_publication_entrypoint.ProductionReadinessTests.test_tampered_parity_grant_is_rejected_before_scientific_readiness) ... ok
test_verified_grant_is_forwarded_to_scientific_readiness (tests.test_full_publication_entrypoint.ProductionReadinessTests.test_verified_grant_is_forwarded_to_scientific_readiness) ... ok
test_verified_grant_rejects_legacy_scientific_validator_signature (tests.test_full_publication_entrypoint.ProductionReadinessTests.test_verified_grant_rejects_legacy_scientific_validator_signature) ... ok
test_run_root_is_confined_to_a_dedicated_publication_child (tests.test_full_publication_entrypoint.ProductionRunRootGuardTests.test_run_root_is_confined_to_a_dedicated_publication_child) ... ok
test_default_real_arm_routes_only_through_production_v3_transaction (tests.test_full_publication_entrypoint.RealArmRunnerTests.test_default_real_arm_routes_only_through_production_v3_transaction) ... ok
test_exact_primary_architecture_pair_metadata_is_validated_and_forwarded (tests.test_full_publication_entrypoint.RealArmRunnerTests.test_exact_primary_architecture_pair_metadata_is_validated_and_forwarded) ... ok
test_exactly_maps_frozen_arm_to_run_one_in_local_heterogeneous_mode (tests.test_full_publication_entrypoint.RealArmRunnerTests.test_exactly_maps_frozen_arm_to_run_one_in_local_heterogeneous_mode) ... ok
test_identity_artifact_guard_rehashes_despite_unchanged_size_and_mtime (tests.test_full_publication_entrypoint.RealArmRunnerTests.test_identity_artifact_guard_rehashes_despite_unchanged_size_and_mtime) ... ok
test_pins_every_container_reference_to_frozen_image_id (tests.test_full_publication_entrypoint.RealArmRunnerTests.test_pins_every_container_reference_to_frozen_image_id) ... ok
test_primary_architecture_pair_arm_position_is_crossbound (tests.test_full_publication_entrypoint.RealArmRunnerTests.test_primary_architecture_pair_arm_position_is_crossbound) ... ok
test_primary_architecture_pair_metadata_is_required_only_for_exact_cell (tests.test_full_publication_entrypoint.RealArmRunnerTests.test_primary_architecture_pair_metadata_is_required_only_for_exact_cell) ... ok
test_production_executor_passes_ro_ext4_contract_to_transaction (tests.test_full_publication_entrypoint.RealArmRunnerTests.test_production_executor_passes_ro_ext4_contract_to_transaction) ... ok
test_production_v3_existing_plain_arm_resumes_without_prepare (tests.test_full_publication_entrypoint.RealArmRunnerTests.test_production_v3_existing_plain_arm_resumes_without_prepare) ... ok
test_production_v3_rejects_unaccepted_semantic_authority (tests.test_full_publication_entrypoint.RealArmRunnerTests.test_production_v3_rejects_unaccepted_semantic_authority) ... ok
test_rejects_arm_protocol_drift_before_launch (tests.test_full_publication_entrypoint.RealArmRunnerTests.test_rejects_arm_protocol_drift_before_launch) ... ok
test_rejects_codec_dataset_mapping_drift (tests.test_full_publication_entrypoint.RealArmRunnerTests.test_rejects_codec_dataset_mapping_drift) ... ok
test_rejects_execution_input_drift_before_launch (tests.test_full_publication_entrypoint.RealArmRunnerTests.test_rejects_execution_input_drift_before_launch) ... ok
test_rejects_parity_grant_that_does_not_match_immutable_identity (tests.test_full_publication_entrypoint.RealArmRunnerTests.test_rejects_parity_grant_that_does_not_match_immutable_identity) ... ok
test_rejects_run_one_result_identity_drift (tests.test_full_publication_entrypoint.RealArmRunnerTests.test_rejects_run_one_result_identity_drift) ... ok
test_rejects_run_one_that_cannot_receive_parity_grant_before_launch (tests.test_full_publication_entrypoint.RealArmRunnerTests.test_rejects_run_one_that_cannot_receive_parity_grant_before_launch) ... ok
test_semantic_validator_crossbinds_acceptance_metadata_and_evidence (tests.test_full_publication_entrypoint.RealArmRunnerTests.test_semantic_validator_crossbinds_acceptance_metadata_and_evidence) ... ok
test_acceptance_requires_manifest_hash_before_cloud (tests.test_full_publication_runner.FullPublicationRunnerTests.test_acceptance_requires_manifest_hash_before_cloud) ... ok
test_atomic_checkpoint_replace_does_not_mask_permanent_or_exhausted_errors (tests.test_full_publication_runner.FullPublicationRunnerTests.test_atomic_checkpoint_replace_does_not_mask_permanent_or_exhausted_errors) ... ok
test_atomic_checkpoint_replace_retries_windows_sharing_races (tests.test_full_publication_runner.FullPublicationRunnerTests.test_atomic_checkpoint_replace_retries_windows_sharing_races) ... ok
test_callback_decisions_require_exact_bools_strings_and_json_objects (tests.test_full_publication_runner.FullPublicationRunnerTests.test_callback_decisions_require_exact_bools_strings_and_json_objects) ... ok
test_cloud_failure_resumes_from_durable_acceptance_without_rerunning_arms (tests.test_full_publication_runner.FullPublicationRunnerTests.test_cloud_failure_resumes_from_durable_acceptance_without_rerunning_arms) ... ok
test_complete_run_executes_each_pair_in_sequence_and_finalizes (tests.test_full_publication_runner.FullPublicationRunnerTests.test_complete_run_executes_each_pair_in_sequence_and_finalizes) ... ok
test_each_callback_boundary_receives_fresh_immutable_snapshot (tests.test_full_publication_runner.FullPublicationRunnerTests.test_each_callback_boundary_receives_fresh_immutable_snapshot) ... ok
test_finalization_recovers_each_physical_crash_window (tests.test_full_publication_runner.FullPublicationRunnerTests.test_finalization_recovers_each_physical_crash_window) ... ok
test_finalization_rejects_racing_foreign_and_rebound_final (tests.test_full_publication_runner.FullPublicationRunnerTests.test_finalization_rejects_racing_foreign_and_rebound_final) ... ok
test_finalize_crash_after_file_reverifies_remote_before_checkpoint_commit (tests.test_full_publication_runner.FullPublicationRunnerTests.test_finalize_crash_after_file_reverifies_remote_before_checkpoint_commit) ... ok
test_finalize_refuses_incomplete_run_and_run_requires_callbacks (tests.test_full_publication_runner.FullPublicationRunnerTests.test_finalize_refuses_incomplete_run_and_run_requires_callbacks) ... ok
test_finalize_requires_remote_verification_of_every_receipt (tests.test_full_publication_runner.FullPublicationRunnerTests.test_finalize_requires_remote_verification_of_every_receipt) ... ok
test_identity_drift_aborts_before_any_callback (tests.test_full_publication_runner.FullPublicationRunnerTests.test_identity_drift_aborts_before_any_callback) ... ok
test_noncontiguous_or_tampered_verified_prefix_fails_closed (tests.test_full_publication_runner.FullPublicationRunnerTests.test_noncontiguous_or_tampered_verified_prefix_fails_closed) ... ok
test_pair_rejection_is_permanent_and_never_reaches_cloud (tests.test_full_publication_runner.FullPublicationRunnerTests.test_pair_rejection_is_permanent_and_never_reaches_cloud) ... ok
test_plan_uses_the_frozen_2800_pair_publication_matrix (tests.test_full_publication_runner.FullPublicationRunnerTests.test_plan_uses_the_frozen_2800_pair_publication_matrix) ... ok
test_preexisting_finalization_cannot_bypass_live_remote_verification (tests.test_full_publication_runner.FullPublicationRunnerTests.test_preexisting_finalization_cannot_bypass_live_remote_verification) ... ok
test_preflight_classifies_transient_and_untyped_failures (tests.test_full_publication_runner.FullPublicationRunnerTests.test_preflight_classifies_transient_and_untyped_failures) ... ok
test_process_crash_inside_arm_resumes_same_attempt_and_skips_committed_prefix (tests.test_full_publication_runner.FullPublicationRunnerTests.test_process_crash_inside_arm_resumes_same_attempt_and_skips_committed_prefix) ... ok
test_process_crash_inside_cloud_transaction_resumes_from_acceptance (tests.test_full_publication_runner.FullPublicationRunnerTests.test_process_crash_inside_cloud_transaction_resumes_from_acceptance) ... ok
test_run_manifest_recovers_each_physical_crash_window (tests.test_full_publication_runner.FullPublicationRunnerTests.test_run_manifest_recovers_each_physical_crash_window) ... ok
test_run_manifest_rejects_racing_foreign_and_rebound_final (tests.test_full_publication_runner.FullPublicationRunnerTests.test_run_manifest_rejects_racing_foreign_and_rebound_final) ... ok
test_run_rejects_malformed_existing_finalization (tests.test_full_publication_runner.FullPublicationRunnerTests.test_run_rejects_malformed_existing_finalization) ... ok
test_run_root_lock_rejects_concurrent_run_and_status (tests.test_full_publication_runner.FullPublicationRunnerTests.test_run_root_lock_rejects_concurrent_run_and_status) ... ok
test_status_rejects_unknown_finalization_fields (tests.test_full_publication_runner.FullPublicationRunnerTests.test_status_rejects_unknown_finalization_fields) ... ok
test_tampered_durable_arm_result_fails_closed_before_callback (tests.test_full_publication_runner.FullPublicationRunnerTests.test_tampered_durable_arm_result_fails_closed_before_callback) ... ok
test_transient_failure_resumes_same_attempt_without_rerunning_committed_arm (tests.test_full_publication_runner.FullPublicationRunnerTests.test_transient_failure_resumes_same_attempt_without_rerunning_committed_arm) ... ok
test_verified_cloud_receipt_has_strict_envelope_and_identity_schema (tests.test_full_publication_runner.FullPublicationRunnerTests.test_verified_cloud_receipt_has_strict_envelope_and_identity_schema) ... ok
test_bundle_leaf_and_directory_crash_windows_retry_same_path (tests.test_full_publication_wsl_user_service_v1.FullPublicationWslUserServiceTests.test_bundle_leaf_and_directory_crash_windows_retry_same_path) ... ok
test_bundle_rejects_foreign_partial_target_tamper_and_rebind (tests.test_full_publication_wsl_user_service_v1.FullPublicationWslUserServiceTests.test_bundle_rejects_foreign_partial_target_tamper_and_rebind) ... ok
test_bundle_rejects_preexisting_empty_or_symlink_target (tests.test_full_publication_wsl_user_service_v1.FullPublicationWslUserServiceTests.test_bundle_rejects_preexisting_empty_or_symlink_target) ... ok
test_fully_rehashed_manifest_and_receipt_pin_drift_is_rejected (tests.test_full_publication_wsl_user_service_v1.FullPublicationWslUserServiceTests.test_fully_rehashed_manifest_and_receipt_pin_drift_is_rejected) ... ok
test_install_crash_windows_retry_same_path_and_preserve_inode (tests.test_full_publication_wsl_user_service_v1.FullPublicationWslUserServiceTests.test_install_crash_windows_retry_same_path_and_preserve_inode) ... ok
test_install_is_idempotent_never_enables_and_requires_linger (tests.test_full_publication_wsl_user_service_v1.FullPublicationWslUserServiceTests.test_install_is_idempotent_never_enables_and_requires_linger) ... ok
test_install_refuses_drifted_existing_unit (tests.test_full_publication_wsl_user_service_v1.FullPublicationWslUserServiceTests.test_install_refuses_drifted_existing_unit) ... ok
test_install_rejects_partial_journal_symlink_and_unit_dir_aba (tests.test_full_publication_wsl_user_service_v1.FullPublicationWslUserServiceTests.test_install_rejects_partial_journal_symlink_and_unit_dir_aba) ... ok
test_launch_execs_exact_supervisor_only_after_preflight (tests.test_full_publication_wsl_user_service_v1.FullPublicationWslUserServiceTests.test_launch_execs_exact_supervisor_only_after_preflight) ... ok
test_launch_returns_transient_for_unready_docker_and_never_execs (tests.test_full_publication_wsl_user_service_v1.FullPublicationWslUserServiceTests.test_launch_returns_transient_for_unready_docker_and_never_execs) ... ok
test_manifest_binds_same_exact_run_root_state_and_command_sources (tests.test_full_publication_wsl_user_service_v1.FullPublicationWslUserServiceTests.test_manifest_binds_same_exact_run_root_state_and_command_sources) ... ok
test_materialization_is_canonical_self_hashed_and_does_not_start (tests.test_full_publication_wsl_user_service_v1.FullPublicationWslUserServiceTests.test_materialization_is_canonical_self_hashed_and_does_not_start) ... ok
test_materialization_rejects_alternate_frozen_contract_pins (tests.test_full_publication_wsl_user_service_v1.FullPublicationWslUserServiceTests.test_materialization_rejects_alternate_frozen_contract_pins) ... ok
test_materialization_rejects_attempt_mismatch_and_symlinked_input (tests.test_full_publication_wsl_user_service_v1.FullPublicationWslUserServiceTests.test_materialization_rejects_attempt_mismatch_and_symlinked_input) ... ok
test_materialization_rejects_run_root_outside_exact_namespace (tests.test_full_publication_wsl_user_service_v1.FullPublicationWslUserServiceTests.test_materialization_rejects_run_root_outside_exact_namespace) ... ok
test_materialize_api_default_disables_unexpected_retries (tests.test_full_publication_wsl_user_service_v1.FullPublicationWslUserServiceTests.test_materialize_api_default_disables_unexpected_retries) ... ok
test_materialize_cli_default_disables_unexpected_retries (tests.test_full_publication_wsl_user_service_v1.FullPublicationWslUserServiceTests.test_materialize_cli_default_disables_unexpected_retries) ... ok
test_pinned_source_command_rejects_post_manifest_replacement (tests.test_full_publication_wsl_user_service_v1.FullPublicationWslUserServiceTests.test_pinned_source_command_rejects_post_manifest_replacement) ... ok
test_rendered_unit_passes_systemd_verify (tests.test_full_publication_wsl_user_service_v1.FullPublicationWslUserServiceTests.test_rendered_unit_passes_systemd_verify) ... ok
test_start_enables_only_after_exact_preflight_ready (tests.test_full_publication_wsl_user_service_v1.FullPublicationWslUserServiceTests.test_start_enables_only_after_exact_preflight_ready) ... ok
test_start_never_enables_when_preflight_is_not_exact_ready (tests.test_full_publication_wsl_user_service_v1.FullPublicationWslUserServiceTests.test_start_never_enables_when_preflight_is_not_exact_ready) ... ok
test_status_crosschecks_supervisor_command_identity (tests.test_full_publication_wsl_user_service_v1.FullPublicationWslUserServiceTests.test_status_crosschecks_supervisor_command_identity) ... ok
test_stop_targets_only_exact_installed_unit_and_disables_it (tests.test_full_publication_wsl_user_service_v1.FullPublicationWslUserServiceTests.test_stop_targets_only_exact_installed_unit_and_disables_it) ... ok
test_validation_fails_on_source_unit_and_receipt_tampering (tests.test_full_publication_wsl_user_service_v1.FullPublicationWslUserServiceTests.test_validation_fails_on_source_unit_and_receipt_tampering) ... ok
test_wsl_gate_rejects_non_wsl_and_accepts_explicit_probe (tests.test_full_publication_wsl_user_service_v1.FullPublicationWslUserServiceTests.test_wsl_gate_rejects_non_wsl_and_accepts_explicit_probe) ... ok
test_adaptive_v2_bundle_rejects_missing_and_tampered_jsonl (tests.test_full_resource_publication.FullResourcePublicationTests.test_adaptive_v2_bundle_rejects_missing_and_tampered_jsonl) ... ok
test_backend_run_contract_requires_current_crossbound_parity_grant (tests.test_full_resource_publication.FullResourcePublicationTests.test_backend_run_contract_requires_current_crossbound_parity_grant) ... ok
test_config_self_declared_post_run_acceptance_cannot_select_full_scope (tests.test_full_resource_publication.FullResourcePublicationTests.test_config_self_declared_post_run_acceptance_cannot_select_full_scope) ... ok
test_grant_is_derived_only_from_exact_validated_identity_binding (tests.test_full_resource_publication.FullResourcePublicationTests.test_grant_is_derived_only_from_exact_validated_identity_binding) ... ok
test_grant_rejects_legacy_identity_binding_schema_v1 (tests.test_full_resource_publication.FullResourcePublicationTests.test_grant_rejects_legacy_identity_binding_schema_v1) ... ok
test_run_contract_binds_grant_and_resume_identity_will_detect_drift (tests.test_full_resource_publication.FullResourcePublicationTests.test_run_contract_binds_grant_and_resume_identity_will_detect_drift) ... ok
test_v2_bundle_identity_binds_every_resource_sidecar (tests.test_full_resource_publication.FullResourcePublicationTests.test_v2_bundle_identity_binds_every_resource_sidecar) ... ok
test_v2_scope_extends_v1_with_exact_resource_evidence (tests.test_full_resource_publication.FullResourcePublicationTests.test_v2_scope_extends_v1_with_exact_resource_evidence) ... ok
test_verified_pre_run_grant_selects_full_scope_while_config_evidence_is_false (tests.test_full_resource_publication.FullResourcePublicationTests.test_verified_pre_run_grant_selects_full_scope_while_config_evidence_is_false) ... ok
test_covered_runtimes_stamp_wall_time_only_through_the_shared_clock (tests.test_legacy_wall_clock_static_gate_v1.LegacyWallClockStaticGateV1Tests.test_covered_runtimes_stamp_wall_time_only_through_the_shared_clock) ... ok
test_every_native_probe_dockerfile_copies_the_wall_clock_header (tests.test_legacy_wall_clock_static_gate_v1.LegacyWallClockStaticGateV1Tests.test_every_native_probe_dockerfile_copies_the_wall_clock_header) ... ok
test_gate_reports_injected_direct_clock_and_missing_header (tests.test_legacy_wall_clock_static_gate_v1.LegacyWallClockStaticGateV1Tests.test_gate_reports_injected_direct_clock_and_missing_header) ... ok
test_concurrent_stamps_are_unique_and_strictly_increasing_per_thread (tests.test_non_decreasing_wall_clock_v1.NonDecreasingWallClockTests.test_concurrent_stamps_are_unique_and_strictly_increasing_per_thread) ... ok
test_default_raw_source_is_realtime_nanoseconds (tests.test_non_decreasing_wall_clock_v1.NonDecreasingWallClockTests.test_default_raw_source_is_realtime_nanoseconds) ... ok
test_exactly_ten_millisecond_step_back_is_still_clamped (tests.test_non_decreasing_wall_clock_v1.NonDecreasingWallClockTests.test_exactly_ten_millisecond_step_back_is_still_clamped) ... ok
test_forward_raw_stamps_pass_unchanged_without_clamp (tests.test_non_decreasing_wall_clock_v1.NonDecreasingWallClockTests.test_forward_raw_stamps_pass_unchanged_without_clamp) ... ok
test_invalid_raw_source_fails_closed (tests.test_non_decreasing_wall_clock_v1.NonDecreasingWallClockTests.test_invalid_raw_source_fails_closed) ... ok
test_process_clock_is_one_shared_instance_behind_wall_time_ns (tests.test_non_decreasing_wall_clock_v1.NonDecreasingWallClockTests.test_process_clock_is_one_shared_instance_behind_wall_time_ns) ... ok
test_step_back_beyond_ten_milliseconds_fails_closed (tests.test_non_decreasing_wall_clock_v1.NonDecreasingWallClockTests.test_step_back_beyond_ten_milliseconds_fails_closed) ... ok
test_two_millisecond_step_back_is_clamped_to_one_nanosecond_after_previous (tests.test_non_decreasing_wall_clock_v1.NonDecreasingWallClockTests.test_two_millisecond_step_back_is_clamped_to_one_nanosecond_after_previous) ... ok
test_binding_rejects_retained_copy_tamper_and_raw_evidence_tamper (tests.test_publication_article_statistics_v1.PublicationArticleStatisticsV1Tests.test_binding_rejects_retained_copy_tamper_and_raw_evidence_tamper) ... ok
test_preexisting_attempt_leaf_is_never_replaced (tests.test_publication_article_statistics_v1.PublicationArticleStatisticsV1Tests.test_preexisting_attempt_leaf_is_never_replaced) ... ok
test_production_seal_uses_runtime_metadata_authority_and_frozen_pair_override (tests.test_publication_article_statistics_v1.PublicationArticleStatisticsV1Tests.test_production_seal_uses_runtime_metadata_authority_and_frozen_pair_override) ... ok
test_record_is_self_hashed_and_both_copies_are_physically_bound (tests.test_publication_article_statistics_v1.PublicationArticleStatisticsV1Tests.test_record_is_self_hashed_and_both_copies_are_physically_bound) ... ok
test_retained_parent_redirect_is_rejected_before_either_copy_write (tests.test_publication_article_statistics_v1.PublicationArticleStatisticsV1Tests.test_retained_parent_redirect_is_rejected_before_either_copy_write) ... ok
test_same_path_retry_recovers_both_copies_at_every_physical_window (tests.test_publication_article_statistics_v1.PublicationArticleStatisticsV1Tests.test_same_path_retry_recovers_both_copies_at_every_physical_window) ... ok
test_twenty_sealed_arms_reproduce_exact_preregistered_paired_inference (tests.test_publication_article_statistics_v1.PublicationArticleStatisticsV1Tests.test_twenty_sealed_arms_reproduce_exact_preregistered_paired_inference) ... ok
test_validator_rejects_per_stream_aggregate_drift_even_with_rehashed_record (tests.test_publication_article_statistics_v1.PublicationArticleStatisticsV1Tests.test_validator_rejects_per_stream_aggregate_drift_even_with_rehashed_record) ... ok
test_engine_bytes_or_socket_identity_drift_rejects (tests.test_publication_gstreamer_component_inputs_v1.ComponentHeldSessionTests.test_engine_bytes_or_socket_identity_drift_rejects) ... ok
test_exception_closes_actual_input_fds_and_keeps_original_failure (tests.test_publication_gstreamer_component_inputs_v1.ComponentHeldSessionTests.test_exception_closes_actual_input_fds_and_keeps_original_failure) ... ok
test_five_boundaries_share_one_full_assessment_but_observe_twenty_images (tests.test_publication_gstreamer_component_inputs_v1.ComponentHeldSessionTests.test_five_boundaries_share_one_full_assessment_but_observe_twenty_images) ... ok
test_original_socket_replacement_and_ancestor_alias_reject_before_inspect (tests.test_publication_gstreamer_component_inputs_v1.ComponentHeldSessionTests.test_original_socket_replacement_and_ancestor_alias_reject_before_inspect) ... ok
test_private_projection_collector_publishes_only_after_complete_assessment (tests.test_publication_gstreamer_component_inputs_v1.ComponentHeldSessionTests.test_private_projection_collector_publishes_only_after_complete_assessment) ... ok
test_public_held_inputs_retains_independent_complete_validation (tests.test_publication_gstreamer_component_inputs_v1.ComponentHeldSessionTests.test_public_held_inputs_retains_independent_complete_validation) ... ok
test_raw_dict_foreign_pid_root_authority_and_closed_session_fail (tests.test_publication_gstreamer_component_inputs_v1.ComponentHeldSessionTests.test_raw_dict_foreign_pid_root_authority_and_closed_session_fail) ... ok
test_same_bytes_replacement_is_rejected_before_live_image_observation (tests.test_publication_gstreamer_component_inputs_v1.ComponentHeldSessionTests.test_same_bytes_replacement_is_rejected_before_live_image_observation) ... ok
test_same_image_id_does_not_hide_projection_drift (tests.test_publication_gstreamer_component_inputs_v1.ComponentHeldSessionTests.test_same_image_id_does_not_hide_projection_drift) ... ok
test_actual_materializer_commits_last_and_raw_refusal_leaves_only_owned_prefix (tests.test_publication_gstreamer_component_inputs_v1.ComponentHostPredicatesTests.test_actual_materializer_commits_last_and_raw_refusal_leaves_only_owned_prefix)
Only expensive model/image/closure authorities are explicit fixtures. ... ok
test_materializer_refuses_bad_mode_or_occupied_output_before_any_preflight (tests.test_publication_gstreamer_component_inputs_v1.ComponentHostPredicatesTests.test_materializer_refuses_bad_mode_or_occupied_output_before_any_preflight) ... ok
test_model_observer_accepts_actual_stock_formatted_inspect_contract (tests.test_publication_gstreamer_component_inputs_v1.ComponentHostPredicatesTests.test_model_observer_accepts_actual_stock_formatted_inspect_contract) ... ok
test_model_observer_routes_only_inspect_to_original_pinned_engine_socket (tests.test_publication_gstreamer_component_inputs_v1.ComponentHostPredicatesTests.test_model_observer_routes_only_inspect_to_original_pinned_engine_socket) ... ok
test_selected_costs_retain_actual_original_sample_ids_and_medians (tests.test_publication_gstreamer_component_inputs_v1.ComponentHostPredicatesTests.test_selected_costs_retain_actual_original_sample_ids_and_medians) ... ok
test_expected_descriptor_semantic_seal_and_symlink_are_not_alias_authority (tests.test_publication_gstreamer_component_inputs_v1.ComponentPhysicalAuthorityTests.test_expected_descriptor_semantic_seal_and_symlink_are_not_alias_authority) ... ok
test_held_leaf_replacement_and_legitimate_sibling_output (tests.test_publication_gstreamer_component_inputs_v1.ComponentPhysicalAuthorityTests.test_held_leaf_replacement_and_legitimate_sibling_output) ... ok
test_original_seven_roles_and_front_workers_are_independently_bound (tests.test_publication_gstreamer_component_inputs_v1.ComponentPhysicalAuthorityTests.test_original_seven_roles_and_front_workers_are_independently_bound) ... ok
test_original_stock_probe_authority_shape_and_implementation_are_bound (tests.test_publication_gstreamer_component_inputs_v1.ComponentPhysicalAuthorityTests.test_original_stock_probe_authority_shape_and_implementation_are_bound) ... ok
test_real_physical_selected_eight_keep_complete_declaration_verbatim (tests.test_publication_gstreamer_component_inputs_v1.ComponentPhysicalAuthorityTests.test_real_physical_selected_eight_keep_complete_declaration_verbatim) ... ok
test_resealed_sibling_policy_count_and_model_binding_fail (tests.test_publication_gstreamer_component_inputs_v1.ComponentPhysicalAuthorityTests.test_resealed_sibling_policy_count_and_model_binding_fail) ... ok
test_stale_current_source_rejects_even_same_length (tests.test_publication_gstreamer_component_inputs_v1.ComponentPhysicalAuthorityTests.test_stale_current_source_rejects_even_same_length) ... ok
test_native_factory_uses_explicit_current_material_without_qualification_inputs (tests.test_publication_gstreamer_component_inputs_v1.ComponentPureFactoryTests.test_native_factory_uses_explicit_current_material_without_qualification_inputs) ... ok
test_selected_pin_factory_does_not_read_other_system_calibrations (tests.test_publication_gstreamer_component_inputs_v1.ComponentPureFactoryTests.test_selected_pin_factory_does_not_read_other_system_calibrations) ... ok
test_actual_operational_header_reader_binds_physical_bytes (tests.test_publication_gstreamer_component_runtime_v1.ColdProviderBoundaryTests.test_actual_operational_header_reader_binds_physical_bytes) ... ok
test_real_cold_provider_resolves_before_two_arm_cardinality_guard (tests.test_publication_gstreamer_component_runtime_v1.ColdProviderBoundaryTests.test_real_cold_provider_resolves_before_two_arm_cardinality_guard) ... ok
test_all_acceptance_leaves_remain_held_after_validator_returns (tests.test_publication_gstreamer_component_runtime_v1.ComponentCustodyTests.test_all_acceptance_leaves_remain_held_after_validator_returns) ... ok
test_descriptive_metrics_keep_absolute_misses_drops_and_zero_denominator_reason (tests.test_publication_gstreamer_component_runtime_v1.ComponentCustodyTests.test_descriptive_metrics_keep_absolute_misses_drops_and_zero_denominator_reason) ... ok
test_generated_preprocessing_leaves_reject_late_same_byte_replacement (tests.test_publication_gstreamer_component_runtime_v1.ComponentCustodyTests.test_generated_preprocessing_leaves_reject_late_same_byte_replacement) ... ok
test_guardian_journals_stay_held_after_the_surrounding_join_returns (tests.test_publication_gstreamer_component_runtime_v1.ComponentCustodyTests.test_guardian_journals_stay_held_after_the_surrounding_join_returns) ... ok
test_original_arm_local_cohort_ids_do_not_break_stock_schedule_pair_gate (tests.test_publication_gstreamer_component_runtime_v1.ComponentCustodyTests.test_original_arm_local_cohort_ids_do_not_break_stock_schedule_pair_gate) ... ok
test_original_hardware_transfer_is_exact_exclusive_and_owned (tests.test_publication_gstreamer_component_runtime_v1.ComponentCustodyTests.test_original_hardware_transfer_is_exact_exclusive_and_owned) ... ok
test_oversized_sparse_hardware_is_refused_without_publication (tests.test_publication_gstreamer_component_runtime_v1.ComponentCustodyTests.test_oversized_sparse_hardware_is_refused_without_publication) ... ok
test_same_byte_source_substitution_refuses_transfer_and_retains_both_originals (tests.test_publication_gstreamer_component_runtime_v1.ComponentCustodyTests.test_same_byte_source_substitution_refuses_transfer_and_retains_both_originals) ... ok
test_execution_cannot_opt_out_of_live_guardian (tests.test_publication_gstreamer_component_runtime_v1.ComponentRuntimeFixtureTests.test_execution_cannot_opt_out_of_live_guardian) ... ok
test_original_pair_is_physically_planned_and_factory_reconstructed (tests.test_publication_gstreamer_component_runtime_v1.ComponentRuntimeFixtureTests.test_original_pair_is_physically_planned_and_factory_reconstructed) ... ok
test_private_session_keeps_real_factory_and_custody_at_all_five_boundaries (tests.test_publication_gstreamer_component_runtime_v1.ComponentRuntimeFixtureTests.test_private_session_keeps_real_factory_and_custody_at_all_five_boundaries) ... ok
test_resealed_foreign_factory_fields_fail_before_native_execution (tests.test_publication_gstreamer_component_runtime_v1.ComponentRuntimeFixtureTests.test_resealed_foreign_factory_fields_fail_before_native_execution) ... ok
test_same_shaped_foreign_copied_engine_fails_before_executor (tests.test_publication_gstreamer_component_runtime_v1.ComponentRuntimeFixtureTests.test_same_shaped_foreign_copied_engine_fails_before_executor) ... ok
test_actual_stream_rejected_without_suffix_inference (tests.test_publication_guardian_operational_recorder_v1.RecorderTests.test_actual_stream_rejected_without_suffix_inference) ... ok
test_event_terminal_reservation_rejects_before_begin (tests.test_publication_guardian_operational_recorder_v1.RecorderTests.test_event_terminal_reservation_rejects_before_begin) ... ok
test_exact_maximum_valid_begin_and_last_terminal_bytes (tests.test_publication_guardian_operational_recorder_v1.RecorderTests.test_exact_maximum_valid_begin_and_last_terminal_bytes) ... ok
test_idle_study_snapshot_is_prefix_of_actual_closed_pool_without_resetting_counters (tests.test_publication_guardian_operational_recorder_v1.RecorderTests.test_idle_study_snapshot_is_prefix_of_actual_closed_pool_without_resetting_counters) ... ok
test_journal_substitution_fails_custody_without_appending (tests.test_publication_guardian_operational_recorder_v1.RecorderTests.test_journal_substitution_fails_custody_without_appending) ... ok
test_overlimit_field_and_local_sequence_fail_before_begin (tests.test_publication_guardian_operational_recorder_v1.RecorderTests.test_overlimit_field_and_local_sequence_fail_before_begin) ... ok
test_pending_exhaustion_sticky_but_original_terminal_retained (tests.test_publication_guardian_operational_recorder_v1.RecorderTests.test_pending_exhaustion_sticky_but_original_terminal_retained) ... ok
test_persistence_failure_is_sticky (tests.test_publication_guardian_operational_recorder_v1.RecorderTests.test_persistence_failure_is_sticky) ... ok
test_roundtrip_pair_and_physical_companion (tests.test_publication_guardian_operational_recorder_v1.RecorderTests.test_roundtrip_pair_and_physical_companion) ... ok
test_study_frame_and_sequence_bounds_do_not_relax_legacy (tests.test_publication_guardian_operational_recorder_v1.RecorderTests.test_study_frame_and_sequence_bounds_do_not_relax_legacy) ... ok
test_terminal_duplicate_and_unfinished_rejected (tests.test_publication_guardian_operational_recorder_v1.RecorderTests.test_terminal_duplicate_and_unfinished_rejected) ... ok
test_authenticated_q4_protocol_grant_unlocks_exact_5600_runtime_arms (tests.test_publication_matrix.PublicationMatrixTests.test_authenticated_q4_protocol_grant_unlocks_exact_5600_runtime_arms) ... ok
test_backend_grant_missing_cell_or_launcher_invocation_drift_blocks_arms (tests.test_publication_matrix.PublicationMatrixTests.test_backend_grant_missing_cell_or_launcher_invocation_drift_blocks_arms) ... ok
test_current_config_fails_closed_until_all_v2_gates_are_ready (tests.test_publication_matrix.PublicationMatrixTests.test_current_config_fails_closed_until_all_v2_gates_are_ready) ... ok
test_exact_backend_grant_stays_blocked_until_output_receipt_protocol (tests.test_publication_matrix.PublicationMatrixTests.test_exact_backend_grant_stays_blocked_until_output_receipt_protocol) ... ok
test_full_matrix_is_deterministic_complete_and_paired (tests.test_publication_matrix.PublicationMatrixTests.test_full_matrix_is_deterministic_complete_and_paired) ... ok
test_readiness_rejects_drifted_pre_run_grant (tests.test_publication_matrix.PublicationMatrixTests.test_readiness_rejects_drifted_pre_run_grant) ... ok
test_readiness_rejects_missing_or_tampered_model_parity_grant (tests.test_publication_matrix.PublicationMatrixTests.test_readiness_rejects_missing_or_tampered_model_parity_grant) ... ok
test_readiness_uses_exact_pre_run_grant_and_preserves_post_run_false (tests.test_publication_matrix.PublicationMatrixTests.test_readiness_uses_exact_pre_run_grant_and_preserves_post_run_false) ... ok
test_complete_cold_workload_includes_warmup_measurement_and_drain (tests.test_publication_operational_boundary_v1.PublicationOperationalBoundaryTests.test_complete_cold_workload_includes_warmup_measurement_and_drain) ... ok
test_default_guardian_clock_keeps_terminal_after_begin_across_host_clock_step_back (tests.test_publication_operational_boundary_v1.PublicationOperationalBoundaryTests.test_default_guardian_clock_keeps_terminal_after_begin_across_host_clock_step_back) ... ok
test_default_scratch_file_exhaustion_is_bounded_and_cleans_only_private_files (tests.test_publication_operational_boundary_v1.PublicationOperationalBoundaryTests.test_default_scratch_file_exhaustion_is_bounded_and_cleans_only_private_files) ... ok
test_duplicate_actual_terminal_is_rejected_without_an_extra_front_call (tests.test_publication_operational_boundary_v1.PublicationOperationalBoundaryTests.test_duplicate_actual_terminal_is_rejected_without_an_extra_front_call) ... ok
test_guardian_group_retains_process_max_clamp_and_cold_closure_bounds_it (tests.test_publication_operational_boundary_v1.PublicationOperationalBoundaryTests.test_guardian_group_retains_process_max_clamp_and_cold_closure_bounds_it) ... ok
test_lazy_canonical_ingress_provider_cannot_substitute_same_count_stream_mapping (tests.test_publication_operational_boundary_v1.PublicationOperationalBoundaryTests.test_lazy_canonical_ingress_provider_cannot_substitute_same_count_stream_mapping) ... ok
test_lazy_canonical_ingress_provider_is_called_once_for_each_original_operation (tests.test_publication_operational_boundary_v1.PublicationOperationalBoundaryTests.test_lazy_canonical_ingress_provider_is_called_once_for_each_original_operation) ... ok
test_legitimate_repeated_wire_identity_keeps_both_original_operations (tests.test_publication_operational_boundary_v1.PublicationOperationalBoundaryTests.test_legitimate_repeated_wire_identity_keeps_both_original_operations) ... ok
test_observed_stream_substitution_is_rejected_before_inference (tests.test_publication_operational_boundary_v1.PublicationOperationalBoundaryTests.test_observed_stream_substitution_is_rejected_before_inference) ... ok
test_resealed_guardian_identity_and_terminal_mutations_fail_cold_validation (tests.test_publication_operational_boundary_v1.PublicationOperationalBoundaryTests.test_resealed_guardian_identity_and_terminal_mutations_fail_cold_validation) ... ok
test_same_count_foreign_front_frame_cannot_pass_complete_cold_join (tests.test_publication_operational_boundary_v1.PublicationOperationalBoundaryTests.test_same_count_foreign_front_frame_cannot_pass_complete_cold_join) ... ok
test_stock_canonical_frame_mapping_can_differ_from_original_worker_frame (tests.test_publication_operational_boundary_v1.PublicationOperationalBoundaryTests.test_stock_canonical_frame_mapping_can_differ_from_original_worker_frame) ... ok
test_alias_same_bytes_and_hardlink_are_not_original_custody (tests.test_publication_operational_capture_plan_v1.CapturePlanTests.test_alias_same_bytes_and_hardlink_are_not_original_custody) ... ok
test_changed_source_and_alias_are_rejected_before_build (tests.test_publication_operational_capture_plan_v1.CapturePlanTests.test_changed_source_and_alias_are_rejected_before_build) ... ok
test_cold_loader_streams_large_metadata_without_retaining_source_payload_cache (tests.test_publication_operational_capture_plan_v1.CapturePlanTests.test_cold_loader_streams_large_metadata_without_retaining_source_payload_cache) ... ok
test_context_templates_match_existing_native_loader_and_guardian_header_validator (tests.test_publication_operational_capture_plan_v1.CapturePlanTests.test_context_templates_match_existing_native_loader_and_guardian_header_validator) ... ok
test_declared_inputs_remain_held_while_unrelated_output_siblings_are_created (tests.test_publication_operational_capture_plan_v1.CapturePlanTests.test_declared_inputs_remain_held_while_unrelated_output_siblings_are_created) ... ok
test_exact_37_originals_preserve_reused_arms_and_deduplicate_only_wire_constants (tests.test_publication_operational_capture_plan_v1.CapturePlanTests.test_exact_37_originals_preserve_reused_arms_and_deduplicate_only_wire_constants) ... ok
test_full_qualification_refuses_wrong_phase_or_stock_id (tests.test_publication_operational_capture_plan_v1.CapturePlanTests.test_full_qualification_refuses_wrong_phase_or_stock_id) ... ok
test_index_descriptor_cannot_name_another_same_bytes_file (tests.test_publication_operational_capture_plan_v1.CapturePlanTests.test_index_descriptor_cannot_name_another_same_bytes_file) ... ok
test_loader_rechecks_original_asset_mutation_during_hold (tests.test_publication_operational_capture_plan_v1.CapturePlanTests.test_loader_rechecks_original_asset_mutation_during_hold) ... ok
test_loader_rejects_semantic_reseal_with_foreign_native_context (tests.test_publication_operational_capture_plan_v1.CapturePlanTests.test_loader_rejects_semantic_reseal_with_foreign_native_context) ... ok
test_modes_cardinality_and_window_are_explicit (tests.test_publication_operational_capture_plan_v1.CapturePlanTests.test_modes_cardinality_and_window_are_explicit) ... ok
test_original_validator_refusal_never_writes_authority (tests.test_publication_operational_capture_plan_v1.CapturePlanTests.test_original_validator_refusal_never_writes_authority) ... ok
test_real_source_pair_builds_separately_pinned_contexts_without_cycle (tests.test_publication_operational_capture_plan_v1.CapturePlanTests.test_real_source_pair_builds_separately_pinned_contexts_without_cycle) ... ok
test_refusal_return_value_and_callback_mutation_are_not_authority (tests.test_publication_operational_capture_plan_v1.CapturePlanTests.test_refusal_return_value_and_callback_mutation_are_not_authority) ... ok
test_repeated_build_cannot_overwrite_immutable_plan (tests.test_publication_operational_capture_plan_v1.CapturePlanTests.test_repeated_build_cannot_overwrite_immutable_plan) ... ok
test_source_ancestor_symlink_substitution_is_detected (tests.test_publication_operational_capture_plan_v1.CapturePlanTests.test_source_ancestor_symlink_substitution_is_detected) ... ok
test_source_same_bytes_replacement_and_source_leaf_ABA_are_detected (tests.test_publication_operational_capture_plan_v1.CapturePlanTests.test_source_same_bytes_replacement_and_source_leaf_ABA_are_detected) ... ok
test_unknown_dynamic_wire_fields_and_worker_reference_are_rejected (tests.test_publication_operational_capture_plan_v1.CapturePlanTests.test_unknown_dynamic_wire_fields_and_worker_reference_are_rejected) ... ok
test_unsealed_native_context_is_rejected_after_outer_index_repin (tests.test_publication_operational_capture_plan_v1.CapturePlanTests.test_unsealed_native_context_is_rejected_after_outer_index_repin) ... ok
test_actual_37_originals_join_32_selected_cells_and_all_three_phases (tests.test_publication_operational_execution_binding_v1.OperationalExecutionBindingTests.test_actual_37_originals_join_32_selected_cells_and_all_three_phases) ... ok
test_foreign_external_engine_cannot_replace_original_runtime_bundle_authority (tests.test_publication_operational_execution_binding_v1.OperationalExecutionBindingTests.test_foreign_external_engine_cannot_replace_original_runtime_bundle_authority) ... ok
test_original_binding_drift_during_full_cold_validation_is_rejected (tests.test_publication_operational_execution_binding_v1.OperationalExecutionBindingTests.test_original_binding_drift_during_full_cold_validation_is_rejected) ... ok
test_original_validator_ancestor_alias_after_return_is_rejected (tests.test_publication_operational_execution_binding_v1.OperationalExecutionBindingTests.test_original_validator_ancestor_alias_after_return_is_rejected) ... ok
test_original_validator_empty_output_witness_is_held (tests.test_publication_operational_execution_binding_v1.OperationalExecutionBindingTests.test_original_validator_empty_output_witness_is_held) ... ok
test_original_validator_external_engine_witness_is_held (tests.test_publication_operational_execution_binding_v1.OperationalExecutionBindingTests.test_original_validator_external_engine_witness_is_held) ... ok
test_original_validator_leaf_drift_after_validator_return_is_rejected (tests.test_publication_operational_execution_binding_v1.OperationalExecutionBindingTests.test_original_validator_leaf_drift_after_validator_return_is_rejected) ... ok
test_original_validator_malformed_epoch_is_rejected (tests.test_publication_operational_execution_binding_v1.OperationalExecutionBindingTests.test_original_validator_malformed_epoch_is_rejected) ... ok
test_physically_resealed_runtime_bundle_cannot_detach_original_capture_or_authority (tests.test_publication_operational_execution_binding_v1.OperationalExecutionBindingTests.test_physically_resealed_runtime_bundle_cannot_detach_original_capture_or_authority) ... ok
test_resealed_equal_count_original_operation_substitution_is_rejected (tests.test_publication_operational_execution_binding_v1.OperationalExecutionBindingTests.test_resealed_equal_count_original_operation_substitution_is_rejected) ... ok
test_same_bytes_original_binding_replacement_is_not_held_custody (tests.test_publication_operational_execution_binding_v1.OperationalExecutionBindingTests.test_same_bytes_original_binding_replacement_is_not_held_custody) ... ok
test_same_bytes_original_validator_leaf_replacement_is_rejected (tests.test_publication_operational_execution_binding_v1.OperationalExecutionBindingTests.test_same_bytes_original_validator_leaf_replacement_is_rejected) ... ok
test_same_count_32_cell_workload_substitution_is_rejected (tests.test_publication_operational_execution_binding_v1.OperationalExecutionBindingTests.test_same_count_32_cell_workload_substitution_is_rejected) ... ok
test_same_count_foreign_preprocessing_candidate_cannot_supply_original_authority (tests.test_publication_operational_execution_binding_v1.OperationalExecutionBindingTests.test_same_count_foreign_preprocessing_candidate_cannot_supply_original_authority) ... ok
test_source_mutation_after_stock_observation_prevents_any_capture_index (tests.test_publication_operational_stock_operations_v1.PhysicalStockOperationPlanningSeamTests.test_source_mutation_after_stock_observation_prevents_any_capture_index) ... ok
test_stock_37_source_equations_are_physically_pinned_with_exact_final_reservations (tests.test_publication_operational_stock_operations_v1.PhysicalStockOperationPlanningSeamTests.test_stock_37_source_equations_are_physically_pinned_with_exact_final_reservations) ... ok
test_stock_native_pair_selection_preserves_two_distinct_contexts_and_mode (tests.test_publication_operational_stock_operations_v1.PhysicalStockOperationPlanningSeamTests.test_stock_native_pair_selection_preserves_two_distinct_contexts_and_mode) ... ok
test_incomplete_or_substituted_stock_source_never_generates_a_context (tests.test_publication_operational_stock_operations_v1.StockOperationPlanningTests.test_incomplete_or_substituted_stock_source_never_generates_a_context) ... ok
test_native_ids_follow_actual_branch_and_graph_processes_for_both_codecs (tests.test_publication_operational_stock_operations_v1.StockOperationPlanningTests.test_native_ids_follow_actual_branch_and_graph_processes_for_both_codecs) ... ok
test_sdk_front_worker_uses_actual_binding_capability_for_each_route (tests.test_publication_operational_stock_operations_v1.StockOperationPlanningTests.test_sdk_front_worker_uses_actual_binding_capability_for_each_route) ... ok
test_actual_closure_freezes_the_shared_wall_clock_with_its_clients (tests.test_publication_policy_qualification_execution_code_closure_v1.QualificationExecutionCodeClosureV1Tests.test_actual_closure_freezes_the_shared_wall_clock_with_its_clients) ... ok
test_builder_recursively_freezes_exact_project_sources_and_interpreter (tests.test_publication_policy_qualification_execution_code_closure_v1.QualificationExecutionCodeClosureV1Tests.test_builder_recursively_freezes_exact_project_sources_and_interpreter) ... ok
test_loaded_project_module_escape_is_rejected (tests.test_publication_policy_qualification_execution_code_closure_v1.QualificationExecutionCodeClosureV1Tests.test_loaded_project_module_escape_is_rejected) ... ok
test_loader_rejects_mutate_restore_snapshot_drift (tests.test_publication_policy_qualification_execution_code_closure_v1.QualificationExecutionCodeClosureV1Tests.test_loader_rejects_mutate_restore_snapshot_drift) ... ok
test_all_runtime_validators_accept_the_same_guardian_closure (tests.test_publication_runtime_source_closure_guardian_v1.PublicationRuntimeSourceClosureGuardianV1Tests.test_all_runtime_validators_accept_the_same_guardian_closure) ... ok
test_all_runtime_validators_reject_the_same_missing_guardian_closure (tests.test_publication_runtime_source_closure_guardian_v1.PublicationRuntimeSourceClosureGuardianV1Tests.test_all_runtime_validators_reject_the_same_missing_guardian_closure) ... ok
test_collector_is_disabled_until_v2_scope_is_accepted (tests.test_run_experiments_full_resource.RunExperimentsFullResourceTests.test_collector_is_disabled_until_v2_scope_is_accepted) ... ok
test_exception_before_last_commit_never_creates_accepted_arm (tests.test_run_experiments_full_resource.RunExperimentsFullResourceTests.test_exception_before_last_commit_never_creates_accepted_arm) ... ok
test_finalization_fails_closed_without_started_and_closed_collector (tests.test_run_experiments_full_resource.RunExperimentsFullResourceTests.test_finalization_fails_closed_without_started_and_closed_collector) ... ok
test_finalization_rejects_alive_collector_and_non_checkpoint_scope (tests.test_run_experiments_full_resource.RunExperimentsFullResourceTests.test_finalization_rejects_alive_collector_and_non_checkpoint_scope) ... ok
test_finalization_uses_authoritative_resource_summary_not_stale_candidate (tests.test_run_experiments_full_resource.RunExperimentsFullResourceTests.test_finalization_uses_authoritative_resource_summary_not_stale_candidate) ... ok
test_non_full_resource_run_never_calls_finalizer (tests.test_run_experiments_full_resource.RunExperimentsFullResourceTests.test_non_full_resource_run_never_calls_finalizer) ... ok
test_process_kill_after_durable_metadata_cannot_leave_accepted_arm (tests.test_run_experiments_full_resource.RunExperimentsFullResourceTests.test_process_kill_after_durable_metadata_cannot_leave_accepted_arm) ... ok
test_summary_schema_exposes_article_ready_v2_resource_metrics (tests.test_run_experiments_full_resource.RunExperimentsFullResourceTests.test_summary_schema_exposes_article_ready_v2_resource_metrics) ... ok
test_verified_full_resource_path_explicitly_defers_child_acceptance (tests.test_run_experiments_full_resource.RunExperimentsFullResourceTests.test_verified_full_resource_path_explicitly_defers_child_acceptance) ... ok
test_verified_pre_run_grant_binds_collector_while_post_run_config_is_false (tests.test_run_experiments_full_resource.RunExperimentsFullResourceTests.test_verified_pre_run_grant_binds_collector_while_post_run_config_is_false) ... ok
test_full_resource_resume_rejects_candidate_without_final_acceptance (tests.test_run_experiments_resume.RunExperimentsResumeTests.test_full_resource_resume_rejects_candidate_without_final_acceptance) ... ok
test_load_resumable_result_accepts_matching_completed_metadata (tests.test_run_experiments_resume.RunExperimentsResumeTests.test_load_resumable_result_accepts_matching_completed_metadata) ... ok
test_load_resumable_result_rejects_incompatible_metadata (tests.test_run_experiments_resume.RunExperimentsResumeTests.test_load_resumable_result_rejects_incompatible_metadata) ... ok
test_load_resumable_result_rejects_pair_metadata_outside_benchmark (tests.test_run_experiments_resume.RunExperimentsResumeTests.test_load_resumable_result_rejects_pair_metadata_outside_benchmark) ... ok
test_load_resumable_result_rejects_scenario_or_dataset_contract_drift (tests.test_run_experiments_resume.RunExperimentsResumeTests.test_load_resumable_result_rejects_scenario_or_dataset_contract_drift) ... ok
test_load_resumable_result_rejects_stale_summary_schema (tests.test_run_experiments_resume.RunExperimentsResumeTests.test_load_resumable_result_rejects_stale_summary_schema) ... ok
test_load_resumable_result_rejects_top_level_mode_drift (tests.test_run_experiments_resume.RunExperimentsResumeTests.test_load_resumable_result_rejects_top_level_mode_drift) ... ok
test_run_directory_matches_canonical_layout (tests.test_run_experiments_resume.RunExperimentsResumeTests.test_run_directory_matches_canonical_layout) ... ok
test_exact_six_and_twenty_four_worker_mux_notices_allow_interleaving (tests.test_savant_native_stdio_contract_v3.SavantNativeStdioContractV3Tests.test_exact_six_and_twenty_four_worker_mux_notices_allow_interleaving) ... ok
test_native_stdio_rejects_missing_extra_changed_and_unexpected_output (tests.test_savant_native_stdio_contract_v3.SavantNativeStdioContractV3Tests.test_native_stdio_rejects_missing_extra_changed_and_unexpected_output) ... ok
test_worker_entrypoint_keeps_failure_on_stderr (tests.test_savant_native_stdio_contract_v3.SavantNativeStdioContractV3Tests.test_worker_entrypoint_keeps_failure_on_stderr) ... ok
test_worker_entrypoint_preserves_receipt_without_duplicate_stdout (tests.test_savant_native_stdio_contract_v3.SavantNativeStdioContractV3Tests.test_worker_entrypoint_preserves_receipt_without_duplicate_stdout) ... ok
test_concrete_observations_remain_available_for_audit (tests.test_savant_stage_geometry_contract_v3.SavantStageGeometryContractTests.test_concrete_observations_remain_available_for_audit) ... ok
test_heterogeneous_sources_have_same_identity_geometry_contract (tests.test_savant_stage_geometry_contract_v3.SavantStageGeometryContractTests.test_heterogeneous_sources_have_same_identity_geometry_contract) ... ok
test_non_geometry_caps_difference_still_blocks_reuse (tests.test_savant_stage_geometry_contract_v3.SavantStageGeometryContractTests.test_non_geometry_caps_difference_still_blocks_reuse) ... ok
test_unexpected_resize_rejected_at_observation (tests.test_savant_stage_geometry_contract_v3.SavantStageGeometryContractTests.test_unexpected_resize_rejected_at_observation) ... ok
test_concurrent_worker_entrypoints_preserve_fragmented_native_notices (tests.test_savant_worker_stdout_atomicity.SavantWorkerStdoutAtomicityTests.test_concurrent_worker_entrypoints_preserve_fragmented_native_notices) ... ok
test_failure_keeps_captured_bytes_and_restores_stdout (tests.test_savant_worker_stdout_atomicity.SavantWorkerStdoutAtomicityTests.test_failure_keeps_captured_bytes_and_restores_stdout) ... ok
test_native_c_buffer_is_flushed_before_restoring_stdout (tests.test_savant_worker_stdout_atomicity.SavantWorkerStdoutAtomicityTests.test_native_c_buffer_is_flushed_before_restoring_stdout) ... ok
test_oversized_stdout_fails_instead_of_forwarding_truncated_success (tests.test_savant_worker_stdout_atomicity.SavantWorkerStdoutAtomicityTests.test_oversized_stdout_fails_instead_of_forwarding_truncated_success) ... ok
test_unexpected_bytes_are_preserved_for_strict_validator_rejection (tests.test_savant_worker_stdout_atomicity.SavantWorkerStdoutAtomicityTests.test_unexpected_bytes_are_preserved_for_strict_validator_rejection) ... ok
test_benchmark_all_selects_supported_local_checkpoint_scenarios (tests.test_scenario_planning.ScenarioPlanningTests.test_benchmark_all_selects_supported_local_checkpoint_scenarios) ... ok
test_benchmark_runner_fails_closed_on_hardware_mismatch (tests.test_scenario_planning.ScenarioPlanningTests.test_benchmark_runner_fails_closed_on_hardware_mismatch) ... ok
test_builtin_strict_local_template_dry_run_commands (tests.test_scenario_planning.ScenarioPlanningTests.test_builtin_strict_local_template_dry_run_commands) ... ok
test_builtin_strict_systems_build_role_steps (tests.test_scenario_planning.ScenarioPlanningTests.test_builtin_strict_systems_build_role_steps) ... ok
test_builtin_strict_template_dry_run_commands (tests.test_scenario_planning.ScenarioPlanningTests.test_builtin_strict_template_dry_run_commands) ... ok
test_builtin_templates_dispatch_multistage_local_and_distributed_profiles (tests.test_scenario_planning.ScenarioPlanningTests.test_builtin_templates_dispatch_multistage_local_and_distributed_profiles) ... ok
test_checkpoint_adapter_requires_declared_topology_after_status_is_enabled (tests.test_scenario_planning.ScenarioPlanningTests.test_checkpoint_adapter_requires_declared_topology_after_status_is_enabled) ... ok
test_checkpoint_dataset_requires_resolved_matching_routing (tests.test_scenario_planning.ScenarioPlanningTests.test_checkpoint_dataset_requires_resolved_matching_routing) ... ok
test_checkpoint_profiles_share_workload_and_deadlines (tests.test_scenario_planning.ScenarioPlanningTests.test_checkpoint_profiles_share_workload_and_deadlines) ... ok
test_checkpoint_shared_scenario_uses_real_kpp_schema (tests.test_scenario_planning.ScenarioPlanningTests.test_checkpoint_shared_scenario_uses_real_kpp_schema) ... ok
test_checkpoint_shell_routes_only_local_gstreamer_to_publication_runtime (tests.test_scenario_planning.ScenarioPlanningTests.test_checkpoint_shell_routes_only_local_gstreamer_to_publication_runtime) ... ok
test_custom_cpp_uses_per_stream_frame_ids_for_distributed_preroll (tests.test_scenario_planning.ScenarioPlanningTests.test_custom_cpp_uses_per_stream_frame_ids_for_distributed_preroll) ... ok
test_custom_cuda_app_uses_monotonic_telemetry_timestamps (tests.test_scenario_planning.ScenarioPlanningTests.test_custom_cuda_app_uses_monotonic_telemetry_timestamps) ... ok
test_custom_gstreamer_template_prepends_project_plugin_path (tests.test_scenario_planning.ScenarioPlanningTests.test_custom_gstreamer_template_prepends_project_plugin_path) ... ok
test_custom_signal_adapter_is_rejected_as_publishable_benchmark (tests.test_scenario_planning.ScenarioPlanningTests.test_custom_signal_adapter_is_rejected_as_publishable_benchmark) ... ok
test_custom_signal_shell_adapter_rejects_benchmark_mode (tests.test_scenario_planning.ScenarioPlanningTests.test_custom_signal_shell_adapter_rejects_benchmark_mode) ... ok
test_deepstream_native_probe_uses_nvstreammux_topology (tests.test_scenario_planning.ScenarioPlanningTests.test_deepstream_native_probe_uses_nvstreammux_topology) ... ok
test_default_benchmark_matrix_excludes_diagnostic_signal_adapter (tests.test_scenario_planning.ScenarioPlanningTests.test_default_benchmark_matrix_excludes_diagnostic_signal_adapter) ... ok
test_distributed_edge_preroll_keeps_rtp_producer_alive_for_cold_workers (tests.test_scenario_planning.ScenarioPlanningTests.test_distributed_edge_preroll_keeps_rtp_producer_alive_for_cold_workers) ... ok
test_distributed_plan_maps_roles_to_hosts (tests.test_scenario_planning.ScenarioPlanningTests.test_distributed_plan_maps_roles_to_hosts) ... ok
test_dlstreamer_installer_prefers_clean_docker_fallback (tests.test_scenario_planning.ScenarioPlanningTests.test_dlstreamer_installer_prefers_clean_docker_fallback) ... ok
test_explicit_checkpoint_benchmark_request_is_selectable (tests.test_scenario_planning.ScenarioPlanningTests.test_explicit_checkpoint_benchmark_request_is_selectable) ... ok
test_explicit_diagnostic_signal_benchmark_request_fails (tests.test_scenario_planning.ScenarioPlanningTests.test_explicit_diagnostic_signal_benchmark_request_fails) ... ok
test_formal_aw_heft_reference_assessment_fails_closed_on_hash_or_binding_drift (tests.test_scenario_planning.ScenarioPlanningTests.test_formal_aw_heft_reference_assessment_fails_closed_on_hash_or_binding_drift) ... ok
test_gstreamer_custom_plugin_is_bundled (tests.test_scenario_planning.ScenarioPlanningTests.test_gstreamer_custom_plugin_is_bundled) ... ok
test_hardware_target_assessment_requires_cpu_gpu_and_ram_match (tests.test_scenario_planning.ScenarioPlanningTests.test_hardware_target_assessment_requires_cpu_gpu_and_ram_match) ... ok
test_heterogeneous_context_forces_distributed_env_off (tests.test_scenario_planning.ScenarioPlanningTests.test_heterogeneous_context_forces_distributed_env_off) ... ok
test_independent_baseline_repeats_common_stages_per_branch (tests.test_scenario_planning.ScenarioPlanningTests.test_independent_baseline_repeats_common_stages_per_branch) ... ok
test_kpp_codec_manifests_are_six_replicas_of_two_recordings (tests.test_scenario_planning.ScenarioPlanningTests.test_kpp_codec_manifests_are_six_replicas_of_two_recordings) ... ok
test_native_probe_builds_dynamic_stage_probes (tests.test_scenario_planning.ScenarioPlanningTests.test_native_probe_builds_dynamic_stage_probes) ... ok
test_native_probe_dockerfiles_compile_only_the_probe_sources (tests.test_scenario_planning.ScenarioPlanningTests.test_native_probe_dockerfiles_compile_only_the_probe_sources) ... ok
test_native_probe_handles_rtp_payload_buffer_lists (tests.test_scenario_planning.ScenarioPlanningTests.test_native_probe_handles_rtp_payload_buffer_lists) ... ok
test_native_probe_measurement_timer_starts_on_first_frame_event (tests.test_scenario_planning.ScenarioPlanningTests.test_native_probe_measurement_timer_starts_on_first_frame_event) ... ok
test_native_probe_receives_configured_dataset_streams (tests.test_scenario_planning.ScenarioPlanningTests.test_native_probe_receives_configured_dataset_streams) ... ok
test_native_probe_sets_string_properties_after_parse_launch (tests.test_scenario_planning.ScenarioPlanningTests.test_native_probe_sets_string_properties_after_parse_launch) ... ok
test_native_probe_stops_before_flushing_telemetry (tests.test_scenario_planning.ScenarioPlanningTests.test_native_probe_stops_before_flushing_telemetry) ... ok
test_openvino_container_fallback_uses_short_finite_input_chunks (tests.test_scenario_planning.ScenarioPlanningTests.test_openvino_container_fallback_uses_short_finite_input_chunks) ... ok
test_openvino_host_fallback_validates_runtime_model_load (tests.test_scenario_planning.ScenarioPlanningTests.test_openvino_host_fallback_validates_runtime_model_load) ... ok
test_openvino_local_template_can_force_container_runtime (tests.test_scenario_planning.ScenarioPlanningTests.test_openvino_local_template_can_force_container_runtime) ... ok
test_primary_architecture_contrast_is_fully_preregistered (tests.test_scenario_planning.ScenarioPlanningTests.test_primary_architecture_contrast_is_fully_preregistered) ... ok
test_primary_architecture_contrast_rejects_coordinate_drift (tests.test_scenario_planning.ScenarioPlanningTests.test_primary_architecture_contrast_rejects_coordinate_drift) ... ok
test_primary_architecture_execution_cells_preserve_frozen_order (tests.test_scenario_planning.ScenarioPlanningTests.test_primary_architecture_execution_cells_preserve_frozen_order) ... ok
test_primary_architecture_executor_invokes_frozen_order (tests.test_scenario_planning.ScenarioPlanningTests.test_primary_architecture_executor_invokes_frozen_order) ... ok
test_primary_architecture_pair_metadata_rejects_order_drift (tests.test_scenario_planning.ScenarioPlanningTests.test_primary_architecture_pair_metadata_rejects_order_drift) ... ok
test_primary_architecture_plan_cli_reports_runtime_ready (tests.test_scenario_planning.ScenarioPlanningTests.test_primary_architecture_plan_cli_reports_runtime_ready) ... ok
test_primary_architecture_resume_requires_contiguous_prefix (tests.test_scenario_planning.ScenarioPlanningTests.test_primary_architecture_resume_requires_contiguous_prefix) ... ok
test_primary_architecture_run_cli_rejects_matrix_overrides (tests.test_scenario_planning.ScenarioPlanningTests.test_primary_architecture_run_cli_rejects_matrix_overrides) ... ok
test_primary_architecture_run_cli_rejects_seed_drift_before_output_creation (tests.test_scenario_planning.ScenarioPlanningTests.test_primary_architecture_run_cli_rejects_seed_drift_before_output_creation) ... ok
test_primary_architecture_runtime_plan_preserves_counterbalanced_pairs (tests.test_scenario_planning.ScenarioPlanningTests.test_primary_architecture_runtime_plan_preserves_counterbalanced_pairs) ... ok
test_primary_policy_ablation_is_fully_preregistered_but_not_active (tests.test_scenario_planning.ScenarioPlanningTests.test_primary_policy_ablation_is_fully_preregistered_but_not_active) ... ok
test_primary_policy_ablation_rejects_preregistered_design_drift (tests.test_scenario_planning.ScenarioPlanningTests.test_primary_policy_ablation_rejects_preregistered_design_drift) ... ok
test_primary_policy_pair_metadata_rejects_order_drift (tests.test_scenario_planning.ScenarioPlanningTests.test_primary_policy_pair_metadata_rejects_order_drift) ... ok
test_primary_policy_plan_cli_reports_blocker_without_running_matrix (tests.test_scenario_planning.ScenarioPlanningTests.test_primary_policy_plan_cli_reports_blocker_without_running_matrix) ... ok
test_primary_policy_runtime_plan_freezes_order_but_disables_execution (tests.test_scenario_planning.ScenarioPlanningTests.test_primary_policy_runtime_plan_freezes_order_but_disables_execution) ... ok
test_publication_report_accepts_supported_checkpoint_scenarios (tests.test_scenario_planning.ScenarioPlanningTests.test_publication_report_accepts_supported_checkpoint_scenarios) ... ok
test_resource_interval_extension_is_verified_but_not_publication_bound (tests.test_scenario_planning.ScenarioPlanningTests.test_resource_interval_extension_is_verified_but_not_publication_bound) ... ok
test_runner_binds_project_root_before_long_lived_docker_execution (tests.test_scenario_planning.ScenarioPlanningTests.test_runner_binds_project_root_before_long_lived_docker_execution) ... ok
test_savant_local_template_preserves_benchmark_dataset_paths (tests.test_scenario_planning.ScenarioPlanningTests.test_savant_local_template_preserves_benchmark_dataset_paths) ... ok
test_savant_local_template_waits_for_native_rows_before_measurement (tests.test_scenario_planning.ScenarioPlanningTests.test_savant_local_template_waits_for_native_rows_before_measurement) ... ok
test_savant_local_timeout_allows_prewarm_and_shutdown (tests.test_scenario_planning.ScenarioPlanningTests.test_savant_local_timeout_allows_prewarm_and_shutdown) ... ok
test_single_server_distributed_uses_localhost_without_sync (tests.test_scenario_planning.ScenarioPlanningTests.test_single_server_distributed_uses_localhost_without_sync) ... ok
test_single_server_preflight_records_loopback_metrics (tests.test_scenario_planning.ScenarioPlanningTests.test_single_server_preflight_records_loopback_metrics) ... ok
test_strict_adapter_accepts_checkpoint_local_and_distributed_fixture (tests.test_scenario_planning.ScenarioPlanningTests.test_strict_adapter_accepts_checkpoint_local_and_distributed_fixture) ... ok
test_strict_adapter_binds_checkpoint_publication_to_gstreamer_custom (tests.test_scenario_planning.ScenarioPlanningTests.test_strict_adapter_binds_checkpoint_publication_to_gstreamer_custom) ... ok
test_strict_adapter_rejects_unknown_distributed_role (tests.test_scenario_planning.ScenarioPlanningTests.test_strict_adapter_rejects_unknown_distributed_role) ... ok
test_summary_csv_serializes_pairing_passport_and_reset_fields (tests.test_scenario_planning.ScenarioPlanningTests.test_summary_csv_serializes_pairing_passport_and_reset_fields) ... ok
test_summary_schema_accepts_incomplete_noncompleted_rows (tests.test_scenario_planning.ScenarioPlanningTests.test_summary_schema_accepts_incomplete_noncompleted_rows) ... ok
test_summary_schema_allows_smoke_completed_row_without_proof_fields (tests.test_scenario_planning.ScenarioPlanningTests.test_summary_schema_allows_smoke_completed_row_without_proof_fields) ... ok
test_summary_schema_rejects_non_native_benchmark_completed_row (tests.test_scenario_planning.ScenarioPlanningTests.test_summary_schema_rejects_non_native_benchmark_completed_row) ... ok
test_summary_schema_rejects_unexpected_key_before_opening_file (tests.test_scenario_planning.ScenarioPlanningTests.test_summary_schema_rejects_unexpected_key_before_opening_file) ... ok
test_summary_schema_requires_every_proof_field_for_native_completed_row (tests.test_scenario_planning.ScenarioPlanningTests.test_summary_schema_requires_every_proof_field_for_native_completed_row) ... ok
test_template_rejects_stale_native_probe_images (tests.test_scenario_planning.ScenarioPlanningTests.test_template_rejects_stale_native_probe_images) ... ok
test_workload_seed_is_independent_of_system (tests.test_scenario_planning.ScenarioPlanningTests.test_workload_seed_is_independent_of_system) ... ok
test_auto_scenario_groups_use_local_and_single_server_dispatch (tests.test_strict_validation.StrictValidationAutomationTests.test_auto_scenario_groups_use_local_and_single_server_dispatch) ... ok
test_clear_runtime_artifacts_keeps_dataset_assets (tests.test_strict_validation.StrictValidationAutomationTests.test_clear_runtime_artifacts_keeps_dataset_assets) ... ok
test_completed_systems_detects_all_requested_repeats (tests.test_strict_validation.StrictValidationAutomationTests.test_completed_systems_detects_all_requested_repeats) ... ok
test_expand_all_policies_from_config (tests.test_strict_validation.StrictValidationAutomationTests.test_expand_all_policies_from_config) ... ok
test_guard_rejects_paths_outside_repo (tests.test_strict_validation.StrictValidationAutomationTests.test_guard_rejects_paths_outside_repo) ... ok
test_openvino_chunk_cleanup_rejects_symlink_alias (tests.test_strict_validation.StrictValidationAutomationTests.test_openvino_chunk_cleanup_rejects_symlink_alias) ... ok
test_openvino_chunk_cleanup_requires_exact_owned_marker (tests.test_strict_validation.StrictValidationAutomationTests.test_openvino_chunk_cleanup_requires_exact_owned_marker) ... ok
test_openvino_chunk_command_isolates_one_stream (tests.test_strict_validation.StrictValidationAutomationTests.test_openvino_chunk_command_isolates_one_stream) ... ok
test_openvino_chunk_merge_rejects_empty_surplus_raw_field (tests.test_strict_validation.StrictValidationAutomationTests.test_openvino_chunk_merge_rejects_empty_surplus_raw_field) ... ok
test_openvino_chunk_merge_rejects_malformed_raw_rows (tests.test_strict_validation.StrictValidationAutomationTests.test_openvino_chunk_merge_rejects_malformed_raw_rows) ... ok
test_openvino_chunk_merge_rewrites_stream_identity (tests.test_strict_validation.StrictValidationAutomationTests.test_openvino_chunk_merge_rewrites_stream_identity) ... ok
test_openvino_chunk_output_is_confined_to_runs_namespace (tests.test_strict_validation.StrictValidationAutomationTests.test_openvino_chunk_output_is_confined_to_runs_namespace) ... ok
test_openvino_chunk_sources_cycle_when_scenario_has_more_streams_than_clips (tests.test_strict_validation.StrictValidationAutomationTests.test_openvino_chunk_sources_cycle_when_scenario_has_more_streams_than_clips) ... ok
test_run_experiments_command_is_strict_local_benchmark (tests.test_strict_validation.StrictValidationAutomationTests.test_run_experiments_command_is_strict_local_benchmark) ... ok
test_run_validation_all_dry_run_dispatches_local_and_single_server_profiles (tests.test_strict_validation.StrictValidationAutomationTests.test_run_validation_all_dry_run_dispatches_local_and_single_server_profiles) ... ok
test_run_validation_dry_run_plan_reaches_benchmark_command (tests.test_strict_validation.StrictValidationAutomationTests.test_run_validation_dry_run_plan_reaches_benchmark_command) ... ok
test_runtime_artifact_paths_are_constrained (tests.test_strict_validation.StrictValidationAutomationTests.test_runtime_artifact_paths_are_constrained) ... ok
test_runtime_artifact_paths_reject_arbitrary_repository_subtrees (tests.test_strict_validation.StrictValidationAutomationTests.test_runtime_artifact_paths_reject_arbitrary_repository_subtrees) ... ok
test_scenario_completed_requires_every_variant_stream_and_repeat (tests.test_strict_validation.StrictValidationAutomationTests.test_scenario_completed_requires_every_variant_stream_and_repeat) ... ok
test_validation_environment_sets_savant_defaults_without_overriding (tests.test_strict_validation.StrictValidationAutomationTests.test_validation_environment_sets_savant_defaults_without_overriding) ... ok
test_analytics_index_and_detail (tests.test_vast_gui.VastGuiTests.test_analytics_index_and_detail) ... ok
test_api_get_config_and_mocked_dry_run (tests.test_vast_gui.VastGuiTests.test_api_get_config_and_mocked_dry_run) ... [vast-gui] "GET /api/config HTTP/1.1" 200 -
[vast-gui] "POST /api/runs/dry-run HTTP/1.1" 200 -
ok
test_build_run_command_includes_profile_fields_and_env (tests.test_vast_gui.VastGuiTests.test_build_run_command_includes_profile_fields_and_env) ... ok
test_invalid_command_template_is_rejected (tests.test_vast_gui.VastGuiTests.test_invalid_command_template_is_rejected) ... ok
test_load_config_creates_hosts_from_example (tests.test_vast_gui.VastGuiTests.test_load_config_creates_hosts_from_example) ... ok
test_save_config_validates_and_creates_backup (tests.test_vast_gui.VastGuiTests.test_save_config_validates_and_creates_backup) ... ok
test_summary_defaults_keep_causal_gate_separate (tests.test_vast_gui.VastGuiTests.test_summary_defaults_keep_causal_gate_separate) ... ok

----------------------------------------------------------------------
Ran 816 tests in 238.482s

OK (skipped=2)
primary_architecture_claim_state=blocked_missing_required_pairs_or_gates
output_dir=/tmp/tmpx4bhd66s/report
[hardware] detected GPU: unknown
[hardware] detected CPU: Apple M4 Max
[hardware] detected RAM: 64.0 GB
[warning] hardware target mismatch: detected_gpu_model_missing, cpu_model_mismatch, ram_gb_mismatch
[hardware] detected GPU: unknown
[hardware] detected CPU: Apple M4 Max
[hardware] detected RAM: 64.0 GB
[done-primary-architecture] step=1/20 scenario=checkpoint_independent_processes_baseline rep=1
[done-primary-architecture] step=2/20 scenario=checkpoint_video_dag_shared rep=1
[done-primary-architecture] step=3/20 scenario=checkpoint_video_dag_shared rep=2
[done-primary-architecture] step=4/20 scenario=checkpoint_independent_processes_baseline rep=2
[done-primary-architecture] step=5/20 scenario=checkpoint_independent_processes_baseline rep=3
[done-primary-architecture] step=6/20 scenario=checkpoint_video_dag_shared rep=3
[done-primary-architecture] step=7/20 scenario=checkpoint_video_dag_shared rep=4
[done-primary-architecture] step=8/20 scenario=checkpoint_independent_processes_baseline rep=4
[done-primary-architecture] step=9/20 scenario=checkpoint_independent_processes_baseline rep=5
[done-primary-architecture] step=10/20 scenario=checkpoint_video_dag_shared rep=5
[done-primary-architecture] step=11/20 scenario=checkpoint_video_dag_shared rep=6
[done-primary-architecture] step=12/20 scenario=checkpoint_independent_processes_baseline rep=6
[done-primary-architecture] step=13/20 scenario=checkpoint_independent_processes_baseline rep=7
[done-primary-architecture] step=14/20 scenario=checkpoint_video_dag_shared rep=7
[done-primary-architecture] step=15/20 scenario=checkpoint_video_dag_shared rep=8
[done-primary-architecture] step=16/20 scenario=checkpoint_independent_processes_baseline rep=8
[done-primary-architecture] step=17/20 scenario=checkpoint_independent_processes_baseline rep=9
[done-primary-architecture] step=18/20 scenario=checkpoint_video_dag_shared rep=9
[done-primary-architecture] step=19/20 scenario=checkpoint_video_dag_shared rep=10
[done-primary-architecture] step=20/20 scenario=checkpoint_independent_processes_baseline rep=10
[result] primary architecture summary saved to /tmp/tmpbihfv8jh/20261007_022753/summary.csv
[strict-validation] removed /tmp/tmp8p7oiqpp/repo/.cache/savant
[strict-validation] removed /tmp/tmp8p7oiqpp/repo/runs/strict_validation

