head=0253856cdc37d56aebbe60a8fcc53dd3763561cd (worktree codex/qualify-full-benchmark, uncommitted 6C changes on top)
python=3.12.3 platform=Linux 6.6.87.2-microsoft-standard-WSL2 cwd=/mnt/c/Users/s-a-balashov/.codex/worktrees/qualify-full-benchmark/VAST/tests PYTHONPATH=/mnt/c/Users/s-a-balashov/.codex/worktrees/qualify-full-benchmark/VAST TMPDIR=unset
command=python -B -m unittest -v test_analytics_execution_endpoint test_checkpoint_admission test_checkpoint_backend_capabilities test_checkpoint_deepstream_launcher test_checkpoint_deepstream_protocol_bridge test_checkpoint_deepstream_qualification_fragment_v1 test_checkpoint_deepstream_resource_runtime_v3 test_checkpoint_deepstream_runtime_source_closure_v3 test_checkpoint_external_execution_manifest test_checkpoint_gstreamer_analytics_bridge test_checkpoint_gstreamer_analytics_sidecar test_checkpoint_gstreamer_custom_publication_image_v3 test_checkpoint_gstreamer_custom_publication_runtime_v3 test_checkpoint_gstreamer_custom_runtime_source_closure_v3 test_checkpoint_model_parity test_checkpoint_model_parity_acceptance_v4 test_checkpoint_model_parity_materializer test_checkpoint_model_parity_materializer_v4 test_checkpoint_model_parity_v4 test_checkpoint_native_policy_runtime test_checkpoint_openvino_execution_bridge test_checkpoint_openvino_gva_container_coordinator_v3 test_checkpoint_openvino_gva_publication_runtime_v3 test_checkpoint_openvino_gva_runtime_source_closure_v3 test_checkpoint_publication_runtime test_checkpoint_publication_system_backends test_checkpoint_runtime test_checkpoint_runtime_inherited_fds test_checkpoint_runtime_plan test_checkpoint_savant_runtime_source_closure_v3 test_extract_kpp_legacy_iss test_finite_study_static_names_v1 test_freeze_kpp_legacy_iss_v2_transcodes test_full_consumers_foreign_kind_v1 test_full_resource_qualification test_full_resource_qualification_index_v1 test_full_resource_runtime_v2 test_kpp_v2_model_corpus_canonical_rejection test_materialize_kpp_legacy_iss_v2_model_corpus test_publication_gstreamer_component_inputs_v1 test_publication_gstreamer_component_runtime_v1 test_publication_operational_boundary_v1 test_publication_operational_capture_plan_v1 test_publication_operational_container_custody_v1 test_publication_operational_execution_binding_v1 test_publication_operational_process_custody_v1 test_publication_operational_runtime_context_v1 test_publication_operational_stock_operations_v1 test_publication_operational_stock_request_v1 test_publication_operational_wrapper_composition_v1 test_publication_policy_qualification test_publication_policy_qualification_execution_closure_v1 test_publication_policy_qualification_index_v2 test_publication_policy_qualification_runtime_inputs_v2 test_publication_qualification_operational_owner_v1 test_publication_runtime_frozen_identity_constants_v1 test_publication_runtime_source_closure_guardian_v1 test_qualification_complete_operational_promotion_gate_v1 test_qualification_operational_closure_cold_gate_v1 test_qualification_promotion_clis test_run_canonical_systems_study_v1 test_run_experiments_full_resource test_runtime_image_python310_compat_v1
test_cpu_binding_and_probe_assemble_exact_capability_without_topology_import (test_analytics_execution_endpoint.AnalyticsExecutionEndpointTests.test_cpu_binding_and_probe_assemble_exact_capability_without_topology_import) ... ok
test_direct_source_admission_precedes_and_matches_all_baseline_consumers (test_checkpoint_admission.CheckpointAdmissionTests.test_direct_source_admission_precedes_and_matches_all_baseline_consumers) ... ok
test_incomplete_admitted_shared_frame_is_explicitly_censored_at_drain (test_checkpoint_admission.CheckpointAdmissionTests.test_incomplete_admitted_shared_frame_is_explicitly_censored_at_drain) ... ok
test_process_runtime_acknowledges_source_before_fanout_to_workers (test_checkpoint_admission.CheckpointAdmissionTests.test_process_runtime_acknowledges_source_before_fanout_to_workers) ... ok
test_runtime_terminal_ledger_is_rejected_by_publishable_validator (test_checkpoint_admission.CheckpointAdmissionTests.test_runtime_terminal_ledger_is_rejected_by_publishable_validator) ... ok
test_source_accepts_decode_order_with_reordered_native_pts (test_checkpoint_admission.CheckpointAdmissionTests.test_source_accepts_decode_order_with_reordered_native_pts) ... ok
test_source_cycles_are_ordered_and_pair_fingerprint_excludes_run_id (test_checkpoint_admission.CheckpointAdmissionTests.test_source_cycles_are_ordered_and_pair_fingerprint_excludes_run_id) ... ok
test_source_rejects_sequence_gap_and_nonincreasing_schedule (test_checkpoint_admission.CheckpointAdmissionTests.test_source_rejects_sequence_gap_and_nonincreasing_schedule) ... ok
test_worker_cannot_forge_payload_or_precede_source_admission (test_checkpoint_admission.CheckpointAdmissionTests.test_worker_cannot_forge_payload_or_precede_source_admission) ... ok
test_checkpoint_cell_requires_all_five_explicit_dimensions (test_checkpoint_backend_capabilities.CheckpointBackendCapabilityTests.test_checkpoint_cell_requires_all_five_explicit_dimensions) ... ok
test_gstreamer_exact_matrix_coordinates_reach_capability_gates (test_checkpoint_backend_capabilities.CheckpointBackendCapabilityTests.test_gstreamer_exact_matrix_coordinates_reach_capability_gates) ... ok
test_non_finite_deadline_is_a_blocker_not_an_exception (test_checkpoint_backend_capabilities.CheckpointBackendCapabilityTests.test_non_finite_deadline_is_a_blocker_not_an_exception) ... ok
test_only_gstreamer_has_a_genuine_checkpoint_topology_launcher (test_checkpoint_backend_capabilities.CheckpointBackendCapabilityTests.test_only_gstreamer_has_a_genuine_checkpoint_topology_launcher) ... ok
test_shell_cpu_path_fails_before_docker_without_exact_artifacts (test_checkpoint_backend_capabilities.CheckpointBackendCapabilityTests.test_shell_cpu_path_fails_before_docker_without_exact_artifacts) ... ok
test_shell_fails_before_docker_when_gpu_policy_binding_is_absent (test_checkpoint_backend_capabilities.CheckpointBackendCapabilityTests.test_shell_fails_before_docker_when_gpu_policy_binding_is_absent) ... ok
test_baseline_has_twenty_four_distinct_os_process_commands (test_checkpoint_deepstream_launcher.DeepStreamLauncherTests.test_baseline_has_twenty_four_distinct_os_process_commands) ... ok
test_launcher_delegates_each_spec_to_existing_fd_coordinator (test_checkpoint_deepstream_launcher.DeepStreamLauncherTests.test_launcher_delegates_each_spec_to_existing_fd_coordinator) ... ok
test_publication_source_specs_use_sha_bound_paths_and_declared_fds (test_checkpoint_deepstream_launcher.DeepStreamLauncherTests.test_publication_source_specs_use_sha_bound_paths_and_declared_fds) ... ok
test_publication_worker_specs_bind_private_output_and_declared_fds (test_checkpoint_deepstream_launcher.DeepStreamLauncherTests.test_publication_worker_specs_bind_private_output_and_declared_fds) ... ok
test_shared_has_six_os_processes_and_four_routes_per_process (test_checkpoint_deepstream_launcher.DeepStreamLauncherTests.test_shared_has_six_os_processes_and_four_routes_per_process) ... ok
test_source_specs_materialize_exact_scaled_playback_contract (test_checkpoint_deepstream_launcher.DeepStreamLauncherTests.test_source_specs_materialize_exact_scaled_playback_contract) ... ok
test_baseline_four_independent_workers_form_one_causal_join (test_checkpoint_deepstream_protocol_bridge.DeepStreamProtocolBridgeContractTests.test_baseline_four_independent_workers_form_one_causal_join) ... ok
test_corrupt_provenance_cannot_be_relabelled_as_branch_terminal (test_checkpoint_deepstream_protocol_bridge.DeepStreamProtocolBridgeContractTests.test_corrupt_provenance_cannot_be_relabelled_as_branch_terminal) ... ok
test_default_clock_keeps_decision_after_admission_across_host_clock_step_back (test_checkpoint_deepstream_protocol_bridge.DeepStreamProtocolBridgeContractTests.test_default_clock_keeps_decision_after_admission_across_host_clock_step_back) ... ok
test_gpu_topology_uses_native_d2h_boundaries (test_checkpoint_deepstream_protocol_bridge.DeepStreamProtocolBridgeContractTests.test_gpu_topology_uses_native_d2h_boundaries) ... ok
test_nonzero_logical_stream_uses_physical_single_mux_source_zero (test_checkpoint_deepstream_protocol_bridge.DeepStreamProtocolBridgeContractTests.test_nonzero_logical_stream_uses_physical_single_mux_source_zero) ... ok
test_nvds_decoded_counter_is_not_relabelled_as_admission_sequence (test_checkpoint_deepstream_protocol_bridge.DeepStreamProtocolBridgeContractTests.test_nvds_decoded_counter_is_not_relabelled_as_admission_sequence) ... ok
test_nvds_identity_cannot_relabel_software_decode_as_nvdec (test_checkpoint_deepstream_protocol_bridge.DeepStreamProtocolBridgeContractTests.test_nvds_identity_cannot_relabel_software_decode_as_nvdec) ... ok
test_policy_path_clamps_wall_clock_regression_after_decision_ack (test_checkpoint_deepstream_protocol_bridge.DeepStreamProtocolBridgeContractTests.test_policy_path_clamps_wall_clock_regression_after_decision_ack) ... ok
test_pre_detector_queue_drop_retains_verified_branch_model_identity (test_checkpoint_deepstream_protocol_bridge.DeepStreamProtocolBridgeContractTests.test_pre_detector_queue_drop_retains_verified_branch_model_identity) ... ok
test_public_bridge_surface_exists (test_checkpoint_deepstream_protocol_bridge.DeepStreamProtocolBridgeContractTests.test_public_bridge_surface_exists) ... ok
test_serialized_events_clamp_prelock_observation_timestamp_race (test_checkpoint_deepstream_protocol_bridge.DeepStreamProtocolBridgeContractTests.test_serialized_events_clamp_prelock_observation_timestamp_race) ... ok
test_shared_fanout_returns_clamped_serialized_timestamp (test_checkpoint_deepstream_protocol_bridge.DeepStreamProtocolBridgeContractTests.test_shared_fanout_returns_clamped_serialized_timestamp) ... ok
test_shared_graph_has_one_prefix_four_fanouts_and_cpu_gpu_terminals (test_checkpoint_deepstream_protocol_bridge.DeepStreamProtocolBridgeContractTests.test_shared_graph_has_one_prefix_four_fanouts_and_cpu_gpu_terminals) ... ok
test_materialization_is_idempotent_but_refuses_physical_binding_drift (test_checkpoint_deepstream_qualification_fragment_v1.DeepStreamQualificationFragmentV1Tests.test_materialization_is_idempotent_but_refuses_physical_binding_drift) ... ok
test_materializes_exact_ten_unique_physical_bindings_and_no_pilots (test_checkpoint_deepstream_qualification_fragment_v1.DeepStreamQualificationFragmentV1Tests.test_materializes_exact_ten_unique_physical_bindings_and_no_pilots) ... ok
test_repository_refrozen_endpoint_materials_are_exactly_accepted (test_checkpoint_deepstream_qualification_fragment_v1.DeepStreamQualificationFragmentV1Tests.test_repository_refrozen_endpoint_materials_are_exactly_accepted) ... ok
test_validator_rejects_hardlink_alias_and_image_identity_drift (test_checkpoint_deepstream_qualification_fragment_v1.DeepStreamQualificationFragmentV1Tests.test_validator_rejects_hardlink_alias_and_image_identity_drift) ... ok
test_cpu_path_requires_empty_cuda_receipt_and_emits_no_transfer_rows (test_checkpoint_deepstream_resource_runtime_v3.DeepStreamNativeResourceRecorderV3Tests.test_cpu_path_requires_empty_cuda_receipt_and_emits_no_transfer_rows) ... ok
test_fanout_interval_end_tracks_clamped_serialized_topology_time (test_checkpoint_deepstream_resource_runtime_v3.DeepStreamNativeResourceRecorderV3Tests.test_fanout_interval_end_tracks_clamped_serialized_topology_time) ... ok
test_fragments_join_canonical_trace_to_worker_execution_identity (test_checkpoint_deepstream_resource_runtime_v3.DeepStreamNativeResourceRecorderV3Tests.test_fragments_join_canonical_trace_to_worker_execution_identity) ... ok
test_gpu_cuda_intervals_bind_h2d_to_analytics_and_d2h_to_postprocess (test_checkpoint_deepstream_resource_runtime_v3.DeepStreamNativeResourceRecorderV3Tests.test_gpu_cuda_intervals_bind_h2d_to_analytics_and_d2h_to_postprocess) ... ok
test_gpu_merge_accepts_cuda_device_duration_inside_host_envelope (test_checkpoint_deepstream_resource_runtime_v3.DeepStreamNativeResourceRecorderV3Tests.test_gpu_merge_accepts_cuda_device_duration_inside_host_envelope) ... ok
test_independent_topology_refuses_fanout_and_emits_no_counter_file (test_checkpoint_deepstream_resource_runtime_v3.DeepStreamNativeResourceRecorderV3Tests.test_independent_topology_refuses_fanout_and_emits_no_counter_file) ... ok
test_records_native_nvdec_interval_with_exact_identity (test_checkpoint_deepstream_resource_runtime_v3.DeepStreamNativeResourceRecorderV3Tests.test_records_native_nvdec_interval_with_exact_identity) ... ok
test_rejects_nonpositive_measured_intervals_and_cpu_time (test_checkpoint_deepstream_resource_runtime_v3.DeepStreamNativeResourceRecorderV3Tests.test_rejects_nonpositive_measured_intervals_and_cpu_time) ... ok
test_rejects_overlapping_cuda_transfer_pair (test_checkpoint_deepstream_resource_runtime_v3.DeepStreamNativeResourceRecorderV3Tests.test_rejects_overlapping_cuda_transfer_pair) ... ok
test_shared_fanout_records_real_interval_and_thread_cpu_counter (test_checkpoint_deepstream_resource_runtime_v3.DeepStreamNativeResourceRecorderV3Tests.test_shared_fanout_records_real_interval_and_thread_cpu_counter) ... ok
test_dependency_closure_rejects_extraneous_symlinked_wheel (test_checkpoint_deepstream_runtime_source_closure_v3.DeepStreamRuntimeSourceClosureV3Tests.test_dependency_closure_rejects_extraneous_symlinked_wheel) ... ok
test_docker_copy_and_isolated_build_context_match_validated_sets (test_checkpoint_deepstream_runtime_source_closure_v3.DeepStreamRuntimeSourceClosureV3Tests.test_docker_copy_and_isolated_build_context_match_validated_sets) ... ok
test_missing_extraneous_and_unrelated_module_drift_fail_as_expected (test_checkpoint_deepstream_runtime_source_closure_v3.DeepStreamRuntimeSourceClosureV3Tests.test_missing_extraneous_and_unrelated_module_drift_fail_as_expected) ... ok
test_production_allowlist_is_exact_multi_entry_runtime_closure (test_checkpoint_deepstream_runtime_source_closure_v3.DeepStreamRuntimeSourceClosureV3Tests.test_production_allowlist_is_exact_multi_entry_runtime_closure) ... ok
test_external_manifest_rejects_real_identity_and_coverage_drift (test_checkpoint_external_execution_manifest.ExternalExecutionManifestTests.test_external_manifest_rejects_real_identity_and_coverage_drift) ... ok
test_native_policy_import_does_not_require_sdk_bridge (test_checkpoint_external_execution_manifest.ExternalExecutionManifestTests.test_native_policy_import_does_not_require_sdk_bridge) ... ok
test_producer_manifest_passes_real_coordinator_startup_for_both_systems (test_checkpoint_external_execution_manifest.ExternalExecutionManifestTests.test_producer_manifest_passes_real_coordinator_startup_for_both_systems) ... ok
test_worker_fixture_needs_no_ignored_runtime_artifacts (test_checkpoint_external_execution_manifest.ExternalExecutionManifestTests.test_worker_fixture_needs_no_ignored_runtime_artifacts) ... ok
test_worker_fixture_rejects_missing_and_foreign_metadata (test_checkpoint_external_execution_manifest.ExternalExecutionManifestTests.test_worker_fixture_rejects_missing_and_foreign_metadata) ... ok
test_absolute_unix_socket_listener_accepts_a_real_path_client (test_checkpoint_gstreamer_analytics_bridge.GStreamerAnalyticsBridgeTests.test_absolute_unix_socket_listener_accepts_a_real_path_client) ... ok
test_decision_binds_to_the_native_probe_system_it_names (test_checkpoint_gstreamer_analytics_bridge.GStreamerAnalyticsBridgeTests.test_decision_binds_to_the_native_probe_system_it_names) ... ok
test_front_transport_rejects_relabel_and_accepts_one_sealed_tensor (test_checkpoint_gstreamer_analytics_bridge.GStreamerAnalyticsBridgeTests.test_front_transport_rejects_relabel_and_accepts_one_sealed_tensor) ... ok
test_listener_serves_two_persistent_path_clients_concurrently (test_checkpoint_gstreamer_analytics_bridge.GStreamerAnalyticsBridgeTests.test_listener_serves_two_persistent_path_clients_concurrently) ... ok
test_policy_terminal_identity_is_exactly_worker_capability_bound (test_checkpoint_gstreamer_analytics_bridge.GStreamerAnalyticsBridgeTests.test_policy_terminal_identity_is_exactly_worker_capability_bound) ... ok
test_raw_bgr_frame_is_exactly_preprocessed_to_frozen_fp32_nchw_contract (test_checkpoint_gstreamer_analytics_bridge.GStreamerAnalyticsBridgeTests.test_raw_bgr_frame_is_exactly_preprocessed_to_frozen_fp32_nchw_contract) ... ok
test_raw_gstbuffer_reaches_selected_frozen_worker_as_exact_preprocessed_tensor (test_checkpoint_gstreamer_analytics_bridge.GStreamerAnalyticsBridgeTests.test_raw_gstbuffer_reaches_selected_frozen_worker_as_exact_preprocessed_tensor) ... ok
test_routes_all_eight_branch_resource_bindings_through_real_memfd_worker_roundtrip (test_checkpoint_gstreamer_analytics_bridge.GStreamerAnalyticsBridgeTests.test_routes_all_eight_branch_resource_bindings_through_real_memfd_worker_roundtrip) ... ok
test_study_independent_routes_overlap_on_real_transports_with_self_intervals (test_checkpoint_gstreamer_analytics_bridge.GStreamerAnalyticsBridgeTests.test_study_independent_routes_overlap_on_real_transports_with_self_intervals) ... ok
test_worker_protocol_proxy_binds_hello_route_and_forwards_one_memfd (test_checkpoint_gstreamer_analytics_bridge.GStreamerAnalyticsBridgeTests.test_worker_protocol_proxy_binds_hello_route_and_forwards_one_memfd) ... ok
test_atomic_front_publish_collision_preserves_canary_and_hidden_node_absent (test_checkpoint_gstreamer_analytics_sidecar.GStreamerAnalyticsSidecarTests.test_atomic_front_publish_collision_preserves_canary_and_hidden_node_absent) ... ok
test_atomic_front_publish_post_bind_failure_never_unlinks_node (test_checkpoint_gstreamer_analytics_sidecar.GStreamerAnalyticsSidecarTests.test_atomic_front_publish_post_bind_failure_never_unlinks_node) ... ok
test_atomic_front_publish_uses_direct_bind_without_link_cleanup (test_checkpoint_gstreamer_analytics_sidecar.GStreamerAnalyticsSidecarTests.test_atomic_front_publish_uses_direct_bind_without_link_cleanup) ... ok
test_authority_loader_rejects_named_file_swap_during_fd_read (test_checkpoint_gstreamer_analytics_sidecar.GStreamerAnalyticsSidecarTests.test_authority_loader_rejects_named_file_swap_during_fd_read) ... ok
test_binding_index_digest_drift_is_rejected (test_checkpoint_gstreamer_analytics_sidecar.GStreamerAnalyticsSidecarTests.test_binding_index_digest_drift_is_rejected) ... ok
test_bridge_failure_is_fatal_and_raw_socket_nodes_are_removed (test_checkpoint_gstreamer_analytics_sidecar.GStreamerAnalyticsSidecarTests.test_bridge_failure_is_fatal_and_raw_socket_nodes_are_removed) ... ok
test_cached_stop_cold_revalidates_retired_socket_ledger (test_checkpoint_gstreamer_analytics_sidecar.GStreamerAnalyticsSidecarTests.test_cached_stop_cold_revalidates_retired_socket_ledger) ... ok
test_cli_contract_is_explicit_and_requires_bounded_counts (test_checkpoint_gstreamer_analytics_sidecar.GStreamerAnalyticsSidecarTests.test_cli_contract_is_explicit_and_requires_bounded_counts) ... ok
test_cli_modes_reject_incompatible_arguments_before_input_reads (test_checkpoint_gstreamer_analytics_sidecar.GStreamerAnalyticsSidecarTests.test_cli_modes_reject_incompatible_arguments_before_input_reads) ... ok
test_concurrent_terminal_failures_commit_only_first_diagnostic (test_checkpoint_gstreamer_analytics_sidecar.GStreamerAnalyticsSidecarTests.test_concurrent_terminal_failures_commit_only_first_diagnostic) ... ok
test_diagnostic_does_not_read_oversized_or_unsafe_descriptors (test_checkpoint_gstreamer_analytics_sidecar.GStreamerAnalyticsSidecarTests.test_diagnostic_does_not_read_oversized_or_unsafe_descriptors) ... ok
test_diagnostic_persistence_failure_preserves_original_integrity_error (test_checkpoint_gstreamer_analytics_sidecar.GStreamerAnalyticsSidecarTests.test_diagnostic_persistence_failure_preserves_original_integrity_error) ... ok
test_docker_factory_plan_is_pinned_no_network_and_gpu_explicit (test_checkpoint_gstreamer_analytics_sidecar.GStreamerAnalyticsSidecarTests.test_docker_factory_plan_is_pinned_no_network_and_gpu_explicit) ... ok
test_first_failure_route_is_selected_under_persistence_lock_and_later_route_is_not_observed (test_checkpoint_gstreamer_analytics_sidecar.GStreamerAnalyticsSidecarTests.test_first_failure_route_is_selected_under_persistence_lock_and_later_route_is_not_observed) ... ok
test_foreground_guardian_cli_commits_readiness_then_waits_for_stop (test_checkpoint_gstreamer_analytics_sidecar.GStreamerAnalyticsSidecarTests.test_foreground_guardian_cli_commits_readiness_then_waits_for_stop) ... ok
test_foreground_guardian_cli_requires_preprocessing_receipt (test_checkpoint_gstreamer_analytics_sidecar.GStreamerAnalyticsSidecarTests.test_foreground_guardian_cli_requires_preprocessing_receipt) ... ok
test_front_collision_is_preserved_and_workers_are_drained (test_checkpoint_gstreamer_analytics_sidecar.GStreamerAnalyticsSidecarTests.test_front_collision_is_preserved_and_workers_are_drained) ... ok
test_front_socket_is_requested_as_atomic_publish_only_after_bridge (test_checkpoint_gstreamer_analytics_sidecar.GStreamerAnalyticsSidecarTests.test_front_socket_is_requested_as_atomic_publish_only_after_bridge) ... ok
test_full_lifecycle_attests_exact_eight_and_persists_raw_call (test_checkpoint_gstreamer_analytics_sidecar.GStreamerAnalyticsSidecarTests.test_full_lifecycle_attests_exact_eight_and_persists_raw_call) ... ok
test_guardian_authenticated_stop_unblocks_foreground_wait (test_checkpoint_gstreamer_analytics_sidecar.GStreamerAnalyticsSidecarTests.test_guardian_authenticated_stop_unblocks_foreground_wait) ... ok
test_guardian_status_and_bounded_stop_cli_use_readiness_authority (test_checkpoint_gstreamer_analytics_sidecar.GStreamerAnalyticsSidecarTests.test_guardian_status_and_bounded_stop_cli_use_readiness_authority) ... ok
test_guardian_status_fails_closed_after_any_worker_dies (test_checkpoint_gstreamer_analytics_sidecar.GStreamerAnalyticsSidecarTests.test_guardian_status_fails_closed_after_any_worker_dies) ... ok
test_guardian_stop_attestation_tamper_fails_closed (test_checkpoint_gstreamer_analytics_sidecar.GStreamerAnalyticsSidecarTests.test_guardian_stop_attestation_tamper_fails_closed) ... ok
test_guardian_stop_cli_rejects_acknowledgement_binding_drift (test_checkpoint_gstreamer_analytics_sidecar.GStreamerAnalyticsSidecarTests.test_guardian_stop_cli_rejects_acknowledgement_binding_drift) ... ok
test_guardian_stores_stop_attestation_before_acknowledgement (test_checkpoint_gstreamer_analytics_sidecar.GStreamerAnalyticsSidecarTests.test_guardian_stores_stop_attestation_before_acknowledgement) ... ok
test_incomplete_materialized_binding_set_fails_before_process_start (test_checkpoint_gstreamer_analytics_sidecar.GStreamerAnalyticsSidecarTests.test_incomplete_materialized_binding_set_fails_before_process_start) ... ok
test_inference_failure_snapshot_retains_first_route_when_diagnostic_write_fails (test_checkpoint_gstreamer_analytics_sidecar.GStreamerAnalyticsSidecarTests.test_inference_failure_snapshot_retains_first_route_when_diagnostic_write_fails) ... ok
test_inference_stage_and_observer_refusal_do_not_replace_or_repeat_primary_failure (test_checkpoint_gstreamer_analytics_sidecar.GStreamerAnalyticsSidecarTests.test_inference_stage_and_observer_refusal_do_not_replace_or_repeat_primary_failure) ... ok
test_owned_socket_retirement_never_deletes_raced_node (test_checkpoint_gstreamer_analytics_sidecar.GStreamerAnalyticsSidecarTests.test_owned_socket_retirement_never_deletes_raced_node) ... ok
test_peer_pid_drift_fails_closed_and_cleans_every_owned_node (test_checkpoint_gstreamer_analytics_sidecar.GStreamerAnalyticsSidecarTests.test_peer_pid_drift_fails_closed_and_cleans_every_owned_node) ... ok
test_pre_authority_failure_cannot_commit_an_orphan_diagnostic (test_checkpoint_gstreamer_analytics_sidecar.GStreamerAnalyticsSidecarTests.test_pre_authority_failure_cannot_commit_an_orphan_diagnostic) ... ok
test_production_authority_rejects_hash_inode_and_owner_drift (test_checkpoint_gstreamer_analytics_sidecar.GStreamerAnalyticsSidecarTests.test_production_authority_rejects_hash_inode_and_owner_drift) ... ok
test_production_capacity_is_contract_derived_and_not_one_million (test_checkpoint_gstreamer_analytics_sidecar.GStreamerAnalyticsSidecarTests.test_production_capacity_is_contract_derived_and_not_one_million) ... ok
test_production_integrity_failure_keeps_request_diagnostic (test_checkpoint_gstreamer_analytics_sidecar.GStreamerAnalyticsSidecarTests.test_production_integrity_failure_keeps_request_diagnostic) ... ok
test_production_lifecycle_parent_swap_preserves_attacker_canary (test_checkpoint_gstreamer_analytics_sidecar.GStreamerAnalyticsSidecarTests.test_production_lifecycle_parent_swap_preserves_attacker_canary) ... ok
test_production_per_connection_bound_exhaustion_fails_closed (test_checkpoint_gstreamer_analytics_sidecar.GStreamerAnalyticsSidecarTests.test_production_per_connection_bound_exhaustion_fails_closed) ... ok
test_production_preprocessing_contract_checks_all_bindings_before_worker_start (test_checkpoint_gstreamer_analytics_sidecar.GStreamerAnalyticsSidecarTests.test_production_preprocessing_contract_checks_all_bindings_before_worker_start) ... ok
test_production_preprocessing_receipt_binds_runtime_candidate_manifest (test_checkpoint_gstreamer_analytics_sidecar.GStreamerAnalyticsSidecarTests.test_production_preprocessing_receipt_binds_runtime_candidate_manifest) ... ok
test_production_readiness_parent_swap_never_redirects_write (test_checkpoint_gstreamer_analytics_sidecar.GStreamerAnalyticsSidecarTests.test_production_readiness_parent_swap_never_redirects_write) ... ok
test_production_rejection_diagnostics_keep_untrusted_fields_unattributed (test_checkpoint_gstreamer_analytics_sidecar.GStreamerAnalyticsSidecarTests.test_production_rejection_diagnostics_keep_untrusted_fields_unattributed) ... ok
test_production_rejects_external_runtime_expectation_drift_before_worker_start (test_checkpoint_gstreamer_analytics_sidecar.GStreamerAnalyticsSidecarTests.test_production_rejects_external_runtime_expectation_drift_before_worker_start) ... ok
test_production_service_has_stable_authority_clean_eof_and_rolling_lifecycle (test_checkpoint_gstreamer_analytics_sidecar.GStreamerAnalyticsSidecarTests.test_production_service_has_stable_authority_clean_eof_and_rolling_lifecycle) ... ok
test_production_start_is_one_shot_and_does_not_replace_front_inode (test_checkpoint_gstreamer_analytics_sidecar.GStreamerAnalyticsSidecarTests.test_production_start_is_one_shot_and_does_not_replace_front_inode) ... ok
test_response_send_epipe_captures_live_validated_worker_before_teardown (test_checkpoint_gstreamer_analytics_sidecar.GStreamerAnalyticsSidecarTests.test_response_send_epipe_captures_live_validated_worker_before_teardown) ... ok
test_retired_socket_post_stat_swap_is_nondestructive_and_fails_cold (test_checkpoint_gstreamer_analytics_sidecar.GStreamerAnalyticsSidecarTests.test_retired_socket_post_stat_swap_is_nondestructive_and_fails_cold) ... ok
test_retired_socket_validator_binds_exact_count_and_sibling_path (test_checkpoint_gstreamer_analytics_sidecar.GStreamerAnalyticsSidecarTests.test_retired_socket_validator_binds_exact_count_and_sibling_path) ... ok
test_running_guardian_fails_closed_if_runtime_directory_is_rebound (test_checkpoint_gstreamer_analytics_sidecar.GStreamerAnalyticsSidecarTests.test_running_guardian_fails_closed_if_runtime_directory_is_rebound) ... ok
test_runtime_symlink_is_rejected_without_touching_canary (test_checkpoint_gstreamer_analytics_sidecar.GStreamerAnalyticsSidecarTests.test_runtime_symlink_is_rejected_without_touching_canary) ... ok
test_runtime_worker_crash_interrupts_front_service (test_checkpoint_gstreamer_analytics_sidecar.GStreamerAnalyticsSidecarTests.test_runtime_worker_crash_interrupts_front_service) ... ok
test_signal_or_direct_stop_is_failed_and_non_authorizing (test_checkpoint_gstreamer_analytics_sidecar.GStreamerAnalyticsSidecarTests.test_signal_or_direct_stop_is_failed_and_non_authorizing) ... ok
test_startup_worker_crash_fails_closed (test_checkpoint_gstreamer_analytics_sidecar.GStreamerAnalyticsSidecarTests.test_startup_worker_crash_fails_closed) ... ok
test_strict_authority_assert_rejects_distinct_valid_expected_identities (test_checkpoint_gstreamer_analytics_sidecar.GStreamerAnalyticsSidecarTests.test_strict_authority_assert_rejects_distinct_valid_expected_identities) ... ok
test_unattributed_first_failure_does_not_borrow_later_validated_route (test_checkpoint_gstreamer_analytics_sidecar.GStreamerAnalyticsSidecarTests.test_unattributed_first_failure_does_not_borrow_later_validated_route) ... ok
test_worker_crash_interrupts_idle_client_and_leaves_no_service_thread (test_checkpoint_gstreamer_analytics_sidecar.GStreamerAnalyticsSidecarTests.test_worker_crash_interrupts_idle_client_and_leaves_no_service_thread) ... ok
test_worker_protocol_integrity_failure_is_attributed (test_checkpoint_gstreamer_analytics_sidecar.GStreamerAnalyticsSidecarTests.test_worker_protocol_integrity_failure_is_attributed) ... ok
test_build_context_allowlist_binds_manifests_validator_and_builder (test_checkpoint_gstreamer_custom_publication_image_v3.GStreamerCustomPublicationImageV3Tests.test_build_context_allowlist_binds_manifests_validator_and_builder) ... ok
test_builder_is_offline_and_proves_repeated_image_identity (test_checkpoint_gstreamer_custom_publication_image_v3.GStreamerCustomPublicationImageV3Tests.test_builder_is_offline_and_proves_repeated_image_identity) ... ok
test_coordinator_supplies_fixed_non_cli_gstreamer_authority (test_checkpoint_gstreamer_custom_publication_image_v3.GStreamerCustomPublicationImageV3Tests.test_coordinator_supplies_fixed_non_cli_gstreamer_authority) ... ok
test_dependency_allowlist_is_exact_sorted_and_complete (test_checkpoint_gstreamer_custom_publication_image_v3.GStreamerCustomPublicationImageV3Tests.test_dependency_allowlist_is_exact_sorted_and_complete) ... ok
test_dependency_lock_is_complete_and_hash_pinned (test_checkpoint_gstreamer_custom_publication_image_v3.GStreamerCustomPublicationImageV3Tests.test_dependency_lock_is_complete_and_hash_pinned) ... ok
test_image_has_exact_offline_normalized_final_stage (test_checkpoint_gstreamer_custom_publication_image_v3.GStreamerCustomPublicationImageV3Tests.test_image_has_exact_offline_normalized_final_stage) ... ok
test_runtime_is_bound_to_the_materialized_image_and_not_host_native_dispatch (test_checkpoint_gstreamer_custom_publication_runtime_v3.GstreamerPublicationContainerBoundaryV3Tests.test_runtime_is_bound_to_the_materialized_image_and_not_host_native_dispatch) ... ok
test_container_engine_accepts_the_bundle_copied_client (test_checkpoint_gstreamer_custom_publication_runtime_v3.GstreamerPublicationRuntimeV3Tests.test_container_engine_accepts_the_bundle_copied_client) ... ok
test_container_pid_ceiling_admits_all_native_workers (test_checkpoint_gstreamer_custom_publication_runtime_v3.GstreamerPublicationRuntimeV3Tests.test_container_pid_ceiling_admits_all_native_workers) ... ok
test_descriptor_schema_and_evidence_mapping_are_closed (test_checkpoint_gstreamer_custom_publication_runtime_v3.GstreamerPublicationRuntimeV3Tests.test_descriptor_schema_and_evidence_mapping_are_closed) ... ok
test_evidence_set_is_transactional_and_never_overwrites_a_collision (test_checkpoint_gstreamer_custom_publication_runtime_v3.GstreamerPublicationRuntimeV3Tests.test_evidence_set_is_transactional_and_never_overwrites_a_collision) ... ok
test_exact_image_devices_mounts_and_evidence_are_bound (test_checkpoint_gstreamer_custom_publication_runtime_v3.GstreamerPublicationRuntimeV3Tests.test_exact_image_devices_mounts_and_evidence_are_bound) ... ok
test_launcher_is_implemented_and_binds_both_topologies_to_genuine_runner (test_checkpoint_gstreamer_custom_publication_runtime_v3.GstreamerPublicationRuntimeV3Tests.test_launcher_is_implemented_and_binds_both_topologies_to_genuine_runner) ... ok
test_transient_path_replacement_is_rejected_before_runtime_invocation (test_checkpoint_gstreamer_custom_publication_runtime_v3.GstreamerPublicationRuntimeV3Tests.test_transient_path_replacement_is_rejected_before_runtime_invocation) ... ok
test_docker_copy_and_build_hash_use_only_the_validated_allowlist (test_checkpoint_gstreamer_custom_runtime_source_closure_v3.GStreamerCustomRuntimeSourceClosureV3Tests.test_docker_copy_and_build_hash_use_only_the_validated_allowlist) ... ok
test_missing_and_extraneous_python_imports_fail_closed (test_checkpoint_gstreamer_custom_runtime_source_closure_v3.GStreamerCustomRuntimeSourceClosureV3Tests.test_missing_and_extraneous_python_imports_fail_closed) ... ok
test_production_allowlist_is_exact_reachable_runtime_closure (test_checkpoint_gstreamer_custom_runtime_source_closure_v3.GStreamerCustomRuntimeSourceClosureV3Tests.test_production_allowlist_is_exact_reachable_runtime_closure) ... ok
test_calibration_and_evaluation_sample_ids_must_be_disjoint (test_checkpoint_model_parity.AssessmentTests.test_calibration_and_evaluation_sample_ids_must_be_disjoint) ... skipped 'schema-v1 fixture retained only as migration history'
test_calibration_minimum_and_numeric_tolerances_are_enforced (test_checkpoint_model_parity.AssessmentTests.test_calibration_minimum_and_numeric_tolerances_are_enforced) ... skipped 'schema-v1 fixture retained only as migration history'
test_complete_common_source_contract_passes (test_checkpoint_model_parity.AssessmentTests.test_complete_common_source_contract_passes) ... skipped 'schema-v1 fixture retained only as migration history'
test_image_command_cannot_pull_or_run (test_checkpoint_model_parity.AssessmentTests.test_image_command_cannot_pull_or_run) ... skipped 'schema-v1 fixture retained only as migration history'
test_lineage_preprocessing_and_toolchain_drift_fail_closed (test_checkpoint_model_parity.AssessmentTests.test_lineage_preprocessing_and_toolchain_drift_fail_closed) ... skipped 'schema-v1 fixture retained only as migration history'
test_non_finite_tolerance_is_rejected (test_checkpoint_model_parity.AssessmentTests.test_non_finite_tolerance_is_rejected) ... skipped 'schema-v1 fixture retained only as migration history'
test_openvino_gpu_execution_evidence_is_not_cuda (test_checkpoint_model_parity.AssessmentTests.test_openvino_gpu_execution_evidence_is_not_cuda) ... skipped 'schema-v1 fixture retained only as migration history'
test_repository_state_is_honestly_blocked (test_checkpoint_model_parity.AssessmentTests.test_repository_state_is_honestly_blocked) ... skipped 'schema-v1 fixture retained only as migration history'
test_symlinked_model_artifact_is_not_accepted (test_checkpoint_model_parity.AssessmentTests.test_symlinked_model_artifact_is_not_accepted) ... skipped 'schema-v1 fixture retained only as migration history'
test_verified_equivalent_derivations_can_replace_a_local_source (test_checkpoint_model_parity.AssessmentTests.test_verified_equivalent_derivations_can_replace_a_local_source) ... skipped 'schema-v1 fixture retained only as migration history'
test_calibration_and_evaluation_corpora_are_disjoint_v2 (test_checkpoint_model_parity.AssessmentV3Tests.test_calibration_and_evaluation_corpora_are_disjoint_v2) ... ok
test_claimed_aggregate_fields_are_rejected_not_trusted (test_checkpoint_model_parity.AssessmentV3Tests.test_claimed_aggregate_fields_are_rejected_not_trusted) ... ok
test_claimed_tensor_hash_is_checked_against_materialized_bytes (test_checkpoint_model_parity.AssessmentV3Tests.test_claimed_tensor_hash_is_checked_against_materialized_bytes) ... ok
test_complete_raw_evidence_is_recomputed_and_passes (test_checkpoint_model_parity.AssessmentV3Tests.test_complete_raw_evidence_is_recomputed_and_passes) ... ok
test_duplicate_yaml_keys_and_toolchain_argv_drift_are_rejected (test_checkpoint_model_parity.AssessmentV3Tests.test_duplicate_yaml_keys_and_toolchain_argv_drift_are_rejected) ... ok
test_exact_sample_order_and_hashes_are_required (test_checkpoint_model_parity.AssessmentV3Tests.test_exact_sample_order_and_hashes_are_required) ... ok
test_image_command_is_read_only_inspect (test_checkpoint_model_parity.AssessmentV3Tests.test_image_command_is_read_only_inspect) ... ok
test_non_finite_json_and_duplicate_keys_fail_closed (test_checkpoint_model_parity.AssessmentV3Tests.test_non_finite_json_and_duplicate_keys_fail_closed) ... ok
test_numeric_tolerance_and_top1_are_computed_from_raw_values (test_checkpoint_model_parity.AssessmentV3Tests.test_numeric_tolerance_and_top1_are_computed_from_raw_values) ... ok
test_openvino_gpu_probe_cannot_satisfy_nvidia_cuda (test_checkpoint_model_parity.AssessmentV3Tests.test_openvino_gpu_probe_cannot_satisfy_nvidia_cuda) ... ok
test_policy_calibration_is_separate_and_requires_30_per_resource (test_checkpoint_model_parity.AssessmentV3Tests.test_policy_calibration_is_separate_and_requires_30_per_resource) ... ok
test_relative_error_floor_is_tied_to_the_absolute_logit_tolerance (test_checkpoint_model_parity.AssessmentV3Tests.test_relative_error_floor_is_tied_to_the_absolute_logit_tolerance) ... ok
test_symlinked_model_artifact_is_not_accepted_v2 (test_checkpoint_model_parity.AssessmentV3Tests.test_symlinked_model_artifact_is_not_accepted_v2) ... ok
test_symlinked_v2_manifest_is_rejected (test_checkpoint_model_parity.AssessmentV3Tests.test_symlinked_v2_manifest_is_rejected) ... ok
test_accepts_plain_manifest_through_temporary_directory_short_alias (test_checkpoint_model_parity.ManifestContractTests.test_accepts_plain_manifest_through_temporary_directory_short_alias) ... ok
test_cli_exposes_only_manifest_and_assess (test_checkpoint_model_parity.ManifestContractTests.test_cli_exposes_only_manifest_and_assess) ... usage: python -m unittest [-h] {manifest,assess} ...
python -m unittest: error: argument command: invalid choice: 'run' (choose from 'manifest', 'assess')
ok
test_deep_yaml_recursion_is_contract_error_and_cli_exit_78 (test_checkpoint_model_parity.ManifestContractTests.test_deep_yaml_recursion_is_contract_error_and_cli_exit_78) ... ok
test_default_v3_manifest_remains_blocked_on_all_32_evidence_refs (test_checkpoint_model_parity.ManifestContractTests.test_default_v3_manifest_remains_blocked_on_all_32_evidence_refs) ... ok
test_manifest_ancestor_custody_blocks_parent_rename_aba (test_checkpoint_model_parity.ManifestContractTests.test_manifest_ancestor_custody_blocks_parent_rename_aba) ... skipped 'Windows share-mode custody only'
test_manifest_custody_blocks_same_size_in_place_rewrite_with_restored_mtime (test_checkpoint_model_parity.ManifestContractTests.test_manifest_custody_blocks_same_size_in_place_rewrite_with_restored_mtime) ... skipped 'Windows share-mode custody only'
test_manifest_identity_is_deterministic_and_tamper_evident (test_checkpoint_model_parity.ManifestContractTests.test_manifest_identity_is_deterministic_and_tamper_evident) ... ok
test_manifest_rejects_same_size_rewrite_before_native_custody (test_checkpoint_model_parity.ManifestContractTests.test_manifest_rejects_same_size_rewrite_before_native_custody) ... skipped 'Windows pre-custody drift only'
test_posix_same_size_byte_drift_with_restored_mtime_is_detected (test_checkpoint_model_parity.ManifestContractTests.test_posix_same_size_byte_drift_with_restored_mtime_is_detected) ... ok
test_post_read_rewrite_is_blocked_or_detected_before_return (test_checkpoint_model_parity.ManifestContractTests.test_post_read_rewrite_is_blocked_or_detected_before_return) ... ok
test_preprocessing_projection_accepts_frozen_v3_and_v4_by_binding_hash (test_checkpoint_model_parity.ManifestContractTests.test_preprocessing_projection_accepts_frozen_v3_and_v4_by_binding_hash) ... ok
test_preprocessing_projection_rejects_v4_schema_and_contract_drift (test_checkpoint_model_parity.ManifestContractTests.test_preprocessing_projection_rejects_v4_schema_and_contract_drift) ... ok
test_rejects_fake_openvino_gpu_matrix_binding (test_checkpoint_model_parity.ManifestContractTests.test_rejects_fake_openvino_gpu_matrix_binding) ... ok
test_rejects_hardlinked_manifest_as_non_unique (test_checkpoint_model_parity.ManifestContractTests.test_rejects_hardlinked_manifest_as_non_unique) ... ok
test_rejects_nonregular_missing_and_path_substituted_manifest (test_checkpoint_model_parity.ManifestContractTests.test_rejects_nonregular_missing_and_path_substituted_manifest) ... ok
test_rejects_symlink_or_reparse_parent_component (test_checkpoint_model_parity.ManifestContractTests.test_rejects_symlink_or_reparse_parent_component) ... ok
test_rejects_symlinked_manifest (test_checkpoint_model_parity.ManifestContractTests.test_rejects_symlinked_manifest) ... ok
test_resolve_runtime_error_is_contract_error_and_cli_exit_78 (test_checkpoint_model_parity.ManifestContractTests.test_resolve_runtime_error_is_contract_error_and_cli_exit_78) ... ok
test_unhashable_yaml_keys_are_contract_errors_and_cli_exit_78 (test_checkpoint_model_parity.ManifestContractTests.test_unhashable_yaml_keys_are_contract_errors_and_cli_exit_78) ... ok
test_windows_cross_view_ignores_only_ctime_and_each_view_binds_it (test_checkpoint_model_parity.ManifestContractTests.test_windows_cross_view_ignores_only_ctime_and_each_view_binds_it) ... skipped 'Windows ctime views only'
test_windows_same_view_callsites_reject_ctime_only_drift (test_checkpoint_model_parity.ManifestContractTests.test_windows_same_view_callsites_reject_ctime_only_drift) ... skipped 'Windows path-view ctime only'
test_base_provenance_and_worker_runtime_identities_are_distinct (test_checkpoint_model_parity.SchemaV3RedTests.test_base_provenance_and_worker_runtime_identities_are_distinct) ... ok
test_each_slot_requires_raw_bundles_and_resource_calibration (test_checkpoint_model_parity.SchemaV3RedTests.test_each_slot_requires_raw_bundles_and_resource_calibration) ... ok
test_four_opaque_slots_reference_sources_without_repeating_them (test_checkpoint_model_parity.SchemaV3RedTests.test_four_opaque_slots_reference_sources_without_repeating_them) ... ok
test_source_registry_is_pinned_once_with_actual_onnx_metadata (test_checkpoint_model_parity.SchemaV3RedTests.test_source_registry_is_pinned_once_with_actual_onnx_metadata) ... ok
test_unmaterialized_manifest_still_has_exact_32_missing_evidence_refs (test_checkpoint_model_parity.SchemaV3RedTests.test_unmaterialized_manifest_still_has_exact_32_missing_evidence_refs) ... ok
test_worker_runtime_relabel_and_implementation_drift_fail_closed (test_checkpoint_model_parity.SchemaV3RedTests.test_worker_runtime_relabel_and_implementation_drift_fail_closed) ... ok
test_accepts_exact_patch_probe_config_and_eight_binding_crosslinks (test_checkpoint_model_parity_acceptance_v4.AcceptanceV4AuthorityTest.test_accepts_exact_patch_probe_config_and_eight_binding_crosslinks) ... ok
test_rejects_stale_patch_or_extra_blocker (test_checkpoint_model_parity_acceptance_v4.AcceptanceV4AuthorityTest.test_rejects_stale_patch_or_extra_blocker) ... ok
test_rejects_transaction_output_or_bundle_drift (test_checkpoint_model_parity_acceptance_v4.AcceptanceV4AuthorityTest.test_rejects_transaction_output_or_bundle_drift) ... ok
test_rejects_wrong_worker_id (test_checkpoint_model_parity_acceptance_v4.AcceptanceV4AuthorityTest.test_rejects_wrong_worker_id) ... ok
test_accepted_manifest_collision_is_immutable_and_unassessed (test_checkpoint_model_parity_materializer.ModelParityMaterializerTests.test_accepted_manifest_collision_is_immutable_and_unassessed) ... ok
test_accepted_manifest_is_written_only_after_publication_ready_assessment (test_checkpoint_model_parity_materializer.ModelParityMaterializerTests.test_accepted_manifest_is_written_only_after_publication_ready_assessment) ... ok
test_active_publication_dataset_ids_are_kpp_iss_v3 (test_checkpoint_model_parity_materializer.ModelParityMaterializerTests.test_active_publication_dataset_ids_are_kpp_iss_v3) ... ok
test_candidate_rebind_before_cleanup_preserves_final_and_foreign_candidate (test_checkpoint_model_parity_materializer.ModelParityMaterializerTests.test_candidate_rebind_before_cleanup_preserves_final_and_foreign_candidate) ... ok
test_default_real_path_fails_before_outputs_decoder_or_workers (test_checkpoint_model_parity_materializer.ModelParityMaterializerTests.test_default_real_path_fails_before_outputs_decoder_or_workers) ... ok
test_execution_bundle_ledger_persists_every_physical_sample (test_checkpoint_model_parity_materializer.ModelParityMaterializerTests.test_execution_bundle_ledger_persists_every_physical_sample) ... ok
test_execution_probe_records_actual_derived_worker_image_id (test_checkpoint_model_parity_materializer.ModelParityMaterializerTests.test_execution_probe_records_actual_derived_worker_image_id) ... ok
test_fp32_decode_rejects_partial_and_nonfinite_outputs (test_checkpoint_model_parity_materializer.ModelParityMaterializerTests.test_fp32_decode_rejects_partial_and_nonfinite_outputs) ... ok
test_frozen_dataset_config_rejects_publication_v3_claim_drift (test_checkpoint_model_parity_materializer.ModelParityMaterializerTests.test_frozen_dataset_config_rejects_publication_v3_claim_drift) ... ok
test_frozen_kpp_inventory_is_exact (test_checkpoint_model_parity_materializer.ModelParityMaterializerTests.test_frozen_kpp_inventory_is_exact) ... ok
test_native_endpoint_listener_retirement_uses_physical_custody (test_checkpoint_model_parity_materializer.ModelParityMaterializerTests.test_native_endpoint_listener_retirement_uses_physical_custody) ... ok
test_native_service_time_requires_protocol_validated_response (test_checkpoint_model_parity_materializer.ModelParityMaterializerTests.test_native_service_time_requires_protocol_validated_response) ... ok
test_nonpublication_assessment_never_creates_accepted_manifest (test_checkpoint_model_parity_materializer.ModelParityMaterializerTests.test_nonpublication_assessment_never_creates_accepted_manifest) ... ok
test_nonpublication_injection_is_structurally_unpromotable (test_checkpoint_model_parity_materializer.ModelParityMaterializerTests.test_nonpublication_injection_is_structurally_unpromotable) ... ok
test_production_collection_constructor_is_not_publicly_forgeable (test_checkpoint_model_parity_materializer.ModelParityMaterializerTests.test_production_collection_constructor_is_not_publicly_forgeable) ... ok
test_production_runner_owns_attested_worker_lifecycle (test_checkpoint_model_parity_materializer.ModelParityMaterializerTests.test_production_runner_owns_attested_worker_lifecycle) ... ok
test_project_relative_inputs_are_resolved_against_project_root (test_checkpoint_model_parity_materializer.ModelParityMaterializerTests.test_project_relative_inputs_are_resolved_against_project_root) ... ok
test_promoted_manifest_copy_sets_only_final_evidence_refs (test_checkpoint_model_parity_materializer.ModelParityMaterializerTests.test_promoted_manifest_copy_sets_only_final_evidence_refs) ... ok
test_sample_plan_is_stable_balanced_and_disjoint (test_checkpoint_model_parity_materializer.ModelParityMaterializerTests.test_sample_plan_is_stable_balanced_and_disjoint) ... ok
test_transaction_index_v2_binds_all_execution_bundles_and_self_hash (test_checkpoint_model_parity_materializer.ModelParityMaterializerTests.test_transaction_index_v2_binds_all_execution_bundles_and_self_hash) ... ok
test_verify_physical_file_rejects_links_and_hash_drift (test_checkpoint_model_parity_materializer.ModelParityMaterializerTests.test_verify_physical_file_rejects_links_and_hash_drift) ... ok
test_binding_authority_rejects_wrong_worker_image (test_checkpoint_model_parity_materializer_v4.MaterializerV4FoundationTest.test_binding_authority_rejects_wrong_worker_image) ... ok
test_live_probe_adoption_rebind_before_cleanup_preserves_final (test_checkpoint_model_parity_materializer_v4.MaterializerV4FoundationTest.test_live_probe_adoption_rebind_before_cleanup_preserves_final) ... ok
test_live_probes_precede_and_bind_versioned_config (test_checkpoint_model_parity_materializer_v4.MaterializerV4FoundationTest.test_live_probes_precede_and_bind_versioned_config) ... ok
test_v4_candidate_rebind_before_cleanup_preserves_final_and_foreign (test_checkpoint_model_parity_materializer_v4.MaterializerV4FoundationTest.test_v4_candidate_rebind_before_cleanup_preserves_final_and_foreign) ... ok
test_versioned_leaf_adopts_all_three_atomic_crash_windows (test_checkpoint_model_parity_materializer_v4.MaterializerV4FoundationTest.test_versioned_leaf_adopts_all_three_atomic_crash_windows) ... ok
test_wrong_live_image_id_fails_before_probe_commit (test_checkpoint_model_parity_materializer_v4.MaterializerV4FoundationTest.test_wrong_live_image_id_fails_before_probe_commit) ... ok
test_actual_attempt2_patch_allows_exact_refrozen_base_producers (test_checkpoint_model_parity_v4.ModelParityV4Test.test_actual_attempt2_patch_allows_exact_refrozen_base_producers) ... skipped 'local physical attempt2 evidence is unavailable'
test_builds_exact_patch_bound_dynamic_manifest (test_checkpoint_model_parity_v4.ModelParityV4Test.test_builds_exact_patch_bound_dynamic_manifest) ... ok
test_manifest_identity_detects_output_drift (test_checkpoint_model_parity_v4.ModelParityV4Test.test_manifest_identity_detects_output_drift) ... ok
test_refrozen_base_id_is_allowed_but_base_coordinate_is_frozen (test_checkpoint_model_parity_v4.ModelParityV4Test.test_refrozen_base_id_is_allowed_but_base_coordinate_is_frozen) ... ok
test_rejects_any_refresh_blocker_set_drift (test_checkpoint_model_parity_v4.ModelParityV4Test.test_rejects_any_refresh_blocker_set_drift) ... ok
test_rejects_stale_patch_self_identity (test_checkpoint_model_parity_v4.ModelParityV4Test.test_rejects_stale_patch_self_identity) ... ok
test_rejects_wrong_worker_identity_or_unchanged_image (test_checkpoint_model_parity_v4.ModelParityV4Test.test_rejects_wrong_worker_identity_or_unchanged_image) ... ok
test_adaptive_feedback_uses_application_order_and_is_mandatory (test_checkpoint_native_policy_runtime.NativePolicyRuntimeCoordinatorTests.test_adaptive_feedback_uses_application_order_and_is_mandatory) ... ok
test_all_four_publishable_systems_use_the_same_terminal_bound_coordinator (test_checkpoint_native_policy_runtime.NativePolicyRuntimeCoordinatorTests.test_all_four_publishable_systems_use_the_same_terminal_bound_coordinator) ... ok
test_all_seven_policies_require_native_path_and_terminal_before_promotion (test_checkpoint_native_policy_runtime.NativePolicyRuntimeCoordinatorTests.test_all_seven_policies_require_native_path_and_terminal_before_promotion) ... ok
test_cpu_capability_must_match_loaded_binary_and_model_identity (test_checkpoint_native_policy_runtime.NativePolicyRuntimeCoordinatorTests.test_cpu_capability_must_match_loaded_binary_and_model_identity) ... ok
test_current_openvino_manifest_blocks_every_nvidia_gpu_policy_path (test_checkpoint_native_policy_runtime.NativePolicyRuntimeCoordinatorTests.test_current_openvino_manifest_blocks_every_nvidia_gpu_policy_path) ... ok
test_decision_timestamp_is_bound_to_serialized_decision_sequence (test_checkpoint_native_policy_runtime.NativePolicyRuntimeCoordinatorTests.test_decision_timestamp_is_bound_to_serialized_decision_sequence) ... ok
test_deepstream_uses_the_same_frozen_native_policy_coordinator_contract (test_checkpoint_native_policy_runtime.NativePolicyRuntimeCoordinatorTests.test_deepstream_uses_the_same_frozen_native_policy_coordinator_contract) ... ok
test_event_enrichment_carries_exact_selected_policy_cost_and_queue_depth (test_checkpoint_native_policy_runtime.NativePolicyRuntimeCoordinatorTests.test_event_enrichment_carries_exact_selected_policy_cost_and_queue_depth) ... ok
test_external_drop_detector_is_one_attested_source_identity_per_branch (test_checkpoint_native_policy_runtime.NativePolicyRuntimeCoordinatorTests.test_external_drop_detector_is_one_attested_source_identity_per_branch) ... ok
test_gpu_terminal_accepts_the_pinned_cuda_uuid_identity (test_checkpoint_native_policy_runtime.NativePolicyRuntimeCoordinatorTests.test_gpu_terminal_accepts_the_pinned_cuda_uuid_identity) ... ok
test_gstreamer_caller_promotes_only_measurement_decisions (test_checkpoint_native_policy_runtime.NativePolicyRuntimeCoordinatorTests.test_gstreamer_caller_promotes_only_measurement_decisions) ... ok
test_gvadetect_device_gpu_cannot_be_relabelled_as_nvidia_cuda (test_checkpoint_native_policy_runtime.NativePolicyRuntimeCoordinatorTests.test_gvadetect_device_gpu_cannot_be_relabelled_as_nvidia_cuda) ... ok
test_message_identity_and_exact_schema_are_enforced (test_checkpoint_native_policy_runtime.NativePolicyRuntimeCoordinatorTests.test_message_identity_and_exact_schema_are_enforced) ... ok
test_path_entry_before_the_worker_submitted_decision_is_still_rejected (test_checkpoint_native_policy_runtime.NativePolicyRuntimeCoordinatorTests.test_path_entry_before_the_worker_submitted_decision_is_still_rejected) ... ok
test_promotion_excludes_completed_warmup_decisions_from_measurement_sidecars (test_checkpoint_native_policy_runtime.NativePolicyRuntimeCoordinatorTests.test_promotion_excludes_completed_warmup_decisions_from_measurement_sidecars) ... ok
test_serialized_clamp_does_not_reject_a_worker_bound_path_entry (test_checkpoint_native_policy_runtime.NativePolicyRuntimeCoordinatorTests.test_serialized_clamp_does_not_reject_a_worker_bound_path_entry) ... ok
test_terminal_without_native_path_and_duplicate_path_fail_closed (test_checkpoint_native_policy_runtime.NativePolicyRuntimeCoordinatorTests.test_terminal_without_native_path_and_duplicate_path_fail_closed) ... ok
test_unselected_path_is_rejected_and_cannot_be_relabelled (test_checkpoint_native_policy_runtime.NativePolicyRuntimeCoordinatorTests.test_unselected_path_is_rejected_and_cannot_be_relabelled) ... ok
test_wrong_terminal_device_and_pending_decision_block_promotion (test_checkpoint_native_policy_runtime.NativePolicyRuntimeCoordinatorTests.test_wrong_terminal_device_and_pending_decision_block_promotion) ... ok
test_baseline_and_shared_events_close_live_protocol_v3_joins (test_checkpoint_openvino_execution_bridge.OpenVINOGVAExecutionBridgeTests.test_baseline_and_shared_events_close_live_protocol_v3_joins) ... ok
test_cpu_and_gpu_dispatch_use_exact_frozen_native_engines (test_checkpoint_openvino_execution_bridge.OpenVINOGVAExecutionBridgeTests.test_cpu_and_gpu_dispatch_use_exact_frozen_native_engines) ... ok
test_exact_eight_endpoint_inventory_handshakes_nonpublication (test_checkpoint_openvino_execution_bridge.OpenVINOGVAExecutionBridgeTests.test_exact_eight_endpoint_inventory_handshakes_nonpublication) ... ok
test_expected_capability_is_assembled_from_binding_and_runtime_probe (test_checkpoint_openvino_execution_bridge.OpenVINOGVAExecutionBridgeTests.test_expected_capability_is_assembled_from_binding_and_runtime_probe) ... ok
test_gpu_endpoint_cannot_relabel_openvino_as_cuda (test_checkpoint_openvino_execution_bridge.OpenVINOGVAExecutionBridgeTests.test_gpu_endpoint_cannot_relabel_openvino_as_cuda) ... ok
test_native_queue_drop_is_protocol_v3_and_never_accepted_evidence (test_checkpoint_openvino_execution_bridge.OpenVINOGVAExecutionBridgeTests.test_native_queue_drop_is_protocol_v3_and_never_accepted_evidence) ... ok
test_real_execution_client_transport_receives_cpu_and_gpu_terminals (test_checkpoint_openvino_execution_bridge.OpenVINOGVAExecutionBridgeTests.test_real_execution_client_transport_receives_cpu_and_gpu_terminals) ... ok
test_rejects_aliased_topology_execution_ids_before_inference (test_checkpoint_openvino_execution_bridge.OpenVINOGVAExecutionBridgeTests.test_rejects_aliased_topology_execution_ids_before_inference) ... ok
test_rejects_generic_tensor_origin_before_inference (test_checkpoint_openvino_execution_bridge.OpenVINOGVAExecutionBridgeTests.test_rejects_generic_tensor_origin_before_inference) ... ok
test_facade_supplies_non_cli_openvino_code_authority (test_checkpoint_openvino_gva_container_coordinator_v3.OpenVINOGVAContainerCoordinatorV3Tests.test_facade_supplies_non_cli_openvino_code_authority) ... ok
test_generic_cli_does_not_expose_an_authority_flag (test_checkpoint_openvino_gva_container_coordinator_v3.OpenVINOGVAContainerCoordinatorV3Tests.test_generic_cli_does_not_expose_an_authority_flag) ... ok
test_container_pid_ceiling_admits_all_native_workers (test_checkpoint_openvino_gva_publication_runtime_v3.OpenVINOGVAPublicationRuntimeV3Tests.test_container_pid_ceiling_admits_all_native_workers) ... ok
test_contract_dataset_topology_and_evidence_mapping_are_closed (test_checkpoint_openvino_gva_publication_runtime_v3.OpenVINOGVAPublicationRuntimeV3Tests.test_contract_dataset_topology_and_evidence_mapping_are_closed) ... ok
test_device_probe_identity_mismatch_retains_observed_probe_and_stays_fail_closed (test_checkpoint_openvino_gva_publication_runtime_v3.OpenVINOGVAPublicationRuntimeV3Tests.test_device_probe_identity_mismatch_retains_observed_probe_and_stays_fail_closed) ... ok
test_exact_image_artifacts_devices_mounts_and_evidence_are_bound (test_checkpoint_openvino_gva_publication_runtime_v3.OpenVINOGVAPublicationRuntimeV3Tests.test_exact_image_artifacts_devices_mounts_and_evidence_are_bound) ... ok
test_h265_frozen_dataset_accepts_exact_hevc_stream_metadata (test_checkpoint_openvino_gva_publication_runtime_v3.OpenVINOGVAPublicationRuntimeV3Tests.test_h265_frozen_dataset_accepts_exact_hevc_stream_metadata) ... ok
test_image_device_and_embedded_artifact_drift_fail_before_measurement (test_checkpoint_openvino_gva_publication_runtime_v3.OpenVINOGVAPublicationRuntimeV3Tests.test_image_device_and_embedded_artifact_drift_fail_before_measurement) ... ok
test_launcher_binds_both_topologies_to_real_container_runner (test_checkpoint_openvino_gva_publication_runtime_v3.OpenVINOGVAPublicationRuntimeV3Tests.test_launcher_binds_both_topologies_to_real_container_runner) ... ok
test_live_daemon_reads_private_held_fd_copy (test_checkpoint_openvino_gva_publication_runtime_v3.OpenVINOGVAPublicationRuntimeV3Tests.test_live_daemon_reads_private_held_fd_copy) ... skipped 'set VAST_RUN_OPENVINO_LIVE_DOCKER_TEST=1 for the WSL Docker proof'
test_missing_materialized_contract_stays_fail_closed (test_checkpoint_openvino_gva_publication_runtime_v3.OpenVINOGVAPublicationRuntimeV3Tests.test_missing_materialized_contract_stays_fail_closed) ... ok
test_packaged_runtime_script_container_path_cannot_drift (test_checkpoint_openvino_gva_publication_runtime_v3.OpenVINOGVAPublicationRuntimeV3Tests.test_packaged_runtime_script_container_path_cannot_drift) ... ok
test_private_held_fd_copy_is_read_only_and_rehashed (test_checkpoint_openvino_gva_publication_runtime_v3.OpenVINOGVAPublicationRuntimeV3Tests.test_private_held_fd_copy_is_read_only_and_rehashed) ... ok
test_real_engine_invocation_uses_held_cli_fd_and_pass_fds (test_checkpoint_openvino_gva_publication_runtime_v3.OpenVINOGVAPublicationRuntimeV3Tests.test_real_engine_invocation_uses_held_cli_fd_and_pass_fds) ... ok
test_stream_five_cannot_be_rebound_to_front_gate_media (test_checkpoint_openvino_gva_publication_runtime_v3.OpenVINOGVAPublicationRuntimeV3Tests.test_stream_five_cannot_be_rebound_to_front_gate_media) ... ok
test_transient_config_replacement_is_rejected_after_preflight (test_checkpoint_openvino_gva_publication_runtime_v3.OpenVINOGVAPublicationRuntimeV3Tests.test_transient_config_replacement_is_rejected_after_preflight) ... ok
test_versioned_analytics_execution_manifest_pins_open (test_checkpoint_openvino_gva_publication_runtime_v3.OpenVINOGVAPublicationRuntimeV3Tests.test_versioned_analytics_execution_manifest_pins_open) ... ok
test_missing_and_extraneous_imports_fail_closed (test_checkpoint_openvino_gva_runtime_source_closure_v3.OpenVINOGVARuntimeSourceClosureV3Tests.test_missing_and_extraneous_imports_fail_closed) ... ok
test_production_allowlist_is_exact_transitive_closure (test_checkpoint_openvino_gva_runtime_source_closure_v3.OpenVINOGVARuntimeSourceClosureV3Tests.test_production_allowlist_is_exact_transitive_closure) ... ok
test_acceptance_summary_serializes_unavailable_metrics_as_json_null (test_checkpoint_publication_runtime.CheckpointPublicationRuntimeTests.test_acceptance_summary_serializes_unavailable_metrics_as_json_null) ... ok
test_branch_promotion_requires_protocol_v3_native_outcomes (test_checkpoint_publication_runtime.CheckpointPublicationRuntimeTests.test_branch_promotion_requires_protocol_v3_native_outcomes) ... ok
test_checkpoint_aggregate_backend_is_exact_and_fail_closed_per_native_system (test_checkpoint_publication_runtime.CheckpointPublicationRuntimeTests.test_checkpoint_aggregate_backend_is_exact_and_fail_closed_per_native_system) ... ok
test_frame_intervals_are_derived_from_direct_parent_and_join_timestamps (test_checkpoint_publication_runtime.CheckpointPublicationRuntimeTests.test_frame_intervals_are_derived_from_direct_parent_and_join_timestamps) ... ok
test_frame_intervals_reject_inferred_policy_and_resource_labels (test_checkpoint_publication_runtime.CheckpointPublicationRuntimeTests.test_frame_intervals_reject_inferred_policy_and_resource_labels) ... ok
test_independent_mixed_and_all_prefix_reduce_only_completed_stages (test_checkpoint_publication_runtime.CheckpointPublicationRuntimeTests.test_independent_mixed_and_all_prefix_reduce_only_completed_stages) ... ok
test_ingress_promotion_rejects_censoring_and_non_native_terminal_provenance (test_checkpoint_publication_runtime.CheckpointPublicationRuntimeTests.test_ingress_promotion_rejects_censoring_and_non_native_terminal_provenance) ... ok
test_native_policy_promotion_rejects_duplicate_missing_and_drifted_cohort (test_checkpoint_publication_runtime.CheckpointPublicationRuntimeTests.test_native_policy_promotion_rejects_duplicate_missing_and_drifted_cohort) ... ok
test_native_policy_promotion_uses_only_accepted_measurement_frames (test_checkpoint_publication_runtime.CheckpointPublicationRuntimeTests.test_native_policy_promotion_uses_only_accepted_measurement_frames) ... ok
test_native_resource_producer_matches_physical_intervals_and_excludes_warmup_drain (test_checkpoint_publication_runtime.CheckpointPublicationRuntimeTests.test_native_resource_producer_matches_physical_intervals_and_excludes_warmup_drain) ... ok
test_native_resource_producer_refuses_existing_target_and_precedes_publication (test_checkpoint_publication_runtime.CheckpointPublicationRuntimeTests.test_native_resource_producer_refuses_existing_target_and_precedes_publication) ... ok
test_native_resource_producer_rejects_missing_duplicate_invalid_and_extra_intervals (test_checkpoint_publication_runtime.CheckpointPublicationRuntimeTests.test_native_resource_producer_rejects_missing_duplicate_invalid_and_extra_intervals) ... ok
test_native_resource_producer_uses_direct_reason_with_projected_topology_events (test_checkpoint_publication_runtime.CheckpointPublicationRuntimeTests.test_native_resource_producer_uses_direct_reason_with_projected_topology_events) ... ok
test_prefix_reduction_rejects_fabricated_or_missing_stages_and_forged_lineage (test_checkpoint_publication_runtime.CheckpointPublicationRuntimeTests.test_prefix_reduction_rejects_fabricated_or_missing_stages_and_forged_lineage) ... ok
test_publication_requires_preexisting_native_policy_and_resource_sidecars (test_checkpoint_publication_runtime.CheckpointPublicationRuntimeTests.test_publication_requires_preexisting_native_policy_and_resource_sidecars) ... ok
test_shared_all_prefix_has_decode_only_and_partial_prefix_fails (test_checkpoint_publication_runtime.CheckpointPublicationRuntimeTests.test_shared_all_prefix_has_decode_only_and_partial_prefix_fails) ... ok
test_aggregate_frames_preserve_each_system_identity (test_checkpoint_publication_system_backends.PublicationSystemBackendTests.test_aggregate_frames_preserve_each_system_identity) ... ok
test_all_four_publication_systems_have_exact_backend_identity (test_checkpoint_publication_system_backends.PublicationSystemBackendTests.test_all_four_publication_systems_have_exact_backend_identity) ... ok
test_recognized_system_still_requires_native_workers_and_sources (test_checkpoint_publication_system_backends.PublicationSystemBackendTests.test_recognized_system_still_requires_native_workers_and_sources) ... ok
test_unknown_or_legacy_probe_system_is_rejected (test_checkpoint_publication_system_backends.PublicationSystemBackendTests.test_unknown_or_legacy_probe_system_is_rejected) ... ok
test_baseline_join_pairs_native_input_key_not_worker_local_ordinals (test_checkpoint_runtime.CheckpointRuntimeTests.test_baseline_join_pairs_native_input_key_not_worker_local_ordinals) ... ok
test_baseline_workers_use_distinct_observed_pids_and_emit_live_join (test_checkpoint_runtime.CheckpointRuntimeTests.test_baseline_workers_use_distinct_observed_pids_and_emit_live_join) ... ok
test_blueprint_expands_to_24_baseline_and_6_shared_process_assignments (test_checkpoint_runtime.CheckpointRuntimeTests.test_blueprint_expands_to_24_baseline_and_6_shared_process_assignments) ... ok
test_central_admission_is_durable_before_failed_ack (test_checkpoint_runtime.CheckpointRuntimeTests.test_central_admission_is_durable_before_failed_ack) ... ok
test_common_start_rejects_unknown_native_clock_epoch (test_checkpoint_runtime.CheckpointRuntimeTests.test_common_start_rejects_unknown_native_clock_epoch) ... ok
test_common_start_selects_clock_matching_native_ready_epoch (test_checkpoint_runtime.CheckpointRuntimeTests.test_common_start_selects_clock_matching_native_ready_epoch) ... ok
test_cpp_admission_transport_round_trips_binary_payload_and_rejects_truncation (test_checkpoint_runtime.CheckpointRuntimeTests.test_cpp_admission_transport_round_trips_binary_payload_and_rejects_truncation) ... ok
test_cpp_analytics_terminal_transport_rejects_identity_and_ambiguous_drop (test_checkpoint_runtime.CheckpointRuntimeTests.test_cpp_analytics_terminal_transport_rejects_identity_and_ambiguous_drop) ... ok
test_cpp_emitter_writes_parseable_gap_free_protocol (test_checkpoint_runtime.CheckpointRuntimeTests.test_cpp_emitter_writes_parseable_gap_free_protocol) ... ok
test_cpp_gstreamer_frame_mapping_uses_negotiated_video_info (test_checkpoint_runtime.CheckpointRuntimeTests.test_cpp_gstreamer_frame_mapping_uses_negotiated_video_info) ... ok
test_cpp_resource_interval_emitter_writes_runtime_only_fanout_contract (test_checkpoint_runtime.CheckpointRuntimeTests.test_cpp_resource_interval_emitter_writes_runtime_only_fanout_contract) ... ok
test_decoder_placement_status_closes_during_warmup_before_measurement (test_checkpoint_runtime.CheckpointRuntimeTests.test_decoder_placement_status_closes_during_warmup_before_measurement) ... ok
test_decoder_placement_status_is_required_before_measurement (test_checkpoint_runtime.CheckpointRuntimeTests.test_decoder_placement_status_is_required_before_measurement) ... ok
test_decoder_placement_worker_exit_reports_identity_code_and_states (test_checkpoint_runtime.CheckpointRuntimeTests.test_decoder_placement_worker_exit_reports_identity_code_and_states) ... ok
test_early_exit_before_ready_lists_process_and_returncode (test_checkpoint_runtime.CheckpointRuntimeTests.test_early_exit_before_ready_lists_process_and_returncode) ... ok
test_explicit_native_branch_drop_resolves_frame_without_creating_join (test_checkpoint_runtime.CheckpointRuntimeTests.test_explicit_native_branch_drop_resolves_frame_without_creating_join) ... ok
test_full_publication_pair_plan_binds_h264_and_h265_exactly (test_checkpoint_runtime.CheckpointRuntimeTests.test_full_publication_pair_plan_binds_h264_and_h265_exactly) ... ok
test_gstreamer_analytics_terminal_and_queue_emit_native_outcomes (test_checkpoint_runtime.CheckpointRuntimeTests.test_gstreamer_analytics_terminal_and_queue_emit_native_outcomes) ... ok
test_gstreamer_engineering_specs_bind_every_blueprint_process_without_unblocking (test_checkpoint_runtime.CheckpointRuntimeTests.test_gstreamer_engineering_specs_bind_every_blueprint_process_without_unblocking) ... ok
test_gstreamer_native_runtime_selects_v2_join_contract (test_checkpoint_runtime.CheckpointRuntimeTests.test_gstreamer_native_runtime_selects_v2_join_contract) ... ok
test_incomplete_shared_branch_remains_unresolved_and_cannot_create_join (test_checkpoint_runtime.CheckpointRuntimeTests.test_incomplete_shared_branch_remains_unresolved_and_cannot_create_join) ... ok
test_join_coordinator_keeps_v1_and_v2_shapes_strictly_separate (test_checkpoint_runtime.CheckpointRuntimeTests.test_join_coordinator_keeps_v1_and_v2_shapes_strictly_separate) ... ok
test_native_analytics_terminal_mode_requires_explicit_branch_aware_adapter (test_checkpoint_runtime.CheckpointRuntimeTests.test_native_analytics_terminal_mode_requires_explicit_branch_aware_adapter) ... ok
test_native_policy_worker_specs_bind_exact_policy_and_deadline (test_checkpoint_runtime.CheckpointRuntimeTests.test_native_policy_worker_specs_bind_exact_policy_and_deadline) ... ok
test_native_policy_worker_specs_inject_frozen_manifest_identities (test_checkpoint_runtime.CheckpointRuntimeTests.test_native_policy_worker_specs_inject_frozen_manifest_identities) ... ok
test_native_postdecode_prefix_drop_closes_baseline_after_decode (test_checkpoint_runtime.CheckpointRuntimeTests.test_native_postdecode_prefix_drop_closes_baseline_after_decode) ... ok
test_native_postdecode_prefix_drop_closes_every_shared_branch_after_decode (test_checkpoint_runtime.CheckpointRuntimeTests.test_native_postdecode_prefix_drop_closes_every_shared_branch_after_decode) ... ok
test_native_predecode_ingress_drop_is_rejected_for_baseline (test_checkpoint_runtime.CheckpointRuntimeTests.test_native_predecode_ingress_drop_is_rejected_for_baseline) ... ok
test_native_predecode_ingress_drop_is_rejected_for_shared (test_checkpoint_runtime.CheckpointRuntimeTests.test_native_predecode_ingress_drop_is_rejected_for_shared) ... ok
test_native_probe_source_contains_physical_checkpoint_graphs_and_direct_emitter (test_checkpoint_runtime.CheckpointRuntimeTests.test_native_probe_source_contains_physical_checkpoint_graphs_and_direct_emitter) ... ok
test_native_subprocess_environment_does_not_leak_python_import_paths (test_checkpoint_runtime.CheckpointRuntimeTests.test_native_subprocess_environment_does_not_leak_python_import_paths) ... ok
test_parent_must_arrive_on_direct_pipe_before_child (test_checkpoint_runtime.CheckpointRuntimeTests.test_parent_must_arrive_on_direct_pipe_before_child) ... ok
test_post_start_failure_preserves_primary_process_stderr (test_checkpoint_runtime.CheckpointRuntimeTests.test_post_start_failure_preserves_primary_process_stderr) ... ok
test_publication_runtime_requires_gpu_aware_registry_refresh (test_checkpoint_runtime.CheckpointRuntimeTests.test_publication_runtime_requires_gpu_aware_registry_refresh) ... ok
test_ready_timeout_lists_missing_workers (test_checkpoint_runtime.CheckpointRuntimeTests.test_ready_timeout_lists_missing_workers) ... ok
test_reference_analytics_terminal_requires_verified_branch_model_manifest (test_checkpoint_runtime.CheckpointRuntimeTests.test_reference_analytics_terminal_requires_verified_branch_model_manifest) ... ok
test_registry_template_is_copied_to_distinct_immutable_runtime_seeds (test_checkpoint_runtime.CheckpointRuntimeTests.test_registry_template_is_copied_to_distinct_immutable_runtime_seeds) ... ok
test_runtime_branch_terminal_artifact_preserves_v3_without_becoming_accepted (test_checkpoint_runtime.CheckpointRuntimeTests.test_runtime_branch_terminal_artifact_preserves_v3_without_becoming_accepted) ... ok
test_runtime_fanout_fragments_are_topology_bound_and_not_accepted (test_checkpoint_runtime.CheckpointRuntimeTests.test_runtime_fanout_fragments_are_topology_bound_and_not_accepted) ... ok
test_runtime_stage_contract_fragments_are_pid_bound_merged_and_validated (test_checkpoint_runtime.CheckpointRuntimeTests.test_runtime_stage_contract_fragments_are_pid_bound_merged_and_validated) ... ok
test_shared_worker_emits_one_prefix_four_fanouts_and_live_join (test_checkpoint_runtime.CheckpointRuntimeTests.test_shared_worker_emits_one_prefix_four_fanouts_and_live_join) ... ok
test_slow_ready_does_not_consume_synchronized_execution_budget (test_checkpoint_runtime.CheckpointRuntimeTests.test_slow_ready_does_not_consume_synchronized_execution_budget) ... ok
test_source_provenance_validation_rejects_manifest_hash_drift (test_checkpoint_runtime.CheckpointRuntimeTests.test_source_provenance_validation_rejects_manifest_hash_drift) ... ok
test_spawn_fd_close_failure_still_reaps_the_original_child (test_checkpoint_runtime.CheckpointRuntimeTests.test_spawn_fd_close_failure_still_reaps_the_original_child) ... ok
test_term_ignoring_children_are_killed_and_reaped_before_cleanup_returns (test_checkpoint_runtime.CheckpointRuntimeTests.test_term_ignoring_children_are_killed_and_reaped_before_cleanup_returns) ... ok
test_terminal_cohort_uses_half_open_schedule_offsets_not_wall_clock_jitter (test_checkpoint_runtime.CheckpointRuntimeTests.test_terminal_cohort_uses_half_open_schedule_offsets_not_wall_clock_jitter) ... ok
test_worker_cannot_claim_join_or_skip_sequence (test_checkpoint_runtime.CheckpointRuntimeTests.test_worker_cannot_claim_join_or_skip_sequence) ... ok
test_worker_policy_sock_seqpacket_fd_is_inherited_and_served (test_checkpoint_runtime.CheckpointRuntimeTests.test_worker_policy_sock_seqpacket_fd_is_inherited_and_served) ... ok
test_declared_file_descriptor_reaches_the_exact_native_popen (test_checkpoint_runtime_inherited_fds.CheckpointRuntimeInheritedFdTests.test_declared_file_descriptor_reaches_the_exact_native_popen) ... ok
test_declared_file_descriptor_survives_real_child_exec (test_checkpoint_runtime_inherited_fds.CheckpointRuntimeInheritedFdTests.test_declared_file_descriptor_survives_real_child_exec) ... ok
test_invalid_inherited_fds_fail_closed (test_checkpoint_runtime_inherited_fds.CheckpointRuntimeInheritedFdTests.test_invalid_inherited_fds_fail_closed) ... ok
test_worker_and_source_specs_bind_closed_unique_inherited_fds (test_checkpoint_runtime_inherited_fds.CheckpointRuntimeInheritedFdTests.test_worker_and_source_specs_bind_closed_unique_inherited_fds) ... ok
test_baseline_has_four_os_process_workers_per_logical_stream (test_checkpoint_runtime_plan.CheckpointRuntimePlanTests.test_baseline_has_four_os_process_workers_per_logical_stream) ... ok
test_cli_writes_blueprint_without_scientific_sidecars (test_checkpoint_runtime_plan.CheckpointRuntimePlanTests.test_cli_writes_blueprint_without_scientific_sidecars) ... ok
test_finite_study_layout_has_real_workers_and_keeps_legacy_kind_strict (test_checkpoint_runtime_plan.CheckpointRuntimePlanTests.test_finite_study_layout_has_real_workers_and_keeps_legacy_kind_strict) ... ok
test_pair_builder_rejects_missing_finite_source_contract (test_checkpoint_runtime_plan.CheckpointRuntimePlanTests.test_pair_builder_rejects_missing_finite_source_contract) ... ok
test_pair_builder_rejects_playback_contract_drift (test_checkpoint_runtime_plan.CheckpointRuntimePlanTests.test_pair_builder_rejects_playback_contract_drift) ... ok
test_pair_builder_rejects_preregistered_coordinate_drift (test_checkpoint_runtime_plan.CheckpointRuntimePlanTests.test_pair_builder_rejects_preregistered_coordinate_drift) ... ok
test_primary_pair_keeps_planning_only_status_and_exact_input_pairing (test_checkpoint_runtime_plan.CheckpointRuntimePlanTests.test_primary_pair_keeps_planning_only_status_and_exact_input_pairing) ... ok
test_shared_has_one_prefix_tee_and_four_queued_routes_per_stream (test_checkpoint_runtime_plan.CheckpointRuntimePlanTests.test_shared_has_one_prefix_tee_and_four_queued_routes_per_stream) ... ok
test_validator_rejects_analytics_queue_contract_drift (test_checkpoint_runtime_plan.CheckpointRuntimePlanTests.test_validator_rejects_analytics_queue_contract_drift) ... ok
test_validator_rejects_decoder_placement_or_runtime_gate_drift (test_checkpoint_runtime_plan.CheckpointRuntimePlanTests.test_validator_rejects_decoder_placement_or_runtime_gate_drift) ... ok
test_validator_rejects_missing_common_source_coordinator (test_checkpoint_runtime_plan.CheckpointRuntimePlanTests.test_validator_rejects_missing_common_source_coordinator) ... ok
test_validator_rejects_posthoc_join_or_missing_branch_queue (test_checkpoint_runtime_plan.CheckpointRuntimePlanTests.test_validator_rejects_posthoc_join_or_missing_branch_queue) ... ok
test_validator_rejects_publication_runtime_contract_drift (test_checkpoint_runtime_plan.CheckpointRuntimePlanTests.test_validator_rejects_publication_runtime_contract_drift) ... ok
test_validator_rejects_shared_execution_domain_for_baseline_workers (test_checkpoint_runtime_plan.CheckpointRuntimePlanTests.test_validator_rejects_shared_execution_domain_for_baseline_workers) ... ok
test_constant_dynamic_local_import_is_in_the_reachable_set (test_checkpoint_savant_runtime_source_closure_v3.SavantRuntimeSourceClosureV3Tests.test_constant_dynamic_local_import_is_in_the_reachable_set) ... ok
test_docker_copy_and_ab_build_use_only_validated_allowlist (test_checkpoint_savant_runtime_source_closure_v3.SavantRuntimeSourceClosureV3Tests.test_docker_copy_and_ab_build_use_only_validated_allowlist) ... ok
test_frozen_cpu_manifest_is_hash_bound_into_the_runtime_image (test_checkpoint_savant_runtime_source_closure_v3.SavantRuntimeSourceClosureV3Tests.test_frozen_cpu_manifest_is_hash_bound_into_the_runtime_image) ... ok
test_missing_and_extraneous_transitive_imports_fail_closed (test_checkpoint_savant_runtime_source_closure_v3.SavantRuntimeSourceClosureV3Tests.test_missing_and_extraneous_transitive_imports_fail_closed) ... ok
test_production_allowlist_is_exact_multi_entry_runtime_closure (test_checkpoint_savant_runtime_source_closure_v3.SavantRuntimeSourceClosureV3Tests.test_production_allowlist_is_exact_multi_entry_runtime_closure) ... ok
test_runtime_consumes_the_native_foundation_drop_queue (test_checkpoint_savant_runtime_source_closure_v3.SavantRuntimeSourceClosureV3Tests.test_runtime_consumes_the_native_foundation_drop_queue) ... ok
test_authoritative_api_has_no_dependency_injection (test_extract_kpp_legacy_iss.ExtractKppLegacyIssTests.test_authoritative_api_has_no_dependency_injection) ... ok
test_authoritative_failure_retains_custodied_private_candidate (test_extract_kpp_legacy_iss.ExtractKppLegacyIssTests.test_authoritative_failure_retains_custodied_private_candidate) ... skipped 'Windows retained failure candidate only'
test_authoritative_mode_is_windows_only_and_target_is_direct_staging_child (test_extract_kpp_legacy_iss.ExtractKppLegacyIssTests.test_authoritative_mode_is_windows_only_and_target_is_direct_staging_child) ... ok
test_cli_requires_all_explicit_paths_and_pins (test_extract_kpp_legacy_iss.ExtractKppLegacyIssTests.test_cli_requires_all_explicit_paths_and_pins) ... usage: python -m unittest [-h] --project-root PROJECT_ROOT --underbody-archive
                          UNDERBODY_ARCHIVE --front-archive FRONT_ARCHIVE
                          --output-dir OUTPUT_DIR --expected-underbody-sha256
                          EXPECTED_UNDERBODY_SHA256 --expected-front-sha256
                          EXPECTED_FRONT_SHA256 --ffmpeg FFMPEG
                          --expected-ffmpeg-sha256 EXPECTED_FFMPEG_SHA256
                          --expected-ffmpeg-version-sha256
                          EXPECTED_FFMPEG_VERSION_SHA256 --ffprobe FFPROBE
                          --expected-ffprobe-sha256 EXPECTED_FFPROBE_SHA256
                          --expected-ffprobe-version-sha256
                          EXPECTED_FFPROBE_VERSION_SHA256
python -m unittest: error: the following arguments are required: --project-root, --underbody-archive, --front-archive, --output-dir, --expected-underbody-sha256, --expected-front-sha256, --ffmpeg, --expected-ffmpeg-sha256, --expected-ffmpeg-version-sha256, --ffprobe, --expected-ffprobe-sha256, --expected-ffprobe-version-sha256
ok
test_detects_payload_offsets_and_builds_exact_commands (test_extract_kpp_legacy_iss.ExtractKppLegacyIssTests.test_detects_payload_offsets_and_builds_exact_commands) ... ok
test_extracts_pair_atomically_and_emits_canonical_receipt (test_extract_kpp_legacy_iss.ExtractKppLegacyIssTests.test_extracts_pair_atomically_and_emits_canonical_receipt) ... ok
test_pins_tools_and_rolls_back_the_whole_output_set (test_extract_kpp_legacy_iss.ExtractKppLegacyIssTests.test_pins_tools_and_rolls_back_the_whole_output_set) ... ok
test_private_directory_is_created_privately_without_recursive_acl_tool (test_extract_kpp_legacy_iss.ExtractKppLegacyIssTests.test_private_directory_is_created_privately_without_recursive_acl_tool) ... ok
test_public_wrapper_selects_authoritative_adapters_internally (test_extract_kpp_legacy_iss.ExtractKppLegacyIssTests.test_public_wrapper_selects_authoritative_adapters_internally) ... ok
test_rejects_aliases_bad_hashes_existing_targets_and_missing_markers (test_extract_kpp_legacy_iss.ExtractKppLegacyIssTests.test_rejects_aliases_bad_hashes_existing_targets_and_missing_markers) ... ok
test_rejects_incomplete_but_decodable_outputs (test_extract_kpp_legacy_iss.ExtractKppLegacyIssTests.test_rejects_incomplete_but_decodable_outputs) ... ok
test_windows_custody_rejects_directory_link_swap_candidate (test_extract_kpp_legacy_iss.ExtractKppLegacyIssTests.test_windows_custody_rejects_directory_link_swap_candidate) ... skipped 'Windows reparse-point rejection only'
test_windows_directory_handles_hold_custody_and_publish_no_replace (test_extract_kpp_legacy_iss.ExtractKppLegacyIssTests.test_windows_directory_handles_hold_custody_and_publish_no_replace) ... skipped 'Windows directory-handle custody only'
test_windows_private_create_retains_explicitly_when_disposition_fails (test_extract_kpp_legacy_iss.ExtractKppLegacyIssTests.test_windows_private_create_retains_explicitly_when_disposition_fails) ... skipped 'Windows rollback fail-safe only'
test_windows_private_create_returns_custody_without_create_open_gap (test_extract_kpp_legacy_iss.ExtractKppLegacyIssTests.test_windows_private_create_returns_custody_without_create_open_gap) ... skipped 'Windows atomic private create only'
test_windows_private_create_rolls_back_every_post_create_validation_failure (test_extract_kpp_legacy_iss.ExtractKppLegacyIssTests.test_windows_private_create_rolls_back_every_post_create_validation_failure) ... skipped 'Windows exact-handle rollback only'
test_checker_refuses_a_real_undefined_function_global (test_finite_study_static_names_v1.FiniteStudyStaticNamesTests.test_checker_refuses_a_real_undefined_function_global) ... ok
test_study_modules_reference_only_defined_globals_and_local_imports (test_finite_study_static_names_v1.FiniteStudyStaticNamesTests.test_study_modules_reference_only_defined_globals_and_local_imports) ... ok
test_study_operational_persistence_refuses_a_missing_context_with_its_own_error (test_finite_study_static_names_v1.FiniteStudyStaticNamesTests.test_study_operational_persistence_refuses_a_missing_context_with_its_own_error) ... ok
test_authoritative_freeze_failure_retains_private_candidate (test_freeze_kpp_legacy_iss_v2_transcodes.FreezeKppLegacyIssV2TranscodesTests.test_authoritative_freeze_failure_retains_private_candidate) ... skipped 'Windows retained failure candidate only'
test_authoritative_freeze_uses_windows_custody_and_direct_staging_child (test_freeze_kpp_legacy_iss_v2_transcodes.FreezeKppLegacyIssV2TranscodesTests.test_authoritative_freeze_uses_windows_custody_and_direct_staging_child) ... ok
test_builds_the_four_exact_repository_recipe_commands (test_freeze_kpp_legacy_iss_v2_transcodes.FreezeKppLegacyIssV2TranscodesTests.test_builds_the_four_exact_repository_recipe_commands) ... ok
test_cli_emits_the_same_canonical_receipt_via_public_api_shape (test_freeze_kpp_legacy_iss_v2_transcodes.FreezeKppLegacyIssV2TranscodesTests.test_cli_emits_the_same_canonical_receipt_via_public_api_shape) ... ok
test_command_pins_limited_range_and_exact_underbody_timeline (test_freeze_kpp_legacy_iss_v2_transcodes.FreezeKppLegacyIssV2TranscodesTests.test_command_pins_limited_range_and_exact_underbody_timeline) ... ok
test_freezes_exact_set_atomically_and_emits_canonical_receipt (test_freeze_kpp_legacy_iss_v2_transcodes.FreezeKppLegacyIssV2TranscodesTests.test_freezes_exact_set_atomically_and_emits_canonical_receipt) ... ok
test_private_directory_policy_uses_native_helper_without_acl_reset (test_freeze_kpp_legacy_iss_v2_transcodes.FreezeKppLegacyIssV2TranscodesTests.test_private_directory_policy_uses_native_helper_without_acl_reset) ... ok
test_probe_summarizes_every_decoded_frame_and_pts (test_freeze_kpp_legacy_iss_v2_transcodes.FreezeKppLegacyIssV2TranscodesTests.test_probe_summarizes_every_decoded_frame_and_pts) ... ok
test_public_api_and_cli_do_not_expose_dependency_injection (test_freeze_kpp_legacy_iss_v2_transcodes.FreezeKppLegacyIssV2TranscodesTests.test_public_api_and_cli_do_not_expose_dependency_injection) ... usage: python -m unittest [-h] --project-root PROJECT_ROOT
                          --extraction-receipt EXTRACTION_RECEIPT
                          --expected-extraction-receipt-file-sha256
                          EXPECTED_EXTRACTION_RECEIPT_FILE_SHA256
                          --underbody-avi UNDERBODY_AVI --front-avi FRONT_AVI
                          --output-dir OUTPUT_DIR --ffmpeg FFMPEG
                          --expected-ffmpeg-sha256 EXPECTED_FFMPEG_SHA256
                          --expected-ffmpeg-version-sha256
                          EXPECTED_FFMPEG_VERSION_SHA256 --ffprobe FFPROBE
                          --expected-ffprobe-sha256 EXPECTED_FFPROBE_SHA256
                          --expected-ffprobe-version-sha256
                          EXPECTED_FFPROBE_VERSION_SHA256
python -m unittest: error: the following arguments are required: --project-root, --extraction-receipt, --expected-extraction-receipt-file-sha256, --underbody-avi, --front-avi, --output-dir, --ffmpeg, --expected-ffmpeg-sha256, --expected-ffmpeg-version-sha256, --ffprobe, --expected-ffprobe-sha256, --expected-ffprobe-version-sha256
ok
test_public_wrapper_selects_authoritative_adapters_internally (test_freeze_kpp_legacy_iss_v2_transcodes.FreezeKppLegacyIssV2TranscodesTests.test_public_wrapper_selects_authoritative_adapters_internally) ... ok
test_rejects_any_decoded_output_frame_outside_contract (test_freeze_kpp_legacy_iss_v2_transcodes.FreezeKppLegacyIssV2TranscodesTests.test_rejects_any_decoded_output_frame_outside_contract) ... ok
test_rejects_bad_tool_pin_partial_output_probe_drift_and_existing_target (test_freeze_kpp_legacy_iss_v2_transcodes.FreezeKppLegacyIssV2TranscodesTests.test_rejects_bad_tool_pin_partial_output_probe_drift_and_existing_target) ... ok
test_rejects_missing_or_wrong_codec_bitstream_filters (test_freeze_kpp_legacy_iss_v2_transcodes.FreezeKppLegacyIssV2TranscodesTests.test_rejects_missing_or_wrong_codec_bitstream_filters) ... ok
test_rejects_non_authoritative_tampered_or_mismatched_extraction_inputs (test_freeze_kpp_legacy_iss_v2_transcodes.FreezeKppLegacyIssV2TranscodesTests.test_rejects_non_authoritative_tampered_or_mismatched_extraction_inputs) ... ok
test_rejects_non_contiguous_decoded_output_pts (test_freeze_kpp_legacy_iss_v2_transcodes.FreezeKppLegacyIssV2TranscodesTests.test_rejects_non_contiguous_decoded_output_pts) ... ok
test_windows_freeze_custody_blocks_rename_and_preserves_collision (test_freeze_kpp_legacy_iss_v2_transcodes.FreezeKppLegacyIssV2TranscodesTests.test_windows_freeze_custody_blocks_rename_and_preserves_collision) ... skipped 'Windows custody negatives only'
test_accepted_policy_receipt_foreign_kind_is_rejected_before_output (test_full_consumers_foreign_kind_v1.AcceptedPolicyPreprocessingForeignKindTests.test_accepted_policy_receipt_foreign_kind_is_rejected_before_output) ... ok
test_completed_qualification_index_foreign_kind_is_rejected_before_output (test_full_consumers_foreign_kind_v1.AcceptedPolicyPreprocessingForeignKindTests.test_completed_qualification_index_foreign_kind_is_rejected_before_output) ... ok
test_every_nonplan_command_rejects_foreign_identity_manifest_before_run_root (test_full_consumers_foreign_kind_v1.FullPublicationEntrypointForeignKindTests.test_every_nonplan_command_rejects_foreign_identity_manifest_before_run_root) ... ok
test_foreign_policy_receipt_is_rejected_before_private_candidate (test_full_consumers_foreign_kind_v1.FullPublicationIdentityManifestV2ForeignKindTests.test_foreign_policy_receipt_is_rejected_before_private_candidate) ... ok
test_cli_rejects_foreign_identity_manifest_before_state_or_lock (test_full_consumers_foreign_kind_v1.FullPublicationSupervisorForeignKindTests.test_cli_rejects_foreign_identity_manifest_before_state_or_lock) ... ok
test_materialize_rejects_foreign_identity_manifest_before_bundle (test_full_consumers_foreign_kind_v1.FullPublicationWslServiceForeignKindTests.test_materialize_rejects_foreign_identity_manifest_before_bundle) ... ok
test_promotion_cli_rejects_foreign_index_kind_before_output (test_full_consumers_foreign_kind_v1.PolicyPromotionForeignKindTests.test_promotion_cli_rejects_foreign_index_kind_before_output) ... ok
test_foreign_pilot_acceptance_kind_is_rejected_before_index_output (test_full_consumers_foreign_kind_v1.PolicyQualificationIndexBuilderForeignKindTests.test_foreign_pilot_acceptance_kind_is_rejected_before_index_output) ... ok
test_phase1_rejects_foreign_source_spec_before_output (test_full_consumers_foreign_kind_v1.Q4AuthorityPlanPipelineForeignKindTests.test_phase1_rejects_foreign_source_spec_before_output) ... ok
test_phase2_rejects_foreign_phase1_receipt_before_output (test_full_consumers_foreign_kind_v1.Q4AuthorityPlanPipelineForeignKindTests.test_phase2_rejects_foreign_phase1_receipt_before_output) ... ok
test_source_spec_phase_rejects_foreign_source_material_before_output (test_full_consumers_foreign_kind_v1.Q4AuthorityPlanPipelineForeignKindTests.test_source_spec_phase_rejects_foreign_source_material_before_output) ... ok
test_foreign_nested_accepted_source_is_rejected_before_output (test_full_consumers_foreign_kind_v1.Q4AuthoritySourceMaterialForeignKindTests.test_foreign_nested_accepted_source_is_rejected_before_output) ... ok
test_foreign_accepted_policy_receipt_is_rejected_before_output (test_full_consumers_foreign_kind_v1.Q4AuthoritySourceRequestForeignKindTests.test_foreign_accepted_policy_receipt_is_rejected_before_output) ... ok
test_cli_rejects_foreign_source_registry_before_work_dir (test_full_consumers_foreign_kind_v1.Q4TwoPhaseExecutorForeignKindTests.test_cli_rejects_foreign_source_registry_before_work_dir) ... ok
test_cli_rejects_foreign_phase_receipts_before_work_dir_or_lock (test_full_consumers_foreign_kind_v1.Q4TwoPhaseExecutorPhaseReceiptForeignKindTests.test_cli_rejects_foreign_phase_receipts_before_work_dir_or_lock) ... ok
test_preprocessing_receipt_foreign_kind_exits_before_output (test_full_consumers_foreign_kind_v1.QualificationExecutionClosureForeignKindTests.test_preprocessing_receipt_foreign_kind_exits_before_output) ... ok
test_transaction_receipt_foreign_kind_exits_before_output (test_full_consumers_foreign_kind_v1.QualificationExecutionClosureForeignKindTests.test_transaction_receipt_foreign_kind_exits_before_output) ... ok
test_candidate_index_foreign_kind_is_rejected_before_pilot_root_or_lock (test_full_consumers_foreign_kind_v1.QualificationPilotExecutorForeignKindTests.test_candidate_index_foreign_kind_is_rejected_before_pilot_root_or_lock) ... ok
test_runtime_receipt_foreign_kind_is_rejected_before_pilot_root_or_lock (test_full_consumers_foreign_kind_v1.QualificationPilotExecutorForeignKindTests.test_runtime_receipt_foreign_kind_is_rejected_before_pilot_root_or_lock) ... ok
test_candidate_index_foreign_kind_is_rejected_before_bundle_output (test_full_consumers_foreign_kind_v1.QualificationRuntimeInputsForeignKindTests.test_candidate_index_foreign_kind_is_rejected_before_bundle_output) ... ok
test_transaction_receipt_foreign_kind_is_rejected_before_bundle_output (test_full_consumers_foreign_kind_v1.QualificationRuntimeInputsForeignKindTests.test_transaction_receipt_foreign_kind_is_rejected_before_bundle_output) ... ok
test_promotion_cli_rejects_foreign_index_kind_before_output (test_full_consumers_foreign_kind_v1.ResourcePromotionForeignKindTests.test_promotion_cli_rejects_foreign_index_kind_before_output) ... ok
test_foreign_pilot_acceptance_kind_is_rejected_before_index_output (test_full_consumers_foreign_kind_v1.ResourceQualificationIndexBuilderForeignKindTests.test_foreign_pilot_acceptance_kind_is_rejected_before_index_output) ... ok
test_active_publication_dataset_ids_are_kpp_iss_v3 (test_full_resource_qualification.FullResourceQualificationTests.test_active_publication_dataset_ids_are_kpp_iss_v3) ... ok
test_complete_matrix_is_pure_and_separates_pre_run_from_per_arm_acceptance (test_full_resource_qualification.FullResourceQualificationTests.test_complete_matrix_is_pure_and_separates_pre_run_from_per_arm_acceptance) ... ok
test_completed_legacy_schema_or_missing_closure_cannot_be_assessed (test_full_resource_qualification.FullResourceQualificationTests.test_completed_legacy_schema_or_missing_closure_cannot_be_assessed) ... ok
test_default_validator_rejects_self_declared_acceptance_before_heavy_validators (test_full_resource_qualification.FullResourceQualificationTests.test_default_validator_rejects_self_declared_acceptance_before_heavy_validators) ... ok
test_exact_shared_native_emitter_sources_are_not_false_aliases (test_full_resource_qualification.FullResourceQualificationTests.test_exact_shared_native_emitter_sources_are_not_false_aliases) ... ok
test_immutable_output_modes_accept_0555_only_without_mode_enforcement (test_full_resource_qualification.FullResourceQualificationTests.test_immutable_output_modes_accept_0555_only_without_mode_enforcement) ... ok
test_immutable_writer_accepts_only_completed_identical_concurrent_commit (test_full_resource_qualification.FullResourceQualificationTests.test_immutable_writer_accepts_only_completed_identical_concurrent_commit) ... ok
test_immutable_writer_refuses_no_overwrite_race (test_full_resource_qualification.FullResourceQualificationTests.test_immutable_writer_refuses_no_overwrite_race) ... ok
test_immutable_writer_waits_when_concurrent_leaf_is_already_visible (test_full_resource_qualification.FullResourceQualificationTests.test_immutable_writer_waits_when_concurrent_leaf_is_already_visible) ... ok
test_missing_cell_duplicate_sample_hash_drift_and_self_declaration_fail_closed (test_full_resource_qualification.FullResourceQualificationTests.test_missing_cell_duplicate_sample_hash_drift_and_self_declaration_fail_closed) ... ok
test_path_alias_hardlink_and_symlink_are_rejected (test_full_resource_qualification.FullResourceQualificationTests.test_path_alias_hardlink_and_symlink_are_rejected) ... ok
test_promotion_receipt_recovers_every_atomic_physical_window (test_full_resource_qualification.FullResourceQualificationTests.test_promotion_receipt_recovers_every_atomic_physical_window) ... ok
test_promotion_resumes_exact_prefix_after_pre_receipt_failure (test_full_resource_qualification.FullResourceQualificationTests.test_promotion_resumes_exact_prefix_after_pre_receipt_failure) ... ok
test_promotion_writes_receipt_last_is_idempotent_and_rejects_collisions (test_full_resource_qualification.FullResourceQualificationTests.test_promotion_writes_receipt_last_is_idempotent_and_rejects_collisions) ... ok
test_validator_contract_requires_policy_aware_hash_set_and_semantic_decisions (test_full_resource_qualification.FullResourceQualificationTests.test_validator_contract_requires_policy_aware_hash_set_and_semantic_decisions) ... ok
test_builds_exact_index_from_fragments_and_reuses_the_same_32_pilots (test_full_resource_qualification_index_v1.FullResourceQualificationIndexV1Tests.test_builds_exact_index_from_fragments_and_reuses_the_same_32_pilots) ... ok
test_commit_is_idempotent_and_rejects_conflict_dangling_and_hardlink (test_full_resource_qualification_index_v1.FullResourceQualificationIndexV1Tests.test_commit_is_idempotent_and_rejects_conflict_dangling_and_hardlink) ... ok
test_execution_closure_is_mandatory (test_full_resource_qualification_index_v1.FullResourceQualificationIndexV1Tests.test_execution_closure_is_mandatory) ... ok
test_index_modes_accept_0555_only_without_mode_enforcement (test_full_resource_qualification_index_v1.FullResourceQualificationIndexV1Tests.test_index_modes_accept_0555_only_without_mode_enforcement) ... ok
test_index_recovers_every_atomic_physical_window_same_path (test_full_resource_qualification_index_v1.FullResourceQualificationIndexV1Tests.test_index_recovers_every_atomic_physical_window_same_path) ... ok
test_missing_pilot_and_fragment_descriptor_drift_fail_before_commit (test_full_resource_qualification_index_v1.FullResourceQualificationIndexV1Tests.test_missing_pilot_and_fragment_descriptor_drift_fail_before_commit) ... ok
test_same_bytes_from_a_different_fragment_path_is_rejected (test_full_resource_qualification_index_v1.FullResourceQualificationIndexV1Tests.test_same_bytes_from_a_different_fragment_path_is_rejected) ... ok
test_codec_specific_hardware_decoder_allowlists_include_h265 (test_full_resource_runtime_v2.FullResourceRuntimeV2Tests.test_codec_specific_hardware_decoder_allowlists_include_h265) ... ok
test_cpp_emitter_writes_native_nvdec_and_fanout_rows (test_full_resource_runtime_v2.FullResourceRuntimeV2Tests.test_cpp_emitter_writes_native_nvdec_and_fanout_rows) ... ok
test_each_nvml_device_must_cover_the_measurement_window (test_full_resource_runtime_v2.FullResourceRuntimeV2Tests.test_each_nvml_device_must_cover_the_measurement_window) ... ok
test_full_gate_requires_positive_and_device_bound_nvdec_samples (test_full_resource_runtime_v2.FullResourceRuntimeV2Tests.test_full_gate_requires_positive_and_device_bound_nvdec_samples) ... ok
test_h265_worker_provenance_rejects_h264_factory_aliasing (test_full_resource_runtime_v2.FullResourceRuntimeV2Tests.test_h265_worker_provenance_rejects_h264_factory_aliasing) ... ok
test_native_binding_reads_the_loaded_decoder_device_instead_of_hardcoding_gpu_zero (test_full_resource_runtime_v2.FullResourceRuntimeV2Tests.test_native_binding_reads_the_loaded_decoder_device_instead_of_hardcoding_gpu_zero) ... ok
test_promotion_accepts_only_a_fully_valid_native_measurement_cohort (test_full_resource_runtime_v2.FullResourceRuntimeV2Tests.test_promotion_accepts_only_a_fully_valid_native_measurement_cohort) ... ok
test_promotion_is_fail_closed_and_never_promotes_warmup_rows (test_full_resource_runtime_v2.FullResourceRuntimeV2Tests.test_promotion_is_fail_closed_and_never_promotes_warmup_rows) ... ok
test_registry_refresh_probes_the_codec_specific_hardware_decoder (test_full_resource_runtime_v2.FullResourceRuntimeV2Tests.test_registry_refresh_probes_the_codec_specific_hardware_decoder) ... ok
test_runtime_merge_requires_exact_nvdec_and_shared_fanout_coverage (test_full_resource_runtime_v2.FullResourceRuntimeV2Tests.test_runtime_merge_requires_exact_nvdec_and_shared_fanout_coverage) ... ok
test_shared_promotion_filters_expected_fanout_to_accepted_cohort (test_full_resource_runtime_v2.FullResourceRuntimeV2Tests.test_shared_promotion_filters_expected_fanout_to_accepted_cohort) ... ok
test_candidate_schema_is_rejected_without_an_accepted_corpus (test_kpp_v2_model_corpus_canonical_rejection.CanonicalAssessorCandidateRejectionTests.test_candidate_schema_is_rejected_without_an_accepted_corpus) ... ok
test_authoritative_failure_marker_is_absent_or_exact_on_stage_faults (test_materialize_kpp_legacy_iss_v2_model_corpus.ModelCorpusMaterializerTests.test_authoritative_failure_marker_is_absent_or_exact_on_stage_faults) ... skipped 'Windows authoritative marker only'
test_authoritative_prepublish_failure_is_quarantined_with_marker (test_materialize_kpp_legacy_iss_v2_model_corpus.ModelCorpusMaterializerTests.test_authoritative_prepublish_failure_is_quarantined_with_marker) ... skipped 'Windows authoritative quarantine only'
test_authoritative_quarantine_collision_never_overwrites (test_materialize_kpp_legacy_iss_v2_model_corpus.ModelCorpusMaterializerTests.test_authoritative_quarantine_collision_never_overwrites) ... skipped 'Windows authoritative quarantine only'
test_authoritative_quarantine_failure_preserves_primary_and_diagnostic (test_materialize_kpp_legacy_iss_v2_model_corpus.ModelCorpusMaterializerTests.test_authoritative_quarantine_failure_preserves_primary_and_diagnostic) ... ok
test_authoritative_source_set_rejects_noncanonical_loaded_paths (test_materialize_kpp_legacy_iss_v2_model_corpus.ModelCorpusMaterializerTests.test_authoritative_source_set_rejects_noncanonical_loaded_paths) ... ok
test_caller_cannot_self_authorize_an_alternative_v2_receipt (test_materialize_kpp_legacy_iss_v2_model_corpus.ModelCorpusMaterializerTests.test_caller_cannot_self_authorize_an_alternative_v2_receipt) ... ok
test_codec_frame_count_drift_requires_scientific_decision (test_materialize_kpp_legacy_iss_v2_model_corpus.ModelCorpusMaterializerTests.test_codec_frame_count_drift_requires_scientific_decision) ... ok
test_commit_pending_removal_is_last_exact_handle_success_operation (test_materialize_kpp_legacy_iss_v2_model_corpus.ModelCorpusMaterializerTests.test_commit_pending_removal_is_last_exact_handle_success_operation) ... skipped 'Windows authoritative sentinel only'
test_committed_candidate_validator_rejects_record_drift_and_extra_leaf (test_materialize_kpp_legacy_iss_v2_model_corpus.ModelCorpusMaterializerTests.test_committed_candidate_validator_rejects_record_drift_and_extra_leaf) ... skipped 'Windows semantic commit only'
test_committed_resume_holds_every_validated_leaf_through_terminal_scan (test_materialize_kpp_legacy_iss_v2_model_corpus.ModelCorpusMaterializerTests.test_committed_resume_holds_every_validated_leaf_through_terminal_scan) ... skipped 'Windows committed resume only'
test_duplicate_guards_quarantine_same_file_id_after_originals_close (test_materialize_kpp_legacy_iss_v2_model_corpus.ModelCorpusMaterializerTests.test_duplicate_guards_quarantine_same_file_id_after_originals_close) ... skipped 'Windows authoritative guards only'
test_existing_candidate_size_caps_reject_before_oversized_leaf_read (test_materialize_kpp_legacy_iss_v2_model_corpus.ModelCorpusMaterializerTests.test_existing_candidate_size_caps_reject_before_oversized_leaf_read) ... skipped 'Windows committed resume only'
test_existing_output_drift_or_collision_fails_untouched (test_materialize_kpp_legacy_iss_v2_model_corpus.ModelCorpusMaterializerTests.test_existing_output_drift_or_collision_fails_untouched) ... skipped 'Windows authoritative resume only'
test_external_receipt_pin_mismatch_fails_before_decode_or_output (test_materialize_kpp_legacy_iss_v2_model_corpus.ModelCorpusMaterializerTests.test_external_receipt_pin_mismatch_fails_before_decode_or_output) ... ok
test_failed_quarantine_leaves_canonical_namespace_commit_pending (test_materialize_kpp_legacy_iss_v2_model_corpus.ModelCorpusMaterializerTests.test_failed_quarantine_leaves_canonical_namespace_commit_pending) ... skipped 'Windows authoritative sentinel only'
test_failure_immediately_after_canonical_rename_moves_exact_file_id_to_quarantine (test_materialize_kpp_legacy_iss_v2_model_corpus.ModelCorpusMaterializerTests.test_failure_immediately_after_canonical_rename_moves_exact_file_id_to_quarantine) ... skipped 'Windows authoritative quarantine only'
test_fault_immediately_after_native_true_is_postcommit_success (test_materialize_kpp_legacy_iss_v2_model_corpus.ModelCorpusMaterializerTests.test_fault_immediately_after_native_true_is_postcommit_success) ... skipped 'Windows semantic commit only'
test_frozen_dataset_config_validator_rejects_semantic_drift (test_materialize_kpp_legacy_iss_v2_model_corpus.ModelCorpusMaterializerTests.test_frozen_dataset_config_validator_rejects_semantic_drift) ... ok
test_full_v3_parity_contract_drift_fails_before_decode_or_output (test_materialize_kpp_legacy_iss_v2_model_corpus.ModelCorpusMaterializerTests.test_full_v3_parity_contract_drift_fails_before_decode_or_output) ... ok
test_hardlinked_installed_media_is_rejected (test_materialize_kpp_legacy_iss_v2_model_corpus.ModelCorpusMaterializerTests.test_hardlinked_installed_media_is_rejected) ... ok
test_identical_public_call_resumes_existing_committed_candidate_read_only (test_materialize_kpp_legacy_iss_v2_model_corpus.ModelCorpusMaterializerTests.test_identical_public_call_resumes_existing_committed_candidate_read_only) ... skipped 'Windows authoritative resume only'
test_linked_or_reparse_installed_media_is_rejected (test_materialize_kpp_legacy_iss_v2_model_corpus.ModelCorpusMaterializerTests.test_linked_or_reparse_installed_media_is_rejected) ... ok
test_local_source_set_external_pin_mismatch_fails_before_decode (test_materialize_kpp_legacy_iss_v2_model_corpus.ModelCorpusMaterializerTests.test_local_source_set_external_pin_mismatch_fails_before_decode) ... ok
test_materializer_source_swap_under_custody_cannot_publish (test_materialize_kpp_legacy_iss_v2_model_corpus.ModelCorpusMaterializerTests.test_materializer_source_swap_under_custody_cannot_publish) ... ok
test_materializes_protected_structurally_nonpromotable_candidate (test_materialize_kpp_legacy_iss_v2_model_corpus.ModelCorpusMaterializerTests.test_materializes_protected_structurally_nonpromotable_candidate) ... ok
test_native_commit_false_keeps_canonical_child_guard (test_materialize_kpp_legacy_iss_v2_model_corpus.ModelCorpusMaterializerTests.test_native_commit_false_keeps_canonical_child_guard) ... skipped 'Windows semantic commit only'
test_native_true_then_python_gap_is_resolved_by_permanent_record (test_materialize_kpp_legacy_iss_v2_model_corpus.ModelCorpusMaterializerTests.test_native_true_then_python_gap_is_resolved_by_permanent_record) ... skipped 'Windows semantic commit only'
test_parent_drained_capture_accepts_exact_stream_limits (test_materialize_kpp_legacy_iss_v2_model_corpus.ModelCorpusMaterializerTests.test_parent_drained_capture_accepts_exact_stream_limits) ... ok
test_parent_drained_capture_blocks_native_same_token_reopen_and_growth (test_materialize_kpp_legacy_iss_v2_model_corpus.ModelCorpusMaterializerTests.test_parent_drained_capture_blocks_native_same_token_reopen_and_growth) ... skipped 'Windows native capture reopen only'
test_parent_drained_capture_bounds_simultaneous_stdout_stderr_flood (test_materialize_kpp_legacy_iss_v2_model_corpus.ModelCorpusMaterializerTests.test_parent_drained_capture_bounds_simultaneous_stdout_stderr_flood) ... ok
test_parent_drained_capture_fails_on_inherited_descendant_pipe (test_materialize_kpp_legacy_iss_v2_model_corpus.ModelCorpusMaterializerTests.test_parent_drained_capture_fails_on_inherited_descendant_pipe) ... ok
test_parent_drained_capture_rejects_limit_plus_one_without_disk_overshoot (test_materialize_kpp_legacy_iss_v2_model_corpus.ModelCorpusMaterializerTests.test_parent_drained_capture_rejects_limit_plus_one_without_disk_overshoot) ... ok
test_parent_drained_capture_remains_bounded_on_timeout (test_materialize_kpp_legacy_iss_v2_model_corpus.ModelCorpusMaterializerTests.test_parent_drained_capture_remains_bounded_on_timeout) ... ok
test_persistent_postcommit_close_failure_releases_canonical_namespace (test_materialize_kpp_legacy_iss_v2_model_corpus.ModelCorpusMaterializerTests.test_persistent_postcommit_close_failure_releases_canonical_namespace) ... skipped 'Windows semantic commit only'
test_postcommit_close_and_observer_faults_cannot_become_failed_publication (test_materialize_kpp_legacy_iss_v2_model_corpus.ModelCorpusMaterializerTests.test_postcommit_close_and_observer_faults_cannot_become_failed_publication) ... skipped 'Windows semantic commit only'
test_postcommit_guard_close_failure_is_bounded_nonthrowing_warning (test_materialize_kpp_legacy_iss_v2_model_corpus.ModelCorpusMaterializerTests.test_postcommit_guard_close_failure_is_bounded_nonthrowing_warning) ... ok
test_postpublish_verification_failure_releases_leaf_then_quarantines (test_materialize_kpp_legacy_iss_v2_model_corpus.ModelCorpusMaterializerTests.test_postpublish_verification_failure_releases_leaf_then_quarantines) ... skipped 'Windows authoritative quarantine only'
test_pre_native_commit_failure_keeps_canonical_child_guard (test_materialize_kpp_legacy_iss_v2_model_corpus.ModelCorpusMaterializerTests.test_pre_native_commit_failure_keeps_canonical_child_guard) ... skipped 'Windows semantic commit only'
test_private_capture_storage_enforces_platform_contract (test_materialize_kpp_legacy_iss_v2_model_corpus.ModelCorpusMaterializerTests.test_private_capture_storage_enforces_platform_contract) ... ok
test_published_leaf_mutation_after_earlier_check_cannot_return_success (test_materialize_kpp_legacy_iss_v2_model_corpus.ModelCorpusMaterializerTests.test_published_leaf_mutation_after_earlier_check_cannot_return_success) ... ok
test_required_authoritative_close_phase_aggregates_every_resource_class (test_materialize_kpp_legacy_iss_v2_model_corpus.ModelCorpusMaterializerTests.test_required_authoritative_close_phase_aggregates_every_resource_class) ... ok
test_resealed_materializer_and_preprocessor_role_drift_is_rejected (test_materialize_kpp_legacy_iss_v2_model_corpus.ModelCorpusMaterializerTests.test_resealed_materializer_and_preprocessor_role_drift_is_rejected) ... skipped 'Windows committed resume only'
test_resealed_receipt_core_or_schema_drift_is_rejected (test_materialize_kpp_legacy_iss_v2_model_corpus.ModelCorpusMaterializerTests.test_resealed_receipt_core_or_schema_drift_is_rejected) ... skipped 'Windows committed resume only'
test_rogue_sibling_after_postpublish_scan_cannot_return_success (test_materialize_kpp_legacy_iss_v2_model_corpus.ModelCorpusMaterializerTests.test_rogue_sibling_after_postpublish_scan_cannot_return_success) ... ok
test_second_guard_duplicate_failure_leaves_original_custody_usable (test_materialize_kpp_legacy_iss_v2_model_corpus.ModelCorpusMaterializerTests.test_second_guard_duplicate_failure_leaves_original_custody_usable) ... skipped 'Windows authoritative guards only'
test_source_path_swap_during_decode_is_rejected_without_publication (test_materialize_kpp_legacy_iss_v2_model_corpus.ModelCorpusMaterializerTests.test_source_path_swap_during_decode_is_rejected_without_publication) ... ok
test_subprocess_cleanup_failure_is_visible_in_sanitized_cli_error (test_materialize_kpp_legacy_iss_v2_model_corpus.ModelCorpusMaterializerTests.test_subprocess_cleanup_failure_is_visible_in_sanitized_cli_error) ... ok
test_subprocess_context_does_not_attest_descendant_output_completion (test_materialize_kpp_legacy_iss_v2_model_corpus.ModelCorpusMaterializerTests.test_subprocess_context_does_not_attest_descendant_output_completion) ... ok
test_subprocess_gateway_dynamic_rgb_limit_is_exact_and_prevalidated (test_materialize_kpp_legacy_iss_v2_model_corpus.ModelCorpusMaterializerTests.test_subprocess_gateway_dynamic_rgb_limit_is_exact_and_prevalidated) ... ok
test_subprocess_gateway_reaps_direct_child_on_unexpected_base_exception (test_materialize_kpp_legacy_iss_v2_model_corpus.ModelCorpusMaterializerTests.test_subprocess_gateway_reaps_direct_child_on_unexpected_base_exception) ... ok
test_subprocess_gateway_rejects_completion_first_observed_after_deadline (test_materialize_kpp_legacy_iss_v2_model_corpus.ModelCorpusMaterializerTests.test_subprocess_gateway_rejects_completion_first_observed_after_deadline) ... ok
test_subprocess_gateway_strips_ffreport_and_inherited_loader_environment (test_materialize_kpp_legacy_iss_v2_model_corpus.ModelCorpusMaterializerTests.test_subprocess_gateway_strips_ffreport_and_inherited_loader_environment) ... ok
test_subprocess_gateway_times_out_and_caps_each_output_stream (test_materialize_kpp_legacy_iss_v2_model_corpus.ModelCorpusMaterializerTests.test_subprocess_gateway_times_out_and_caps_each_output_stream) ... ok
test_subprocess_projection_binds_parent_drained_hard_capture_v4 (test_materialize_kpp_legacy_iss_v2_model_corpus.ModelCorpusMaterializerTests.test_subprocess_projection_binds_parent_drained_hard_capture_v4) ... ok
test_windows_directory_identity_custody_requires_old_write_handle_close (test_materialize_kpp_legacy_iss_v2_model_corpus.ModelCorpusMaterializerTests.test_windows_directory_identity_custody_requires_old_write_handle_close) ... skipped 'Windows directory custody only'
test_midpoint_plan_is_balanced_disjoint_and_content_independent (test_materialize_kpp_legacy_iss_v2_model_corpus.NeutralSamplingPlanTests.test_midpoint_plan_is_balanced_disjoint_and_content_independent) ... ok
test_engine_bytes_or_socket_identity_drift_rejects (test_publication_gstreamer_component_inputs_v1.ComponentHeldSessionTests.test_engine_bytes_or_socket_identity_drift_rejects) ... ok
test_exception_closes_actual_input_fds_and_keeps_original_failure (test_publication_gstreamer_component_inputs_v1.ComponentHeldSessionTests.test_exception_closes_actual_input_fds_and_keeps_original_failure) ... ok
test_five_boundaries_share_one_full_assessment_but_observe_twenty_images (test_publication_gstreamer_component_inputs_v1.ComponentHeldSessionTests.test_five_boundaries_share_one_full_assessment_but_observe_twenty_images) ... ok
test_original_socket_replacement_and_ancestor_alias_reject_before_inspect (test_publication_gstreamer_component_inputs_v1.ComponentHeldSessionTests.test_original_socket_replacement_and_ancestor_alias_reject_before_inspect) ... ok
test_private_projection_collector_publishes_only_after_complete_assessment (test_publication_gstreamer_component_inputs_v1.ComponentHeldSessionTests.test_private_projection_collector_publishes_only_after_complete_assessment) ... ok
test_public_held_inputs_retains_independent_complete_validation (test_publication_gstreamer_component_inputs_v1.ComponentHeldSessionTests.test_public_held_inputs_retains_independent_complete_validation) ... ok
test_raw_dict_foreign_pid_root_authority_and_closed_session_fail (test_publication_gstreamer_component_inputs_v1.ComponentHeldSessionTests.test_raw_dict_foreign_pid_root_authority_and_closed_session_fail) ... ok
test_same_bytes_replacement_is_rejected_before_live_image_observation (test_publication_gstreamer_component_inputs_v1.ComponentHeldSessionTests.test_same_bytes_replacement_is_rejected_before_live_image_observation) ... ok
test_same_image_id_does_not_hide_projection_drift (test_publication_gstreamer_component_inputs_v1.ComponentHeldSessionTests.test_same_image_id_does_not_hide_projection_drift) ... ok
test_actual_materializer_commits_last_and_raw_refusal_leaves_only_owned_prefix (test_publication_gstreamer_component_inputs_v1.ComponentHostPredicatesTests.test_actual_materializer_commits_last_and_raw_refusal_leaves_only_owned_prefix)
Only expensive model/image/closure authorities are explicit fixtures. ... ok
test_materializer_refuses_bad_mode_or_occupied_output_before_any_preflight (test_publication_gstreamer_component_inputs_v1.ComponentHostPredicatesTests.test_materializer_refuses_bad_mode_or_occupied_output_before_any_preflight) ... ok
test_model_observer_accepts_actual_stock_formatted_inspect_contract (test_publication_gstreamer_component_inputs_v1.ComponentHostPredicatesTests.test_model_observer_accepts_actual_stock_formatted_inspect_contract) ... ok
test_model_observer_routes_only_inspect_to_original_pinned_engine_socket (test_publication_gstreamer_component_inputs_v1.ComponentHostPredicatesTests.test_model_observer_routes_only_inspect_to_original_pinned_engine_socket) ... ok
test_selected_costs_retain_actual_original_sample_ids_and_medians (test_publication_gstreamer_component_inputs_v1.ComponentHostPredicatesTests.test_selected_costs_retain_actual_original_sample_ids_and_medians) ... ok
test_expected_descriptor_semantic_seal_and_symlink_are_not_alias_authority (test_publication_gstreamer_component_inputs_v1.ComponentPhysicalAuthorityTests.test_expected_descriptor_semantic_seal_and_symlink_are_not_alias_authority) ... ok
test_held_leaf_replacement_and_legitimate_sibling_output (test_publication_gstreamer_component_inputs_v1.ComponentPhysicalAuthorityTests.test_held_leaf_replacement_and_legitimate_sibling_output) ... ok
test_original_seven_roles_and_front_workers_are_independently_bound (test_publication_gstreamer_component_inputs_v1.ComponentPhysicalAuthorityTests.test_original_seven_roles_and_front_workers_are_independently_bound) ... ok
test_original_stock_probe_authority_shape_and_implementation_are_bound (test_publication_gstreamer_component_inputs_v1.ComponentPhysicalAuthorityTests.test_original_stock_probe_authority_shape_and_implementation_are_bound) ... ok
test_real_physical_selected_eight_keep_complete_declaration_verbatim (test_publication_gstreamer_component_inputs_v1.ComponentPhysicalAuthorityTests.test_real_physical_selected_eight_keep_complete_declaration_verbatim) ... ok
test_resealed_sibling_policy_count_and_model_binding_fail (test_publication_gstreamer_component_inputs_v1.ComponentPhysicalAuthorityTests.test_resealed_sibling_policy_count_and_model_binding_fail) ... ok
test_stale_current_source_rejects_even_same_length (test_publication_gstreamer_component_inputs_v1.ComponentPhysicalAuthorityTests.test_stale_current_source_rejects_even_same_length) ... ok
test_native_factory_uses_explicit_current_material_without_qualification_inputs (test_publication_gstreamer_component_inputs_v1.ComponentPureFactoryTests.test_native_factory_uses_explicit_current_material_without_qualification_inputs) ... ok
test_selected_pin_factory_does_not_read_other_system_calibrations (test_publication_gstreamer_component_inputs_v1.ComponentPureFactoryTests.test_selected_pin_factory_does_not_read_other_system_calibrations) ... ok
test_actual_operational_header_reader_binds_physical_bytes (test_publication_gstreamer_component_runtime_v1.ColdProviderBoundaryTests.test_actual_operational_header_reader_binds_physical_bytes) ... ok
test_real_cold_provider_resolves_before_two_arm_cardinality_guard (test_publication_gstreamer_component_runtime_v1.ColdProviderBoundaryTests.test_real_cold_provider_resolves_before_two_arm_cardinality_guard) ... ok
test_all_acceptance_leaves_remain_held_after_validator_returns (test_publication_gstreamer_component_runtime_v1.ComponentCustodyTests.test_all_acceptance_leaves_remain_held_after_validator_returns) ... ok
test_descriptive_metrics_keep_absolute_misses_drops_and_zero_denominator_reason (test_publication_gstreamer_component_runtime_v1.ComponentCustodyTests.test_descriptive_metrics_keep_absolute_misses_drops_and_zero_denominator_reason) ... ok
test_generated_preprocessing_leaves_reject_late_same_byte_replacement (test_publication_gstreamer_component_runtime_v1.ComponentCustodyTests.test_generated_preprocessing_leaves_reject_late_same_byte_replacement) ... ok
test_guardian_journals_stay_held_after_the_surrounding_join_returns (test_publication_gstreamer_component_runtime_v1.ComponentCustodyTests.test_guardian_journals_stay_held_after_the_surrounding_join_returns) ... ok
test_original_arm_local_cohort_ids_do_not_break_stock_schedule_pair_gate (test_publication_gstreamer_component_runtime_v1.ComponentCustodyTests.test_original_arm_local_cohort_ids_do_not_break_stock_schedule_pair_gate) ... ok
test_original_hardware_transfer_is_exact_exclusive_and_owned (test_publication_gstreamer_component_runtime_v1.ComponentCustodyTests.test_original_hardware_transfer_is_exact_exclusive_and_owned) ... ok
test_oversized_sparse_hardware_is_refused_without_publication (test_publication_gstreamer_component_runtime_v1.ComponentCustodyTests.test_oversized_sparse_hardware_is_refused_without_publication) ... ok
test_same_byte_source_substitution_refuses_transfer_and_retains_both_originals (test_publication_gstreamer_component_runtime_v1.ComponentCustodyTests.test_same_byte_source_substitution_refuses_transfer_and_retains_both_originals) ... ok
test_execution_cannot_opt_out_of_live_guardian (test_publication_gstreamer_component_runtime_v1.ComponentRuntimeFixtureTests.test_execution_cannot_opt_out_of_live_guardian) ... ok
test_original_pair_is_physically_planned_and_factory_reconstructed (test_publication_gstreamer_component_runtime_v1.ComponentRuntimeFixtureTests.test_original_pair_is_physically_planned_and_factory_reconstructed) ... ok
test_private_session_keeps_real_factory_and_custody_at_all_five_boundaries (test_publication_gstreamer_component_runtime_v1.ComponentRuntimeFixtureTests.test_private_session_keeps_real_factory_and_custody_at_all_five_boundaries) ... ok
test_resealed_foreign_factory_fields_fail_before_native_execution (test_publication_gstreamer_component_runtime_v1.ComponentRuntimeFixtureTests.test_resealed_foreign_factory_fields_fail_before_native_execution) ... ok
test_same_shaped_foreign_copied_engine_fails_before_executor (test_publication_gstreamer_component_runtime_v1.ComponentRuntimeFixtureTests.test_same_shaped_foreign_copied_engine_fails_before_executor) ... ok
test_complete_cold_workload_includes_warmup_measurement_and_drain (test_publication_operational_boundary_v1.PublicationOperationalBoundaryTests.test_complete_cold_workload_includes_warmup_measurement_and_drain) ... ok
test_default_guardian_clock_keeps_terminal_after_begin_across_host_clock_step_back (test_publication_operational_boundary_v1.PublicationOperationalBoundaryTests.test_default_guardian_clock_keeps_terminal_after_begin_across_host_clock_step_back) ... ok
test_default_scratch_file_exhaustion_is_bounded_and_cleans_only_private_files (test_publication_operational_boundary_v1.PublicationOperationalBoundaryTests.test_default_scratch_file_exhaustion_is_bounded_and_cleans_only_private_files) ... ok
test_duplicate_actual_terminal_is_rejected_without_an_extra_front_call (test_publication_operational_boundary_v1.PublicationOperationalBoundaryTests.test_duplicate_actual_terminal_is_rejected_without_an_extra_front_call) ... ok
test_guardian_group_retains_process_max_clamp_and_cold_closure_bounds_it (test_publication_operational_boundary_v1.PublicationOperationalBoundaryTests.test_guardian_group_retains_process_max_clamp_and_cold_closure_bounds_it) ... ok
test_lazy_canonical_ingress_provider_cannot_substitute_same_count_stream_mapping (test_publication_operational_boundary_v1.PublicationOperationalBoundaryTests.test_lazy_canonical_ingress_provider_cannot_substitute_same_count_stream_mapping) ... ok
test_lazy_canonical_ingress_provider_is_called_once_for_each_original_operation (test_publication_operational_boundary_v1.PublicationOperationalBoundaryTests.test_lazy_canonical_ingress_provider_is_called_once_for_each_original_operation) ... ok
test_legitimate_repeated_wire_identity_keeps_both_original_operations (test_publication_operational_boundary_v1.PublicationOperationalBoundaryTests.test_legitimate_repeated_wire_identity_keeps_both_original_operations) ... ok
test_observed_stream_substitution_is_rejected_before_inference (test_publication_operational_boundary_v1.PublicationOperationalBoundaryTests.test_observed_stream_substitution_is_rejected_before_inference) ... ok
test_resealed_guardian_identity_and_terminal_mutations_fail_cold_validation (test_publication_operational_boundary_v1.PublicationOperationalBoundaryTests.test_resealed_guardian_identity_and_terminal_mutations_fail_cold_validation) ... ok
test_same_count_foreign_front_frame_cannot_pass_complete_cold_join (test_publication_operational_boundary_v1.PublicationOperationalBoundaryTests.test_same_count_foreign_front_frame_cannot_pass_complete_cold_join) ... ok
test_stock_canonical_frame_mapping_can_differ_from_original_worker_frame (test_publication_operational_boundary_v1.PublicationOperationalBoundaryTests.test_stock_canonical_frame_mapping_can_differ_from_original_worker_frame) ... ok
test_alias_same_bytes_and_hardlink_are_not_original_custody (test_publication_operational_capture_plan_v1.CapturePlanTests.test_alias_same_bytes_and_hardlink_are_not_original_custody) ... ok
test_changed_source_and_alias_are_rejected_before_build (test_publication_operational_capture_plan_v1.CapturePlanTests.test_changed_source_and_alias_are_rejected_before_build) ... ok
test_cold_loader_streams_large_metadata_without_retaining_source_payload_cache (test_publication_operational_capture_plan_v1.CapturePlanTests.test_cold_loader_streams_large_metadata_without_retaining_source_payload_cache) ... ok
test_context_templates_match_existing_native_loader_and_guardian_header_validator (test_publication_operational_capture_plan_v1.CapturePlanTests.test_context_templates_match_existing_native_loader_and_guardian_header_validator) ... ok
test_declared_inputs_remain_held_while_unrelated_output_siblings_are_created (test_publication_operational_capture_plan_v1.CapturePlanTests.test_declared_inputs_remain_held_while_unrelated_output_siblings_are_created) ... ok
test_exact_37_originals_preserve_reused_arms_and_deduplicate_only_wire_constants (test_publication_operational_capture_plan_v1.CapturePlanTests.test_exact_37_originals_preserve_reused_arms_and_deduplicate_only_wire_constants) ... ok
test_full_qualification_refuses_wrong_phase_or_stock_id (test_publication_operational_capture_plan_v1.CapturePlanTests.test_full_qualification_refuses_wrong_phase_or_stock_id) ... ok
test_index_descriptor_cannot_name_another_same_bytes_file (test_publication_operational_capture_plan_v1.CapturePlanTests.test_index_descriptor_cannot_name_another_same_bytes_file) ... ok
test_loader_rechecks_original_asset_mutation_during_hold (test_publication_operational_capture_plan_v1.CapturePlanTests.test_loader_rechecks_original_asset_mutation_during_hold) ... ok
test_loader_rejects_semantic_reseal_with_foreign_native_context (test_publication_operational_capture_plan_v1.CapturePlanTests.test_loader_rejects_semantic_reseal_with_foreign_native_context) ... ok
test_modes_cardinality_and_window_are_explicit (test_publication_operational_capture_plan_v1.CapturePlanTests.test_modes_cardinality_and_window_are_explicit) ... ok
test_original_validator_refusal_never_writes_authority (test_publication_operational_capture_plan_v1.CapturePlanTests.test_original_validator_refusal_never_writes_authority) ... ok
test_real_source_pair_builds_separately_pinned_contexts_without_cycle (test_publication_operational_capture_plan_v1.CapturePlanTests.test_real_source_pair_builds_separately_pinned_contexts_without_cycle) ... ok
test_refusal_return_value_and_callback_mutation_are_not_authority (test_publication_operational_capture_plan_v1.CapturePlanTests.test_refusal_return_value_and_callback_mutation_are_not_authority) ... ok
test_repeated_build_cannot_overwrite_immutable_plan (test_publication_operational_capture_plan_v1.CapturePlanTests.test_repeated_build_cannot_overwrite_immutable_plan) ... ok
test_source_ancestor_symlink_substitution_is_detected (test_publication_operational_capture_plan_v1.CapturePlanTests.test_source_ancestor_symlink_substitution_is_detected) ... ok
test_source_same_bytes_replacement_and_source_leaf_ABA_are_detected (test_publication_operational_capture_plan_v1.CapturePlanTests.test_source_same_bytes_replacement_and_source_leaf_ABA_are_detected) ... ok
test_unknown_dynamic_wire_fields_and_worker_reference_are_rejected (test_publication_operational_capture_plan_v1.CapturePlanTests.test_unknown_dynamic_wire_fields_and_worker_reference_are_rejected) ... ok
test_unsealed_native_context_is_rejected_after_outer_index_repin (test_publication_operational_capture_plan_v1.CapturePlanTests.test_unsealed_native_context_is_rejected_after_outer_index_repin) ... ok
test_cid_is_exact_original_regular_single_link_bytes (test_publication_operational_container_custody_v1.ContainerCustodyContractTests.test_cid_is_exact_original_regular_single_link_bytes) ... ok
test_inactive_measurement_does_not_change_original_arguments (test_publication_operational_container_custody_v1.ContainerCustodyContractTests.test_inactive_measurement_does_not_change_original_arguments) ... ok
test_noncanonical_or_foreign_not_found_is_not_positive_absence (test_publication_operational_container_custody_v1.ContainerCustodyContractTests.test_noncanonical_or_foreign_not_found_is_not_positive_absence) ... ok
test_actual_gva_three_field_image_is_preserved_without_fabricated_base (test_publication_operational_container_custody_v1.OriginalContainerCompositionTests.test_actual_gva_three_field_image_is_preserved_without_fabricated_base) ... ok
test_actual_process_and_original_cid_receipts_compose_through_cold_readers (test_publication_operational_container_custody_v1.OriginalContainerCompositionTests.test_actual_process_and_original_cid_receipts_compose_through_cold_readers) ... ok
test_actual_retained_terminal_and_resealed_invalid_times_are_checked (test_publication_operational_container_custody_v1.OriginalContainerCompositionTests.test_actual_retained_terminal_and_resealed_invalid_times_are_checked) ... ok
test_malformed_original_cid_remains_failure_and_cleans_only_validated_owned_name (test_publication_operational_container_custody_v1.OriginalContainerCompositionTests.test_malformed_original_cid_remains_failure_and_cleans_only_validated_owned_name) ... ok
test_nonzero_and_timeout_stop_only_original_surviving_cid_and_never_accept (test_publication_operational_container_custody_v1.OriginalContainerCompositionTests.test_nonzero_and_timeout_stop_only_original_surviving_cid_and_never_accept) ... ok
test_resealed_foreign_absence_cannot_grant_quiescence (test_publication_operational_container_custody_v1.OriginalContainerCompositionTests.test_resealed_foreign_absence_cannot_grant_quiescence) ... ok
test_resealed_foreign_daemon_identity_cannot_grant_quiescence (test_publication_operational_container_custody_v1.OriginalContainerCompositionTests.test_resealed_foreign_daemon_identity_cannot_grant_quiescence) ... ok
test_resealed_foreign_reserved_label_is_rejected_against_original_launch (test_publication_operational_container_custody_v1.OriginalContainerCompositionTests.test_resealed_foreign_reserved_label_is_rejected_against_original_launch) ... ok
test_start_persistence_failure_recovers_owned_name_and_cleans_original_cid (test_publication_operational_container_custody_v1.OriginalContainerCompositionTests.test_start_persistence_failure_recovers_owned_name_and_cleans_original_cid) ... ok
test_uncounted_container_fact_is_rejected (test_publication_operational_container_custody_v1.OriginalContainerCompositionTests.test_uncounted_container_fact_is_rejected) ... ok
test_actual_37_originals_join_32_selected_cells_and_all_three_phases (test_publication_operational_execution_binding_v1.OperationalExecutionBindingTests.test_actual_37_originals_join_32_selected_cells_and_all_three_phases) ... ok
test_foreign_external_engine_cannot_replace_original_runtime_bundle_authority (test_publication_operational_execution_binding_v1.OperationalExecutionBindingTests.test_foreign_external_engine_cannot_replace_original_runtime_bundle_authority) ... ok
test_original_binding_drift_during_full_cold_validation_is_rejected (test_publication_operational_execution_binding_v1.OperationalExecutionBindingTests.test_original_binding_drift_during_full_cold_validation_is_rejected) ... ok
test_original_validator_ancestor_alias_after_return_is_rejected (test_publication_operational_execution_binding_v1.OperationalExecutionBindingTests.test_original_validator_ancestor_alias_after_return_is_rejected) ... ok
test_original_validator_empty_output_witness_is_held (test_publication_operational_execution_binding_v1.OperationalExecutionBindingTests.test_original_validator_empty_output_witness_is_held) ... ok
test_original_validator_external_engine_witness_is_held (test_publication_operational_execution_binding_v1.OperationalExecutionBindingTests.test_original_validator_external_engine_witness_is_held) ... ok
test_original_validator_leaf_drift_after_validator_return_is_rejected (test_publication_operational_execution_binding_v1.OperationalExecutionBindingTests.test_original_validator_leaf_drift_after_validator_return_is_rejected) ... ok
test_original_validator_malformed_epoch_is_rejected (test_publication_operational_execution_binding_v1.OperationalExecutionBindingTests.test_original_validator_malformed_epoch_is_rejected) ... ok
test_physically_resealed_runtime_bundle_cannot_detach_original_capture_or_authority (test_publication_operational_execution_binding_v1.OperationalExecutionBindingTests.test_physically_resealed_runtime_bundle_cannot_detach_original_capture_or_authority) ... ok
test_resealed_equal_count_original_operation_substitution_is_rejected (test_publication_operational_execution_binding_v1.OperationalExecutionBindingTests.test_resealed_equal_count_original_operation_substitution_is_rejected) ... ok
test_same_bytes_original_binding_replacement_is_not_held_custody (test_publication_operational_execution_binding_v1.OperationalExecutionBindingTests.test_same_bytes_original_binding_replacement_is_not_held_custody) ... ok
test_same_bytes_original_validator_leaf_replacement_is_rejected (test_publication_operational_execution_binding_v1.OperationalExecutionBindingTests.test_same_bytes_original_validator_leaf_replacement_is_rejected) ... ok
test_same_count_32_cell_workload_substitution_is_rejected (test_publication_operational_execution_binding_v1.OperationalExecutionBindingTests.test_same_count_32_cell_workload_substitution_is_rejected) ... ok
test_same_count_foreign_preprocessing_candidate_cannot_supply_original_authority (test_publication_operational_execution_binding_v1.OperationalExecutionBindingTests.test_same_count_foreign_preprocessing_candidate_cannot_supply_original_authority) ... ok
test_actual_measurement_rejects_detached_context_bytes_before_launch_record (test_publication_operational_process_custody_v1.ProcessCustodyTests.test_actual_measurement_rejects_detached_context_bytes_before_launch_record) ... ok
test_actual_stock_inspector_image_contracts_survive_original_capture (test_publication_operational_process_custody_v1.ProcessCustodyTests.test_actual_stock_inspector_image_contracts_survive_original_capture) ... ok
test_capacity_fixture_failed_ready_child_never_registers (test_publication_operational_process_custody_v1.ProcessCustodyTests.test_capacity_fixture_failed_ready_child_never_registers) ... ok
test_capture_bound_and_foreign_receipt_descriptor_are_rejected (test_publication_operational_process_custody_v1.ProcessCustodyTests.test_capture_bound_and_foreign_receipt_descriptor_are_rejected) ... ok
test_caught_invalid_phase_remains_sticky_and_call_capacity_is_bounded (test_publication_operational_process_custody_v1.ProcessCustodyTests.test_caught_invalid_phase_remains_sticky_and_call_capacity_is_bounded) ... ok
test_cold_native_transfer_hash_is_streamed_above_supplemental_memory_budget (test_publication_operational_process_custody_v1.ProcessCustodyTests.test_cold_native_transfer_hash_is_streamed_above_supplemental_memory_budget) ... ok
test_cold_rejects_resealed_detached_context_mount_and_executable_enum (test_publication_operational_process_custody_v1.ProcessCustodyTests.test_cold_rejects_resealed_detached_context_mount_and_executable_enum) ... ok
test_cold_validator_rejects_resealed_timeout_and_owner_substitution (test_publication_operational_process_custody_v1.ProcessCustodyTests.test_cold_validator_rejects_resealed_timeout_and_owner_substitution) ... ok
test_empty_failure_channel_mode_follows_custody_posix_mode_enforcement (test_publication_operational_process_custody_v1.ProcessCustodyTests.test_empty_failure_channel_mode_follows_custody_posix_mode_enforcement) ... ok
test_failed_measurement_adjunct_persistence_error_keeps_original_wrapper_error (test_publication_operational_process_custody_v1.ProcessCustodyTests.test_failed_measurement_adjunct_persistence_error_keeps_original_wrapper_error) ... ok
test_failed_measurement_capture_flags_keep_original_prefix_and_bounds (test_publication_operational_process_custody_v1.ProcessCustodyTests.test_failed_measurement_capture_flags_keep_original_prefix_and_bounds) ... ok
test_failed_measurement_empty_channels_and_actual_timeout_are_retained (test_publication_operational_process_custody_v1.ProcessCustodyTests.test_failed_measurement_empty_channels_and_actual_timeout_are_retained) ... ok
test_failed_measurement_exclusive_collision_preserves_primary_and_written_channel (test_publication_operational_process_custody_v1.ProcessCustodyTests.test_failed_measurement_exclusive_collision_preserves_primary_and_written_channel) ... ok
test_failed_measurement_retains_actual_binary_channels_and_unchanged_terminal (test_publication_operational_process_custody_v1.ProcessCustodyTests.test_failed_measurement_retains_actual_binary_channels_and_unchanged_terminal) ... ok
test_genuine_original_process_launch_and_terminal_are_physically_bound (test_publication_operational_process_custody_v1.ProcessCustodyTests.test_genuine_original_process_launch_and_terminal_are_physically_bound) ... ok
test_gva_three_field_contract_rejects_missing_extra_and_invalid_projection (test_publication_operational_process_custody_v1.ProcessCustodyTests.test_gva_three_field_contract_rejects_missing_extra_and_invalid_projection) ... ok
test_inactive_observer_changes_nothing_and_does_not_require_mock_identity (test_publication_operational_process_custody_v1.ProcessCustodyTests.test_inactive_observer_changes_nothing_and_does_not_require_mock_identity) ... ok
test_legitimate_output_sibling_does_not_change_declared_original_custody (test_publication_operational_process_custody_v1.ProcessCustodyTests.test_legitimate_output_sibling_does_not_change_declared_original_custody) ... ok
test_missing_native_transfer_cannot_emit_success (test_publication_operational_process_custody_v1.ProcessCustodyTests.test_missing_native_transfer_cannot_emit_success) ... ok
test_missing_phase_and_mock_pid_are_failures (test_publication_operational_process_custody_v1.ProcessCustodyTests.test_missing_phase_and_mock_pid_are_failures) ... ok
test_missing_terminal_duplicate_measurement_and_source_drift_are_rejected (test_publication_operational_process_custody_v1.ProcessCustodyTests.test_missing_terminal_duplicate_measurement_and_source_drift_are_rejected) ... ok
test_nonzero_and_timeout_cannot_emit_success (test_publication_operational_process_custody_v1.ProcessCustodyTests.test_nonzero_and_timeout_cannot_emit_success) ... ok
test_phase_probe_then_exactly_one_measurement_and_duplicate_terminal (test_publication_operational_process_custody_v1.ProcessCustodyTests.test_phase_probe_then_exactly_one_measurement_and_duplicate_terminal) ... ok
test_real_fast_zombie_preserves_actual_owner_without_inventing_executable_match (test_publication_operational_process_custody_v1.ProcessCustodyTests.test_real_fast_zombie_preserves_actual_owner_without_inventing_executable_match) ... ok
test_sdk_image_contract_survives_original_capture_and_cold_validation (test_publication_operational_process_custody_v1.ProcessCustodyTests.test_sdk_image_contract_survives_original_capture_and_cold_validation) ... ok
test_sticky_launch_persistence_failure_preserves_original_body_error (test_publication_operational_process_custody_v1.ProcessCustodyTests.test_sticky_launch_persistence_failure_preserves_original_body_error) ... ok
test_stock_two_transfer_chain_accepts_retired_first_output_and_rejects_foreign_source (test_publication_operational_process_custody_v1.ProcessCustodyTests.test_stock_two_transfer_chain_accepts_retired_first_output_and_rejects_foreign_source) ... ok
test_success_and_nonmeasurement_failure_write_no_measurement_adjunct (test_publication_operational_process_custody_v1.ProcessCustodyTests.test_success_and_nonmeasurement_failure_write_no_measurement_adjunct) ... ok
test_context_drift_or_longer_deadline_is_rejected (test_publication_operational_runtime_context_v1.OperationalRuntimeContextTests.test_context_drift_or_longer_deadline_is_rejected) ... ok
test_context_preserves_original_header_and_checks_frozen_window (test_publication_operational_runtime_context_v1.OperationalRuntimeContextTests.test_context_preserves_original_header_and_checks_frozen_window) ... ok
test_failed_partial_capture_is_preserved_and_original_failure_is_propagated (test_publication_operational_runtime_context_v1.OperationalRuntimeContextTests.test_failed_partial_capture_is_preserved_and_original_failure_is_propagated) ... ok
test_frozen_output_rule_is_resolved_from_original_request_without_mutating_inputs (test_publication_operational_runtime_context_v1.OperationalRuntimeContextTests.test_frozen_output_rule_is_resolved_from_original_request_without_mutating_inputs) ... ok
test_operational_copy_preserves_bytes_outside_legacy_exact_namespace (test_publication_operational_runtime_context_v1.OperationalRuntimeContextTests.test_operational_copy_preserves_bytes_outside_legacy_exact_namespace) ... ok
test_relaxed_admission_limits_and_implicit_activation_fail (test_publication_operational_runtime_context_v1.OperationalRuntimeContextTests.test_relaxed_admission_limits_and_implicit_activation_fail) ... ok
test_runtime_reserves_exact_separate_output_and_explicit_file_role (test_publication_operational_runtime_context_v1.OperationalRuntimeContextTests.test_runtime_reserves_exact_separate_output_and_explicit_file_role) ... ok
test_source_mutation_after_stock_observation_prevents_any_capture_index (test_publication_operational_stock_operations_v1.PhysicalStockOperationPlanningSeamTests.test_source_mutation_after_stock_observation_prevents_any_capture_index) ... ok
test_stock_37_source_equations_are_physically_pinned_with_exact_final_reservations (test_publication_operational_stock_operations_v1.PhysicalStockOperationPlanningSeamTests.test_stock_37_source_equations_are_physically_pinned_with_exact_final_reservations) ... ok
test_stock_native_pair_selection_preserves_two_distinct_contexts_and_mode (test_publication_operational_stock_operations_v1.PhysicalStockOperationPlanningSeamTests.test_stock_native_pair_selection_preserves_two_distinct_contexts_and_mode) ... ok
test_default_engine_socket_is_unchanged (test_publication_operational_stock_operations_v1.StockOperationPlanningCliTests.test_default_engine_socket_is_unchanged) ... ok
test_explicit_engine_socket_reaches_planning (test_publication_operational_stock_operations_v1.StockOperationPlanningCliTests.test_explicit_engine_socket_reaches_planning) ... ok
test_incomplete_or_substituted_stock_source_never_generates_a_context (test_publication_operational_stock_operations_v1.StockOperationPlanningTests.test_incomplete_or_substituted_stock_source_never_generates_a_context) ... ok
test_native_ids_follow_actual_branch_and_graph_processes_for_both_codecs (test_publication_operational_stock_operations_v1.StockOperationPlanningTests.test_native_ids_follow_actual_branch_and_graph_processes_for_both_codecs) ... ok
test_sdk_front_worker_uses_actual_binding_capability_for_each_route (test_publication_operational_stock_operations_v1.StockOperationPlanningTests.test_sdk_front_worker_uses_actual_binding_capability_for_each_route) ... ok
test_bundle_with_foreign_cell_own_or_diagnostic_context_is_refused (test_publication_operational_stock_request_v1.HeldGstreamerCustomPrecheckRequestTests.test_bundle_with_foreign_cell_own_or_diagnostic_context_is_refused) ... ok
test_cell_phase_and_unheld_system_are_refused (test_publication_operational_stock_request_v1.HeldGstreamerCustomPrecheckRequestTests.test_cell_phase_and_unheld_system_are_refused) ... ok
test_held_original_reuses_stock_cell_bundle_with_only_its_own_context (test_publication_operational_stock_request_v1.HeldGstreamerCustomPrecheckRequestTests.test_held_original_reuses_stock_cell_bundle_with_only_its_own_context) ... ok
test_bundle_with_foreign_cell_own_or_diagnostic_context_is_refused (test_publication_operational_stock_request_v1.HeldOpenvinoGvaPrecheckRequestTests.test_bundle_with_foreign_cell_own_or_diagnostic_context_is_refused) ... ok
test_cell_phase_and_unheld_system_are_refused (test_publication_operational_stock_request_v1.HeldOpenvinoGvaPrecheckRequestTests.test_cell_phase_and_unheld_system_are_refused) ... ok
test_held_original_reuses_stock_cell_bundle_with_only_its_own_context (test_publication_operational_stock_request_v1.HeldOpenvinoGvaPrecheckRequestTests.test_held_original_reuses_stock_cell_bundle_with_only_its_own_context) ... ok
test_bundle_with_foreign_cell_own_or_diagnostic_context_is_refused (test_publication_operational_stock_request_v1.HeldSavantOriginalRequestTests.test_bundle_with_foreign_cell_own_or_diagnostic_context_is_refused) ... ok
test_cell_phase_and_unheld_system_are_refused (test_publication_operational_stock_request_v1.HeldSavantOriginalRequestTests.test_cell_phase_and_unheld_system_are_refused) ... ok
test_held_original_reuses_stock_cell_bundle_with_only_its_own_context (test_publication_operational_stock_request_v1.HeldSavantOriginalRequestTests.test_held_original_reuses_stock_cell_bundle_with_only_its_own_context) ... ok
test_actual_declared_context_drift_is_rejected_by_held_exit_barrier (test_publication_operational_stock_request_v1.HeldStockRequestTests.test_actual_declared_context_drift_is_rejected_by_held_exit_barrier) ... ok
test_missing_or_alias_engine_is_rejected_without_launch (test_publication_operational_stock_request_v1.HeldStockRequestTests.test_missing_or_alias_engine_is_rejected_without_launch) ... ok
test_missing_or_foreign_context_is_rejected_before_request_yield (test_publication_operational_stock_request_v1.HeldStockRequestTests.test_missing_or_foreign_context_is_rejected_before_request_yield) ... ok
test_orphan_bundle_and_occupied_original_output_are_rejected (test_publication_operational_stock_request_v1.HeldStockRequestTests.test_orphan_bundle_and_occupied_original_output_are_rejected) ... ok
test_physical_stock_request_constructor_validator_finalizer_and_barriers (test_publication_operational_stock_request_v1.HeldStockRequestTests.test_physical_stock_request_constructor_validator_finalizer_and_barriers) ... ok
test_qualification_activation_in_diagnostic_plan_is_rejected (test_publication_operational_stock_request_v1.HeldStockRequestTests.test_qualification_activation_in_diagnostic_plan_is_rejected) ... ok
test_actual_precommit_failure_preserves_cause_and_orphan_blocks_before_reinvocation (test_publication_operational_wrapper_composition_v1.OperationalPilotCompositionTests.test_actual_precommit_failure_preserves_cause_and_orphan_blocks_before_reinvocation) ... ok
test_actual_run_one_cell_commits_separate_capture_after_stock_finalization (test_publication_operational_wrapper_composition_v1.OperationalPilotCompositionTests.test_actual_run_one_cell_commits_separate_capture_after_stock_finalization) ... ok
test_actual_run_one_cell_preserves_original_failure_and_captured_attempt (test_publication_operational_wrapper_composition_v1.OperationalPilotCompositionTests.test_actual_run_one_cell_preserves_original_failure_and_captured_attempt) ... ok
test_all_four_active_wrappers_copy_separately_and_leave_original_inputs_unchanged (test_publication_operational_wrapper_composition_v1.OperationalWrapperCompositionTests.test_all_four_active_wrappers_copy_separately_and_leave_original_inputs_unchanged) ... ok
test_all_four_context_file_tampering_is_rejected_before_the_mocked_arm (test_publication_operational_wrapper_composition_v1.OperationalWrapperCompositionTests.test_all_four_context_file_tampering_is_rejected_before_the_mocked_arm) ... ok
test_all_four_declared_alias_or_existing_symlink_outputs_fail_before_engine (test_publication_operational_wrapper_composition_v1.OperationalWrapperCompositionTests.test_all_four_declared_alias_or_existing_symlink_outputs_fail_before_engine) ... ok
test_all_four_original_child_failures_keep_literal_capture_and_original_cause (test_publication_operational_wrapper_composition_v1.OperationalWrapperCompositionTests.test_all_four_original_child_failures_keep_literal_capture_and_original_cause) ... ok
test_all_four_stock_legacy_namespace_checks_precede_operational_copy (test_publication_operational_wrapper_composition_v1.OperationalWrapperCompositionTests.test_all_four_stock_legacy_namespace_checks_precede_operational_copy) ... ok
test_failed_retention_rejects_ancestor_alias_and_preserves_owned_private_stage (test_publication_operational_wrapper_composition_v1.OperationalWrapperCompositionTests.test_failed_retention_rejects_ancestor_alias_and_preserves_owned_private_stage) ... ok
test_materializer_bound_primary_context_composes_with_all_four_actual_wrappers (test_publication_operational_wrapper_composition_v1.OperationalWrapperCompositionTests.test_materializer_bound_primary_context_composes_with_all_four_actual_wrappers) ... ok
test_physical_37_operation_builder_absolute_context_binds_all_four_wrappers (test_publication_operational_wrapper_composition_v1.OperationalWrapperCompositionTests.test_physical_37_operation_builder_absolute_context_binds_all_four_wrappers) ... ok
test_active_publication_dataset_ids_are_kpp_iss_v3 (test_publication_policy_qualification.PublicationPolicyQualificationTests.test_active_publication_dataset_ids_are_kpp_iss_v3) ... ok
test_complete_matrix_is_pure_and_derives_manifest_and_balanced_calibration (test_publication_policy_qualification.PublicationPolicyQualificationTests.test_complete_matrix_is_pure_and_derives_manifest_and_balanced_calibration) ... ok
test_completed_legacy_schema_or_missing_closure_cannot_be_assessed (test_publication_policy_qualification.PublicationPolicyQualificationTests.test_completed_legacy_schema_or_missing_closure_cannot_be_assessed) ... ok
test_default_validator_rejects_self_declared_fake_acceptance_before_dependencies (test_publication_policy_qualification.PublicationPolicyQualificationTests.test_default_validator_rejects_self_declared_fake_acceptance_before_dependencies) ... ok
test_default_validator_uses_exact_policy_aware_acceptance_set (test_publication_policy_qualification.PublicationPolicyQualificationTests.test_default_validator_uses_exact_policy_aware_acceptance_set) ... ok
test_duplicate_and_hardlink_artifact_aliases_are_rejected (test_publication_policy_qualification.PublicationPolicyQualificationTests.test_duplicate_and_hardlink_artifact_aliases_are_rejected) ... ok
test_immutable_output_modes_accept_0555_only_without_mode_enforcement (test_publication_policy_qualification.PublicationPolicyQualificationTests.test_immutable_output_modes_accept_0555_only_without_mode_enforcement) ... ok
test_immutable_writer_accepts_only_completed_identical_concurrent_commit (test_publication_policy_qualification.PublicationPolicyQualificationTests.test_immutable_writer_accepts_only_completed_identical_concurrent_commit) ... ok
test_immutable_writer_waits_when_concurrent_leaf_is_already_visible (test_publication_policy_qualification.PublicationPolicyQualificationTests.test_immutable_writer_waits_when_concurrent_leaf_is_already_visible) ... ok
test_missing_cell_duplicate_sample_and_hash_drift_fail_closed (test_publication_policy_qualification.PublicationPolicyQualificationTests.test_missing_cell_duplicate_sample_and_hash_drift_fail_closed) ... ok
test_promotion_receipt_recovers_every_atomic_physical_window (test_publication_policy_qualification.PublicationPolicyQualificationTests.test_promotion_receipt_recovers_every_atomic_physical_window) ... ok
test_promotion_rejects_same_bytes_hardlink_no_overwrite_race_and_parent_symlink (test_publication_policy_qualification.PublicationPolicyQualificationTests.test_promotion_rejects_same_bytes_hardlink_no_overwrite_race_and_parent_symlink) ... ok
test_promotion_resumes_exact_prefix_after_pre_receipt_failure (test_publication_policy_qualification.PublicationPolicyQualificationTests.test_promotion_resumes_exact_prefix_after_pre_receipt_failure) ... ok
test_promotion_writes_receipt_last_and_is_immutable (test_publication_policy_qualification.PublicationPolicyQualificationTests.test_promotion_writes_receipt_last_and_is_immutable) ... ok
test_runtime_identity_requires_terminal_and_exact_cpu_gpu_coordinates (test_publication_policy_qualification.PublicationPolicyQualificationTests.test_runtime_identity_requires_terminal_and_exact_cpu_gpu_coordinates) ... ok
test_schema_v2_derives_bindings_only_from_revalidated_system_fragments (test_publication_policy_qualification.PublicationPolicyQualificationTests.test_schema_v2_derives_bindings_only_from_revalidated_system_fragments) ... ok
test_closure_receipt_atomic_commit_three_windows_exact_retry (test_publication_policy_qualification_execution_closure_v1.PublicationPolicyQualificationExecutionClosureV1Tests.test_closure_receipt_atomic_commit_three_windows_exact_retry) ... ok
test_cold_load_snapshot_modes_accept_0555_only_without_mode_enforcement (test_publication_policy_qualification_execution_closure_v1.PublicationPolicyQualificationExecutionClosureV1Tests.test_cold_load_snapshot_modes_accept_0555_only_without_mode_enforcement) ... ok
test_concurrent_identical_materializers_leave_one_exact_cold_bundle (test_publication_policy_qualification_execution_closure_v1.PublicationPolicyQualificationExecutionClosureV1Tests.test_concurrent_identical_materializers_leave_one_exact_cold_bundle) ... ok
test_dangling_symlink_and_same_bytes_hardlink_are_rejected (test_publication_policy_qualification_execution_closure_v1.PublicationPolicyQualificationExecutionClosureV1Tests.test_dangling_symlink_and_same_bytes_hardlink_are_rejected) ... ok
test_drifted_acceptance_operational_binding_fails_closed (test_publication_policy_qualification_execution_closure_v1.PublicationPolicyQualificationExecutionClosureV1Tests.test_drifted_acceptance_operational_binding_fails_closed) ... ok
test_external_runtime_expectations_reject_self_consistent_service_b (test_publication_policy_qualification_execution_closure_v1.PublicationPolicyQualificationExecutionClosureV1Tests.test_external_runtime_expectations_reject_self_consistent_service_b) ... ok
test_guardian_one_or_extra_request_cannot_match_accepted_workload (test_publication_policy_qualification_execution_closure_v1.PublicationPolicyQualificationExecutionClosureV1Tests.test_guardian_one_or_extra_request_cannot_match_accepted_workload) ... ok
test_noop_guardian_dependencies_cannot_bypass_authenticated_stop (test_publication_policy_qualification_execution_closure_v1.PublicationPolicyQualificationExecutionClosureV1Tests.test_noop_guardian_dependencies_cannot_bypass_authenticated_stop) ... ok
test_partial_checkpoint_cell_set_fails_closed (test_publication_policy_qualification_execution_closure_v1.PublicationPolicyQualificationExecutionClosureV1Tests.test_partial_checkpoint_cell_set_fails_closed) ... ok
test_receipt_last_closes_exact_32_cells_and_loads_cold (test_publication_policy_qualification_execution_closure_v1.PublicationPolicyQualificationExecutionClosureV1Tests.test_receipt_last_closes_exact_32_cells_and_loads_cold) ... ok
test_receipt_last_partial_commit_resumes_but_collisions_fail (test_publication_policy_qualification_execution_closure_v1.PublicationPolicyQualificationExecutionClosureV1Tests.test_receipt_last_partial_commit_resumes_but_collisions_fail) ... ok
test_service_authority_must_bind_exact_preprocessing_authority (test_publication_policy_qualification_execution_closure_v1.PublicationPolicyQualificationExecutionClosureV1Tests.test_service_authority_must_bind_exact_preprocessing_authority) ... ok
test_wrong_authority_or_nonclean_lifecycle_fails_closed (test_publication_policy_qualification_execution_closure_v1.PublicationPolicyQualificationExecutionClosureV1Tests.test_wrong_authority_or_nonclean_lifecycle_fails_closed) ... ok
test_wrong_runtime_socket_fails_before_output (test_publication_policy_qualification_execution_closure_v1.PublicationPolicyQualificationExecutionClosureV1Tests.test_wrong_runtime_socket_fails_before_output) ... ok
test_builds_nonaccepted_candidate_and_complete_fragment_bound_index (test_publication_policy_qualification_index_v2.PublicationPolicyQualificationIndexV2Tests.test_builds_nonaccepted_candidate_and_complete_fragment_bound_index) ... ok
test_candidate_receipt_recovers_every_atomic_physical_window (test_publication_policy_qualification_index_v2.PublicationPolicyQualificationIndexV2Tests.test_candidate_receipt_recovers_every_atomic_physical_window) ... ok
test_closure_rejects_same_bytes_from_a_different_fragment_path (test_publication_policy_qualification_index_v2.PublicationPolicyQualificationIndexV2Tests.test_closure_rejects_same_bytes_from_a_different_fragment_path) ... ok
test_commit_is_idempotent_and_rejects_conflict_dangling_and_hardlink (test_publication_policy_qualification_index_v2.PublicationPolicyQualificationIndexV2Tests.test_commit_is_idempotent_and_rejects_conflict_dangling_and_hardlink) ... ok
test_completed_index_requires_execution_closure (test_publication_policy_qualification_index_v2.PublicationPolicyQualificationIndexV2Tests.test_completed_index_requires_execution_closure) ... ok
test_drvfs_readonly_projection_accepts_0555_without_weakening_identity (test_publication_policy_qualification_index_v2.PublicationPolicyQualificationIndexV2Tests.test_drvfs_readonly_projection_accepts_0555_without_weakening_identity) ... ok
test_existing_drvfs_readonly_projection_is_immutable (test_publication_policy_qualification_index_v2.PublicationPolicyQualificationIndexV2Tests.test_existing_drvfs_readonly_projection_is_immutable) ... ok
test_fragment_only_candidate_breaks_bootstrap_cycle_and_stays_nonaccepted (test_publication_policy_qualification_index_v2.PublicationPolicyQualificationIndexV2Tests.test_fragment_only_candidate_breaks_bootstrap_cycle_and_stays_nonaccepted) ... ok
test_missing_pilot_evidence_and_fragment_drift_fail_before_commit (test_publication_policy_qualification_index_v2.PublicationPolicyQualificationIndexV2Tests.test_missing_pilot_evidence_and_fragment_drift_fail_before_commit) ... ok
test_pilot_index_requires_distinct_qualification_acceptance_filename (test_publication_policy_qualification_index_v2.PublicationPolicyQualificationIndexV2Tests.test_pilot_index_requires_distinct_qualification_acceptance_filename) ... ok
test_receipt_last_failure_is_safely_resumable (test_publication_policy_qualification_index_v2.PublicationPolicyQualificationIndexV2Tests.test_receipt_last_failure_is_safely_resumable) ... ok
test_bundle_rejects_configurable_defer_acceptance (test_publication_policy_qualification_runtime_inputs_v2.QualificationRuntimeInputsV2Tests.test_bundle_rejects_configurable_defer_acceptance) ... ok
test_bundle_value_is_exact_nonauthorizing_and_self_hashed (test_publication_policy_qualification_runtime_inputs_v2.QualificationRuntimeInputsV2Tests.test_bundle_value_is_exact_nonauthorizing_and_self_hashed) ... ok
test_cleanup_refuses_hardlinked_or_dangling_staging_entries (test_publication_policy_qualification_runtime_inputs_v2.QualificationRuntimeInputsV2Tests.test_cleanup_refuses_hardlinked_or_dangling_staging_entries) ... ok
test_cli_and_closure_share_exact_float_deadline_matrix_identity (test_publication_policy_qualification_runtime_inputs_v2.QualificationRuntimeInputsV2Tests.test_cli_and_closure_share_exact_float_deadline_matrix_identity) ... ok
test_device_probe_binding_round_trips_through_native_consumers (test_publication_policy_qualification_runtime_inputs_v2.QualificationRuntimeInputsV2Tests.test_device_probe_binding_round_trips_through_native_consumers) ... ok
test_drvfs_runtime_directory_commit_race_has_exactly_one_winner (test_publication_policy_qualification_runtime_inputs_v2.QualificationRuntimeInputsV2Tests.test_drvfs_runtime_directory_commit_race_has_exactly_one_winner) ... ok
test_image_material_preserves_the_physical_candidate_reference (test_publication_policy_qualification_runtime_inputs_v2.QualificationRuntimeInputsV2Tests.test_image_material_preserves_the_physical_candidate_reference) ... ok
test_live_socket_transport_does_not_confuse_kernel_and_node_inodes (test_publication_policy_qualification_runtime_inputs_v2.QualificationRuntimeInputsV2Tests.test_live_socket_transport_does_not_confuse_kernel_and_node_inodes) ... ok
test_reachable_savant_worker_closure_is_the_sdk_run_path (test_publication_policy_qualification_runtime_inputs_v2.QualificationRuntimeInputsV2Tests.test_reachable_savant_worker_closure_is_the_sdk_run_path) ... ok
test_renamed_live_seqpacket_socket_is_validated_at_final_path (test_publication_policy_qualification_runtime_inputs_v2.QualificationRuntimeInputsV2Tests.test_renamed_live_seqpacket_socket_is_validated_at_final_path) ... ok
test_runtime_tree_postpublish_crash_exact_retry_and_tamper_rejection (test_publication_policy_qualification_runtime_inputs_v2.QualificationRuntimeInputsV2Tests.test_runtime_tree_postpublish_crash_exact_retry_and_tamper_rejection) ... ok
test_sdk_adapter_support_is_the_exact_referenced_closure (test_publication_policy_qualification_runtime_inputs_v2.QualificationRuntimeInputsV2Tests.test_sdk_adapter_support_is_the_exact_referenced_closure) ... ok
test_seqpacket_transport_cross_checks_connected_kernel_peer (test_publication_policy_qualification_runtime_inputs_v2.QualificationRuntimeInputsV2Tests.test_seqpacket_transport_cross_checks_connected_kernel_peer) ... ok
test_seqpacket_transport_rejects_dead_socket_node (test_publication_policy_qualification_runtime_inputs_v2.QualificationRuntimeInputsV2Tests.test_seqpacket_transport_rejects_dead_socket_node) ... ok
test_seqpacket_transport_rejects_path_replacement_during_connect (test_publication_policy_qualification_runtime_inputs_v2.QualificationRuntimeInputsV2Tests.test_seqpacket_transport_rejects_path_replacement_during_connect) ... ok
test_seqpacket_transport_rejects_wrong_socket_type (test_publication_policy_qualification_runtime_inputs_v2.QualificationRuntimeInputsV2Tests.test_seqpacket_transport_rejects_wrong_socket_type) ... ok
test_stream_transport_allows_clients_but_requires_unique_bound_endpoint (test_publication_policy_qualification_runtime_inputs_v2.QualificationRuntimeInputsV2Tests.test_stream_transport_allows_clients_but_requires_unique_bound_endpoint) ... ok
test_stream_transport_keeps_exact_proc_path_requirement (test_publication_policy_qualification_runtime_inputs_v2.QualificationRuntimeInputsV2Tests.test_stream_transport_keeps_exact_proc_path_requirement) ... ok
test_system_contracts_match_all_four_lower_runtime_field_sets (test_publication_policy_qualification_runtime_inputs_v2.QualificationRuntimeInputsV2Tests.test_system_contracts_match_all_four_lower_runtime_field_sets) ... ok
test_transaction_receipt_is_required_at_public_runtime_boundary_only (test_publication_policy_qualification_runtime_inputs_v2.QualificationRuntimeInputsV2Tests.test_transaction_receipt_is_required_at_public_runtime_boundary_only) ... ok
test_tree_writer_materializes_exact_32_and_never_overwrites (test_publication_policy_qualification_runtime_inputs_v2.QualificationRuntimeInputsV2Tests.test_tree_writer_materializes_exact_32_and_never_overwrites) ... ok
test_versioned_analytics_authority_selects_bound_paths_not_v3_constants (test_publication_policy_qualification_runtime_inputs_v2.QualificationRuntimeInputsV2Tests.test_versioned_analytics_authority_selects_bound_paths_not_v3_constants) ... ok
test_versioned_binding_document_requires_its_self_identity (test_publication_policy_qualification_runtime_inputs_v2.QualificationRuntimeInputsV2Tests.test_versioned_binding_document_requires_its_self_identity) ... ok
test_missing_diagnostic_receipt_blocks_binding (test_publication_qualification_operational_owner_v1.DiagnosticOwner2Tests.test_missing_diagnostic_receipt_blocks_binding) ... ok
test_owner_executes_exact_two_held_originals_and_cold_closure_accepts_binding (test_publication_qualification_operational_owner_v1.DiagnosticOwner2Tests.test_owner_executes_exact_two_held_originals_and_cold_closure_accepts_binding) ... ok
test_two_operation_binding_cannot_satisfy_complete_qualification (test_publication_qualification_operational_owner_v1.DiagnosticOwner2Tests.test_two_operation_binding_cannot_satisfy_complete_qualification) ... ok
test_foreign_or_inactive_bundle_context_is_rejected (test_publication_qualification_operational_owner_v1.HeldQualificationOriginalTests.test_foreign_or_inactive_bundle_context_is_rejected) ... ok
test_held_runner_dispatches_each_system_to_its_stock_runtime (test_publication_qualification_operational_owner_v1.HeldQualificationOriginalTests.test_held_runner_dispatches_each_system_to_its_stock_runtime) ... ok
test_native_precheck_changes_only_its_own_pinned_context (test_publication_qualification_operational_owner_v1.HeldQualificationOriginalTests.test_native_precheck_changes_only_its_own_pinned_context) ... ok
test_savant_original_keeps_sdk_context_mount_path (test_publication_qualification_operational_owner_v1.HeldQualificationOriginalTests.test_savant_original_keeps_sdk_context_mount_path) ... ok
test_cells_retain_actual_two_transfer_chain_and_held_operations_one_transfer (test_publication_qualification_operational_owner_v1.QualificationOwner37Tests.test_cells_retain_actual_two_transfer_chain_and_held_operations_one_transfer) ... ok
test_extra_foreign_capture_namespace_blocks_binding (test_publication_qualification_operational_owner_v1.QualificationOwner37Tests.test_extra_foreign_capture_namespace_blocks_binding) ... ok
test_missing_original_receipt_blocks_binding (test_publication_qualification_operational_owner_v1.QualificationOwner37Tests.test_missing_original_receipt_blocks_binding) ... ok
test_owner_executes_exact_37_and_binding_passes_cold_closure_with_real_validators (test_publication_qualification_operational_owner_v1.QualificationOwner37Tests.test_owner_executes_exact_37_and_binding_passes_cold_closure_with_real_validators) ... ok
test_repeated_owner_invocation_is_rejected_before_any_launch (test_publication_qualification_operational_owner_v1.QualificationOwner37Tests.test_repeated_owner_invocation_is_rejected_before_any_launch) ... ok
test_resumed_pilot_checkpoint_cannot_satisfy_one_owner (test_publication_qualification_operational_owner_v1.QualificationOwner37Tests.test_resumed_pilot_checkpoint_cannot_satisfy_one_owner) ... ok
test_stock_binding_writer_rejects_missing_extra_and_duplicate_outputs (test_publication_qualification_operational_owner_v1.QualificationOwner37Tests.test_stock_binding_writer_rejects_missing_extra_and_duplicate_outputs) ... ok
test_swapped_original_receipts_block_binding (test_publication_qualification_operational_owner_v1.QualificationOwner37Tests.test_swapped_original_receipts_block_binding) ... ok
test_duplicate_cell_invocation_is_rejected_before_second_launch (test_publication_qualification_operational_owner_v1.QualificationOwnerFailClosedTests.test_duplicate_cell_invocation_is_rejected_before_second_launch) ... ok
test_foreign_cell_request_is_rejected_before_launch (test_publication_qualification_operational_owner_v1.QualificationOwnerFailClosedTests.test_foreign_cell_request_is_rejected_before_launch) ... ok
test_missing_cells_after_pilot_return_fail_closed (test_publication_qualification_operational_owner_v1.QualificationOwnerFailClosedTests.test_missing_cells_after_pilot_return_fail_closed) ... ok
test_substituted_cell_coordinates_are_rejected_before_launch (test_publication_qualification_operational_owner_v1.QualificationOwnerFailClosedTests.test_substituted_cell_coordinates_are_rejected_before_launch) ... ok
test_current_qualification_fragments_match_physical_receipts (test_publication_runtime_frozen_identity_constants_v1.PublicationRuntimeFrozenIdentityConstantsV1Tests.test_current_qualification_fragments_match_physical_receipts) ... ERROR
test_deepstream_child_failure_diagnostic_is_bounded_and_single_line (test_publication_runtime_frozen_identity_constants_v1.PublicationRuntimeFrozenIdentityConstantsV1Tests.test_deepstream_child_failure_diagnostic_is_bounded_and_single_line) ... ok
test_deepstream_dynamic_image_contract_keeps_exact_frozen_base_and_entrypoint (test_publication_runtime_frozen_identity_constants_v1.PublicationRuntimeFrozenIdentityConstantsV1Tests.test_deepstream_dynamic_image_contract_keeps_exact_frozen_base_and_entrypoint) ... ok
test_fix_benchmark_patch_matches_exact_runtime_constants (test_publication_runtime_frozen_identity_constants_v1.PublicationRuntimeFrozenIdentityConstantsV1Tests.test_fix_benchmark_patch_matches_exact_runtime_constants) ... ERROR
test_gstreamer_current_runtime_is_exactly_refrozen (test_publication_runtime_frozen_identity_constants_v1.PublicationRuntimeFrozenIdentityConstantsV1Tests.test_gstreamer_current_runtime_is_exactly_refrozen) ... ok
test_live_fix_benchmark_preflight_matches_runtime_materializer (test_publication_runtime_frozen_identity_constants_v1.PublicationRuntimeFrozenIdentityConstantsV1Tests.test_live_fix_benchmark_preflight_matches_runtime_materializer) ... skipped 'requires VAST_LIVE_PREFLIGHT=1, live WSL Docker and OMZ proxy models'
test_openvino_current_runtime_is_exactly_refrozen (test_publication_runtime_frozen_identity_constants_v1.PublicationRuntimeFrozenIdentityConstantsV1Tests.test_openvino_current_runtime_is_exactly_refrozen) ... ok
test_runtime_input_materializer_inspects_the_candidate_reference_not_only_id (test_publication_runtime_frozen_identity_constants_v1.PublicationRuntimeFrozenIdentityConstantsV1Tests.test_runtime_input_materializer_inspects_the_candidate_reference_not_only_id) ... ok
test_savant_native_builder_is_the_frozen_attempt14_builder (test_publication_runtime_frozen_identity_constants_v1.PublicationRuntimeFrozenIdentityConstantsV1Tests.test_savant_native_builder_is_the_frozen_attempt14_builder) ... ok
test_all_runtime_validators_accept_the_same_guardian_closure (test_publication_runtime_source_closure_guardian_v1.PublicationRuntimeSourceClosureGuardianV1Tests.test_all_runtime_validators_accept_the_same_guardian_closure) ... ok
test_all_runtime_validators_reject_the_same_missing_guardian_closure (test_publication_runtime_source_closure_guardian_v1.PublicationRuntimeSourceClosureGuardianV1Tests.test_all_runtime_validators_reject_the_same_missing_guardian_closure) ... ok
test_completed_policy_index_requires_strict_cold_accounting (test_qualification_complete_operational_promotion_gate_v1.CompleteOperationalPromotionGateV1Tests.test_completed_policy_index_requires_strict_cold_accounting) ... ok
test_completed_resource_index_requires_strict_cold_accounting (test_qualification_complete_operational_promotion_gate_v1.CompleteOperationalPromotionGateV1Tests.test_completed_resource_index_requires_strict_cold_accounting) ... ok
test_current_accepted_policy_guardian_requires_strict_cold_accounting (test_qualification_complete_operational_promotion_gate_v1.CompleteOperationalPromotionGateV1Tests.test_current_accepted_policy_guardian_requires_strict_cold_accounting) ... ok
test_full_resource_assessment_requires_strict_cold_accounting (test_qualification_complete_operational_promotion_gate_v1.CompleteOperationalPromotionGateV1Tests.test_full_resource_assessment_requires_strict_cold_accounting) ... ok
test_policy_assessment_requires_strict_cold_accounting (test_qualification_complete_operational_promotion_gate_v1.CompleteOperationalPromotionGateV1Tests.test_policy_assessment_requires_strict_cold_accounting) ... ok
test_current_gate_rejects_truthy_non_boolean_and_resealed_wrong_scope (test_qualification_operational_closure_cold_gate_v1.OperationalClosureColdGateTests.test_current_gate_rejects_truthy_non_boolean_and_resealed_wrong_scope) ... ok
test_legacy_exact_32_closure_remains_readable_but_cannot_promote (test_qualification_operational_closure_cold_gate_v1.OperationalClosureColdGateTests.test_legacy_exact_32_closure_remains_readable_but_cannot_promote) ... ok
test_present_report_is_recomputed_from_physical_binding_before_comparison (test_qualification_operational_closure_cold_gate_v1.OperationalClosureColdGateTests.test_present_report_is_recomputed_from_physical_binding_before_comparison) ... ok
test_self_resealed_foreign_report_does_not_replace_cold_recomputed_result (test_qualification_operational_closure_cold_gate_v1.OperationalClosureColdGateTests.test_self_resealed_foreign_report_does_not_replace_cold_recomputed_result) ... ok
test_policy_cli_invokes_physical_promotion_and_prints_redacted_result (test_qualification_promotion_clis.QualificationPromotionCliTests.test_policy_cli_invokes_physical_promotion_and_prints_redacted_result) ... ok
test_resource_cli_invokes_physical_promotion_and_prints_redacted_result (test_qualification_promotion_clis.QualificationPromotionCliTests.test_resource_cli_invokes_physical_promotion_and_prints_redacted_result) ... ok
test_actual_closed_child_output_cap_refuses_retains_bytes_and_reaps (test_run_canonical_systems_study_v1.FiniteStudyDriverTests.test_actual_closed_child_output_cap_refuses_retains_bytes_and_reaps) ... ok
test_actual_fresh_zero_offset_time_namespace_is_the_same_monotonic_domain (test_run_canonical_systems_study_v1.FiniteStudyDriverTests.test_actual_fresh_zero_offset_time_namespace_is_the_same_monotonic_domain) ... ok
test_actual_preparation_bootstrap_read_retains_original_endpoint (test_run_canonical_systems_study_v1.FiniteStudyDriverTests.test_actual_preparation_bootstrap_read_retains_original_endpoint) ... ok
test_actual_term_ignoring_child_is_killed_waited_and_shared_closing_clock_retained (test_run_canonical_systems_study_v1.FiniteStudyDriverTests.test_actual_term_ignoring_child_is_killed_waited_and_shared_closing_clock_retained) ... ok
test_actual_x264_recipe_writes_fixed_rate_sps_and_strict_vui_refusals_are_kept (test_run_canonical_systems_study_v1.FiniteStudyDriverTests.test_actual_x264_recipe_writes_fixed_rate_sps_and_strict_vui_refusals_are_kept) ... ok
test_control_failure_still_closes_actual_service_thread_and_preserves_primary (test_run_canonical_systems_study_v1.FiniteStudyDriverTests.test_control_failure_still_closes_actual_service_thread_and_preserves_primary) ... ok
test_decoded_guardian_rows_do_not_repeat_the_journal_header (test_run_canonical_systems_study_v1.FiniteStudyDriverTests.test_decoded_guardian_rows_do_not_repeat_the_journal_header) ... ok
test_final_results_document_has_its_own_measured_bound (test_run_canonical_systems_study_v1.FiniteStudyDriverTests.test_final_results_document_has_its_own_measured_bound) ... ok
test_finite_source_gate_emits_the_canonical_consumer_fd_map (test_run_canonical_systems_study_v1.FiniteStudyDriverTests.test_finite_source_gate_emits_the_canonical_consumer_fd_map) ... ok
test_finite_study_worker_writes_both_journals_into_the_arm_study_directory (test_run_canonical_systems_study_v1.FiniteStudyDriverTests.test_finite_study_worker_writes_both_journals_into_the_arm_study_directory) ... ok
test_incomplete_pilot_cannot_trigger_or_authorize_effects (test_run_canonical_systems_study_v1.FiniteStudyDriverTests.test_incomplete_pilot_cannot_trigger_or_authorize_effects) ... ok
test_isolated_executable_cli_has_study_and_missing_intake_never_runs_engine (test_run_canonical_systems_study_v1.FiniteStudyDriverTests.test_isolated_executable_cli_has_study_and_missing_intake_never_runs_engine) ... ok
test_native_client_wait_pairs_follow_the_native_row_contract (test_run_canonical_systems_study_v1.FiniteStudyDriverTests.test_native_client_wait_pairs_follow_the_native_row_contract) ... ok
test_original_preparation_expired_stamp_is_refused_before_output_or_input (test_run_canonical_systems_study_v1.FiniteStudyDriverTests.test_original_preparation_expired_stamp_is_refused_before_output_or_input) ... ok
test_original_preparation_foreign_or_partial_domain_is_refused_before_output (test_run_canonical_systems_study_v1.FiniteStudyDriverTests.test_original_preparation_foreign_or_partial_domain_is_refused_before_output) ... ok
test_original_preparation_invalid_stamp_and_study_parent_are_refused (test_run_canonical_systems_study_v1.FiniteStudyDriverTests.test_original_preparation_invalid_stamp_and_study_parent_are_refused) ... ok
test_original_runtime_main_translates_branch_once_to_canonical_receipt_mode (test_run_canonical_systems_study_v1.FiniteStudyDriverTests.test_original_runtime_main_translates_branch_once_to_canonical_receipt_mode) ... ok
test_owned_sidecar_runner_has_subprocess_run_semantics (test_run_canonical_systems_study_v1.FiniteStudyDriverTests.test_owned_sidecar_runner_has_subprocess_run_semantics) ... ok
test_real_partial_file_reads_keep_hash_deadline_and_reject_named_drift (test_run_canonical_systems_study_v1.FiniteStudyDriverTests.test_real_partial_file_reads_keep_hash_deadline_and_reject_named_drift) ... ok
test_single_study_cli_hands_off_actual_exclusive_descriptor_and_no_run_after_failure (test_run_canonical_systems_study_v1.FiniteStudyDriverTests.test_single_study_cli_hands_off_actual_exclusive_descriptor_and_no_run_after_failure) ... ok
test_source_gate_fails_fast_on_a_capture_error_after_stop (test_run_canonical_systems_study_v1.FiniteStudyDriverTests.test_source_gate_fails_fast_on_a_capture_error_after_stop) ... ok
test_source_inventory_binary_clock_proof_and_cid_outside_empty_arm (test_run_canonical_systems_study_v1.FiniteStudyDriverTests.test_source_inventory_binary_clock_proof_and_cid_outside_empty_arm) ... ok
test_stderr_collision_closes_first_acquired_stream_without_child_or_overwrite (test_run_canonical_systems_study_v1.FiniteStudyDriverTests.test_stderr_collision_closes_first_acquired_stream_without_child_or_overwrite) ... ok
test_stop_precedes_the_half_open_offer_boundary_by_a_plan_proven_lead (test_run_canonical_systems_study_v1.FiniteStudyDriverTests.test_stop_precedes_the_half_open_offer_boundary_by_a_plan_proven_lead) ... ok
test_study_cli_propagates_original_preparation_stamp_without_new_start (test_run_canonical_systems_study_v1.FiniteStudyDriverTests.test_study_cli_propagates_original_preparation_stamp_without_new_start) ... ok
test_study_idle_boundary_clones_the_validated_worker_peer_list (test_run_canonical_systems_study_v1.FiniteStudyDriverTests.test_study_idle_boundary_clones_the_validated_worker_peer_list) ... ok
test_study_storage_caps_are_the_measured_worst_case_with_margin (test_run_canonical_systems_study_v1.FiniteStudyDriverTests.test_study_storage_caps_are_the_measured_worst_case_with_margin) ... ok
test_collector_is_disabled_until_v2_scope_is_accepted (test_run_experiments_full_resource.RunExperimentsFullResourceTests.test_collector_is_disabled_until_v2_scope_is_accepted) ... ok
test_exception_before_last_commit_never_creates_accepted_arm (test_run_experiments_full_resource.RunExperimentsFullResourceTests.test_exception_before_last_commit_never_creates_accepted_arm) ... ok
test_finalization_fails_closed_without_started_and_closed_collector (test_run_experiments_full_resource.RunExperimentsFullResourceTests.test_finalization_fails_closed_without_started_and_closed_collector) ... ok
test_finalization_rejects_alive_collector_and_non_checkpoint_scope (test_run_experiments_full_resource.RunExperimentsFullResourceTests.test_finalization_rejects_alive_collector_and_non_checkpoint_scope) ... ok
test_finalization_uses_authoritative_resource_summary_not_stale_candidate (test_run_experiments_full_resource.RunExperimentsFullResourceTests.test_finalization_uses_authoritative_resource_summary_not_stale_candidate) ... ok
test_non_full_resource_run_never_calls_finalizer (test_run_experiments_full_resource.RunExperimentsFullResourceTests.test_non_full_resource_run_never_calls_finalizer) ... ok
test_process_kill_after_durable_metadata_cannot_leave_accepted_arm (test_run_experiments_full_resource.RunExperimentsFullResourceTests.test_process_kill_after_durable_metadata_cannot_leave_accepted_arm) ... ok
test_summary_schema_exposes_article_ready_v2_resource_metrics (test_run_experiments_full_resource.RunExperimentsFullResourceTests.test_summary_schema_exposes_article_ready_v2_resource_metrics) ... ok
test_verified_full_resource_path_explicitly_defers_child_acceptance (test_run_experiments_full_resource.RunExperimentsFullResourceTests.test_verified_full_resource_path_explicitly_defers_child_acceptance) ... ok
test_verified_pre_run_grant_binds_collector_while_post_run_config_is_false (test_run_experiments_full_resource.RunExperimentsFullResourceTests.test_verified_pre_run_grant_binds_collector_while_post_run_config_is_false) ... ok
test_allowlists_name_existing_python_sources (test_runtime_image_python310_compat_v1.RuntimeImagePython310CompatV1Tests.test_allowlists_name_existing_python_sources) ... ok
test_api_detector_resolves_aliases_and_keeps_guarded_forms (test_runtime_image_python310_compat_v1.RuntimeImagePython310CompatV1Tests.test_api_detector_resolves_aliases_and_keeps_guarded_forms) ... ok
test_runtime_sources_avoid_post_310_apis (test_runtime_image_python310_compat_v1.RuntimeImagePython310CompatV1Tests.test_runtime_sources_avoid_post_310_apis) ... ok
test_runtime_sources_use_python_310_grammar (test_runtime_image_python310_compat_v1.RuntimeImagePython310CompatV1Tests.test_runtime_sources_use_python_310_grammar) ... ok
test_syntax_detector_flags_post_310_grammar (test_runtime_image_python310_compat_v1.RuntimeImagePython310CompatV1Tests.test_syntax_detector_flags_post_310_grammar) ... ok

======================================================================
ERROR: test_current_qualification_fragments_match_physical_receipts (test_publication_runtime_frozen_identity_constants_v1.PublicationRuntimeFrozenIdentityConstantsV1Tests.test_current_qualification_fragments_match_physical_receipts)
----------------------------------------------------------------------
Traceback (most recent call last):
  File "/mnt/c/Users/s-a-balashov/.codex/worktrees/qualify-full-benchmark/VAST/tests/test_publication_runtime_frozen_identity_constants_v1.py", line 85, in test_current_qualification_fragments_match_physical_receipts
    patch = json.loads((base / "qualification_image_identity_patch.json").read_bytes())
                       ^^^^^^^^^^^^^^^^^^^^^^^^^^^^^^^^^^^^^^^^^^^^^^^^^^^^^^^^^^^^^^^
  File "/usr/lib/python3.12/pathlib.py", line 1021, in read_bytes
    with self.open(mode='rb') as f:
         ^^^^^^^^^^^^^^^^^^^^
  File "/usr/lib/python3.12/pathlib.py", line 1015, in open
    return io.open(self, mode, buffering, encoding, errors, newline)
           ^^^^^^^^^^^^^^^^^^^^^^^^^^^^^^^^^^^^^^^^^^^^^^^^^^^^^^^^^
FileNotFoundError: [Errno 2] No such file or directory: '/mnt/c/Users/s-a-balashov/.codex/worktrees/qualify-full-benchmark/VAST/artifacts/qualify_full_benchmark_20261008c/qualification_image_identity_patch.json'

======================================================================
ERROR: test_fix_benchmark_patch_matches_exact_runtime_constants (test_publication_runtime_frozen_identity_constants_v1.PublicationRuntimeFrozenIdentityConstantsV1Tests.test_fix_benchmark_patch_matches_exact_runtime_constants)
----------------------------------------------------------------------
Traceback (most recent call last):
  File "/mnt/c/Users/s-a-balashov/.codex/worktrees/qualify-full-benchmark/VAST/tests/test_publication_runtime_frozen_identity_constants_v1.py", line 69, in test_fix_benchmark_patch_matches_exact_runtime_constants
    patch = json.loads(patch_path.read_bytes())
                       ^^^^^^^^^^^^^^^^^^^^^^^
  File "/usr/lib/python3.12/pathlib.py", line 1021, in read_bytes
    with self.open(mode='rb') as f:
         ^^^^^^^^^^^^^^^^^^^^
  File "/usr/lib/python3.12/pathlib.py", line 1015, in open
    return io.open(self, mode, buffering, encoding, errors, newline)
           ^^^^^^^^^^^^^^^^^^^^^^^^^^^^^^^^^^^^^^^^^^^^^^^^^^^^^^^^^
FileNotFoundError: [Errno 2] No such file or directory: '/mnt/c/Users/s-a-balashov/.codex/worktrees/qualify-full-benchmark/VAST/artifacts/qualify_full_benchmark_20261008c/qualification_image_identity_patch.json'

----------------------------------------------------------------------
Ran 827 tests in 253.769s

FAILED (errors=2, skipped=50)
rc=1
