run_id,trace_id,stream_id,frame_id,critical_branch,decoder_prefix_ms,postdecode_residual_ms,e2e_latency_ms,decoder_share,decoder_share_reason
qualification-v2-gstreamer_custom-cpu-h264-independent-processes,qualification-v2-gstreamer_custom-cpu-h264-independent-processes:0:33,0,33,foreign_object,6027,3490,9517,0.6332878007775559525060418199,
qualification-v2-gstreamer_custom-cpu-h264-independent-processes,qualification-v2-gstreamer_custom-cpu-h264-independent-processes:0:36,0,36,foreign_object,1399,2960,4359,0.3209451709107593484744207387,
qualification-v2-gstreamer_custom-cpu-h264-independent-processes,qualification-v2-gstreamer_custom-cpu-h264-independent-processes:0:37,0,37,foreign_object,6028,3408,9436,0.6388300127172530733361593896,
qualification-v2-gstreamer_custom-cpu-h264-independent-processes,qualification-v2-gstreamer_custom-cpu-h264-independent-processes:0:40,0,40,foreign_object,1399,2886,4285,0.3264877479579929988331388565,
qualification-v2-gstreamer_custom-cpu-h264-independent-processes,qualification-v2-gstreamer_custom-cpu-h264-independent-processes:0:41,0,41,foreign_object,6394,3110,9504,0.6727693602693602693602693603,
qualification-v2-gstreamer_custom-cpu-h264-independent-processes,qualification-v2-gstreamer_custom-cpu-h264-independent-processes:0:45,0,45,foreign_object,6026,3414,9440,0.6383474576271186440677966102,
qualification-v2-gstreamer_custom-cpu-h264-independent-processes,qualification-v2-gstreamer_custom-cpu-h264-independent-processes:0:48,0,48,foreign_object,1025,3273,4298,0.2384830153559795253606328525,
qualification-v2-gstreamer_custom-cpu-h264-independent-processes,qualification-v2-gstreamer_custom-cpu-h264-independent-processes:0:49,0,49,foreign_object,6038,3458,9496,0.6358466722830665543386689132,
qualification-v2-gstreamer_custom-cpu-h264-independent-processes,qualification-v2-gstreamer_custom-cpu-h264-independent-processes:0:51,0,51,foreign_object,1391,4066,5457,0.2549019607843137254901960784,
qualification-v2-gstreamer_custom-cpu-h264-independent-processes,qualification-v2-gstreamer_custom-cpu-h264-independent-processes:0:53,0,53,foreign_object,6042,2873,8915,0.6777341559169938306225462703,
qualification-v2-gstreamer_custom-cpu-h264-independent-processes,qualification-v2-gstreamer_custom-cpu-h264-independent-processes:0:57,0,57,foreign_object,6032,3217,9249,0.6521786139042058600929830252,
qualification-v2-gstreamer_custom-cpu-h264-independent-processes,qualification-v2-gstreamer_custom-cpu-h264-independent-processes:0:59,0,59,foreign_object,1029,3849,4878,0.2109471094710947109471094711,
qualification-v2-gstreamer_custom-cpu-h264-independent-processes,qualification-v2-gstreamer_custom-cpu-h264-independent-processes:0:61,0,61,foreign_object,6026,3319,9345,0.6448368111289459604066345639,
qualification-v2-gstreamer_custom-cpu-h264-independent-processes,qualification-v2-gstreamer_custom-cpu-h264-independent-processes:0:63,0,63,foreign_object,1034,4146,5180,0.1996138996138996138996138996,
qualification-v2-gstreamer_custom-cpu-h264-independent-processes,qualification-v2-gstreamer_custom-cpu-h264-independent-processes:0:65,0,65,foreign_object,6382,3053,9435,0.6764175940646528881822999470,
qualification-v2-gstreamer_custom-cpu-h264-independent-processes,qualification-v2-gstreamer_custom-cpu-h264-independent-processes:0:68,0,68,foreign_object,1044,3277,4321,0.2416107382550335570469798658,
qualification-v2-gstreamer_custom-cpu-h264-independent-processes,qualification-v2-gstreamer_custom-cpu-h264-independent-processes:0:69,0,69,foreign_object,6024,2987,9011,0.6685162579070025524359116635,
qualification-v2-gstreamer_custom-cpu-h264-independent-processes,qualification-v2-gstreamer_custom-cpu-h264-independent-processes:0:72,0,72,foreign_object,1031,3066,4097,0.2516475469855992189406883085,
qualification-v2-gstreamer_custom-cpu-h264-independent-processes,qualification-v2-gstreamer_custom-cpu-h264-independent-processes:0:73,0,73,foreign_object,6034,2952,8986,0.6714889828622301357667482751,
qualification-v2-gstreamer_custom-cpu-h264-independent-processes,qualification-v2-gstreamer_custom-cpu-h264-independent-processes:0:75,0,75,foreign_object,1398,3494,4892,0.2857726901062959934587080948,
qualification-v2-gstreamer_custom-cpu-h264-independent-processes,qualification-v2-gstreamer_custom-cpu-h264-independent-processes:0:77,0,77,foreign_object,6042,3208,9250,0.6531891891891891891891891892,
qualification-v2-gstreamer_custom-cpu-h264-independent-processes,qualification-v2-gstreamer_custom-cpu-h264-independent-processes:0:79,0,79,foreign_object,1396,3534,4930,0.2831643002028397565922920892,
qualification-v2-gstreamer_custom-cpu-h264-independent-processes,qualification-v2-gstreamer_custom-cpu-h264-independent-processes:0:81,0,81,foreign_object,6030,3499,9529,0.6328051212089411270857382726,
qualification-v2-gstreamer_custom-cpu-h264-independent-processes,qualification-v2-gstreamer_custom-cpu-h264-independent-processes:0:83,0,83,foreign_object,1049,4187,5236,0.2003437738731856378915202445,
qualification-v2-gstreamer_custom-cpu-h264-independent-processes,qualification-v2-gstreamer_custom-cpu-h264-independent-processes:0:85,0,85,foreign_object,6027,3601,9628,0.6259867054424594931449937682,
qualification-v2-gstreamer_custom-cpu-h264-independent-processes,qualification-v2-gstreamer_custom-cpu-h264-independent-processes:0:88,0,88,foreign_object,1379,3183,4562,0.3022797018851380973257343270,
qualification-v2-gstreamer_custom-cpu-h264-independent-processes,qualification-v2-gstreamer_custom-cpu-h264-independent-processes:0:89,0,89,foreign_object,6384,3259,9643,0.6620346365239033495800062221,
qualification-v2-gstreamer_custom-cpu-h264-independent-processes,qualification-v2-gstreamer_custom-cpu-h264-independent-processes:0:92,0,92,foreign_object,1032,3534,4566,0.2260183968462549277266754271,
qualification-v2-gstreamer_custom-cpu-h264-independent-processes,qualification-v2-gstreamer_custom-cpu-h264-independent-processes:0:93,0,93,foreign_object,6039,3525,9564,0.6314303638644918444165621079,
qualification-v2-gstreamer_custom-cpu-h264-independent-processes,qualification-v2-gstreamer_custom-cpu-h264-independent-processes:0:96,0,96,foreign_object,1030,3394,4424,0.2328209764918625678119349005,
qualification-v2-gstreamer_custom-cpu-h264-independent-processes,qualification-v2-gstreamer_custom-cpu-h264-independent-processes:0:97,0,97,foreign_object,6035,3444,9479,0.6366705348665471041249076907,
qualification-v2-gstreamer_custom-cpu-h264-independent-processes,qualification-v2-gstreamer_custom-cpu-h264-independent-processes:0:101,0,101,foreign_object,6031,3405,9436,0.6391479440440864773208986859,
qualification-v2-gstreamer_custom-cpu-h264-independent-processes,qualification-v2-gstreamer_custom-cpu-h264-independent-processes:0:103,0,103,foreign_object,1380,3697,5077,0.2718140634232814654323419342,
qualification-v2-gstreamer_custom-cpu-h264-independent-processes,qualification-v2-gstreamer_custom-cpu-h264-independent-processes:0:105,0,105,foreign_object,6024,3331,9355,0.6439337252805986103687867451,
qualification-v2-gstreamer_custom-cpu-h264-independent-processes,qualification-v2-gstreamer_custom-cpu-h264-independent-processes:0:109,0,109,foreign_object,6027,3144,9171,0.6571802420673863264638534511,
qualification-v2-gstreamer_custom-cpu-h264-independent-processes,qualification-v2-gstreamer_custom-cpu-h264-independent-processes:0:112,0,112,foreign_object,1380,2619,3999,0.3450862715678919729932483121,
qualification-v2-gstreamer_custom-cpu-h264-independent-processes,qualification-v2-gstreamer_custom-cpu-h264-independent-processes:0:113,0,113,foreign_object,6383,2721,9104,0.7011203866432337434094903339,
qualification-v2-gstreamer_custom-cpu-h264-independent-processes,qualification-v2-gstreamer_custom-cpu-h264-independent-processes:0:115,0,115,foreign_object,1049,3873,4922,0.2131247460381958553433563592,
qualification-v2-gstreamer_custom-cpu-h264-independent-processes,qualification-v2-gstreamer_custom-cpu-h264-independent-processes:0:117,0,117,foreign_object,6030,3051,9081,0.6640237859266600594648166501,
qualification-v2-gstreamer_custom-cpu-h264-independent-processes,qualification-v2-gstreamer_custom-cpu-h264-independent-processes:0:119,0,119,foreign_object,1038,3873,4911,0.2113622480146609651802076970,
qualification-v2-gstreamer_custom-cpu-h264-independent-processes,qualification-v2-gstreamer_custom-cpu-h264-independent-processes:0:121,0,121,foreign_object,6027,2971,8998,0.6698155145587908424094243165,
qualification-v2-gstreamer_custom-cpu-h264-independent-processes,qualification-v2-gstreamer_custom-cpu-h264-independent-processes:0:123,0,123,foreign_object,1372,3562,4934,0.2780705310093230644507498987,
qualification-v2-gstreamer_custom-cpu-h264-independent-processes,qualification-v2-gstreamer_custom-cpu-h264-independent-processes:0:125,0,125,foreign_object,6035,2593,8628,0.6994668521094112192860454335,
qualification-v2-gstreamer_custom-cpu-h264-independent-processes,qualification-v2-gstreamer_custom-cpu-h264-independent-processes:0:127,0,127,foreign_object,1384,2934,4318,0.3205187586845761926817971283,
qualification-v2-gstreamer_custom-cpu-h264-independent-processes,qualification-v2-gstreamer_custom-cpu-h264-independent-processes:0:129,0,129,foreign_object,6022,2740,8762,0.6872860077607852088564254736,
qualification-v2-gstreamer_custom-cpu-h264-independent-processes,qualification-v2-gstreamer_custom-cpu-h264-independent-processes:0:131,0,131,foreign_object,1040,3538,4578,0.2271734381826124945391000437,
qualification-v2-gstreamer_custom-cpu-h264-independent-processes,qualification-v2-gstreamer_custom-cpu-h264-independent-processes:0:133,0,133,foreign_object,6024,2598,8622,0.6986778009742519137091162143,
qualification-v2-gstreamer_custom-cpu-h264-independent-processes,qualification-v2-gstreamer_custom-cpu-h264-independent-processes:0:135,0,135,foreign_object,1028,3584,4612,0.2228967909800520381613183001,
qualification-v2-gstreamer_custom-cpu-h264-independent-processes,qualification-v2-gstreamer_custom-cpu-h264-independent-processes:0:137,0,137,foreign_object,6367,1748,8115,0.7845964263709180529882932840,
qualification-v2-gstreamer_custom-cpu-h264-independent-processes,qualification-v2-gstreamer_custom-cpu-h264-independent-processes:0:139,0,139,foreign_object,1029,3246,4275,0.2407017543859649122807017544,
qualification-v2-gstreamer_custom-cpu-h264-independent-processes,qualification-v2-gstreamer_custom-cpu-h264-independent-processes:0:141,0,141,foreign_object,6035,1474,7509,0.8037022239978692235983486483,
qualification-v2-gstreamer_custom-cpu-h264-independent-processes,qualification-v2-gstreamer_custom-cpu-h264-independent-processes:0:143,0,143,foreign_object,1027,2901,3928,0.2614562118126272912423625255,
qualification-v2-gstreamer_custom-cpu-h264-independent-processes,qualification-v2-gstreamer_custom-cpu-h264-independent-processes:0:145,0,145,foreign_object,6033,3230,9263,0.6513008744467235236964266436,
qualification-v2-gstreamer_custom-cpu-h264-independent-processes,qualification-v2-gstreamer_custom-cpu-h264-independent-processes:0:147,0,147,foreign_object,1365,2233,3598,0.3793774319066147859922178988,
qualification-v2-gstreamer_custom-cpu-h264-independent-processes,qualification-v2-gstreamer_custom-cpu-h264-independent-processes:0:149,0,149,foreign_object,6036,2852,8888,0.6791179117911791179117911791,
qualification-v2-gstreamer_custom-cpu-h264-independent-processes,qualification-v2-gstreamer_custom-cpu-h264-independent-processes:0:151,0,151,foreign_object,1368,3260,4628,0.2955920484010371650821089023,
qualification-v2-gstreamer_custom-cpu-h264-independent-processes,qualification-v2-gstreamer_custom-cpu-h264-independent-processes:0:153,0,153,foreign_object,6032,3022,9054,0.6662248729843163242765628452,
qualification-v2-gstreamer_custom-cpu-h264-independent-processes,qualification-v2-gstreamer_custom-cpu-h264-independent-processes:0:155,0,155,foreign_object,1042,3774,4816,0.2163621262458471760797342193,
qualification-v2-gstreamer_custom-cpu-h264-independent-processes,qualification-v2-gstreamer_custom-cpu-h264-independent-processes:0:157,0,157,foreign_object,6028,3075,9103,0.6621992749642974843458200593,
qualification-v2-gstreamer_custom-cpu-h264-independent-processes,qualification-v2-gstreamer_custom-cpu-h264-independent-processes:0:159,0,159,foreign_object,1036,3939,4975,0.2082412060301507537688442211,
qualification-v2-gstreamer_custom-cpu-h264-independent-processes,qualification-v2-gstreamer_custom-cpu-h264-independent-processes:0:161,0,161,foreign_object,6358,1483,7841,0.8108659609743655146027292437,
qualification-v2-gstreamer_custom-cpu-h264-independent-processes,qualification-v2-gstreamer_custom-cpu-h264-independent-processes:0:163,0,163,foreign_object,1028,3339,4367,0.2354018777192580719029081749,
qualification-v2-gstreamer_custom-cpu-h264-independent-processes,qualification-v2-gstreamer_custom-cpu-h264-independent-processes:0:165,0,165,foreign_object,6036,2928,8964,0.6733601070950468540829986613,
qualification-v2-gstreamer_custom-cpu-h264-independent-processes,qualification-v2-gstreamer_custom-cpu-h264-independent-processes:0:167,0,167,foreign_object,1024,2725,3749,0.2731395038676980528140837557,
qualification-v2-gstreamer_custom-cpu-h264-independent-processes,qualification-v2-gstreamer_custom-cpu-h264-independent-processes:0:168,0,168,foreign_object,1025,3118,4143,0.2474052618875211199613806420,
qualification-v2-gstreamer_custom-cpu-h264-independent-processes,qualification-v2-gstreamer_custom-cpu-h264-independent-processes:0:169,0,169,foreign_object,6033,2522,8555,0.7052016364699006428988895383,
qualification-v2-gstreamer_custom-cpu-h264-independent-processes,qualification-v2-gstreamer_custom-cpu-h264-independent-processes:0:171,0,171,foreign_object,1352,3308,4660,0.2901287553648068669527896996,
qualification-v2-gstreamer_custom-cpu-h264-independent-processes,qualification-v2-gstreamer_custom-cpu-h264-independent-processes:0:173,0,173,foreign_object,6024,2071,8095,0.7441630636195182211241507103,
qualification-v2-gstreamer_custom-cpu-h264-independent-processes,qualification-v2-gstreamer_custom-cpu-h264-independent-processes:0:175,0,175,foreign_object,1362,2616,3978,0.3423831070889894419306184012,
qualification-v2-gstreamer_custom-cpu-h264-independent-processes,qualification-v2-gstreamer_custom-cpu-h264-independent-processes:0:179,0,179,foreign_object,1036,3034,4070,0.2545454545454545454545454545,
qualification-v2-gstreamer_custom-cpu-h264-independent-processes,qualification-v2-gstreamer_custom-cpu-h264-independent-processes:0:180,0,180,foreign_object,1357,3858,5215,0.2602109300095877277085330777,
qualification-v2-gstreamer_custom-cpu-h264-independent-processes,qualification-v2-gstreamer_custom-cpu-h264-independent-processes:0:183,0,183,foreign_object,1034,3121,4155,0.2488567990373044524669073406,
qualification-v2-gstreamer_custom-cpu-h264-independent-processes,qualification-v2-gstreamer_custom-cpu-h264-independent-processes:0:184,0,184,foreign_object,1356,3789,5145,0.2635568513119533527696793003,
qualification-v2-gstreamer_custom-cpu-h264-independent-processes,qualification-v2-gstreamer_custom-cpu-h264-independent-processes:0:185,0,185,foreign_object,6351,1927,8278,0.7672143029717323024885237980,
qualification-v2-gstreamer_custom-cpu-h264-independent-processes,qualification-v2-gstreamer_custom-cpu-h264-independent-processes:0:187,0,187,foreign_object,1038,3006,4044,0.2566765578635014836795252226,
qualification-v2-gstreamer_custom-cpu-h264-independent-processes,qualification-v2-gstreamer_custom-cpu-h264-independent-processes:0:189,0,189,foreign_object,6034,1405,7439,0.8111305282968140879150423444,
qualification-v2-gstreamer_custom-cpu-h264-independent-processes,qualification-v2-gstreamer_custom-cpu-h264-independent-processes:0:191,0,191,foreign_object,1026,2894,3920,0.2617346938775510204081632653,
qualification-v2-gstreamer_custom-cpu-h264-independent-processes,qualification-v2-gstreamer_custom-cpu-h264-independent-processes:0:193,0,193,foreign_object,6023,2832,8855,0.6801806888763410502540937324,
qualification-v2-gstreamer_custom-cpu-h264-independent-processes,qualification-v2-gstreamer_custom-cpu-h264-independent-processes:0:195,0,195,foreign_object,1358,2174,3532,0.3844847112117780294450736127,
qualification-v2-gstreamer_custom-cpu-h264-independent-processes,qualification-v2-gstreamer_custom-cpu-h264-independent-processes:0:196,0,196,foreign_object,1033,2949,3982,0.2594173782019085886489201406,
qualification-v2-gstreamer_custom-cpu-h264-independent-processes,qualification-v2-gstreamer_custom-cpu-h264-independent-processes:0:197,0,197,foreign_object,6026,2309,8335,0.7229754049190161967606478704,
qualification-v2-gstreamer_custom-cpu-h264-independent-processes,qualification-v2-gstreamer_custom-cpu-h264-independent-processes:0:199,0,199,foreign_object,1356,2827,4183,0.3241692565144633038489122639,
qualification-v2-gstreamer_custom-cpu-h264-independent-processes,qualification-v2-gstreamer_custom-cpu-h264-independent-processes:0:203,0,203,foreign_object,1029,3247,4276,0.2406454630495790458372310571,
qualification-v2-gstreamer_custom-cpu-h264-independent-processes,qualification-v2-gstreamer_custom-cpu-h264-independent-processes:0:204,0,204,foreign_object,1347,4111,5458,0.2467936973250274825943569073,
qualification-v2-gstreamer_custom-cpu-h264-independent-processes,qualification-v2-gstreamer_custom-cpu-h264-independent-processes:0:205,0,205,foreign_object,6048,2116,8164,0.7408133268005879470847623714,
qualification-v2-gstreamer_custom-cpu-h264-independent-processes,qualification-v2-gstreamer_custom-cpu-h264-independent-processes:0:207,0,207,foreign_object,1020,3367,4387,0.2325051287896056530658764532,
qualification-v2-gstreamer_custom-cpu-h264-independent-processes,qualification-v2-gstreamer_custom-cpu-h264-independent-processes:1:31,1,31,foreign_object,1205,3237,4442,0.2712742008104457451598379109,
qualification-v2-gstreamer_custom-cpu-h264-independent-processes,qualification-v2-gstreamer_custom-cpu-h264-independent-processes:1:33,1,33,foreign_object,6031,2869,8900,0.6776404494382022471910112360,
qualification-v2-gstreamer_custom-cpu-h264-independent-processes,qualification-v2-gstreamer_custom-cpu-h264-independent-processes:1:35,1,35,foreign_object,1036,3651,4687,0.2210369106037977384254320461,
qualification-v2-gstreamer_custom-cpu-h264-independent-processes,qualification-v2-gstreamer_custom-cpu-h264-independent-processes:1:37,1,37,foreign_object,6029,2799,8828,0.6829406434073402809243316720,
qualification-v2-gstreamer_custom-cpu-h264-independent-processes,qualification-v2-gstreamer_custom-cpu-h264-independent-processes:1:39,1,39,foreign_object,1037,3755,4792,0.2164023372287145242070116861,
qualification-v2-gstreamer_custom-cpu-h264-independent-processes,qualification-v2-gstreamer_custom-cpu-h264-independent-processes:1:41,1,41,foreign_object,6396,2479,8875,0.7206760563380281690140845070,
qualification-v2-gstreamer_custom-cpu-h264-independent-processes,qualification-v2-gstreamer_custom-cpu-h264-independent-processes:1:43,1,43,foreign_object,1040,3613,4653,0.2235117128734150010745755427,
qualification-v2-gstreamer_custom-cpu-h264-independent-processes,qualification-v2-gstreamer_custom-cpu-h264-independent-processes:1:45,1,45,foreign_object,6035,2723,8758,0.6890842658141128111440968258,
qualification-v2-gstreamer_custom-cpu-h264-independent-processes,qualification-v2-gstreamer_custom-cpu-h264-independent-processes:1:47,1,47,foreign_object,1041,3617,4658,0.2234864748819235723486474882,
qualification-v2-gstreamer_custom-cpu-h264-independent-processes,qualification-v2-gstreamer_custom-cpu-h264-independent-processes:1:49,1,49,foreign_object,6031,2903,8934,0.6750615625699574658607566600,
qualification-v2-gstreamer_custom-cpu-h264-independent-processes,qualification-v2-gstreamer_custom-cpu-h264-independent-processes:1:51,1,51,foreign_object,1404,3311,4715,0.2977730646871686108165429480,
qualification-v2-gstreamer_custom-cpu-h264-independent-processes,qualification-v2-gstreamer_custom-cpu-h264-independent-processes:1:53,1,53,foreign_object,6042,1989,8031,0.7523347030257751214045573403,
qualification-v2-gstreamer_custom-cpu-h264-independent-processes,qualification-v2-gstreamer_custom-cpu-h264-independent-processes:1:55,1,55,foreign_object,1397,2558,3955,0.3532237673830594184576485461,
qualification-v2-gstreamer_custom-cpu-h264-independent-processes,qualification-v2-gstreamer_custom-cpu-h264-independent-processes:1:59,1,59,foreign_object,1049,3143,4192,0.2502385496183206106870229008,
qualification-v2-gstreamer_custom-cpu-h264-independent-processes,qualification-v2-gstreamer_custom-cpu-h264-independent-processes:1:60,1,60,foreign_object,1393,4141,5534,0.2517166606432959884351282978,
qualification-v2-gstreamer_custom-cpu-h264-independent-processes,qualification-v2-gstreamer_custom-cpu-h264-independent-processes:1:61,1,61,foreign_object,6026,2686,8712,0.6916896235078053259871441690,
qualification-v2-gstreamer_custom-cpu-h264-independent-processes,qualification-v2-gstreamer_custom-cpu-h264-independent-processes:1:63,1,63,foreign_object,1041,3492,4533,0.2296492389146260754467240238,
qualification-v2-gstreamer_custom-cpu-h264-independent-processes,qualification-v2-gstreamer_custom-cpu-h264-independent-processes:1:65,1,65,foreign_object,6388,2420,8808,0.7252497729336966394187102634,
qualification-v2-gstreamer_custom-cpu-h264-independent-processes,qualification-v2-gstreamer_custom-cpu-h264-independent-processes:1:67,1,67,foreign_object,1039,3543,4582,0.2267568747271933653426451331,
qualification-v2-gstreamer_custom-cpu-h264-independent-processes,qualification-v2-gstreamer_custom-cpu-h264-independent-processes:1:69,1,69,foreign_object,6039,2224,8263,0.7308483601597482754447537214,
qualification-v2-gstreamer_custom-cpu-h264-independent-processes,qualification-v2-gstreamer_custom-cpu-h264-independent-processes:1:71,1,71,foreign_object,1037,3437,4474,0.2317836388019669199821189093,
qualification-v2-gstreamer_custom-cpu-h264-independent-processes,qualification-v2-gstreamer_custom-cpu-h264-independent-processes:1:73,1,73,foreign_object,6032,2193,8225,0.7333738601823708206686930091,
qualification-v2-gstreamer_custom-cpu-h264-independent-processes,qualification-v2-gstreamer_custom-cpu-h264-independent-processes:1:75,1,75,foreign_object,1390,2848,4238,0.3279848985370457763095799906,
qualification-v2-gstreamer_custom-cpu-h264-independent-processes,qualification-v2-gstreamer_custom-cpu-h264-independent-processes:1:77,1,77,foreign_object,6035,2512,8547,0.7060957060957060957060957061,
qualification-v2-gstreamer_custom-cpu-h264-independent-processes,qualification-v2-gstreamer_custom-cpu-h264-independent-processes:1:79,1,79,foreign_object,1392,2869,4261,0.3266838770241727294062426660,
qualification-v2-gstreamer_custom-cpu-h264-independent-processes,qualification-v2-gstreamer_custom-cpu-h264-independent-processes:1:81,1,81,foreign_object,6027,2854,8881,0.6786397928161243103254138048,
qualification-v2-gstreamer_custom-cpu-h264-independent-processes,qualification-v2-gstreamer_custom-cpu-h264-independent-processes:1:83,1,83,foreign_object,1038,3511,4549,0.2281820180259397669817542317,
qualification-v2-gstreamer_custom-cpu-h264-independent-processes,qualification-v2-gstreamer_custom-cpu-h264-independent-processes:1:85,1,85,foreign_object,6029,3026,9055,0.6658199889563776918829376035,
qualification-v2-gstreamer_custom-cpu-h264-independent-processes,qualification-v2-gstreamer_custom-cpu-h264-independent-processes:1:87,1,87,foreign_object,1055,3768,4823,0.2187435206303130831432718225,
qualification-v2-gstreamer_custom-cpu-h264-independent-processes,qualification-v2-gstreamer_custom-cpu-h264-independent-processes:1:89,1,89,foreign_object,6380,2633,9013,0.7078664151780761122822589593,
qualification-v2-gstreamer_custom-cpu-h264-independent-processes,qualification-v2-gstreamer_custom-cpu-h264-independent-processes:1:91,1,91,foreign_object,1035,3777,4812,0.2150872817955112219451371571,
qualification-v2-gstreamer_custom-cpu-h264-independent-processes,qualification-v2-gstreamer_custom-cpu-h264-independent-processes:1:93,1,93,foreign_object,6043,2914,8957,0.6746678575415875851289494250,
qualification-v2-gstreamer_custom-cpu-h264-independent-processes,qualification-v2-gstreamer_custom-cpu-h264-independent-processes:1:95,1,95,foreign_object,1026,3853,4879,0.2102889936462389833982373437,
qualification-v2-gstreamer_custom-cpu-h264-independent-processes,qualification-v2-gstreamer_custom-cpu-h264-independent-processes:1:97,1,97,foreign_object,6020,2846,8866,0.6789984209339048048725468080,
qualification-v2-gstreamer_custom-cpu-h264-independent-processes,qualification-v2-gstreamer_custom-cpu-h264-independent-processes:1:99,1,99,foreign_object,1382,3430,4812,0.2871986699916874480465502909,
qualification-v2-gstreamer_custom-cpu-h264-independent-processes,qualification-v2-gstreamer_custom-cpu-h264-independent-processes:1:101,1,101,foreign_object,6044,2688,8732,0.6921667430142006413192853871,
qualification-v2-gstreamer_custom-cpu-h264-independent-processes,qualification-v2-gstreamer_custom-cpu-h264-independent-processes:1:103,1,103,foreign_object,1384,2948,4332,0.3194829178208679593721144968,
qualification-v2-gstreamer_custom-cpu-h264-independent-processes,qualification-v2-gstreamer_custom-cpu-h264-independent-processes:1:105,1,105,foreign_object,6030,3019,9049,0.6663719748038457288098132390,
qualification-v2-gstreamer_custom-cpu-h264-independent-processes,qualification-v2-gstreamer_custom-cpu-h264-independent-processes:1:107,1,107,foreign_object,1024,3713,4737,0.2161705720920413763985644923,
qualification-v2-gstreamer_custom-cpu-h264-independent-processes,qualification-v2-gstreamer_custom-cpu-h264-independent-processes:1:109,1,109,foreign_object,6025,2838,8863,0.6797923953514611305427056301,
qualification-v2-gstreamer_custom-cpu-h264-independent-processes,qualification-v2-gstreamer_custom-cpu-h264-independent-processes:1:111,1,111,foreign_object,1035,3807,4842,0.2137546468401486988847583643,
qualification-v2-gstreamer_custom-cpu-h264-independent-processes,qualification-v2-gstreamer_custom-cpu-h264-independent-processes:1:113,1,113,foreign_object,6378,2419,8797,0.7250198931453904740252358759,
qualification-v2-gstreamer_custom-cpu-h264-independent-processes,qualification-v2-gstreamer_custom-cpu-h264-independent-processes:1:115,1,115,foreign_object,1039,3527,4566,0.2275514673674989049496276829,
qualification-v2-gstreamer_custom-cpu-h264-independent-processes,qualification-v2-gstreamer_custom-cpu-h264-independent-processes:1:117,1,117,foreign_object,6041,2674,8715,0.6931726907630522088353413655,
qualification-v2-gstreamer_custom-cpu-h264-independent-processes,qualification-v2-gstreamer_custom-cpu-h264-independent-processes:1:119,1,119,foreign_object,1023,3569,4592,0.2227787456445993031358885017,
qualification-v2-gstreamer_custom-cpu-h264-independent-processes,qualification-v2-gstreamer_custom-cpu-h264-independent-processes:1:121,1,121,foreign_object,6033,2590,8623,0.6996404963469790096254203873,
qualification-v2-gstreamer_custom-cpu-h264-independent-processes,qualification-v2-gstreamer_custom-cpu-h264-independent-processes:1:123,1,123,foreign_object,1375,3287,4662,0.2949377949377949377949377949,
qualification-v2-gstreamer_custom-cpu-h264-independent-processes,qualification-v2-gstreamer_custom-cpu-h264-independent-processes:1:125,1,125,foreign_object,6025,1750,7775,0.7749196141479099678456591640,
qualification-v2-gstreamer_custom-cpu-h264-independent-processes,qualification-v2-gstreamer_custom-cpu-h264-independent-processes:1:127,1,127,foreign_object,1374,2641,4015,0.3422166874221668742216687422,
qualification-v2-gstreamer_custom-cpu-h264-independent-processes,qualification-v2-gstreamer_custom-cpu-h264-independent-processes:1:129,1,129,foreign_object,6026,3876,9902,0.6085639264794990910927085437,
qualification-v2-gstreamer_custom-cpu-h264-independent-processes,qualification-v2-gstreamer_custom-cpu-h264-independent-processes:1:131,1,131,foreign_object,1029,2828,3857,0.2667876588021778584392014519,
qualification-v2-gstreamer_custom-cpu-h264-independent-processes,qualification-v2-gstreamer_custom-cpu-h264-independent-processes:1:132,1,132,foreign_object,1377,3591,4968,0.2771739130434782608695652174,
qualification-v2-gstreamer_custom-cpu-h264-independent-processes,qualification-v2-gstreamer_custom-cpu-h264-independent-processes:1:133,1,133,foreign_object,6023,3792,9815,0.6136525725929699439633214468,
qualification-v2-gstreamer_custom-cpu-h264-independent-processes,qualification-v2-gstreamer_custom-cpu-h264-independent-processes:1:136,1,136,foreign_object,1371,3513,4884,0.2807125307125307125307125307,
qualification-v2-gstreamer_custom-cpu-h264-independent-processes,qualification-v2-gstreamer_custom-cpu-h264-independent-processes:1:137,1,137,foreign_object,6366,3345,9711,0.6555452579548965091133765833,
qualification-v2-gstreamer_custom-cpu-h264-independent-processes,qualification-v2-gstreamer_custom-cpu-h264-independent-processes:1:141,1,141,foreign_object,6035,3296,9331,0.6467688350659093344764762619,
qualification-v2-gstreamer_custom-cpu-h264-independent-processes,qualification-v2-gstreamer_custom-cpu-h264-independent-processes:1:145,1,145,foreign_object,6025,2970,8995,0.6698165647581989994441356309,
qualification-v2-gstreamer_custom-cpu-h264-independent-processes,qualification-v2-gstreamer_custom-cpu-h264-independent-processes:1:147,1,147,foreign_object,1364,3578,4942,0.2760016187778227438284095508,
qualification-v2-gstreamer_custom-cpu-h264-independent-processes,qualification-v2-gstreamer_custom-cpu-h264-independent-processes:1:149,1,149,foreign_object,6031,2509,8540,0.7062060889929742388758782201,
qualification-v2-gstreamer_custom-cpu-h264-independent-processes,qualification-v2-gstreamer_custom-cpu-h264-independent-processes:1:151,1,151,foreign_object,1361,2894,4255,0.3198589894242068155111633373,
qualification-v2-gstreamer_custom-cpu-h264-independent-processes,qualification-v2-gstreamer_custom-cpu-h264-independent-processes:1:153,1,153,foreign_object,6029,2690,8719,0.6914783805482280077990595252,
qualification-v2-gstreamer_custom-cpu-h264-independent-processes,qualification-v2-gstreamer_custom-cpu-h264-independent-processes:1:155,1,155,foreign_object,1028,3490,4518,0.2275343072155821159805223550,
qualification-v2-gstreamer_custom-cpu-h264-independent-processes,qualification-v2-gstreamer_custom-cpu-h264-independent-processes:1:157,1,157,foreign_object,6022,2807,8829,0.6820704496545475138747310001,
qualification-v2-gstreamer_custom-cpu-h264-independent-processes,qualification-v2-gstreamer_custom-cpu-h264-independent-processes:1:159,1,159,foreign_object,1019,3680,4699,0.2168546499255160672483507129,
qualification-v2-gstreamer_custom-cpu-h264-independent-processes,qualification-v2-gstreamer_custom-cpu-h264-independent-processes:1:161,1,161,foreign_object,6362,2218,8580,0.7414918414918414918414918415,
qualification-v2-gstreamer_custom-cpu-h264-independent-processes,qualification-v2-gstreamer_custom-cpu-h264-independent-processes:1:163,1,163,foreign_object,1037,2944,3981,0.2604873147450389349409696056,
qualification-v2-gstreamer_custom-cpu-h264-independent-processes,qualification-v2-gstreamer_custom-cpu-h264-independent-processes:1:165,1,165,foreign_object,6039,1456,7495,0.8057371581054036024016010674,
qualification-v2-gstreamer_custom-cpu-h264-independent-processes,qualification-v2-gstreamer_custom-cpu-h264-independent-processes:1:167,1,167,foreign_object,1031,2964,3995,0.2580725907384230287859824781,
qualification-v2-gstreamer_custom-cpu-h264-independent-processes,qualification-v2-gstreamer_custom-cpu-h264-independent-processes:1:169,1,169,foreign_object,6034,3174,9208,0.6552997393570807993049522155,
qualification-v2-gstreamer_custom-cpu-h264-independent-processes,qualification-v2-gstreamer_custom-cpu-h264-independent-processes:1:171,1,171,foreign_object,1357,2210,3567,0.3804317353518362769834594898,
qualification-v2-gstreamer_custom-cpu-h264-independent-processes,qualification-v2-gstreamer_custom-cpu-h264-independent-processes:1:173,1,173,foreign_object,6038,2815,8853,0.6820286908392635264881960917,
qualification-v2-gstreamer_custom-cpu-h264-independent-processes,qualification-v2-gstreamer_custom-cpu-h264-independent-processes:1:175,1,175,foreign_object,1358,3282,4640,0.2926724137931034482758620690,
qualification-v2-gstreamer_custom-cpu-h264-independent-processes,qualification-v2-gstreamer_custom-cpu-h264-independent-processes:1:177,1,177,foreign_object,6025,2949,8974,0.6713839982170715400044573211,
qualification-v2-gstreamer_custom-cpu-h264-independent-processes,qualification-v2-gstreamer_custom-cpu-h264-independent-processes:1:179,1,179,foreign_object,1024,3747,4771,0.2146300565919094529448752882,
qualification-v2-gstreamer_custom-cpu-h264-independent-processes,qualification-v2-gstreamer_custom-cpu-h264-independent-processes:1:181,1,181,foreign_object,6023,2849,8872,0.6788773669972948602344454463,
qualification-v2-gstreamer_custom-cpu-h264-independent-processes,qualification-v2-gstreamer_custom-cpu-h264-independent-processes:1:183,1,183,foreign_object,1043,3780,4823,0.2162554426705370101596516691,
qualification-v2-gstreamer_custom-cpu-h264-independent-processes,qualification-v2-gstreamer_custom-cpu-h264-independent-processes:1:185,1,185,foreign_object,6352,2579,8931,0.7112305452916806628597021610,
qualification-v2-gstreamer_custom-cpu-h264-independent-processes,qualification-v2-gstreamer_custom-cpu-h264-independent-processes:1:187,1,187,foreign_object,1035,3796,4831,0.2142413578969157524322086525,
qualification-v2-gstreamer_custom-cpu-h264-independent-processes,qualification-v2-gstreamer_custom-cpu-h264-independent-processes:1:189,1,189,foreign_object,6033,2186,8219,0.7340309040029200632680374741,
qualification-v2-gstreamer_custom-cpu-h264-independent-processes,qualification-v2-gstreamer_custom-cpu-h264-independent-processes:1:191,1,191,foreign_object,1022,3389,4411,0.2316934935388800725459079574,
qualification-v2-gstreamer_custom-cpu-h264-independent-processes,qualification-v2-gstreamer_custom-cpu-h264-independent-processes:1:193,1,193,foreign_object,6022,1705,7727,0.7793451533583538242526206807,
qualification-v2-gstreamer_custom-cpu-h264-independent-processes,qualification-v2-gstreamer_custom-cpu-h264-independent-processes:1:195,1,195,foreign_object,1357,2640,3997,0.3395046284713535151363522642,
qualification-v2-gstreamer_custom-cpu-h264-independent-processes,qualification-v2-gstreamer_custom-cpu-h264-independent-processes:1:197,1,197,foreign_object,6032,3320,9352,0.6449957228400342172797262618,
qualification-v2-gstreamer_custom-cpu-h264-independent-processes,qualification-v2-gstreamer_custom-cpu-h264-independent-processes:1:199,1,199,foreign_object,1356,2360,3716,0.3649085037674919268030139935,
qualification-v2-gstreamer_custom-cpu-h264-independent-processes,qualification-v2-gstreamer_custom-cpu-h264-independent-processes:1:201,1,201,foreign_object,6031,3393,9424,0.6399617996604414261460101868,
qualification-v2-gstreamer_custom-cpu-h264-independent-processes,qualification-v2-gstreamer_custom-cpu-h264-independent-processes:1:204,1,204,foreign_object,1350,2911,4261,0.3168270359070640694672612063,
qualification-v2-gstreamer_custom-cpu-h264-independent-processes,qualification-v2-gstreamer_custom-cpu-h264-independent-processes:1:205,1,205,foreign_object,6030,2432,8462,0.7125974946821082486409832191,
qualification-v2-gstreamer_custom-cpu-h264-independent-processes,qualification-v2-gstreamer_custom-cpu-h264-independent-processes:1:208,1,208,foreign_object,1356,3110,4466,0.3036274070756829377519032691,
qualification-v2-gstreamer_custom-cpu-h264-independent-processes,qualification-v2-gstreamer_custom-cpu-h264-independent-processes:2:31,2,31,foreign_object,1209,2499,3708,0.3260517799352750809061488673,
qualification-v2-gstreamer_custom-cpu-h264-independent-processes,qualification-v2-gstreamer_custom-cpu-h264-independent-processes:2:32,2,32,foreign_object,1024,3497,4521,0.2264985622649856226498562265,
qualification-v2-gstreamer_custom-cpu-h264-independent-processes,qualification-v2-gstreamer_custom-cpu-h264-independent-processes:2:33,2,33,foreign_object,6030,3778,9808,0.6148042414355628058727569331,
qualification-v2-gstreamer_custom-cpu-h264-independent-processes,qualification-v2-gstreamer_custom-cpu-h264-independent-processes:2:36,2,36,foreign_object,1392,3337,4729,0.2943539860435610065552971030,
qualification-v2-gstreamer_custom-cpu-h264-independent-processes,qualification-v2-gstreamer_custom-cpu-h264-independent-processes:2:37,2,37,foreign_object,6024,3696,9720,0.6197530864197530864197530864,
qualification-v2-gstreamer_custom-cpu-h264-independent-processes,qualification-v2-gstreamer_custom-cpu-h264-independent-processes:2:40,2,40,foreign_object,1399,3265,4664,0.2999571183533447684391080617,
qualification-v2-gstreamer_custom-cpu-h264-independent-processes,qualification-v2-gstreamer_custom-cpu-h264-independent-processes:2:41,2,41,foreign_object,6397,3392,9789,0.6534886096639084686893451834,
qualification-v2-gstreamer_custom-cpu-h264-independent-processes,qualification-v2-gstreamer_custom-cpu-h264-independent-processes:2:44,2,44,foreign_object,1035,3715,4750,0.2178947368421052631578947368,
qualification-v2-gstreamer_custom-cpu-h264-independent-processes,qualification-v2-gstreamer_custom-cpu-h264-independent-processes:2:45,2,45,foreign_object,6042,3679,9721,0.6215409937249254191955560128,
qualification-v2-gstreamer_custom-cpu-h264-independent-processes,qualification-v2-gstreamer_custom-cpu-h264-independent-processes:2:48,2,48,foreign_object,1026,3619,4645,0.2208826695371367061356297094,
qualification-v2-gstreamer_custom-cpu-h264-independent-processes,qualification-v2-gstreamer_custom-cpu-h264-independent-processes:2:49,2,49,foreign_object,6024,3642,9666,0.6232153941651148355058969584,
qualification-v2-gstreamer_custom-cpu-h264-independent-processes,qualification-v2-gstreamer_custom-cpu-h264-independent-processes:2:53,2,53,foreign_object,6034,3231,9265,0.6512682137075013491635186185,
qualification-v2-gstreamer_custom-cpu-h264-independent-processes,qualification-v2-gstreamer_custom-cpu-h264-independent-processes:2:57,2,57,foreign_object,6029,3515,9544,0.6317057837384744341994970662,
qualification-v2-gstreamer_custom-cpu-h264-independent-processes,qualification-v2-gstreamer_custom-cpu-h264-independent-processes:2:59,2,59,foreign_object,1041,4195,5236,0.1988158899923605805958747135,
qualification-v2-gstreamer_custom-cpu-h264-independent-processes,qualification-v2-gstreamer_custom-cpu-h264-independent-processes:2:61,2,61,foreign_object,6028,3599,9627,0.6261556040303313597174613067,
qualification-v2-gstreamer_custom-cpu-h264-independent-processes,qualification-v2-gstreamer_custom-cpu-h264-independent-processes:2:64,2,64,foreign_object,1390,3178,4568,0.3042907180385288966725043783,
qualification-v2-gstreamer_custom-cpu-h264-independent-processes,qualification-v2-gstreamer_custom-cpu-h264-independent-processes:2:65,2,65,foreign_object,6388,3340,9728,0.6566611842105263157894736842,
qualification-v2-gstreamer_custom-cpu-h264-independent-processes,qualification-v2-gstreamer_custom-cpu-h264-independent-processes:2:69,2,69,foreign_object,6039,3280,9319,0.6480309046034982294237579139,
qualification-v2-gstreamer_custom-cpu-h264-independent-processes,qualification-v2-gstreamer_custom-cpu-h264-independent-processes:2:73,2,73,foreign_object,6031,3309,9340,0.6457173447537473233404710921,
qualification-v2-gstreamer_custom-cpu-h264-independent-processes,qualification-v2-gstreamer_custom-cpu-h264-independent-processes:2:75,2,75,foreign_object,1399,3618,5017,0.2788519035280047837352999801,
qualification-v2-gstreamer_custom-cpu-h264-independent-processes,qualification-v2-gstreamer_custom-cpu-h264-independent-processes:2:77,2,77,foreign_object,6025,3520,9545,0.6312205343111576741749607124,
qualification-v2-gstreamer_custom-cpu-h264-independent-processes,qualification-v2-gstreamer_custom-cpu-h264-independent-processes:2:79,2,79,foreign_object,1391,3921,5312,0.2618599397590361445783132530,
qualification-v2-gstreamer_custom-cpu-h264-independent-processes,qualification-v2-gstreamer_custom-cpu-h264-independent-processes:2:81,2,81,foreign_object,6029,3788,9817,0.6141387389222776815727819089,
qualification-v2-gstreamer_custom-cpu-h264-independent-processes,qualification-v2-gstreamer_custom-cpu-h264-independent-processes:2:85,2,85,foreign_object,6030,3871,9901,0.6090293909706090293909706090,
qualification-v2-gstreamer_custom-cpu-h264-independent-processes,qualification-v2-gstreamer_custom-cpu-h264-independent-processes:2:88,2,88,foreign_object,1387,3560,4947,0.2803719425914695775217303416,
qualification-v2-gstreamer_custom-cpu-h264-independent-processes,qualification-v2-gstreamer_custom-cpu-h264-independent-processes:2:89,2,89,foreign_object,6380,3526,9906,0.6440541086210377548960226126,
qualification-v2-gstreamer_custom-cpu-h264-independent-processes,qualification-v2-gstreamer_custom-cpu-h264-independent-processes:2:93,2,93,foreign_object,6027,3813,9840,0.6125,
qualification-v2-gstreamer_custom-cpu-h264-independent-processes,qualification-v2-gstreamer_custom-cpu-h264-independent-processes:2:97,2,97,foreign_object,6032,3729,9761,0.6179694703411535703309087184,
qualification-v2-gstreamer_custom-cpu-h264-independent-processes,qualification-v2-gstreamer_custom-cpu-h264-independent-processes:2:101,2,101,foreign_object,6040,3681,9721,0.6213352535747351095566299763,
qualification-v2-gstreamer_custom-cpu-h264-independent-processes,qualification-v2-gstreamer_custom-cpu-h264-independent-processes:2:105,2,105,foreign_object,6030,3603,9633,0.6259732170663344752413578325,
qualification-v2-gstreamer_custom-cpu-h264-independent-processes,qualification-v2-gstreamer_custom-cpu-h264-independent-processes:2:108,2,108,foreign_object,1382,3419,4801,0.2878566965215580087481774630,
qualification-v2-gstreamer_custom-cpu-h264-independent-processes,qualification-v2-gstreamer_custom-cpu-h264-independent-processes:2:109,2,109,foreign_object,6031,3429,9460,0.6375264270613107822410147992,
qualification-v2-gstreamer_custom-cpu-h264-independent-processes,qualification-v2-gstreamer_custom-cpu-h264-independent-processes:2:112,2,112,foreign_object,1383,2969,4352,0.3177849264705882352941176471,
qualification-v2-gstreamer_custom-cpu-h264-independent-processes,qualification-v2-gstreamer_custom-cpu-h264-independent-processes:2:113,2,113,foreign_object,6373,3054,9427,0.6760369152434496658533998091,
qualification-v2-gstreamer_custom-cpu-h264-independent-processes,qualification-v2-gstreamer_custom-cpu-h264-independent-processes:2:117,2,117,foreign_object,6023,3356,9379,0.6421793368162917155347051925,
qualification-v2-gstreamer_custom-cpu-h264-independent-processes,qualification-v2-gstreamer_custom-cpu-h264-independent-processes:2:121,2,121,foreign_object,6035,3247,9282,0.6501831501831501831501831502,
qualification-v2-gstreamer_custom-cpu-h264-independent-processes,qualification-v2-gstreamer_custom-cpu-h264-independent-processes:2:123,2,123,foreign_object,1369,3686,5055,0.2708209693372898120672601385,
qualification-v2-gstreamer_custom-cpu-h264-independent-processes,qualification-v2-gstreamer_custom-cpu-h264-independent-processes:2:125,2,125,foreign_object,6029,2932,8961,0.6728043745117732395937953353,
qualification-v2-gstreamer_custom-cpu-h264-independent-processes,qualification-v2-gstreamer_custom-cpu-h264-independent-processes:2:127,2,127,foreign_object,1381,3314,4695,0.2941427050053248136315228967,
qualification-v2-gstreamer_custom-cpu-h264-independent-processes,qualification-v2-gstreamer_custom-cpu-h264-independent-processes:2:129,2,129,foreign_object,6028,3029,9057,0.6655625483051783151153803688,
qualification-v2-gstreamer_custom-cpu-h264-independent-processes,qualification-v2-gstreamer_custom-cpu-h264-independent-processes:2:131,2,131,foreign_object,1031,3847,4878,0.2113571135711357113571135711,
qualification-v2-gstreamer_custom-cpu-h264-independent-processes,qualification-v2-gstreamer_custom-cpu-h264-independent-processes:2:133,2,133,foreign_object,6023,2941,8964,0.6719098616688978134761267291,
qualification-v2-gstreamer_custom-cpu-h264-independent-processes,qualification-v2-gstreamer_custom-cpu-h264-independent-processes:2:135,2,135,foreign_object,1034,3855,4889,0.2114951932910615667825731233,
qualification-v2-gstreamer_custom-cpu-h264-independent-processes,qualification-v2-gstreamer_custom-cpu-h264-independent-processes:2:137,2,137,foreign_object,6368,2459,8827,0.7214229069899172991956497111,
qualification-v2-gstreamer_custom-cpu-h264-independent-processes,qualification-v2-gstreamer_custom-cpu-h264-independent-processes:2:139,2,139,foreign_object,1023,3632,4655,0.2197636949516648764769065521,
qualification-v2-gstreamer_custom-cpu-h264-independent-processes,qualification-v2-gstreamer_custom-cpu-h264-independent-processes:2:141,2,141,foreign_object,6035,2230,8265,0.7301875378100423472474289171,
qualification-v2-gstreamer_custom-cpu-h264-independent-processes,qualification-v2-gstreamer_custom-cpu-h264-independent-processes:2:143,2,143,foreign_object,1036,3359,4395,0.2357224118316268486916951081,
qualification-v2-gstreamer_custom-cpu-h264-independent-processes,qualification-v2-gstreamer_custom-cpu-h264-independent-processes:2:145,2,145,foreign_object,6026,1869,7895,0.7632678910702976567447751742,
qualification-v2-gstreamer_custom-cpu-h264-independent-processes,qualification-v2-gstreamer_custom-cpu-h264-independent-processes:2:147,2,147,foreign_object,1364,2697,4061,0.3358778625954198473282442748,
qualification-v2-gstreamer_custom-cpu-h264-independent-processes,qualification-v2-gstreamer_custom-cpu-h264-independent-processes:2:149,2,149,foreign_object,6036,3486,9522,0.6339004410838059231253938248,
qualification-v2-gstreamer_custom-cpu-h264-independent-processes,qualification-v2-gstreamer_custom-cpu-h264-independent-processes:2:151,2,151,foreign_object,1367,2423,3790,0.3606860158311345646437994723,
qualification-v2-gstreamer_custom-cpu-h264-independent-processes,qualification-v2-gstreamer_custom-cpu-h264-independent-processes:2:153,2,153,foreign_object,6027,3648,9675,0.6229457364341085271317829457,
qualification-v2-gstreamer_custom-cpu-h264-independent-processes,qualification-v2-gstreamer_custom-cpu-h264-independent-processes:2:156,2,156,foreign_object,1365,3146,4511,0.3025936599423631123919308357,
qualification-v2-gstreamer_custom-cpu-h264-independent-processes,qualification-v2-gstreamer_custom-cpu-h264-independent-processes:2:157,2,157,foreign_object,6032,3630,9662,0.6243013868764231008072862761,
qualification-v2-gstreamer_custom-cpu-h264-independent-processes,qualification-v2-gstreamer_custom-cpu-h264-independent-processes:2:160,2,160,foreign_object,1366,3367,4733,0.2886118740756391295161631101,
qualification-v2-gstreamer_custom-cpu-h264-independent-processes,qualification-v2-gstreamer_custom-cpu-h264-independent-processes:2:161,2,161,foreign_object,6366,2848,9214,0.6909051443455611026698502279,
qualification-v2-gstreamer_custom-cpu-h264-independent-processes,qualification-v2-gstreamer_custom-cpu-h264-independent-processes:2:164,2,164,foreign_object,1024,3060,4084,0.2507345739471106758080313418,
qualification-v2-gstreamer_custom-cpu-h264-independent-processes,qualification-v2-gstreamer_custom-cpu-h264-independent-processes:2:165,2,165,foreign_object,6022,2213,8235,0.7312689738919247115968427444,
qualification-v2-gstreamer_custom-cpu-h264-independent-processes,qualification-v2-gstreamer_custom-cpu-h264-independent-processes:2:168,2,168,foreign_object,1028,2648,3676,0.2796517954298150163220892274,
qualification-v2-gstreamer_custom-cpu-h264-independent-processes,qualification-v2-gstreamer_custom-cpu-h264-independent-processes:2:169,2,169,foreign_object,6029,1717,7746,0.7783372063000258197779499096,
qualification-v2-gstreamer_custom-cpu-h264-independent-processes,qualification-v2-gstreamer_custom-cpu-h264-independent-processes:2:171,2,171,foreign_object,1368,2652,4020,0.3402985074626865671641791045,
qualification-v2-gstreamer_custom-cpu-h264-independent-processes,qualification-v2-gstreamer_custom-cpu-h264-independent-processes:2:173,2,173,foreign_object,6033,3447,9480,0.6363924050632911392405063291,
qualification-v2-gstreamer_custom-cpu-h264-independent-processes,qualification-v2-gstreamer_custom-cpu-h264-independent-processes:2:175,2,175,foreign_object,1356,2408,3764,0.3602550478214665249734325186,
qualification-v2-gstreamer_custom-cpu-h264-independent-processes,qualification-v2-gstreamer_custom-cpu-h264-independent-processes:2:177,2,177,foreign_object,6027,3537,9564,0.6301756587202007528230865747,
qualification-v2-gstreamer_custom-cpu-h264-independent-processes,qualification-v2-gstreamer_custom-cpu-h264-independent-processes:2:180,2,180,foreign_object,1358,3071,4429,0.3066154888236622262361706932,
qualification-v2-gstreamer_custom-cpu-h264-independent-processes,qualification-v2-gstreamer_custom-cpu-h264-independent-processes:2:181,2,181,foreign_object,6025,3451,9476,0.6358168003376952300548754749,
qualification-v2-gstreamer_custom-cpu-h264-independent-processes,qualification-v2-gstreamer_custom-cpu-h264-independent-processes:2:184,2,184,foreign_object,1354,3027,4381,0.3090618580232823556265692764,
qualification-v2-gstreamer_custom-cpu-h264-independent-processes,qualification-v2-gstreamer_custom-cpu-h264-independent-processes:2:185,2,185,foreign_object,6356,3175,9531,0.6668765082362816073864232504,
qualification-v2-gstreamer_custom-cpu-h264-independent-processes,qualification-v2-gstreamer_custom-cpu-h264-independent-processes:2:188,2,188,foreign_object,1024,3501,4525,0.2262983425414364640883977901,
qualification-v2-gstreamer_custom-cpu-h264-independent-processes,qualification-v2-gstreamer_custom-cpu-h264-independent-processes:2:189,2,189,foreign_object,6030,2930,8960,0.6729910714285714285714285714,
qualification-v2-gstreamer_custom-cpu-h264-independent-processes,qualification-v2-gstreamer_custom-cpu-h264-independent-processes:2:192,2,192,foreign_object,1030,2989,4019,0.2562826573774570788753421249,
qualification-v2-gstreamer_custom-cpu-h264-independent-processes,qualification-v2-gstreamer_custom-cpu-h264-independent-processes:2:193,2,193,foreign_object,6027,2451,8478,0.7108987968860580325548478415,
qualification-v2-gstreamer_custom-cpu-h264-independent-processes,qualification-v2-gstreamer_custom-cpu-h264-independent-processes:2:195,2,195,foreign_object,1350,3241,4591,0.2940535830973644086255717709,
qualification-v2-gstreamer_custom-cpu-h264-independent-processes,qualification-v2-gstreamer_custom-cpu-h264-independent-processes:2:197,2,197,foreign_object,6038,1904,7942,0.7602618987660538907076303198,
qualification-v2-gstreamer_custom-cpu-h264-independent-processes,qualification-v2-gstreamer_custom-cpu-h264-independent-processes:2:199,2,199,foreign_object,1353,2618,3971,0.3407202216066481994459833795,
qualification-v2-gstreamer_custom-cpu-h264-independent-processes,qualification-v2-gstreamer_custom-cpu-h264-independent-processes:2:201,2,201,foreign_object,6025,3959,9984,0.6034655448717948717948717949,
qualification-v2-gstreamer_custom-cpu-h264-independent-processes,qualification-v2-gstreamer_custom-cpu-h264-independent-processes:2:203,2,203,foreign_object,1043,2877,3920,0.2660714285714285714285714286,
qualification-v2-gstreamer_custom-cpu-h264-independent-processes,qualification-v2-gstreamer_custom-cpu-h264-independent-processes:2:204,2,204,foreign_object,1353,3657,5010,0.2700598802395209580838323353,
qualification-v2-gstreamer_custom-cpu-h264-independent-processes,qualification-v2-gstreamer_custom-cpu-h264-independent-processes:2:205,2,205,foreign_object,6028,2632,8660,0.6960739030023094688221709007,
qualification-v2-gstreamer_custom-cpu-h264-independent-processes,qualification-v2-gstreamer_custom-cpu-h264-independent-processes:2:208,2,208,foreign_object,1356,3693,5049,0.2685680332739156268568033274,
qualification-v2-gstreamer_custom-cpu-h264-independent-processes,qualification-v2-gstreamer_custom-cpu-h264-independent-processes:3:31,3,31,foreign_object,1053,3019,4072,0.2585952848722986247544204322,
qualification-v2-gstreamer_custom-cpu-h264-independent-processes,qualification-v2-gstreamer_custom-cpu-h264-independent-processes:3:35,3,35,foreign_object,1033,3315,4348,0.2375804967801287948482060718,
qualification-v2-gstreamer_custom-cpu-h264-independent-processes,qualification-v2-gstreamer_custom-cpu-h264-independent-processes:3:36,3,36,foreign_object,1394,4132,5526,0.2522620340209916757148027506,
qualification-v2-gstreamer_custom-cpu-h264-independent-processes,qualification-v2-gstreamer_custom-cpu-h264-independent-processes:3:37,3,37,foreign_object,6030,2407,8437,0.7147090197937655564774208842,
qualification-v2-gstreamer_custom-cpu-h264-independent-processes,qualification-v2-gstreamer_custom-cpu-h264-independent-processes:3:39,3,39,foreign_object,1043,3441,4484,0.2326048171275646743978590544,
qualification-v2-gstreamer_custom-cpu-h264-independent-processes,qualification-v2-gstreamer_custom-cpu-h264-independent-processes:3:41,3,41,foreign_object,6402,2133,8535,0.7500878734622144112478031634,
qualification-v2-gstreamer_custom-cpu-h264-independent-processes,qualification-v2-gstreamer_custom-cpu-h264-independent-processes:3:43,3,43,foreign_object,1043,3182,4225,0.2468639053254437869822485207,
qualification-v2-gstreamer_custom-cpu-h264-independent-processes,qualification-v2-gstreamer_custom-cpu-h264-independent-processes:3:45,3,45,foreign_object,6032,2357,8389,0.7190368339492192156395279533,
qualification-v2-gstreamer_custom-cpu-h264-independent-processes,qualification-v2-gstreamer_custom-cpu-h264-independent-processes:3:47,3,47,foreign_object,1035,3247,4282,0.2417094815506772536198038300,
qualification-v2-gstreamer_custom-cpu-h264-independent-processes,qualification-v2-gstreamer_custom-cpu-h264-independent-processes:3:49,3,49,foreign_object,6032,2562,8594,0.7018850360716779148242960205,
qualification-v2-gstreamer_custom-cpu-h264-independent-processes,qualification-v2-gstreamer_custom-cpu-h264-independent-processes:3:51,3,51,foreign_object,1390,2963,4353,0.3193200091890650126349643924,
qualification-v2-gstreamer_custom-cpu-h264-independent-processes,qualification-v2-gstreamer_custom-cpu-h264-independent-processes:3:53,3,53,foreign_object,6036,1601,7637,0.7903627078695822967133691240,
qualification-v2-gstreamer_custom-cpu-h264-independent-processes,qualification-v2-gstreamer_custom-cpu-h264-independent-processes:3:55,3,55,foreign_object,1400,2459,3859,0.3627882871210158072039388443,
qualification-v2-gstreamer_custom-cpu-h264-independent-processes,qualification-v2-gstreamer_custom-cpu-h264-independent-processes:3:57,3,57,foreign_object,6027,4103,10130,0.5949654491609081934846989141,
qualification-v2-gstreamer_custom-cpu-h264-independent-processes,qualification-v2-gstreamer_custom-cpu-h264-independent-processes:3:59,3,59,foreign_object,1028,2822,3850,0.2670129870129870129870129870,
qualification-v2-gstreamer_custom-cpu-h264-independent-processes,qualification-v2-gstreamer_custom-cpu-h264-independent-processes:3:60,3,60,foreign_object,1396,3631,5027,0.2777004177441814203302168291,
qualification-v2-gstreamer_custom-cpu-h264-independent-processes,qualification-v2-gstreamer_custom-cpu-h264-independent-processes:3:64,3,64,foreign_object,1397,3933,5330,0.2621013133208255159474671670,
qualification-v2-gstreamer_custom-cpu-h264-independent-processes,qualification-v2-gstreamer_custom-cpu-h264-independent-processes:3:65,3,65,foreign_object,6390,2071,8461,0.7552298782649804987590119371,
qualification-v2-gstreamer_custom-cpu-h264-independent-processes,qualification-v2-gstreamer_custom-cpu-h264-independent-processes:3:67,3,67,foreign_object,1041,3058,4099,0.2539643815564771895584288851,
qualification-v2-gstreamer_custom-cpu-h264-independent-processes,qualification-v2-gstreamer_custom-cpu-h264-independent-processes:3:69,3,69,foreign_object,6028,1839,7867,0.7662387186983602389729248761,
qualification-v2-gstreamer_custom-cpu-h264-independent-processes,qualification-v2-gstreamer_custom-cpu-h264-independent-processes:3:71,3,71,foreign_object,1037,3045,4082,0.2540421362077413032827045566,
qualification-v2-gstreamer_custom-cpu-h264-independent-processes,qualification-v2-gstreamer_custom-cpu-h264-independent-processes:3:73,3,73,foreign_object,6034,3869,9903,0.6093103100070685650812884984,
qualification-v2-gstreamer_custom-cpu-h264-independent-processes,qualification-v2-gstreamer_custom-cpu-h264-independent-processes:3:75,3,75,foreign_object,1388,2513,3901,0.3558062035375544732119969239,
qualification-v2-gstreamer_custom-cpu-h264-independent-processes,qualification-v2-gstreamer_custom-cpu-h264-independent-processes:3:77,3,77,foreign_object,6036,4126,10162,0.5939775634717575280456603031,
qualification-v2-gstreamer_custom-cpu-h264-independent-processes,qualification-v2-gstreamer_custom-cpu-h264-independent-processes:3:80,3,80,foreign_object,1030,4113,5143,0.2002722146607038693369628621,
qualification-v2-gstreamer_custom-cpu-h264-independent-processes,qualification-v2-gstreamer_custom-cpu-h264-independent-processes:3:84,3,84,foreign_object,1384,4109,5493,0.2519570362279264518478062989,
qualification-v2-gstreamer_custom-cpu-h264-independent-processes,qualification-v2-gstreamer_custom-cpu-h264-independent-processes:3:85,3,85,foreign_object,6026,2698,8724,0.6907381934892251260889500229,
qualification-v2-gstreamer_custom-cpu-h264-independent-processes,qualification-v2-gstreamer_custom-cpu-h264-independent-processes:3:87,3,87,foreign_object,1041,3466,4507,0.2309740403816285777679165742,
qualification-v2-gstreamer_custom-cpu-h264-independent-processes,qualification-v2-gstreamer_custom-cpu-h264-independent-processes:3:89,3,89,foreign_object,6389,2339,8728,0.7320119156736938588450962420,
qualification-v2-gstreamer_custom-cpu-h264-independent-processes,qualification-v2-gstreamer_custom-cpu-h264-independent-processes:3:91,3,91,foreign_object,1049,3391,4440,0.2362612612612612612612612613,
qualification-v2-gstreamer_custom-cpu-h264-independent-processes,qualification-v2-gstreamer_custom-cpu-h264-independent-processes:3:93,3,93,foreign_object,6031,2556,8587,0.7023407476417840922324443927,
qualification-v2-gstreamer_custom-cpu-h264-independent-processes,qualification-v2-gstreamer_custom-cpu-h264-independent-processes:3:95,3,95,foreign_object,1037,3484,4521,0.2293740322937403229374032294,
qualification-v2-gstreamer_custom-cpu-h264-independent-processes,qualification-v2-gstreamer_custom-cpu-h264-independent-processes:3:97,3,97,foreign_object,6032,2456,8488,0.7106503298774740810556079171,
qualification-v2-gstreamer_custom-cpu-h264-independent-processes,qualification-v2-gstreamer_custom-cpu-h264-independent-processes:3:99,3,99,foreign_object,1389,3131,4520,0.3073008849557522123893805310,
qualification-v2-gstreamer_custom-cpu-h264-independent-processes,qualification-v2-gstreamer_custom-cpu-h264-independent-processes:3:101,3,101,foreign_object,6026,1792,7818,0.7707853671015605014070094653,
qualification-v2-gstreamer_custom-cpu-h264-independent-processes,qualification-v2-gstreamer_custom-cpu-h264-independent-processes:3:103,3,103,foreign_object,1390,2619,4009,0.3467198802693938638064355201,
qualification-v2-gstreamer_custom-cpu-h264-independent-processes,qualification-v2-gstreamer_custom-cpu-h264-independent-processes:3:105,3,105,foreign_object,6030,4141,10171,0.5928620587946121325336741717,
qualification-v2-gstreamer_custom-cpu-h264-independent-processes,qualification-v2-gstreamer_custom-cpu-h264-independent-processes:3:107,3,107,foreign_object,1040,2983,4023,0.2585135471041511309967685807,
qualification-v2-gstreamer_custom-cpu-h264-independent-processes,qualification-v2-gstreamer_custom-cpu-h264-independent-processes:3:108,3,108,foreign_object,1379,3880,5259,0.2622171515497242821829245104,
qualification-v2-gstreamer_custom-cpu-h264-independent-processes,qualification-v2-gstreamer_custom-cpu-h264-independent-processes:3:112,3,112,foreign_object,1378,3730,5108,0.2697729052466718872357086922,
qualification-v2-gstreamer_custom-cpu-h264-independent-processes,qualification-v2-gstreamer_custom-cpu-h264-independent-processes:3:113,3,113,foreign_object,6376,2064,8440,0.7554502369668246445497630332,
qualification-v2-gstreamer_custom-cpu-h264-independent-processes,qualification-v2-gstreamer_custom-cpu-h264-independent-processes:3:115,3,115,foreign_object,1034,2905,3939,0.2625031733942625031733942625,
qualification-v2-gstreamer_custom-cpu-h264-independent-processes,qualification-v2-gstreamer_custom-cpu-h264-independent-processes:3:117,3,117,foreign_object,6036,2289,8325,0.7250450450450450450450450450,
qualification-v2-gstreamer_custom-cpu-h264-independent-processes,qualification-v2-gstreamer_custom-cpu-h264-independent-processes:3:119,3,119,foreign_object,1036,3167,4203,0.2464906019509873899595527005,
qualification-v2-gstreamer_custom-cpu-h264-independent-processes,qualification-v2-gstreamer_custom-cpu-h264-independent-processes:3:121,3,121,foreign_object,6029,2233,8262,0.7297264584846284192689421448,
qualification-v2-gstreamer_custom-cpu-h264-independent-processes,qualification-v2-gstreamer_custom-cpu-h264-independent-processes:3:123,3,123,foreign_object,1374,2950,4324,0.3177613320999074930619796485,
qualification-v2-gstreamer_custom-cpu-h264-independent-processes,qualification-v2-gstreamer_custom-cpu-h264-independent-processes:3:125,3,125,foreign_object,6034,2192,8226,0.7335278385606613177729151471,
qualification-v2-gstreamer_custom-cpu-h264-independent-processes,qualification-v2-gstreamer_custom-cpu-h264-independent-processes:3:127,3,127,foreign_object,1368,2543,3911,0.3497826642802352339555100997,
qualification-v2-gstreamer_custom-cpu-h264-independent-processes,qualification-v2-gstreamer_custom-cpu-h264-independent-processes:3:131,3,131,foreign_object,1039,3165,4204,0.2471455756422454804947668887,
qualification-v2-gstreamer_custom-cpu-h264-independent-processes,qualification-v2-gstreamer_custom-cpu-h264-independent-processes:3:132,3,132,foreign_object,1376,4026,5402,0.2547204738985560903369122547,
qualification-v2-gstreamer_custom-cpu-h264-independent-processes,qualification-v2-gstreamer_custom-cpu-h264-independent-processes:3:133,3,133,foreign_object,6024,2227,8251,0.7300933220215731426493758332,
qualification-v2-gstreamer_custom-cpu-h264-independent-processes,qualification-v2-gstreamer_custom-cpu-h264-independent-processes:3:135,3,135,foreign_object,1035,3224,4259,0.2430147922047428973937544024,
qualification-v2-gstreamer_custom-cpu-h264-independent-processes,qualification-v2-gstreamer_custom-cpu-h264-independent-processes:3:137,3,137,foreign_object,6371,2108,8479,0.7513857766246019577780398632,
qualification-v2-gstreamer_custom-cpu-h264-independent-processes,qualification-v2-gstreamer_custom-cpu-h264-independent-processes:3:139,3,139,foreign_object,1039,2953,3992,0.2602705410821643286573146293,
qualification-v2-gstreamer_custom-cpu-h264-independent-processes,qualification-v2-gstreamer_custom-cpu-h264-independent-processes:3:141,3,141,foreign_object,6035,1860,7895,0.7644078530715642811906269791,
qualification-v2-gstreamer_custom-cpu-h264-independent-processes,qualification-v2-gstreamer_custom-cpu-h264-independent-processes:3:143,3,143,foreign_object,1025,3009,4034,0.2540902330193356470004957858,
qualification-v2-gstreamer_custom-cpu-h264-independent-processes,qualification-v2-gstreamer_custom-cpu-h264-independent-processes:3:145,3,145,foreign_object,6019,3526,9545,0.6305919329491880565741225773,
qualification-v2-gstreamer_custom-cpu-h264-independent-processes,qualification-v2-gstreamer_custom-cpu-h264-independent-processes:3:147,3,147,foreign_object,1373,2507,3880,0.3538659793814432989690721649,
qualification-v2-gstreamer_custom-cpu-h264-independent-processes,qualification-v2-gstreamer_custom-cpu-h264-independent-processes:3:148,3,148,foreign_object,1032,3484,4516,0.2285208148804251550044286980,
qualification-v2-gstreamer_custom-cpu-h264-independent-processes,qualification-v2-gstreamer_custom-cpu-h264-independent-processes:3:149,3,149,foreign_object,6021,3214,9235,0.6519761775852734163508391987,
qualification-v2-gstreamer_custom-cpu-h264-independent-processes,qualification-v2-gstreamer_custom-cpu-h264-independent-processes:3:152,3,152,foreign_object,1023,2901,3924,0.2607033639143730886850152905,
qualification-v2-gstreamer_custom-cpu-h264-independent-processes,qualification-v2-gstreamer_custom-cpu-h264-independent-processes:3:153,3,153,foreign_object,6022,3364,9386,0.6415938632005113999573833369,
qualification-v2-gstreamer_custom-cpu-h264-independent-processes,qualification-v2-gstreamer_custom-cpu-h264-independent-processes:3:155,3,155,foreign_object,1044,4096,5140,0.2031128404669260700389105058,
qualification-v2-gstreamer_custom-cpu-h264-independent-processes,qualification-v2-gstreamer_custom-cpu-h264-independent-processes:3:157,3,157,foreign_object,6030,3346,9376,0.6431313993174061433447098976,
qualification-v2-gstreamer_custom-cpu-h264-independent-processes,qualification-v2-gstreamer_custom-cpu-h264-independent-processes:3:160,3,160,foreign_object,1360,2995,4355,0.3122847301951779563719862227,
qualification-v2-gstreamer_custom-cpu-h264-independent-processes,qualification-v2-gstreamer_custom-cpu-h264-independent-processes:3:161,3,161,foreign_object,6354,2532,8886,0.7150573936529372045914922350,
qualification-v2-gstreamer_custom-cpu-h264-independent-processes,qualification-v2-gstreamer_custom-cpu-h264-independent-processes:3:164,3,164,foreign_object,1028,2708,3736,0.2751605995717344753747323340,
qualification-v2-gstreamer_custom-cpu-h264-independent-processes,qualification-v2-gstreamer_custom-cpu-h264-independent-processes:3:165,3,165,foreign_object,6037,1826,7863,0.7677731145873076433931069566,
qualification-v2-gstreamer_custom-cpu-h264-independent-processes,qualification-v2-gstreamer_custom-cpu-h264-independent-processes:3:167,3,167,foreign_object,1048,3269,4317,0.2427611767431086402594394255,
qualification-v2-gstreamer_custom-cpu-h264-independent-processes,qualification-v2-gstreamer_custom-cpu-h264-independent-processes:3:169,3,169,foreign_object,6034,3454,9488,0.6359612141652613827993254637,
qualification-v2-gstreamer_custom-cpu-h264-independent-processes,qualification-v2-gstreamer_custom-cpu-h264-independent-processes:3:171,3,171,foreign_object,1371,2467,3838,0.3572173006774361646690984888,
qualification-v2-gstreamer_custom-cpu-h264-independent-processes,qualification-v2-gstreamer_custom-cpu-h264-independent-processes:3:172,3,172,foreign_object,1029,3272,4301,0.2392466868170192978377121600,
qualification-v2-gstreamer_custom-cpu-h264-independent-processes,qualification-v2-gstreamer_custom-cpu-h264-independent-processes:3:173,3,173,foreign_object,6032,3142,9174,0.6575103553520819707870067582,
qualification-v2-gstreamer_custom-cpu-h264-independent-processes,qualification-v2-gstreamer_custom-cpu-h264-independent-processes:3:175,3,175,foreign_object,1356,3596,4952,0.2738287560581583198707592892,
qualification-v2-gstreamer_custom-cpu-h264-independent-processes,qualification-v2-gstreamer_custom-cpu-h264-independent-processes:3:177,3,177,foreign_object,6023,3259,9282,0.6488903253609135962077138548,
qualification-v2-gstreamer_custom-cpu-h264-independent-processes,qualification-v2-gstreamer_custom-cpu-h264-independent-processes:3:179,3,179,foreign_object,1040,4035,5075,0.2049261083743842364532019704,
qualification-v2-gstreamer_custom-cpu-h264-independent-processes,qualification-v2-gstreamer_custom-cpu-h264-independent-processes:3:181,3,181,foreign_object,6029,3170,9199,0.6553973257962822045874551582,
qualification-v2-gstreamer_custom-cpu-h264-independent-processes,qualification-v2-gstreamer_custom-cpu-h264-independent-processes:3:184,3,184,foreign_object,1358,2717,4075,0.3332515337423312883435582822,
qualification-v2-gstreamer_custom-cpu-h264-independent-processes,qualification-v2-gstreamer_custom-cpu-h264-independent-processes:3:185,3,185,foreign_object,6356,2888,9244,0.6875811337083513630463003029,
qualification-v2-gstreamer_custom-cpu-h264-independent-processes,qualification-v2-gstreamer_custom-cpu-h264-independent-processes:3:186,3,186,foreign_object,2058,4096,6154,0.3344166395840103997400064998,
qualification-v2-gstreamer_custom-cpu-h264-independent-processes,qualification-v2-gstreamer_custom-cpu-h264-independent-processes:3:189,3,189,foreign_object,6024,2581,8605,0.7000581057524694944799535154,
qualification-v2-gstreamer_custom-cpu-h264-independent-processes,qualification-v2-gstreamer_custom-cpu-h264-independent-processes:3:192,3,192,foreign_object,1028,2712,3740,0.2748663101604278074866310160,
qualification-v2-gstreamer_custom-cpu-h264-independent-processes,qualification-v2-gstreamer_custom-cpu-h264-independent-processes:3:193,3,193,foreign_object,6033,2072,8105,0.7443553362122146822948797039,
qualification-v2-gstreamer_custom-cpu-h264-independent-processes,qualification-v2-gstreamer_custom-cpu-h264-independent-processes:3:195,3,195,foreign_object,1358,2887,4245,0.3199057714958775029446407538,
qualification-v2-gstreamer_custom-cpu-h264-independent-processes,qualification-v2-gstreamer_custom-cpu-h264-independent-processes:3:197,3,197,foreign_object,6031,1546,7577,0.7959614623201794905635475782,
qualification-v2-gstreamer_custom-cpu-h264-independent-processes,qualification-v2-gstreamer_custom-cpu-h264-independent-processes:3:199,3,199,foreign_object,1348,2528,3876,0.3477812177502579979360165119,
qualification-v2-gstreamer_custom-cpu-h264-independent-processes,qualification-v2-gstreamer_custom-cpu-h264-independent-processes:3:201,3,201,foreign_object,6022,3681,9703,0.6206327939812429145625064413,
qualification-v2-gstreamer_custom-cpu-h264-independent-processes,qualification-v2-gstreamer_custom-cpu-h264-independent-processes:3:203,3,203,foreign_object,1036,2594,3630,0.2853994490358126721763085399,
qualification-v2-gstreamer_custom-cpu-h264-independent-processes,qualification-v2-gstreamer_custom-cpu-h264-independent-processes:3:204,3,204,foreign_object,1346,3288,4634,0.2904618040569702201122140699,
qualification-v2-gstreamer_custom-cpu-h264-independent-processes,qualification-v2-gstreamer_custom-cpu-h264-independent-processes:3:205,3,205,foreign_object,6034,2527,8561,0.7048242027800490596892886345,
qualification-v2-gstreamer_custom-cpu-h264-independent-processes,qualification-v2-gstreamer_custom-cpu-h264-independent-processes:3:208,3,208,foreign_object,1358,3404,4762,0.2851742965140697186056278874,
qualification-v2-gstreamer_custom-cpu-h264-independent-processes,qualification-v2-gstreamer_custom-cpu-h264-independent-processes:4:31,4,31,foreign_object,1198,2744,3942,0.3039066463723997970573313039,
qualification-v2-gstreamer_custom-cpu-h264-independent-processes,qualification-v2-gstreamer_custom-cpu-h264-independent-processes:4:33,4,33,foreign_object,6031,4087,10118,0.5960664162878039138169598735,
qualification-v2-gstreamer_custom-cpu-h264-independent-processes,qualification-v2-gstreamer_custom-cpu-h264-independent-processes:4:35,4,35,foreign_object,1033,2952,3985,0.2592220828105395232120451694,
qualification-v2-gstreamer_custom-cpu-h264-independent-processes,qualification-v2-gstreamer_custom-cpu-h264-independent-processes:4:36,4,36,foreign_object,1394,3732,5126,0.2719469371829886851346078814,
qualification-v2-gstreamer_custom-cpu-h264-independent-processes,qualification-v2-gstreamer_custom-cpu-h264-independent-processes:4:40,4,40,foreign_object,1392,3665,5057,0.2752620130512161360490409334,
qualification-v2-gstreamer_custom-cpu-h264-independent-processes,qualification-v2-gstreamer_custom-cpu-h264-independent-processes:4:41,4,41,foreign_object,6400,1771,8171,0.7832578631746420266797209644,
qualification-v2-gstreamer_custom-cpu-h264-independent-processes,qualification-v2-gstreamer_custom-cpu-h264-independent-processes:4:43,4,43,foreign_object,1049,2908,3957,0.2650998230983067980793530452,
qualification-v2-gstreamer_custom-cpu-h264-independent-processes,qualification-v2-gstreamer_custom-cpu-h264-independent-processes:4:45,4,45,foreign_object,6036,1944,7980,0.7563909774436090225563909774,
qualification-v2-gstreamer_custom-cpu-h264-independent-processes,qualification-v2-gstreamer_custom-cpu-h264-independent-processes:4:47,4,47,foreign_object,1037,2949,3986,0.2601605619668840943301555444,
qualification-v2-gstreamer_custom-cpu-h264-independent-processes,qualification-v2-gstreamer_custom-cpu-h264-independent-processes:4:49,4,49,foreign_object,6033,3728,9761,0.6180719188607724618379264420,
qualification-v2-gstreamer_custom-cpu-h264-independent-processes,qualification-v2-gstreamer_custom-cpu-h264-independent-processes:4:51,4,51,foreign_object,1396,2586,3982,0.3505775991963837267704671020,
qualification-v2-gstreamer_custom-cpu-h264-independent-processes,qualification-v2-gstreamer_custom-cpu-h264-independent-processes:4:53,4,53,foreign_object,6034,1230,7264,0.8306718061674008810572687225,
qualification-v2-gstreamer_custom-cpu-h264-independent-processes,qualification-v2-gstreamer_custom-cpu-h264-independent-processes:4:57,4,57,foreign_object,6024,3792,9816,0.6136919315403422982885085575,
qualification-v2-gstreamer_custom-cpu-h264-independent-processes,qualification-v2-gstreamer_custom-cpu-h264-independent-processes:4:59,4,59,foreign_object,1051,2507,3558,0.2953906689151208544125913435,
qualification-v2-gstreamer_custom-cpu-h264-independent-processes,qualification-v2-gstreamer_custom-cpu-h264-independent-processes:4:60,4,60,foreign_object,1400,3221,4621,0.3029647262497294957801341701,
qualification-v2-gstreamer_custom-cpu-h264-independent-processes,qualification-v2-gstreamer_custom-cpu-h264-independent-processes:4:61,4,61,foreign_object,6022,3890,9912,0.6075464083938660209846650525,
qualification-v2-gstreamer_custom-cpu-h264-independent-processes,qualification-v2-gstreamer_custom-cpu-h264-independent-processes:4:64,4,64,foreign_object,1387,3557,4944,0.2805420711974110032362459547,
qualification-v2-gstreamer_custom-cpu-h264-independent-processes,qualification-v2-gstreamer_custom-cpu-h264-independent-processes:4:65,4,65,foreign_object,6390,3542,9932,0.6433749496576721707611759968,
qualification-v2-gstreamer_custom-cpu-h264-independent-processes,qualification-v2-gstreamer_custom-cpu-h264-independent-processes:4:69,4,69,foreign_object,6034,1443,7477,0.8070081583522803263340912131,
qualification-v2-gstreamer_custom-cpu-h264-independent-processes,qualification-v2-gstreamer_custom-cpu-h264-independent-processes:4:73,4,73,foreign_object,6035,3582,9617,0.6275345741915358219819070396,
qualification-v2-gstreamer_custom-cpu-h264-independent-processes,qualification-v2-gstreamer_custom-cpu-h264-independent-processes:4:75,4,75,foreign_object,1399,2209,3608,0.3877494456762749445676274945,
qualification-v2-gstreamer_custom-cpu-h264-independent-processes,qualification-v2-gstreamer_custom-cpu-h264-independent-processes:4:77,4,77,foreign_object,6038,3796,9834,0.6139922717103925157616432784,
qualification-v2-gstreamer_custom-cpu-h264-independent-processes,qualification-v2-gstreamer_custom-cpu-h264-independent-processes:4:81,4,81,foreign_object,6026,4103,10129,0.5949254615460558791588508244,
qualification-v2-gstreamer_custom-cpu-h264-independent-processes,qualification-v2-gstreamer_custom-cpu-h264-independent-processes:4:84,4,84,foreign_object,1381,3598,4979,0.2773649327174131351677043583,
qualification-v2-gstreamer_custom-cpu-h264-independent-processes,qualification-v2-gstreamer_custom-cpu-h264-independent-processes:4:88,4,88,foreign_object,1388,3964,5352,0.2593423019431988041853512706,
qualification-v2-gstreamer_custom-cpu-h264-independent-processes,qualification-v2-gstreamer_custom-cpu-h264-independent-processes:4:89,4,89,foreign_object,6389,1961,8350,0.7651497005988023952095808383,
qualification-v2-gstreamer_custom-cpu-h264-independent-processes,qualification-v2-gstreamer_custom-cpu-h264-independent-processes:4:91,4,91,foreign_object,1054,2960,4014,0.2625809666168410563029397110,
qualification-v2-gstreamer_custom-cpu-h264-independent-processes,qualification-v2-gstreamer_custom-cpu-h264-independent-processes:4:93,4,93,foreign_object,6041,2168,8209,0.7358996223656961871117066634,
qualification-v2-gstreamer_custom-cpu-h264-independent-processes,qualification-v2-gstreamer_custom-cpu-h264-independent-processes:4:95,4,95,foreign_object,1029,3124,4153,0.2477726944377558391524199374,
qualification-v2-gstreamer_custom-cpu-h264-independent-processes,qualification-v2-gstreamer_custom-cpu-h264-independent-processes:4:97,4,97,foreign_object,6035,2081,8116,0.7435929029078363725973385904,
qualification-v2-gstreamer_custom-cpu-h264-independent-processes,qualification-v2-gstreamer_custom-cpu-h264-independent-processes:4:99,4,99,foreign_object,1128,3011,4139,0.2725295965208987678183136023,
qualification-v2-gstreamer_custom-cpu-h264-independent-processes,qualification-v2-gstreamer_custom-cpu-h264-independent-processes:4:101,4,101,foreign_object,6036,2308,8344,0.7233940556088207094918504314,
qualification-v2-gstreamer_custom-cpu-h264-independent-processes,qualification-v2-gstreamer_custom-cpu-h264-independent-processes:4:103,4,103,foreign_object,1378,2527,3905,0.3528809218950064020486555698,
qualification-v2-gstreamer_custom-cpu-h264-independent-processes,qualification-v2-gstreamer_custom-cpu-h264-independent-processes:4:107,4,107,foreign_object,1039,3359,4398,0.2362437471577989995452478399,
qualification-v2-gstreamer_custom-cpu-h264-independent-processes,qualification-v2-gstreamer_custom-cpu-h264-independent-processes:4:108,4,108,foreign_object,1378,4323,5701,0.2417119803543238028416067357,
qualification-v2-gstreamer_custom-cpu-h264-independent-processes,qualification-v2-gstreamer_custom-cpu-h264-independent-processes:4:109,4,109,foreign_object,6023,2458,8481,0.7101756868293833274378021460,
qualification-v2-gstreamer_custom-cpu-h264-independent-processes,qualification-v2-gstreamer_custom-cpu-h264-independent-processes:4:111,4,111,foreign_object,1039,3512,4551,0.2283014722039112283014722039,
qualification-v2-gstreamer_custom-cpu-h264-independent-processes,qualification-v2-gstreamer_custom-cpu-h264-independent-processes:4:113,4,113,foreign_object,6372,1695,8067,0.7898847155076236519152101153,
qualification-v2-gstreamer_custom-cpu-h264-independent-processes,qualification-v2-gstreamer_custom-cpu-h264-independent-processes:4:115,4,115,foreign_object,1041,3036,4077,0.2553348050036791758646063282,
qualification-v2-gstreamer_custom-cpu-h264-independent-processes,qualification-v2-gstreamer_custom-cpu-h264-independent-processes:4:117,4,117,foreign_object,6033,1896,7929,0.7608777903897086643965191071,
qualification-v2-gstreamer_custom-cpu-h264-independent-processes,qualification-v2-gstreamer_custom-cpu-h264-independent-processes:4:119,4,119,foreign_object,1038,2934,3972,0.2613293051359516616314199396,
qualification-v2-gstreamer_custom-cpu-h264-independent-processes,qualification-v2-gstreamer_custom-cpu-h264-independent-processes:4:121,4,121,foreign_object,6037,3779,9816,0.6150162999185004074979625102,
qualification-v2-gstreamer_custom-cpu-h264-independent-processes,qualification-v2-gstreamer_custom-cpu-h264-independent-processes:4:123,4,123,foreign_object,1370,2578,3948,0.3470111448834853090172239108,
qualification-v2-gstreamer_custom-cpu-h264-independent-processes,qualification-v2-gstreamer_custom-cpu-h264-independent-processes:4:125,4,125,foreign_object,6042,3542,9584,0.6304257095158597662771285476,
qualification-v2-gstreamer_custom-cpu-h264-independent-processes,qualification-v2-gstreamer_custom-cpu-h264-independent-processes:4:129,4,129,foreign_object,6029,3594,9623,0.6265197963213135196924036163,
qualification-v2-gstreamer_custom-cpu-h264-independent-processes,qualification-v2-gstreamer_custom-cpu-h264-independent-processes:4:132,4,132,foreign_object,1375,3204,4579,0.3002839047827036470845162699,
qualification-v2-gstreamer_custom-cpu-h264-independent-processes,qualification-v2-gstreamer_custom-cpu-h264-independent-processes:4:133,4,133,foreign_object,6019,3515,9534,0.6313194881476819802810992238,
qualification-v2-gstreamer_custom-cpu-h264-independent-processes,qualification-v2-gstreamer_custom-cpu-h264-independent-processes:4:136,4,136,foreign_object,1375,3153,4528,0.3036660777385159010600706714,
qualification-v2-gstreamer_custom-cpu-h264-independent-processes,qualification-v2-gstreamer_custom-cpu-h264-independent-processes:4:137,4,137,foreign_object,6358,3085,9443,0.6733029757492322355183733983,
qualification-v2-gstreamer_custom-cpu-h264-independent-processes,qualification-v2-gstreamer_custom-cpu-h264-independent-processes:4:141,4,141,foreign_object,6042,2966,9008,0.6707371225577264653641207815,
qualification-v2-gstreamer_custom-cpu-h264-independent-processes,qualification-v2-gstreamer_custom-cpu-h264-independent-processes:4:144,4,144,foreign_object,1021,3027,4048,0.2522233201581027667984189723,
qualification-v2-gstreamer_custom-cpu-h264-independent-processes,qualification-v2-gstreamer_custom-cpu-h264-independent-processes:4:145,4,145,foreign_object,6034,2596,8630,0.6991888760139049826187717265,
qualification-v2-gstreamer_custom-cpu-h264-independent-processes,qualification-v2-gstreamer_custom-cpu-h264-independent-processes:4:147,4,147,foreign_object,1364,3388,4752,0.2870370370370370370370370370,
qualification-v2-gstreamer_custom-cpu-h264-independent-processes,qualification-v2-gstreamer_custom-cpu-h264-independent-processes:4:149,4,149,foreign_object,6036,2005,8041,0.7506529038676781494838950379,
qualification-v2-gstreamer_custom-cpu-h264-independent-processes,qualification-v2-gstreamer_custom-cpu-h264-independent-processes:4:151,4,151,foreign_object,1362,2617,3979,0.3422970595627041970344307615,
qualification-v2-gstreamer_custom-cpu-h264-independent-processes,qualification-v2-gstreamer_custom-cpu-h264-independent-processes:4:155,4,155,foreign_object,1035,3109,4144,0.2497586872586872586872586873,
qualification-v2-gstreamer_custom-cpu-h264-independent-processes,qualification-v2-gstreamer_custom-cpu-h264-independent-processes:4:156,4,156,foreign_object,1361,3958,5319,0.2558751645046061289716112051,
qualification-v2-gstreamer_custom-cpu-h264-independent-processes,qualification-v2-gstreamer_custom-cpu-h264-independent-processes:4:159,4,159,foreign_object,1038,3304,4342,0.2390603408567480423767848918,
qualification-v2-gstreamer_custom-cpu-h264-independent-processes,qualification-v2-gstreamer_custom-cpu-h264-independent-processes:4:160,4,160,foreign_object,1353,4145,5498,0.2460894870862131684248817752,
qualification-v2-gstreamer_custom-cpu-h264-independent-processes,qualification-v2-gstreamer_custom-cpu-h264-independent-processes:4:161,4,161,foreign_object,6361,1867,8228,0.7730918813806514341273699562,
qualification-v2-gstreamer_custom-cpu-h264-independent-processes,qualification-v2-gstreamer_custom-cpu-h264-independent-processes:4:163,4,163,foreign_object,1036,2852,3888,0.2664609053497942386831275720,
qualification-v2-gstreamer_custom-cpu-h264-independent-processes,qualification-v2-gstreamer_custom-cpu-h264-independent-processes:4:165,4,165,foreign_object,6031,1268,7299,0.8262775722701739964378682011,
qualification-v2-gstreamer_custom-cpu-h264-independent-processes,qualification-v2-gstreamer_custom-cpu-h264-independent-processes:4:167,4,167,foreign_object,1025,2875,3900,0.2628205128205128205128205128,
qualification-v2-gstreamer_custom-cpu-h264-independent-processes,qualification-v2-gstreamer_custom-cpu-h264-independent-processes:4:169,4,169,foreign_object,6019,2904,8923,0.6745489185251596996525832119,
qualification-v2-gstreamer_custom-cpu-h264-independent-processes,qualification-v2-gstreamer_custom-cpu-h264-independent-processes:4:170,4,170,foreign_object,2389,3521,5910,0.4042301184433164128595600677,
qualification-v2-gstreamer_custom-cpu-h264-independent-processes,qualification-v2-gstreamer_custom-cpu-h264-independent-processes:4:171,4,171,foreign_object,1369,1913,3282,0.4171237050578915295551492992,
qualification-v2-gstreamer_custom-cpu-h264-independent-processes,qualification-v2-gstreamer_custom-cpu-h264-independent-processes:4:173,4,173,foreign_object,6030,2456,8486,0.7105821352816403488098043837,
qualification-v2-gstreamer_custom-cpu-h264-independent-processes,qualification-v2-gstreamer_custom-cpu-h264-independent-processes:4:175,4,175,foreign_object,1359,2899,4258,0.3191639267261625176139032410,
qualification-v2-gstreamer_custom-cpu-h264-independent-processes,qualification-v2-gstreamer_custom-cpu-h264-independent-processes:4:177,4,177,foreign_object,6023,2618,8641,0.6970258071982409443351463951,
qualification-v2-gstreamer_custom-cpu-h264-independent-processes,qualification-v2-gstreamer_custom-cpu-h264-independent-processes:4:179,4,179,foreign_object,1043,3406,4449,0.2344347044279613396268824455,
qualification-v2-gstreamer_custom-cpu-h264-independent-processes,qualification-v2-gstreamer_custom-cpu-h264-independent-processes:4:181,4,181,foreign_object,6023,2482,8505,0.7081716637272192827748383304,
qualification-v2-gstreamer_custom-cpu-h264-independent-processes,qualification-v2-gstreamer_custom-cpu-h264-independent-processes:4:183,4,183,foreign_object,1041,3489,4530,0.2298013245033112582781456954,
qualification-v2-gstreamer_custom-cpu-h264-independent-processes,qualification-v2-gstreamer_custom-cpu-h264-independent-processes:4:185,4,185,foreign_object,6351,2297,8648,0.7343894542090656799259944496,
qualification-v2-gstreamer_custom-cpu-h264-independent-processes,qualification-v2-gstreamer_custom-cpu-h264-independent-processes:4:187,4,187,foreign_object,1044,3421,4465,0.2338185890257558790593505039,
qualification-v2-gstreamer_custom-cpu-h264-independent-processes,qualification-v2-gstreamer_custom-cpu-h264-independent-processes:4:189,4,189,foreign_object,6022,1781,7803,0.7717544534153530693323080866,
qualification-v2-gstreamer_custom-cpu-h264-independent-processes,qualification-v2-gstreamer_custom-cpu-h264-independent-processes:4:191,4,191,foreign_object,1026,3020,4046,0.2535837864557587740978744439,
qualification-v2-gstreamer_custom-cpu-h264-independent-processes,qualification-v2-gstreamer_custom-cpu-h264-independent-processes:4:193,4,193,foreign_object,6032,3400,9432,0.6395250212044105173876166243,
qualification-v2-gstreamer_custom-cpu-h264-independent-processes,qualification-v2-gstreamer_custom-cpu-h264-independent-processes:4:195,4,195,foreign_object,1348,2457,3805,0.3542706964520367936925098555,
qualification-v2-gstreamer_custom-cpu-h264-independent-processes,qualification-v2-gstreamer_custom-cpu-h264-independent-processes:4:196,4,196,foreign_object,1024,3323,4347,0.2355647573038877386703473660,
qualification-v2-gstreamer_custom-cpu-h264-independent-processes,qualification-v2-gstreamer_custom-cpu-h264-independent-processes:4:197,4,197,foreign_object,6026,3006,9032,0.6671833480956598759964570416,
qualification-v2-gstreamer_custom-cpu-h264-independent-processes,qualification-v2-gstreamer_custom-cpu-h264-independent-processes:4:199,4,199,foreign_object,1356,3513,4869,0.2784966112138016019716574245,
qualification-v2-gstreamer_custom-cpu-h264-independent-processes,qualification-v2-gstreamer_custom-cpu-h264-independent-processes:4:201,4,201,foreign_object,6022,3125,9147,0.6583579315622608505520935826,
qualification-v2-gstreamer_custom-cpu-h264-independent-processes,qualification-v2-gstreamer_custom-cpu-h264-independent-processes:4:203,4,203,foreign_object,1036,3871,4907,0.2111269614835948644793152639,
qualification-v2-gstreamer_custom-cpu-h264-independent-processes,qualification-v2-gstreamer_custom-cpu-h264-independent-processes:4:205,4,205,foreign_object,6034,2329,8363,0.7215114193471242377137390888,
qualification-v2-gstreamer_custom-cpu-h264-independent-processes,qualification-v2-gstreamer_custom-cpu-h264-independent-processes:4:207,4,207,foreign_object,1025,4135,5160,0.1986434108527131782945736434,
qualification-v2-gstreamer_custom-cpu-h264-independent-processes,qualification-v2-gstreamer_custom-cpu-h264-independent-processes:5:30,5,30,foreign_object,2043,3757,5800,0.3522413793103448275862068966,
qualification-v2-gstreamer_custom-cpu-h264-independent-processes,qualification-v2-gstreamer_custom-cpu-h264-independent-processes:5:31,5,31,foreign_object,4020,3088,7108,0.5655599324704558244231851435,
qualification-v2-gstreamer_custom-cpu-h264-independent-processes,qualification-v2-gstreamer_custom-cpu-h264-independent-processes:5:35,5,35,foreign_object,1017,3952,4969,0.2046689474743409136647212719,
qualification-v2-gstreamer_custom-cpu-h264-independent-processes,qualification-v2-gstreamer_custom-cpu-h264-independent-processes:5:37,5,37,foreign_object,4009,2980,6989,0.5736156817856631850050078695,
qualification-v2-gstreamer_custom-cpu-h264-independent-processes,qualification-v2-gstreamer_custom-cpu-h264-independent-processes:5:38,5,38,foreign_object,1011,3214,4225,0.2392899408284023668639053254,
qualification-v2-gstreamer_custom-cpu-h264-independent-processes,qualification-v2-gstreamer_custom-cpu-h264-independent-processes:5:40,5,40,foreign_object,4025,2119,6144,0.6551106770833333333333333333,
qualification-v2-gstreamer_custom-cpu-h264-independent-processes,qualification-v2-gstreamer_custom-cpu-h264-independent-processes:5:42,5,42,foreign_object,2029,3969,5998,0.3382794264754918306102034011,
qualification-v2-gstreamer_custom-cpu-h264-independent-processes,qualification-v2-gstreamer_custom-cpu-h264-independent-processes:5:43,5,43,foreign_object,4032,3164,7196,0.5603112840466926070038910506,
qualification-v2-gstreamer_custom-cpu-h264-independent-processes,qualification-v2-gstreamer_custom-cpu-h264-independent-processes:5:47,5,47,foreign_object,1010,3938,4948,0.2041228779304769603880355699,
qualification-v2-gstreamer_custom-cpu-h264-independent-processes,qualification-v2-gstreamer_custom-cpu-h264-independent-processes:5:49,5,49,foreign_object,4009,3001,7010,0.5718972895863052781740370899,
qualification-v2-gstreamer_custom-cpu-h264-independent-processes,qualification-v2-gstreamer_custom-cpu-h264-independent-processes:5:50,5,50,foreign_object,1013,3116,4129,0.2453378542019859530152579317,
qualification-v2-gstreamer_custom-cpu-h264-independent-processes,qualification-v2-gstreamer_custom-cpu-h264-independent-processes:5:54,5,54,foreign_object,1019,3195,4214,0.2418130042714760322733744661,
qualification-v2-gstreamer_custom-cpu-h264-independent-processes,qualification-v2-gstreamer_custom-cpu-h264-independent-processes:5:55,5,55,foreign_object,4019,2537,6556,0.6130262355094569859670530811,
qualification-v2-gstreamer_custom-cpu-h264-independent-processes,qualification-v2-gstreamer_custom-cpu-h264-independent-processes:5:56,5,56,foreign_object,104,3062,3166,0.03284902084649399873657612129,
qualification-v2-gstreamer_custom-cpu-h264-independent-processes,qualification-v2-gstreamer_custom-cpu-h264-independent-processes:5:58,5,58,foreign_object,4007,3917,7924,0.5056789500252397778899545684,
qualification-v2-gstreamer_custom-cpu-h264-independent-processes,qualification-v2-gstreamer_custom-cpu-h264-independent-processes:5:59,5,59,foreign_object,1010,3555,4565,0.2212486308871851040525739321,
qualification-v2-gstreamer_custom-cpu-h264-independent-processes,qualification-v2-gstreamer_custom-cpu-h264-independent-processes:5:61,5,61,foreign_object,4040,2788,6828,0.5916813122437024018746338606,
qualification-v2-gstreamer_custom-cpu-h264-independent-processes,qualification-v2-gstreamer_custom-cpu-h264-independent-processes:5:64,5,64,foreign_object,4015,3920,7935,0.5059861373660995589161940769,
qualification-v2-gstreamer_custom-cpu-h264-independent-processes,qualification-v2-gstreamer_custom-cpu-h264-independent-processes:5:67,5,67,foreign_object,4041,3077,7118,0.5677156504636133745434110705,
qualification-v2-gstreamer_custom-cpu-h264-independent-processes,qualification-v2-gstreamer_custom-cpu-h264-independent-processes:5:71,5,71,foreign_object,1012,3804,4816,0.2101328903654485049833887043,
qualification-v2-gstreamer_custom-cpu-h264-independent-processes,qualification-v2-gstreamer_custom-cpu-h264-independent-processes:5:73,5,73,foreign_object,4012,2592,6604,0.6075105996365838885523924894,
qualification-v2-gstreamer_custom-cpu-h264-independent-processes,qualification-v2-gstreamer_custom-cpu-h264-independent-processes:5:74,5,74,foreign_object,1014,2618,3632,0.2791850220264317180616740088,
qualification-v2-gstreamer_custom-cpu-h264-independent-processes,qualification-v2-gstreamer_custom-cpu-h264-independent-processes:5:76,5,76,foreign_object,4024,3610,7634,0.5271155357610689022792769190,
qualification-v2-gstreamer_custom-cpu-h264-independent-processes,qualification-v2-gstreamer_custom-cpu-h264-independent-processes:5:82,5,82,foreign_object,4005,1861,5866,0.6827480395499488578247528128,
qualification-v2-gstreamer_custom-cpu-h264-independent-processes,qualification-v2-gstreamer_custom-cpu-h264-independent-processes:5:84,5,84,foreign_object,2006,4218,6224,0.3223007712082262210796915167,
qualification-v2-gstreamer_custom-cpu-h264-independent-processes,qualification-v2-gstreamer_custom-cpu-h264-independent-processes:5:85,5,85,foreign_object,4025,3153,7178,0.5607411535246586792978545556,
qualification-v2-gstreamer_custom-cpu-h264-independent-processes,qualification-v2-gstreamer_custom-cpu-h264-independent-processes:5:88,5,88,foreign_object,4006,2335,6341,0.6317615518057088787257530358,
qualification-v2-gstreamer_custom-cpu-h264-independent-processes,qualification-v2-gstreamer_custom-cpu-h264-independent-processes:5:91,5,91,foreign_object,4006,3353,7359,0.5443674412284277755129773067,
qualification-v2-gstreamer_custom-cpu-h264-independent-processes,qualification-v2-gstreamer_custom-cpu-h264-independent-processes:5:92,5,92,foreign_object,1012,3172,4184,0.2418738049713193116634799235,
qualification-v2-gstreamer_custom-cpu-h264-independent-processes,qualification-v2-gstreamer_custom-cpu-h264-independent-processes:5:94,5,94,foreign_object,4006,2188,6194,0.6467549241201162415240555376,
qualification-v2-gstreamer_custom-cpu-h264-independent-processes,qualification-v2-gstreamer_custom-cpu-h264-independent-processes:5:97,5,97,foreign_object,4013,2962,6975,0.5753405017921146953405017921,
qualification-v2-gstreamer_custom-cpu-h264-independent-processes,qualification-v2-gstreamer_custom-cpu-h264-independent-processes:5:98,5,98,foreign_object,1018,3259,4277,0.2380173018470890811316343231,
qualification-v2-gstreamer_custom-cpu-h264-independent-processes,qualification-v2-gstreamer_custom-cpu-h264-independent-processes:5:100,5,100,foreign_object,4029,2159,6188,0.6510989010989010989010989011,
qualification-v2-gstreamer_custom-cpu-h264-independent-processes,qualification-v2-gstreamer_custom-cpu-h264-independent-processes:5:102,5,102,foreign_object,2075,3648,5723,0.3625720775816879259129827014,
qualification-v2-gstreamer_custom-cpu-h264-independent-processes,qualification-v2-gstreamer_custom-cpu-h264-independent-processes:5:103,5,103,foreign_object,4014,3104,7118,0.5639224501264400112391121101,
qualification-v2-gstreamer_custom-cpu-h264-independent-processes,qualification-v2-gstreamer_custom-cpu-h264-independent-processes:5:107,5,107,foreign_object,1020,4006,5026,0.2029446876243533625149224035,
qualification-v2-gstreamer_custom-cpu-h264-independent-processes,qualification-v2-gstreamer_custom-cpu-h264-independent-processes:5:109,5,109,foreign_object,4039,1882,5921,0.6821482857625401114676574903,
qualification-v2-gstreamer_custom-cpu-h264-independent-processes,qualification-v2-gstreamer_custom-cpu-h264-independent-processes:5:111,5,111,foreign_object,2081,3651,5732,0.3630495464061409630146545708,
qualification-v2-gstreamer_custom-cpu-h264-independent-processes,qualification-v2-gstreamer_custom-cpu-h264-independent-processes:5:112,5,112,foreign_object,4020,2733,6753,0.5952909817858729453576188361,
qualification-v2-gstreamer_custom-cpu-h264-independent-processes,qualification-v2-gstreamer_custom-cpu-h264-independent-processes:5:115,5,115,foreign_object,4010,3706,7716,0.5196993260756868843960601348,
qualification-v2-gstreamer_custom-cpu-h264-independent-processes,qualification-v2-gstreamer_custom-cpu-h264-independent-processes:5:116,5,116,foreign_object,1014,3651,4665,0.2173633440514469453376205788,
qualification-v2-gstreamer_custom-cpu-h264-independent-processes,qualification-v2-gstreamer_custom-cpu-h264-independent-processes:5:118,5,118,foreign_object,4006,2546,6552,0.6114163614163614163614163614,
qualification-v2-gstreamer_custom-cpu-h264-independent-processes,qualification-v2-gstreamer_custom-cpu-h264-independent-processes:5:121,5,121,foreign_object,4008,3490,7498,0.5345425446785809549213123500,
qualification-v2-gstreamer_custom-cpu-h264-independent-processes,qualification-v2-gstreamer_custom-cpu-h264-independent-processes:5:122,5,122,foreign_object,1018,3636,4654,0.2187365706918779544477868500,
qualification-v2-gstreamer_custom-cpu-h264-independent-processes,qualification-v2-gstreamer_custom-cpu-h264-independent-processes:5:124,5,124,foreign_object,4006,2565,6571,0.6096484553340435245776898493,
qualification-v2-gstreamer_custom-cpu-h264-independent-processes,qualification-v2-gstreamer_custom-cpu-h264-independent-processes:5:127,5,127,foreign_object,4019,3281,7300,0.5505479452054794520547945205,
qualification-v2-gstreamer_custom-cpu-h264-independent-processes,qualification-v2-gstreamer_custom-cpu-h264-independent-processes:5:128,5,128,foreign_object,1010,2990,4000,0.2525,
qualification-v2-gstreamer_custom-cpu-h264-independent-processes,qualification-v2-gstreamer_custom-cpu-h264-independent-processes:5:131,5,131,foreign_object,1007,4211,5218,0.1929858183211958604829436566,
qualification-v2-gstreamer_custom-cpu-h264-independent-processes,qualification-v2-gstreamer_custom-cpu-h264-independent-processes:5:134,5,134,foreign_object,1006,3338,4344,0.2315837937384898710865561694,
qualification-v2-gstreamer_custom-cpu-h264-independent-processes,qualification-v2-gstreamer_custom-cpu-h264-independent-processes:5:136,5,136,foreign_object,4018,2237,6255,0.6423661071143085531574740208,
qualification-v2-gstreamer_custom-cpu-h264-independent-processes,qualification-v2-gstreamer_custom-cpu-h264-independent-processes:5:137,5,137,foreign_object,44,3104,3148,0.01397712833545108005082592122,
qualification-v2-gstreamer_custom-cpu-h264-independent-processes,qualification-v2-gstreamer_custom-cpu-h264-independent-processes:5:139,5,139,foreign_object,4035,3093,7128,0.5660774410774410774410774411,
qualification-v2-gstreamer_custom-cpu-h264-independent-processes,qualification-v2-gstreamer_custom-cpu-h264-independent-processes:5:140,5,140,foreign_object,1018,2955,3973,0.2562295494588472187264032217,
qualification-v2-gstreamer_custom-cpu-h264-independent-processes,qualification-v2-gstreamer_custom-cpu-h264-independent-processes:5:143,5,143,foreign_object,1008,3740,4748,0.2122999157540016849199663016,
qualification-v2-gstreamer_custom-cpu-h264-independent-processes,qualification-v2-gstreamer_custom-cpu-h264-independent-processes:5:145,5,145,foreign_object,4008,2435,6443,0.6220704640695328263231413938,
qualification-v2-gstreamer_custom-cpu-h264-independent-processes,qualification-v2-gstreamer_custom-cpu-h264-independent-processes:5:146,5,146,foreign_object,1021,2627,3648,0.2798793859649122807017543860,
qualification-v2-gstreamer_custom-cpu-h264-independent-processes,qualification-v2-gstreamer_custom-cpu-h264-independent-processes:5:148,5,148,foreign_object,4043,2842,6885,0.5872185911401597676107480029,
qualification-v2-gstreamer_custom-cpu-h264-independent-processes,qualification-v2-gstreamer_custom-cpu-h264-independent-processes:5:151,5,151,foreign_object,4006,1658,5664,0.7072740112994350282485875706,
qualification-v2-gstreamer_custom-cpu-h264-independent-processes,qualification-v2-gstreamer_custom-cpu-h264-independent-processes:5:153,5,153,foreign_object,2020,3792,5812,0.3475567790777701307639366827,
qualification-v2-gstreamer_custom-cpu-h264-independent-processes,qualification-v2-gstreamer_custom-cpu-h264-independent-processes:5:154,5,154,foreign_object,4004,2865,6869,0.5829087203377493084874071917,
qualification-v2-gstreamer_custom-cpu-h264-independent-processes,qualification-v2-gstreamer_custom-cpu-h264-independent-processes:5:157,5,157,foreign_object,4040,4082,8122,0.4974144299433637035213001724,
qualification-v2-gstreamer_custom-cpu-h264-independent-processes,qualification-v2-gstreamer_custom-cpu-h264-independent-processes:5:158,5,158,foreign_object,1014,3944,4958,0.2045179507866075030254134732,
qualification-v2-gstreamer_custom-cpu-h264-independent-processes,qualification-v2-gstreamer_custom-cpu-h264-independent-processes:5:162,5,162,foreign_object,1008,3785,4793,0.2103066972668474859169622366,
qualification-v2-gstreamer_custom-cpu-h264-independent-processes,qualification-v2-gstreamer_custom-cpu-h264-independent-processes:5:163,5,163,foreign_object,4042,1415,5457,0.7407000183250870441634597764,
qualification-v2-gstreamer_custom-cpu-h264-independent-processes,qualification-v2-gstreamer_custom-cpu-h264-independent-processes:5:165,5,165,foreign_object,2092,3398,5490,0.3810564663023679417122040073,
qualification-v2-gstreamer_custom-cpu-h264-independent-processes,qualification-v2-gstreamer_custom-cpu-h264-independent-processes:5:166,5,166,foreign_object,4005,1953,5958,0.6722054380664652567975830816,
qualification-v2-gstreamer_custom-cpu-h264-independent-processes,qualification-v2-gstreamer_custom-cpu-h264-independent-processes:5:169,5,169,foreign_object,4004,2309,6313,0.6342467923332805322350704895,
qualification-v2-gstreamer_custom-cpu-h264-independent-processes,qualification-v2-gstreamer_custom-cpu-h264-independent-processes:5:170,5,170,foreign_object,1017,2585,3602,0.2823431426985008328706274292,
qualification-v2-gstreamer_custom-cpu-h264-independent-processes,qualification-v2-gstreamer_custom-cpu-h264-independent-processes:5:172,5,172,foreign_object,4013,2869,6882,0.5831153734379540831153734380,
qualification-v2-gstreamer_custom-cpu-h264-independent-processes,qualification-v2-gstreamer_custom-cpu-h264-independent-processes:5:175,5,175,foreign_object,4020,1666,5686,0.7069996482588814632430531129,
qualification-v2-gstreamer_custom-cpu-h264-independent-processes,qualification-v2-gstreamer_custom-cpu-h264-independent-processes:5:178,5,178,foreign_object,4004,2785,6789,0.5897775813816467815584032995,
qualification-v2-gstreamer_custom-cpu-h264-independent-processes,qualification-v2-gstreamer_custom-cpu-h264-independent-processes:5:179,5,179,foreign_object,1020,2741,3761,0.2712044668971018346184525392,
qualification-v2-gstreamer_custom-cpu-h264-independent-processes,qualification-v2-gstreamer_custom-cpu-h264-independent-processes:5:181,5,181,foreign_object,4028,3719,7747,0.5199432038208338711759390732,
qualification-v2-gstreamer_custom-cpu-h264-independent-processes,qualification-v2-gstreamer_custom-cpu-h264-independent-processes:5:182,5,182,foreign_object,1010,3837,4847,0.2083763152465442541778419641,
qualification-v2-gstreamer_custom-cpu-h264-independent-processes,qualification-v2-gstreamer_custom-cpu-h264-independent-processes:5:184,5,184,foreign_object,4019,2732,6751,0.5953192119685972448526144275,
qualification-v2-gstreamer_custom-cpu-h264-independent-processes,qualification-v2-gstreamer_custom-cpu-h264-independent-processes:5:188,5,188,foreign_object,1018,3874,4892,0.2080948487326246933769419460,
qualification-v2-gstreamer_custom-cpu-h264-independent-processes,qualification-v2-gstreamer_custom-cpu-h264-independent-processes:5:190,5,190,foreign_object,4005,2239,6244,0.6414157591287636130685458040,
qualification-v2-gstreamer_custom-cpu-h264-independent-processes,qualification-v2-gstreamer_custom-cpu-h264-independent-processes:5:191,5,191,foreign_object,60,3728,3788,0.01583949313621964097148891235,
qualification-v2-gstreamer_custom-cpu-h264-independent-processes,qualification-v2-gstreamer_custom-cpu-h264-independent-processes:5:193,5,193,foreign_object,4007,2860,6867,0.5835153633318770933449832532,
qualification-v2-gstreamer_custom-cpu-h264-independent-processes,qualification-v2-gstreamer_custom-cpu-h264-independent-processes:5:194,5,194,foreign_object,1009,3248,4257,0.2370213765562602771905097486,
qualification-v2-gstreamer_custom-cpu-h264-independent-processes,qualification-v2-gstreamer_custom-cpu-h264-independent-processes:5:196,5,196,foreign_object,4024,2138,6162,0.6530347289840960727036676404,
qualification-v2-gstreamer_custom-cpu-h264-independent-processes,qualification-v2-gstreamer_custom-cpu-h264-independent-processes:5:198,5,198,foreign_object,2068,3470,5538,0.3734200072228241242325749368,
qualification-v2-gstreamer_custom-cpu-h264-independent-processes,qualification-v2-gstreamer_custom-cpu-h264-independent-processes:5:199,5,199,foreign_object,4010,2710,6720,0.5967261904761904761904761905,
qualification-v2-gstreamer_custom-cpu-h264-independent-processes,qualification-v2-gstreamer_custom-cpu-h264-independent-processes:5:202,5,202,foreign_object,4006,3819,7825,0.5119488817891373801916932907,
qualification-v2-gstreamer_custom-cpu-h264-independent-processes,qualification-v2-gstreamer_custom-cpu-h264-independent-processes:5:203,5,203,foreign_object,1014,3620,4634,0.2188174363400949503668536901,
qualification-v2-gstreamer_custom-cpu-h264-independent-processes,qualification-v2-gstreamer_custom-cpu-h264-independent-processes:5:205,5,205,foreign_object,4034,2745,6779,0.5950730196194128927570438118,
