head= (worktree, uncommitted 6D.1-6D.2 on top; modules importing DeepStream checkpoint code + gates)
python=3.12.3 platform=Linux 6.6.87.2-microsoft-standard-WSL2 cwd=/mnt/c/Users/s-a-balashov/.codex/worktrees/qualify-full-benchmark/VAST/tests PYTHONPATH=/mnt/c/Users/s-a-balashov/.codex/worktrees/qualify-full-benchmark/VAST TMPDIR=unset
command=python -B -m unittest -v test_backend_q4_two_phase_executor_v1 test_backend_runtime_grant test_backend_runtime_qualification test_checkpoint_analytics_execution_client_cpp test_checkpoint_deepstream_container_runtime_v3 test_checkpoint_deepstream_launcher test_checkpoint_deepstream_protocol_adapter test_checkpoint_deepstream_protocol_bridge test_checkpoint_deepstream_publication_runtime_v3 test_checkpoint_deepstream_qualification_fragment_v1 test_checkpoint_deepstream_resource_runtime_v3 test_checkpoint_deepstream_runtime test_checkpoint_deepstream_runtime_image_evidence_v1 test_checkpoint_deepstream_runtime_source_closure_v3 test_checkpoint_deepstream_sdk_runtime test_checkpoint_deepstream_service_clock test_checkpoint_external_execution_manifest test_checkpoint_gstreamer_analytics_bridge test_checkpoint_gstreamer_analytics_sidecar test_checkpoint_publication_fail_closed_launchers test_checkpoint_publication_fail_closed_launchers_v3 test_checkpoint_publication_launcher_adapters_v3 test_checkpoint_savant_ingress test_checkpoint_savant_native_identity_integration_v3 test_checkpoint_savant_protocol_bridge test_checkpoint_savant_qualification_fragment_v3 test_checkpoint_savant_runtime_source_closure_v3 test_full_publication_identity_runtime_authority_v3 test_legacy_wall_clock_static_gate_v1 test_operational_identifier_domain_v1 test_production_arm_evidence_finalizer_v1 test_publication_child_evidence_materializer_v1 test_publication_gstreamer_component_inputs_v1 test_publication_gstreamer_component_runtime_v1 test_publication_operational_boundary_v1 test_publication_operational_execution_binding_v1 test_publication_operational_stock_operations_v1 test_publication_operational_wrapper_composition_v1 test_publication_policy_qualification_execution_code_closure_v1 test_publication_policy_qualification_fragments_from_authority_v2 test_publication_policy_qualification_pilot_executor_v2 test_publication_policy_qualification_runtime_inputs_v2 test_publication_qualification_operational_owner_v1 test_publication_runtime_frozen_identity_constants_v1 test_publication_runtime_original_process_hooks_v1 test_publication_runtime_source_closure_guardian_v1
test_authority_before_record_resume_is_idempotent_without_second_launch (test_backend_q4_two_phase_executor_v1.BackendQ4TwoPhaseExecutorV1Tests.test_authority_before_record_resume_is_idempotent_without_second_launch) ... ok
test_b3_receipt_loader_crossbinds_phase_chain_and_source_result (test_backend_q4_two_phase_executor_v1.BackendQ4TwoPhaseExecutorV1Tests.test_b3_receipt_loader_crossbinds_phase_chain_and_source_result) ... ok
test_checkpoint_rejects_phase_b_context_drift_before_new_arm (test_backend_q4_two_phase_executor_v1.BackendQ4TwoPhaseExecutorV1Tests.test_checkpoint_rejects_phase_b_context_drift_before_new_arm) ... ok
test_checkpoint_rejects_phase_b_progress_before_identity_grant (test_backend_q4_two_phase_executor_v1.BackendQ4TwoPhaseExecutorV1Tests.test_checkpoint_rejects_phase_b_progress_before_identity_grant) ... ok
test_checkpoint_resume_does_not_repeat_committed_phase_a_cell (test_backend_q4_two_phase_executor_v1.BackendQ4TwoPhaseExecutorV1Tests.test_checkpoint_resume_does_not_repeat_committed_phase_a_cell) ... ok
test_cli_requires_all_external_receipt_pins_and_routes_no_callable (test_backend_q4_two_phase_executor_v1.BackendQ4TwoPhaseExecutorV1Tests.test_cli_requires_all_external_receipt_pins_and_routes_no_callable) ... backend Q4 two-phase executor rejected: Q4 executor CLI argv arity drifted
ok
test_default_arbitrary_q4_adapters_are_public_and_no_di_is_required (test_backend_q4_two_phase_executor_v1.BackendQ4TwoPhaseExecutorV1Tests.test_default_arbitrary_q4_adapters_are_public_and_no_di_is_required) ... ok
test_default_guardian_assert_uses_accepted_policy_pins_not_service_artifact (test_backend_q4_two_phase_executor_v1.BackendQ4TwoPhaseExecutorV1Tests.test_default_guardian_assert_uses_accepted_policy_pins_not_service_artifact) ... ok
test_default_identity_inputs_are_reloaded_from_same_source_registry (test_backend_q4_two_phase_executor_v1.BackendQ4TwoPhaseExecutorV1Tests.test_default_identity_inputs_are_reloaded_from_same_source_registry) ... ok
test_default_phase_b_adapter_materializes_without_injected_factory (test_backend_q4_two_phase_executor_v1.BackendQ4TwoPhaseExecutorV1Tests.test_default_phase_b_adapter_materializes_without_injected_factory) ... ok
test_default_pin_recheck_physically_validates_live_sockets_and_images (test_backend_q4_two_phase_executor_v1.BackendQ4TwoPhaseExecutorV1Tests.test_default_pin_recheck_physically_validates_live_sockets_and_images) ... ok
test_fake_end_to_end_runs_phase_a_boundary_phase_b_and_280_pairs (test_backend_q4_two_phase_executor_v1.BackendQ4TwoPhaseExecutorV1Tests.test_fake_end_to_end_runs_phase_a_boundary_phase_b_and_280_pairs) ... ok
test_fence_without_parent_wal_is_permanent_after_adapter_resume_probe (test_backend_q4_two_phase_executor_v1.BackendQ4TwoPhaseExecutorV1Tests.test_fence_without_parent_wal_is_permanent_after_adapter_resume_probe) ... ok
test_guarded_path_loader_rejects_parent_swap_restored_after_read (test_backend_q4_two_phase_executor_v1.BackendQ4TwoPhaseExecutorV1Tests.test_guarded_path_loader_rejects_parent_swap_restored_after_read) ... ok
test_held_checkpoint_parent_swap_never_overwrites_canary (test_backend_q4_two_phase_executor_v1.BackendQ4TwoPhaseExecutorV1Tests.test_held_checkpoint_parent_swap_never_overwrites_canary) ... ok
test_held_cold_load_rejects_parent_symlink_rebind (test_backend_q4_two_phase_executor_v1.BackendQ4TwoPhaseExecutorV1Tests.test_held_cold_load_rejects_parent_symlink_rebind) ... ok
test_held_immutable_cold_load_rejects_exact_copy_parent_rebind (test_backend_q4_two_phase_executor_v1.BackendQ4TwoPhaseExecutorV1Tests.test_held_immutable_cold_load_rejects_exact_copy_parent_rebind) ... ok
test_held_immutable_write_parent_swap_never_overwrites_canary (test_backend_q4_two_phase_executor_v1.BackendQ4TwoPhaseExecutorV1Tests.test_held_immutable_write_parent_swap_never_overwrites_canary) ... ok
test_held_read_parent_swap_never_accepts_attacker_file (test_backend_q4_two_phase_executor_v1.BackendQ4TwoPhaseExecutorV1Tests.test_held_read_parent_swap_never_accepts_attacker_file) ... ok
test_host_evidence_copy_recovers_every_physical_publish_window (test_backend_q4_two_phase_executor_v1.BackendQ4TwoPhaseExecutorV1Tests.test_host_evidence_copy_recovers_every_physical_publish_window) ... ok
test_identity_boundary_accepts_real_cross_module_v3_grant (test_backend_q4_two_phase_executor_v1.BackendQ4TwoPhaseExecutorV1Tests.test_identity_boundary_accepts_real_cross_module_v3_grant) ... ok
test_identity_boundary_rejects_q4_or_grant_crossbinding_drift (test_backend_q4_two_phase_executor_v1.BackendQ4TwoPhaseExecutorV1Tests.test_identity_boundary_rejects_q4_or_grant_crossbinding_drift) ... ok
test_image_recheck_uses_read_only_bounded_docker_engine_api (test_backend_q4_two_phase_executor_v1.BackendQ4TwoPhaseExecutorV1Tests.test_image_recheck_uses_read_only_bounded_docker_engine_api) ... ok
test_immutable_json_recovers_every_physical_publish_window (test_backend_q4_two_phase_executor_v1.BackendQ4TwoPhaseExecutorV1Tests.test_immutable_json_recovers_every_physical_publish_window) ... ok
test_invalid_runtime_registry_fails_closed_before_fence_without_di (test_backend_q4_two_phase_executor_v1.BackendQ4TwoPhaseExecutorV1Tests.test_invalid_runtime_registry_fails_closed_before_fence_without_di) ... ok
test_matrix_is_exact_frozen_560_and_pairable_280 (test_backend_q4_two_phase_executor_v1.BackendQ4TwoPhaseExecutorV1Tests.test_matrix_is_exact_frozen_560_and_pairable_280) ... ok
test_owned_cleanup_never_unlinks_replacement_leaf (test_backend_q4_two_phase_executor_v1.BackendQ4TwoPhaseExecutorV1Tests.test_owned_cleanup_never_unlinks_replacement_leaf) ... ok
test_phase_b_pair_run_seed_uses_the_frozen_shared_seed_group (test_backend_q4_two_phase_executor_v1.BackendQ4TwoPhaseExecutorV1Tests.test_phase_b_pair_run_seed_uses_the_frozen_shared_seed_group) ... ok
test_pre_fence_input_collision_is_permanent_and_never_overwritten (test_backend_q4_two_phase_executor_v1.BackendQ4TwoPhaseExecutorV1Tests.test_pre_fence_input_collision_is_permanent_and_never_overwritten) ... ok
test_receipt_committed_phase_b_arm_resumes_without_second_launch (test_backend_q4_two_phase_executor_v1.BackendQ4TwoPhaseExecutorV1Tests.test_receipt_committed_phase_b_arm_resumes_without_second_launch) ... ok
test_repository_materializer_builds_exact_real_v3_arm_and_pair_binding (test_backend_q4_two_phase_executor_v1.BackendQ4TwoPhaseExecutorV1Tests.test_repository_materializer_builds_exact_real_v3_arm_and_pair_binding) ... ok
test_standard_adapter_resumes_each_parent_pin_wal_state_without_second_spawn (test_backend_q4_two_phase_executor_v1.BackendQ4TwoPhaseExecutorV1Tests.test_standard_adapter_resumes_each_parent_pin_wal_state_without_second_spawn) ... ok
test_standard_graph_tail_builds_v2_index_and_catalog (test_backend_q4_two_phase_executor_v1.BackendQ4TwoPhaseExecutorV1Tests.test_standard_graph_tail_builds_v2_index_and_catalog) ... ok
test_standard_native_adapter_seals_only_physical_pending_evidence (test_backend_q4_two_phase_executor_v1.BackendQ4TwoPhaseExecutorV1Tests.test_standard_native_adapter_seals_only_physical_pending_evidence) ... ok
test_standard_phase_b_adapter_routes_through_production_v3_api (test_backend_q4_two_phase_executor_v1.BackendQ4TwoPhaseExecutorV1Tests.test_standard_phase_b_adapter_routes_through_production_v3_api) ... ok
test_tampered_committed_evidence_blocks_resume (test_backend_q4_two_phase_executor_v1.BackendQ4TwoPhaseExecutorV1Tests.test_tampered_committed_evidence_blocks_resume) ... ok
test_uncheckpointed_phase_a_record_cannot_skip_native_execution (test_backend_q4_two_phase_executor_v1.BackendQ4TwoPhaseExecutorV1Tests.test_uncheckpointed_phase_a_record_cannot_skip_native_execution) ... ok
test_uncheckpointed_phase_b_record_cannot_skip_parent_wal (test_backend_q4_two_phase_executor_v1.BackendQ4TwoPhaseExecutorV1Tests.test_uncheckpointed_phase_b_record_cannot_skip_parent_wal) ... ok
test_authenticated_persisted_q4_identity_derives_protocol_bound_v3_grant (test_backend_runtime_grant.BackendRuntimeGrantTests.test_authenticated_persisted_q4_identity_derives_protocol_bound_v3_grant) ... ok
test_backend_upstream_must_bind_nested_physical_parity_acceptance (test_backend_runtime_grant.BackendRuntimeGrantTests.test_backend_upstream_must_bind_nested_physical_parity_acceptance) ... ok
test_current_v1_backend_binding_cannot_be_promoted (test_backend_runtime_grant.BackendRuntimeGrantTests.test_current_v1_backend_binding_cannot_be_promoted) ... ok
test_derives_exact_self_hashed_v2_grant_from_validated_identity (test_backend_runtime_grant.BackendRuntimeGrantTests.test_derives_exact_self_hashed_v2_grant_from_validated_identity) ... ok
test_grant_validator_rejects_every_authorization_boundary_drift (test_backend_runtime_grant.BackendRuntimeGrantTests.test_grant_validator_rejects_every_authorization_boundary_drift) ... ok
test_identity_self_hash_and_descriptor_membership_are_required (test_backend_runtime_grant.BackendRuntimeGrantTests.test_identity_self_hash_and_descriptor_membership_are_required) ... ok
test_launcher_and_raw_evidence_must_be_members_of_identity_file_set (test_backend_runtime_grant.BackendRuntimeGrantTests.test_launcher_and_raw_evidence_must_be_members_of_identity_file_set) ... ok
test_launcher_must_be_dedicated_publication_capable_and_exact (test_backend_runtime_grant.BackendRuntimeGrantTests.test_launcher_must_be_dedicated_publication_capable_and_exact) ... ok
test_legacy_schema1_identity_is_rejected_before_backend_promotion (test_backend_runtime_grant.BackendRuntimeGrantTests.test_legacy_schema1_identity_is_rejected_before_backend_promotion) ... ok
test_missing_duplicate_relabelled_and_raw_evidence_drift_fail_closed (test_backend_runtime_grant.BackendRuntimeGrantTests.test_missing_duplicate_relabelled_and_raw_evidence_drift_fail_closed) ... ok
test_v3_protocol_file_and_launcher_crossbinding_tamper_fail_closed (test_backend_runtime_grant.BackendRuntimeGrantTests.test_v3_protocol_file_and_launcher_crossbinding_tamper_fail_closed) ... ok
test_active_publication_dataset_ids_are_kpp_iss_v3 (test_backend_runtime_qualification.BackendRuntimeQualificationTests.test_active_publication_dataset_ids_are_kpp_iss_v3) ... ok
test_alias_hardlink_and_symlink_artifacts_are_rejected (test_backend_runtime_qualification.BackendRuntimeQualificationTests.test_alias_hardlink_and_symlink_artifacts_are_rejected) ... ok
test_all_560_policy_deadline_runtime_cells_are_exact_and_relabel_proof (test_backend_runtime_qualification.BackendRuntimeQualificationTests.test_all_560_policy_deadline_runtime_cells_are_exact_and_relabel_proof) ... ok
test_assessment_is_pure (test_backend_runtime_qualification.BackendRuntimeQualificationTests.test_assessment_is_pure) ... ok
test_both_resources_four_branches_and_exact_native_bindings_are_required (test_backend_runtime_qualification.BackendRuntimeQualificationTests.test_both_resources_four_branches_and_exact_native_bindings_are_required) ... ok
test_default_loader_reduces_six_v3_streams_to_two_physical_sources (test_backend_runtime_qualification.BackendRuntimeQualificationTests.test_default_loader_reduces_six_v3_streams_to_two_physical_sources) ... ok
test_default_validator_never_accepts_declared_fixture_evidence (test_backend_runtime_qualification.BackendRuntimeQualificationTests.test_default_validator_never_accepts_declared_fixture_evidence) ... ok
test_exact_four_systems_and_sixteen_hardware_cells_pass (test_backend_runtime_qualification.BackendRuntimeQualificationTests.test_exact_four_systems_and_sixteen_hardware_cells_pass) ... ok
test_missing_duplicate_and_relabelled_cells_fail_closed (test_backend_runtime_qualification.BackendRuntimeQualificationTests.test_missing_duplicate_and_relabelled_cells_fail_closed) ... ok
test_output_collision_fails_closed_without_replacing_binding_index (test_backend_runtime_qualification.BackendRuntimeQualificationTests.test_output_collision_fails_closed_without_replacing_binding_index) ... ok
test_promote_writes_four_receipts_then_binding_index_last_and_is_idempotent (test_backend_runtime_qualification.BackendRuntimeQualificationTests.test_promote_writes_four_receipts_then_binding_index_last_and_is_idempotent) ... ok
test_promoted_outputs_are_accepted_by_identity_backend_validator (test_backend_runtime_qualification.BackendRuntimeQualificationTests.test_promoted_outputs_are_accepted_by_identity_backend_validator) ... ok
test_synthetic_nonpublication_unaccepted_and_generic_probes_fail (test_backend_runtime_qualification.BackendRuntimeQualificationTests.test_synthetic_nonpublication_unaccepted_and_generic_probes_fail) ... ok
test_upstream_receipt_self_hash_and_all_artifact_descriptors_are_rechecked (test_backend_runtime_qualification.BackendRuntimeQualificationTests.test_upstream_receipt_self_hash_and_all_artifact_descriptors_are_rechecked) ... ok
test_admission_transport_original_deadline (test_checkpoint_analytics_execution_client_cpp.CheckpointAnalyticsExecutionClientCppTest.test_admission_transport_original_deadline) ... ok
test_native_abort_precedes_gstreamer_null (test_checkpoint_analytics_execution_client_cpp.CheckpointAnalyticsExecutionClientCppTest.test_native_abort_precedes_gstreamer_null) ... ok
test_native_client_regression (test_checkpoint_analytics_execution_client_cpp.CheckpointAnalyticsExecutionClientCppTest.test_native_client_regression) ... ok
test_native_event_pipe_original_deadline (test_checkpoint_analytics_execution_client_cpp.CheckpointAnalyticsExecutionClientCppTest.test_native_event_pipe_original_deadline) ... ok
test_native_execution_deadline_is_the_deepstream_transport_bound (test_checkpoint_analytics_execution_client_cpp.CheckpointAnalyticsExecutionClientCppTest.test_native_execution_deadline_is_the_deepstream_transport_bound) ... ok
test_native_execution_device_id_regression (test_checkpoint_analytics_execution_client_cpp.CheckpointAnalyticsExecutionClientCppTest.test_native_execution_device_id_regression) ... ok
test_native_execution_request_is_guardian_canonical_json (test_checkpoint_analytics_execution_client_cpp.CheckpointAnalyticsExecutionClientCppTest.test_native_execution_request_is_guardian_canonical_json) ... ok
test_native_policy_client_regression (test_checkpoint_analytics_execution_client_cpp.CheckpointAnalyticsExecutionClientCppTest.test_native_policy_client_regression) ... ok
test_native_policy_identity_regression (test_checkpoint_analytics_execution_client_cpp.CheckpointAnalyticsExecutionClientCppTest.test_native_policy_identity_regression) ... ok
test_native_policy_topology_regression (test_checkpoint_analytics_execution_client_cpp.CheckpointAnalyticsExecutionClientCppTest.test_native_policy_topology_regression) ... ok
test_native_reset_queue_level_regression (test_checkpoint_analytics_execution_client_cpp.CheckpointAnalyticsExecutionClientCppTest.test_native_reset_queue_level_regression) ... ok
test_native_stage_artifact_regression (test_checkpoint_analytics_execution_client_cpp.CheckpointAnalyticsExecutionClientCppTest.test_native_stage_artifact_regression) ... ok
test_native_study_common_original_geometry_prefix (test_checkpoint_analytics_execution_client_cpp.CheckpointAnalyticsExecutionClientCppTest.test_native_study_common_original_geometry_prefix) ... ok
test_source_original_drain_and_stop_latch (test_checkpoint_analytics_execution_client_cpp.CheckpointAnalyticsExecutionClientCppTest.test_source_original_drain_and_stop_latch) ... ok
test_study_reference_actual_software_eos_and_deadline (test_checkpoint_analytics_execution_client_cpp.CheckpointAnalyticsExecutionClientCppTest.test_study_reference_actual_software_eos_and_deadline) ... ok
test_coordinator_source_uses_real_sdk_graph_and_common_finalizer (test_checkpoint_deepstream_container_runtime_v3.DeepStreamContainerRuntimeV3Tests.test_coordinator_source_uses_real_sdk_graph_and_common_finalizer) ... ok
test_frozen_model_paths_are_exactly_translated_to_materialized_bindings (test_checkpoint_deepstream_container_runtime_v3.DeepStreamContainerRuntimeV3Tests.test_frozen_model_paths_are_exactly_translated_to_materialized_bindings) ... ok
test_gpu_registry_seed_is_hashed_and_copied_to_every_process (test_checkpoint_deepstream_container_runtime_v3.DeepStreamContainerRuntimeV3Tests.test_gpu_registry_seed_is_hashed_and_copied_to_every_process) ... ok
test_materialized_sha_path_bindings_are_rehashed_and_closed (test_checkpoint_deepstream_container_runtime_v3.DeepStreamContainerRuntimeV3Tests.test_materialized_sha_path_bindings_are_rehashed_and_closed) ... ok
test_native_stdio_is_bounded_exact_and_stderr_closed (test_checkpoint_deepstream_container_runtime_v3.DeepStreamContainerRuntimeV3Tests.test_native_stdio_is_bounded_exact_and_stderr_closed) ... ok
test_runtime_image_recipe_is_pinned_to_abi3_coordinator (test_checkpoint_deepstream_container_runtime_v3.DeepStreamContainerRuntimeV3Tests.test_runtime_image_recipe_is_pinned_to_abi3_coordinator) ... ok
test_terminal_status_is_exact_success_only_abi_v3 (test_checkpoint_deepstream_container_runtime_v3.DeepStreamContainerRuntimeV3Tests.test_terminal_status_is_exact_success_only_abi_v3) ... ok
test_baseline_has_twenty_four_distinct_os_process_commands (test_checkpoint_deepstream_launcher.DeepStreamLauncherTests.test_baseline_has_twenty_four_distinct_os_process_commands) ... ok
test_launcher_delegates_each_spec_to_existing_fd_coordinator (test_checkpoint_deepstream_launcher.DeepStreamLauncherTests.test_launcher_delegates_each_spec_to_existing_fd_coordinator) ... ok
test_publication_source_specs_use_sha_bound_paths_and_declared_fds (test_checkpoint_deepstream_launcher.DeepStreamLauncherTests.test_publication_source_specs_use_sha_bound_paths_and_declared_fds) ... ok
test_publication_worker_specs_bind_private_output_and_declared_fds (test_checkpoint_deepstream_launcher.DeepStreamLauncherTests.test_publication_worker_specs_bind_private_output_and_declared_fds) ... ok
test_shared_has_six_os_processes_and_four_routes_per_process (test_checkpoint_deepstream_launcher.DeepStreamLauncherTests.test_shared_has_six_os_processes_and_four_routes_per_process) ... ok
test_source_specs_materialize_exact_scaled_playback_contract (test_checkpoint_deepstream_launcher.DeepStreamLauncherTests.test_source_specs_materialize_exact_scaled_playback_contract) ... ok
test_config_requires_exact_cpu_gpu_endpoint_material (test_checkpoint_deepstream_protocol_adapter.DeepStreamProtocolAdapterTests.test_config_requires_exact_cpu_gpu_endpoint_material) ... ok
test_factory_fails_before_linux_endpoint_imports_without_config (test_checkpoint_deepstream_protocol_adapter.DeepStreamProtocolAdapterTests.test_factory_fails_before_linux_endpoint_imports_without_config) ... ok
test_rgb_sample_is_preprocessed_bound_and_executed_directly (test_checkpoint_deepstream_protocol_adapter.DeepStreamProtocolAdapterTests.test_rgb_sample_is_preprocessed_bound_and_executed_directly) ... ok
test_sdk_adapters_bind_v3_or_v4_preprocessing_to_endpoint_hashes (test_checkpoint_deepstream_protocol_adapter.DeepStreamProtocolAdapterTests.test_sdk_adapters_bind_v3_or_v4_preprocessing_to_endpoint_hashes) ... ok
test_baseline_four_independent_workers_form_one_causal_join (test_checkpoint_deepstream_protocol_bridge.DeepStreamProtocolBridgeContractTests.test_baseline_four_independent_workers_form_one_causal_join) ... ok
test_corrupt_provenance_cannot_be_relabelled_as_branch_terminal (test_checkpoint_deepstream_protocol_bridge.DeepStreamProtocolBridgeContractTests.test_corrupt_provenance_cannot_be_relabelled_as_branch_terminal) ... ok
test_default_clock_keeps_decision_after_admission_across_host_clock_step_back (test_checkpoint_deepstream_protocol_bridge.DeepStreamProtocolBridgeContractTests.test_default_clock_keeps_decision_after_admission_across_host_clock_step_back) ... ok
test_gpu_topology_uses_native_d2h_boundaries (test_checkpoint_deepstream_protocol_bridge.DeepStreamProtocolBridgeContractTests.test_gpu_topology_uses_native_d2h_boundaries) ... ok
test_nonzero_logical_stream_uses_physical_single_mux_source_zero (test_checkpoint_deepstream_protocol_bridge.DeepStreamProtocolBridgeContractTests.test_nonzero_logical_stream_uses_physical_single_mux_source_zero) ... ok
test_nvds_decoded_counter_is_not_relabelled_as_admission_sequence (test_checkpoint_deepstream_protocol_bridge.DeepStreamProtocolBridgeContractTests.test_nvds_decoded_counter_is_not_relabelled_as_admission_sequence) ... ok
test_nvds_identity_cannot_relabel_software_decode_as_nvdec (test_checkpoint_deepstream_protocol_bridge.DeepStreamProtocolBridgeContractTests.test_nvds_identity_cannot_relabel_software_decode_as_nvdec) ... ok
test_policy_path_clamps_wall_clock_regression_after_decision_ack (test_checkpoint_deepstream_protocol_bridge.DeepStreamProtocolBridgeContractTests.test_policy_path_clamps_wall_clock_regression_after_decision_ack) ... ok
test_pre_detector_queue_drop_retains_verified_branch_model_identity (test_checkpoint_deepstream_protocol_bridge.DeepStreamProtocolBridgeContractTests.test_pre_detector_queue_drop_retains_verified_branch_model_identity) ... ok
test_public_bridge_surface_exists (test_checkpoint_deepstream_protocol_bridge.DeepStreamProtocolBridgeContractTests.test_public_bridge_surface_exists) ... ok
test_serialized_events_clamp_prelock_observation_timestamp_race (test_checkpoint_deepstream_protocol_bridge.DeepStreamProtocolBridgeContractTests.test_serialized_events_clamp_prelock_observation_timestamp_race) ... ok
test_shared_fanout_returns_clamped_serialized_timestamp (test_checkpoint_deepstream_protocol_bridge.DeepStreamProtocolBridgeContractTests.test_shared_fanout_returns_clamped_serialized_timestamp) ... ok
test_shared_graph_has_one_prefix_four_fanouts_and_cpu_gpu_terminals (test_checkpoint_deepstream_protocol_bridge.DeepStreamProtocolBridgeContractTests.test_shared_graph_has_one_prefix_four_fanouts_and_cpu_gpu_terminals) ... ok
test_container_failure_precedes_endpoint_socket_postcondition (test_checkpoint_deepstream_publication_runtime_v3.DeepStreamPublicationRuntimeV3Tests.test_container_failure_precedes_endpoint_socket_postcondition) ... ok
test_contract_schema_dataset_and_evidence_mapping_are_closed (test_checkpoint_deepstream_publication_runtime_v3.DeepStreamPublicationRuntimeV3Tests.test_contract_schema_dataset_and_evidence_mapping_are_closed) ... ok
test_exact_engine_image_inputs_sockets_and_evidence_are_bound (test_checkpoint_deepstream_publication_runtime_v3.DeepStreamPublicationRuntimeV3Tests.test_exact_engine_image_inputs_sockets_and_evidence_are_bound) ... ok
test_image_inspect_identity_drift_is_rejected_before_run (test_checkpoint_deepstream_publication_runtime_v3.DeepStreamPublicationRuntimeV3Tests.test_image_inspect_identity_drift_is_rejected_before_run) ... ok
test_launcher_binds_both_topologies_to_real_container_runner (test_checkpoint_deepstream_publication_runtime_v3.DeepStreamPublicationRuntimeV3Tests.test_launcher_binds_both_topologies_to_real_container_runner) ... ok
test_transient_input_path_replacement_is_rejected_before_container_run (test_checkpoint_deepstream_publication_runtime_v3.DeepStreamPublicationRuntimeV3Tests.test_transient_input_path_replacement_is_rejected_before_container_run) ... ok
test_materialization_is_idempotent_but_refuses_physical_binding_drift (test_checkpoint_deepstream_qualification_fragment_v1.DeepStreamQualificationFragmentV1Tests.test_materialization_is_idempotent_but_refuses_physical_binding_drift) ... ok
test_materializes_exact_ten_unique_physical_bindings_and_no_pilots (test_checkpoint_deepstream_qualification_fragment_v1.DeepStreamQualificationFragmentV1Tests.test_materializes_exact_ten_unique_physical_bindings_and_no_pilots) ... ok
test_repository_refrozen_endpoint_materials_are_exactly_accepted (test_checkpoint_deepstream_qualification_fragment_v1.DeepStreamQualificationFragmentV1Tests.test_repository_refrozen_endpoint_materials_are_exactly_accepted) ... ok
test_validator_rejects_hardlink_alias_and_image_identity_drift (test_checkpoint_deepstream_qualification_fragment_v1.DeepStreamQualificationFragmentV1Tests.test_validator_rejects_hardlink_alias_and_image_identity_drift) ... ok
test_cpu_path_requires_empty_cuda_receipt_and_emits_no_transfer_rows (test_checkpoint_deepstream_resource_runtime_v3.DeepStreamNativeResourceRecorderV3Tests.test_cpu_path_requires_empty_cuda_receipt_and_emits_no_transfer_rows) ... ok
test_fanout_interval_end_tracks_clamped_serialized_topology_time (test_checkpoint_deepstream_resource_runtime_v3.DeepStreamNativeResourceRecorderV3Tests.test_fanout_interval_end_tracks_clamped_serialized_topology_time) ... ok
test_fragments_join_canonical_trace_to_worker_execution_identity (test_checkpoint_deepstream_resource_runtime_v3.DeepStreamNativeResourceRecorderV3Tests.test_fragments_join_canonical_trace_to_worker_execution_identity) ... ok
test_gpu_cuda_intervals_bind_h2d_to_analytics_and_d2h_to_postprocess (test_checkpoint_deepstream_resource_runtime_v3.DeepStreamNativeResourceRecorderV3Tests.test_gpu_cuda_intervals_bind_h2d_to_analytics_and_d2h_to_postprocess) ... ok
test_gpu_merge_accepts_cuda_device_duration_inside_host_envelope (test_checkpoint_deepstream_resource_runtime_v3.DeepStreamNativeResourceRecorderV3Tests.test_gpu_merge_accepts_cuda_device_duration_inside_host_envelope) ... ok
test_independent_topology_refuses_fanout_and_emits_no_counter_file (test_checkpoint_deepstream_resource_runtime_v3.DeepStreamNativeResourceRecorderV3Tests.test_independent_topology_refuses_fanout_and_emits_no_counter_file) ... ok
test_records_native_nvdec_interval_with_exact_identity (test_checkpoint_deepstream_resource_runtime_v3.DeepStreamNativeResourceRecorderV3Tests.test_records_native_nvdec_interval_with_exact_identity) ... ok
test_rejects_nonpositive_measured_intervals_and_cpu_time (test_checkpoint_deepstream_resource_runtime_v3.DeepStreamNativeResourceRecorderV3Tests.test_rejects_nonpositive_measured_intervals_and_cpu_time) ... ok
test_rejects_overlapping_cuda_transfer_pair (test_checkpoint_deepstream_resource_runtime_v3.DeepStreamNativeResourceRecorderV3Tests.test_rejects_overlapping_cuda_transfer_pair) ... ok
test_shared_fanout_records_real_interval_and_thread_cpu_counter (test_checkpoint_deepstream_resource_runtime_v3.DeepStreamNativeResourceRecorderV3Tests.test_shared_fanout_records_real_interval_and_thread_cpu_counter) ... ok
test_failed_codec_probe_adds_exact_blocker (test_checkpoint_deepstream_runtime.DeepStreamCapabilityProbeTests.test_failed_codec_probe_adds_exact_blocker) ... ok
test_probe_command_is_argument_safe_and_mounts_only_read_only_inputs (test_checkpoint_deepstream_runtime.DeepStreamCapabilityProbeTests.test_probe_command_is_argument_safe_and_mounts_only_read_only_inputs) ... ok
test_probe_payload_is_strict_and_cannot_claim_publication_evidence (test_checkpoint_deepstream_runtime.DeepStreamCapabilityProbeTests.test_probe_payload_is_strict_and_cannot_claim_publication_evidence) ... ok
test_successful_sdk_and_nvdec_probe_remains_fail_closed (test_checkpoint_deepstream_runtime.DeepStreamCapabilityProbeTests.test_successful_sdk_and_nvdec_probe_remains_fail_closed) ... ok
test_baseline_expands_to_twenty_four_real_process_specs (test_checkpoint_deepstream_runtime.DeepStreamRuntimePlanTests.test_baseline_expands_to_twenty_four_real_process_specs) ... ok
test_baseline_worker_ids_fit_the_operational_request_domain (test_checkpoint_deepstream_runtime.DeepStreamRuntimePlanTests.test_baseline_worker_ids_fit_the_operational_request_domain) ... ok
test_h265_and_every_frozen_policy_deadline_are_propagated_exactly (test_checkpoint_deepstream_runtime.DeepStreamRuntimePlanTests.test_h265_and_every_frozen_policy_deadline_are_propagated_exactly) ... ok
test_pair_plan_requires_equal_persisted_measurement_schedule_fingerprint (test_checkpoint_deepstream_runtime.DeepStreamRuntimePlanTests.test_pair_plan_requires_equal_persisted_measurement_schedule_fingerprint) ... ok
test_plan_rejects_matrix_or_dataset_drift (test_checkpoint_deepstream_runtime.DeepStreamRuntimePlanTests.test_plan_rejects_matrix_or_dataset_drift) ... ok
test_shared_has_six_decode_preprocess_prefixes_and_four_queued_routes (test_checkpoint_deepstream_runtime.DeepStreamRuntimePlanTests.test_shared_has_six_decode_preprocess_prefixes_and_four_queued_routes) ... ok
test_validator_rejects_relabelled_or_collapsed_topology (test_checkpoint_deepstream_runtime.DeepStreamRuntimePlanTests.test_validator_rejects_relabelled_or_collapsed_topology) ... ok
test_exact_materialized_image_evidence_and_qualification_fragment (test_checkpoint_deepstream_runtime_image_evidence_v1.DeepStreamRuntimeImageEvidenceV1Tests.test_exact_materialized_image_evidence_and_qualification_fragment) ... ERROR
test_dependency_closure_rejects_extraneous_symlinked_wheel (test_checkpoint_deepstream_runtime_source_closure_v3.DeepStreamRuntimeSourceClosureV3Tests.test_dependency_closure_rejects_extraneous_symlinked_wheel) ... ok
test_docker_copy_and_isolated_build_context_match_validated_sets (test_checkpoint_deepstream_runtime_source_closure_v3.DeepStreamRuntimeSourceClosureV3Tests.test_docker_copy_and_isolated_build_context_match_validated_sets) ... ok
test_missing_extraneous_and_unrelated_module_drift_fail_as_expected (test_checkpoint_deepstream_runtime_source_closure_v3.DeepStreamRuntimeSourceClosureV3Tests.test_missing_extraneous_and_unrelated_module_drift_fail_as_expected) ... ok
test_production_allowlist_is_exact_multi_entry_runtime_closure (test_checkpoint_deepstream_runtime_source_closure_v3.DeepStreamRuntimeSourceClosureV3Tests.test_production_allowlist_is_exact_multi_entry_runtime_closure) ... ok
test_b_frame_dts_does_not_mix_unscaled_access_pts_with_scaled_dts (test_checkpoint_deepstream_sdk_runtime.DeepStreamAdmissionTransportTests.test_b_frame_dts_does_not_mix_unscaled_access_pts_with_scaled_dts) ... ok
test_epoch_nanoseconds_use_exact_integer_millisecond_ceiling (test_checkpoint_deepstream_sdk_runtime.DeepStreamAdmissionTransportTests.test_epoch_nanoseconds_use_exact_integer_millisecond_ceiling) ... ok
test_exact_native_vastau01_frame_preserves_access_and_transport_pts (test_checkpoint_deepstream_sdk_runtime.DeepStreamAdmissionTransportTests.test_exact_native_vastau01_frame_preserves_access_and_transport_pts) ... ok
test_missing_dts_and_impossible_scaled_mapping_fail_closed (test_checkpoint_deepstream_sdk_runtime.DeepStreamAdmissionTransportTests.test_missing_dts_and_impossible_scaled_mapping_fail_closed) ... ok
test_monotonic_start_wait_cannot_request_negative_sleep (test_checkpoint_deepstream_sdk_runtime.DeepStreamAdmissionTransportTests.test_monotonic_start_wait_cannot_request_negative_sleep) ... ok
test_scaled_cycle_pts_dts_mapping_matches_native_worker_contract (test_checkpoint_deepstream_sdk_runtime.DeepStreamAdmissionTransportTests.test_scaled_cycle_pts_dts_mapping_matches_native_worker_contract) ... ok
test_transport_accepts_b_frame_pts_reordering_with_monotonic_transport_pts (test_checkpoint_deepstream_sdk_runtime.DeepStreamAdmissionTransportTests.test_transport_accepts_b_frame_pts_reordering_with_monotonic_transport_pts) ... ok
test_transport_preserves_delta_unit_and_rejects_unknown_flags (test_checkpoint_deepstream_sdk_runtime.DeepStreamAdmissionTransportTests.test_transport_preserves_delta_unit_and_rejects_unknown_flags) ... ok
test_transport_rejects_digest_mismatch_and_truncated_payload (test_checkpoint_deepstream_sdk_runtime.DeepStreamAdmissionTransportTests.test_transport_rejects_digest_mismatch_and_truncated_payload) ... ok
test_admission_eof_accepts_only_concurrent_valid_stop (test_checkpoint_deepstream_sdk_runtime.DeepStreamFdAndQueueTests.test_admission_eof_accepts_only_concurrent_valid_stop) ... ok
test_admission_eof_without_valid_stop_remains_fail_closed (test_checkpoint_deepstream_sdk_runtime.DeepStreamFdAndQueueTests.test_admission_eof_without_valid_stop_remains_fail_closed) ... ok
test_event_sink_writes_one_canonical_json_line_to_exact_fd (test_checkpoint_deepstream_sdk_runtime.DeepStreamFdAndQueueTests.test_event_sink_writes_one_canonical_json_line_to_exact_fd) ... ok
test_finish_waits_for_every_appsink_eos_even_after_pipeline_bus_eos (test_checkpoint_deepstream_sdk_runtime.DeepStreamFdAndQueueTests.test_finish_waits_for_every_appsink_eos_even_after_pipeline_bus_eos) ... ok
test_lifecycle_matches_coordinator_wire_grammar (test_checkpoint_deepstream_sdk_runtime.DeepStreamFdAndQueueTests.test_lifecycle_matches_coordinator_wire_grammar) ... ok
test_missing_pending_pts_reports_stage_both_pts_and_pending_range (test_checkpoint_deepstream_sdk_runtime.DeepStreamFdAndQueueTests.test_missing_pending_pts_reports_stage_both_pts_and_pending_range) ... ok
test_native_queue_drops_the_newest_buffer_at_capacity (test_checkpoint_deepstream_sdk_runtime.DeepStreamFdAndQueueTests.test_native_queue_drops_the_newest_buffer_at_capacity) ... ok
test_nvdec_submit_timestamp_is_taken_after_buffer_materialization (test_checkpoint_deepstream_sdk_runtime.DeepStreamFdAndQueueTests.test_nvdec_submit_timestamp_is_taken_after_buffer_materialization) ... ok
test_pending_frame_is_evicted_only_after_every_exact_branch_terminal (test_checkpoint_deepstream_sdk_runtime.DeepStreamFdAndQueueTests.test_pending_frame_is_evicted_only_after_every_exact_branch_terminal) ... ok
test_pending_lookup_uses_nvds_frame_pts_not_batched_gst_buffer_pts (test_checkpoint_deepstream_sdk_runtime.DeepStreamFdAndQueueTests.test_pending_lookup_uses_nvds_frame_pts_not_batched_gst_buffer_pts) ... ok
test_run_cli_reserves_stdout_for_native_nvstreammux_audit (test_checkpoint_deepstream_sdk_runtime.DeepStreamFdAndQueueTests.test_run_cli_reserves_stdout_for_native_nvstreammux_audit) ... [deepstream-sdk-runtime][wall-clock] max_clamp_ns=0
ok
test_stop_after_last_admission_still_requires_source_eof (test_checkpoint_deepstream_sdk_runtime.DeepStreamFdAndQueueTests.test_stop_after_last_admission_still_requires_source_eof) ... ok
test_stop_drains_already_buffered_admissions_before_graph_eos (test_checkpoint_deepstream_sdk_runtime.DeepStreamFdAndQueueTests.test_stop_drains_already_buffered_admissions_before_graph_eos) ... ok
test_stop_without_source_eof_expires_without_claiming_drained (test_checkpoint_deepstream_sdk_runtime.DeepStreamFdAndQueueTests.test_stop_without_source_eof_expires_without_claiming_drained) ... ok
test_host_clock_step_back_beyond_ten_milliseconds_fails_closed (test_checkpoint_deepstream_sdk_runtime.DeepStreamHostWallClockStepTests.test_host_clock_step_back_beyond_ten_milliseconds_fails_closed) ... ok
test_lifecycle_and_callback_wall_stamps_use_the_shared_process_clock (test_checkpoint_deepstream_sdk_runtime.DeepStreamHostWallClockStepTests.test_lifecycle_and_callback_wall_stamps_use_the_shared_process_clock) ... ok
test_main_writes_one_wall_clock_line_on_every_controlled_exit (test_checkpoint_deepstream_sdk_runtime.DeepStreamHostWallClockStepTests.test_main_writes_one_wall_clock_line_on_every_controlled_exit) ... ok
test_nvdec_interval_survives_two_millisecond_host_clock_step_back (test_checkpoint_deepstream_sdk_runtime.DeepStreamHostWallClockStepTests.test_nvdec_interval_survives_two_millisecond_host_clock_step_back) ... ok
test_shared_fanout_interval_survives_two_millisecond_host_clock_step_back (test_checkpoint_deepstream_sdk_runtime.DeepStreamHostWallClockStepTests.test_shared_fanout_interval_survives_two_millisecond_host_clock_step_back) ... ok
test_baseline_is_one_decoder_preprocess_process_for_one_branch (test_checkpoint_deepstream_sdk_runtime.DeepStreamPhysicalGraphTests.test_baseline_is_one_decoder_preprocess_process_for_one_branch) ... ok
test_native_stage_contract_rows_bind_physical_domain_and_runtime_artifacts (test_checkpoint_deepstream_sdk_runtime.DeepStreamPhysicalGraphTests.test_native_stage_contract_rows_bind_physical_domain_and_runtime_artifacts) ... ok
test_pipeline_builds_system_memory_rgb_routes_for_frozen_preprocess (test_checkpoint_deepstream_sdk_runtime.DeepStreamPhysicalGraphTests.test_pipeline_builds_system_memory_rgb_routes_for_frozen_preprocess) ... ok
test_shared_is_one_decoder_and_four_native_bounded_routes (test_checkpoint_deepstream_sdk_runtime.DeepStreamPhysicalGraphTests.test_shared_is_one_decoder_and_four_native_bounded_routes) ... ok
test_shared_native_stage_contract_is_written_once_for_common_prefix (test_checkpoint_deepstream_sdk_runtime.DeepStreamPhysicalGraphTests.test_shared_native_stage_contract_is_written_once_for_common_prefix) ... ok
test_shared_pipeline_physically_links_rgb_prefix_into_tee_and_every_route (test_checkpoint_deepstream_sdk_runtime.DeepStreamPhysicalGraphTests.test_shared_pipeline_physically_links_rgb_prefix_into_tee_and_every_route) ... ok
test_backward_wall_adjustment_does_not_shorten_native_service (test_checkpoint_deepstream_service_clock.DeepStreamServiceClockTests.test_backward_wall_adjustment_does_not_shorten_native_service) ... ok
test_forward_wall_adjustment_does_not_inflate_native_service (test_checkpoint_deepstream_service_clock.DeepStreamServiceClockTests.test_forward_wall_adjustment_does_not_inflate_native_service) ... ok
test_inference_longer_than_elapsed_service_still_fails (test_checkpoint_deepstream_service_clock.DeepStreamServiceClockTests.test_inference_longer_than_elapsed_service_still_fails) ... ok
test_postprocess_outside_elapsed_service_still_fails (test_checkpoint_deepstream_service_clock.DeepStreamServiceClockTests.test_postprocess_outside_elapsed_service_still_fails) ... ok
test_regressing_monotonic_clock_is_rejected (test_checkpoint_deepstream_service_clock.DeepStreamServiceClockTests.test_regressing_monotonic_clock_is_rejected) ... ok
test_external_manifest_rejects_real_identity_and_coverage_drift (test_checkpoint_external_execution_manifest.ExternalExecutionManifestTests.test_external_manifest_rejects_real_identity_and_coverage_drift) ... ok
test_native_policy_import_does_not_require_sdk_bridge (test_checkpoint_external_execution_manifest.ExternalExecutionManifestTests.test_native_policy_import_does_not_require_sdk_bridge) ... ok
test_producer_manifest_passes_real_coordinator_startup_for_both_systems (test_checkpoint_external_execution_manifest.ExternalExecutionManifestTests.test_producer_manifest_passes_real_coordinator_startup_for_both_systems) ... ok
test_worker_fixture_needs_no_ignored_runtime_artifacts (test_checkpoint_external_execution_manifest.ExternalExecutionManifestTests.test_worker_fixture_needs_no_ignored_runtime_artifacts) ... ok
test_worker_fixture_rejects_missing_and_foreign_metadata (test_checkpoint_external_execution_manifest.ExternalExecutionManifestTests.test_worker_fixture_rejects_missing_and_foreign_metadata) ... ok
test_absolute_unix_socket_listener_accepts_a_real_path_client (test_checkpoint_gstreamer_analytics_bridge.GStreamerAnalyticsBridgeTests.test_absolute_unix_socket_listener_accepts_a_real_path_client) ... ok
test_decision_binds_to_the_native_probe_system_it_names (test_checkpoint_gstreamer_analytics_bridge.GStreamerAnalyticsBridgeTests.test_decision_binds_to_the_native_probe_system_it_names) ... ok
test_front_transport_rejects_relabel_and_accepts_one_sealed_tensor (test_checkpoint_gstreamer_analytics_bridge.GStreamerAnalyticsBridgeTests.test_front_transport_rejects_relabel_and_accepts_one_sealed_tensor) ... ok
test_listener_serves_two_persistent_path_clients_concurrently (test_checkpoint_gstreamer_analytics_bridge.GStreamerAnalyticsBridgeTests.test_listener_serves_two_persistent_path_clients_concurrently) ... ok
test_policy_terminal_identity_is_exactly_worker_capability_bound (test_checkpoint_gstreamer_analytics_bridge.GStreamerAnalyticsBridgeTests.test_policy_terminal_identity_is_exactly_worker_capability_bound) ... ok
test_raw_bgr_frame_is_exactly_preprocessed_to_frozen_fp32_nchw_contract (test_checkpoint_gstreamer_analytics_bridge.GStreamerAnalyticsBridgeTests.test_raw_bgr_frame_is_exactly_preprocessed_to_frozen_fp32_nchw_contract) ... ok
test_raw_gstbuffer_reaches_selected_frozen_worker_as_exact_preprocessed_tensor (test_checkpoint_gstreamer_analytics_bridge.GStreamerAnalyticsBridgeTests.test_raw_gstbuffer_reaches_selected_frozen_worker_as_exact_preprocessed_tensor) ... ok
test_routes_all_eight_branch_resource_bindings_through_real_memfd_worker_roundtrip (test_checkpoint_gstreamer_analytics_bridge.GStreamerAnalyticsBridgeTests.test_routes_all_eight_branch_resource_bindings_through_real_memfd_worker_roundtrip) ... ok
test_study_independent_routes_overlap_on_real_transports_with_self_intervals (test_checkpoint_gstreamer_analytics_bridge.GStreamerAnalyticsBridgeTests.test_study_independent_routes_overlap_on_real_transports_with_self_intervals) ... ok
test_worker_protocol_proxy_binds_hello_route_and_forwards_one_memfd (test_checkpoint_gstreamer_analytics_bridge.GStreamerAnalyticsBridgeTests.test_worker_protocol_proxy_binds_hello_route_and_forwards_one_memfd) ... ok
test_atomic_front_publish_collision_preserves_canary_and_hidden_node_absent (test_checkpoint_gstreamer_analytics_sidecar.GStreamerAnalyticsSidecarTests.test_atomic_front_publish_collision_preserves_canary_and_hidden_node_absent) ... ok
test_atomic_front_publish_post_bind_failure_never_unlinks_node (test_checkpoint_gstreamer_analytics_sidecar.GStreamerAnalyticsSidecarTests.test_atomic_front_publish_post_bind_failure_never_unlinks_node) ... ok
test_atomic_front_publish_uses_direct_bind_without_link_cleanup (test_checkpoint_gstreamer_analytics_sidecar.GStreamerAnalyticsSidecarTests.test_atomic_front_publish_uses_direct_bind_without_link_cleanup) ... ok
test_authority_loader_rejects_named_file_swap_during_fd_read (test_checkpoint_gstreamer_analytics_sidecar.GStreamerAnalyticsSidecarTests.test_authority_loader_rejects_named_file_swap_during_fd_read) ... ok
test_binding_index_digest_drift_is_rejected (test_checkpoint_gstreamer_analytics_sidecar.GStreamerAnalyticsSidecarTests.test_binding_index_digest_drift_is_rejected) ... ok
test_bridge_failure_is_fatal_and_raw_socket_nodes_are_removed (test_checkpoint_gstreamer_analytics_sidecar.GStreamerAnalyticsSidecarTests.test_bridge_failure_is_fatal_and_raw_socket_nodes_are_removed) ... ok
test_cached_stop_cold_revalidates_retired_socket_ledger (test_checkpoint_gstreamer_analytics_sidecar.GStreamerAnalyticsSidecarTests.test_cached_stop_cold_revalidates_retired_socket_ledger) ... ok
test_cli_contract_is_explicit_and_requires_bounded_counts (test_checkpoint_gstreamer_analytics_sidecar.GStreamerAnalyticsSidecarTests.test_cli_contract_is_explicit_and_requires_bounded_counts) ... ok
test_cli_modes_reject_incompatible_arguments_before_input_reads (test_checkpoint_gstreamer_analytics_sidecar.GStreamerAnalyticsSidecarTests.test_cli_modes_reject_incompatible_arguments_before_input_reads) ... ok
test_concurrent_terminal_failures_commit_only_first_diagnostic (test_checkpoint_gstreamer_analytics_sidecar.GStreamerAnalyticsSidecarTests.test_concurrent_terminal_failures_commit_only_first_diagnostic) ... ok
test_diagnostic_does_not_read_oversized_or_unsafe_descriptors (test_checkpoint_gstreamer_analytics_sidecar.GStreamerAnalyticsSidecarTests.test_diagnostic_does_not_read_oversized_or_unsafe_descriptors) ... ok
test_diagnostic_persistence_failure_preserves_original_integrity_error (test_checkpoint_gstreamer_analytics_sidecar.GStreamerAnalyticsSidecarTests.test_diagnostic_persistence_failure_preserves_original_integrity_error) ... ok
test_docker_factory_plan_is_pinned_no_network_and_gpu_explicit (test_checkpoint_gstreamer_analytics_sidecar.GStreamerAnalyticsSidecarTests.test_docker_factory_plan_is_pinned_no_network_and_gpu_explicit) ... ok
test_first_failure_route_is_selected_under_persistence_lock_and_later_route_is_not_observed (test_checkpoint_gstreamer_analytics_sidecar.GStreamerAnalyticsSidecarTests.test_first_failure_route_is_selected_under_persistence_lock_and_later_route_is_not_observed) ... ok
test_foreground_guardian_cli_commits_readiness_then_waits_for_stop (test_checkpoint_gstreamer_analytics_sidecar.GStreamerAnalyticsSidecarTests.test_foreground_guardian_cli_commits_readiness_then_waits_for_stop) ... ok
test_foreground_guardian_cli_requires_preprocessing_receipt (test_checkpoint_gstreamer_analytics_sidecar.GStreamerAnalyticsSidecarTests.test_foreground_guardian_cli_requires_preprocessing_receipt) ... ok
test_front_collision_is_preserved_and_workers_are_drained (test_checkpoint_gstreamer_analytics_sidecar.GStreamerAnalyticsSidecarTests.test_front_collision_is_preserved_and_workers_are_drained) ... ok
test_front_socket_is_requested_as_atomic_publish_only_after_bridge (test_checkpoint_gstreamer_analytics_sidecar.GStreamerAnalyticsSidecarTests.test_front_socket_is_requested_as_atomic_publish_only_after_bridge) ... ok
test_full_lifecycle_attests_exact_eight_and_persists_raw_call (test_checkpoint_gstreamer_analytics_sidecar.GStreamerAnalyticsSidecarTests.test_full_lifecycle_attests_exact_eight_and_persists_raw_call) ... ok
test_guardian_authenticated_stop_unblocks_foreground_wait (test_checkpoint_gstreamer_analytics_sidecar.GStreamerAnalyticsSidecarTests.test_guardian_authenticated_stop_unblocks_foreground_wait) ... ok
test_guardian_status_and_bounded_stop_cli_use_readiness_authority (test_checkpoint_gstreamer_analytics_sidecar.GStreamerAnalyticsSidecarTests.test_guardian_status_and_bounded_stop_cli_use_readiness_authority) ... ok
test_guardian_status_fails_closed_after_any_worker_dies (test_checkpoint_gstreamer_analytics_sidecar.GStreamerAnalyticsSidecarTests.test_guardian_status_fails_closed_after_any_worker_dies) ... ok
test_guardian_stop_attestation_tamper_fails_closed (test_checkpoint_gstreamer_analytics_sidecar.GStreamerAnalyticsSidecarTests.test_guardian_stop_attestation_tamper_fails_closed) ... ok
test_guardian_stop_cli_rejects_acknowledgement_binding_drift (test_checkpoint_gstreamer_analytics_sidecar.GStreamerAnalyticsSidecarTests.test_guardian_stop_cli_rejects_acknowledgement_binding_drift) ... ok
test_guardian_stores_stop_attestation_before_acknowledgement (test_checkpoint_gstreamer_analytics_sidecar.GStreamerAnalyticsSidecarTests.test_guardian_stores_stop_attestation_before_acknowledgement) ... ok
test_incomplete_materialized_binding_set_fails_before_process_start (test_checkpoint_gstreamer_analytics_sidecar.GStreamerAnalyticsSidecarTests.test_incomplete_materialized_binding_set_fails_before_process_start) ... ok
test_inference_failure_snapshot_retains_first_route_when_diagnostic_write_fails (test_checkpoint_gstreamer_analytics_sidecar.GStreamerAnalyticsSidecarTests.test_inference_failure_snapshot_retains_first_route_when_diagnostic_write_fails) ... ok
test_inference_stage_and_observer_refusal_do_not_replace_or_repeat_primary_failure (test_checkpoint_gstreamer_analytics_sidecar.GStreamerAnalyticsSidecarTests.test_inference_stage_and_observer_refusal_do_not_replace_or_repeat_primary_failure) ... ok
test_owned_socket_retirement_never_deletes_raced_node (test_checkpoint_gstreamer_analytics_sidecar.GStreamerAnalyticsSidecarTests.test_owned_socket_retirement_never_deletes_raced_node) ... ok
test_peer_pid_drift_fails_closed_and_cleans_every_owned_node (test_checkpoint_gstreamer_analytics_sidecar.GStreamerAnalyticsSidecarTests.test_peer_pid_drift_fails_closed_and_cleans_every_owned_node) ... ok
test_pre_authority_failure_cannot_commit_an_orphan_diagnostic (test_checkpoint_gstreamer_analytics_sidecar.GStreamerAnalyticsSidecarTests.test_pre_authority_failure_cannot_commit_an_orphan_diagnostic) ... ok
test_production_authority_rejects_hash_inode_and_owner_drift (test_checkpoint_gstreamer_analytics_sidecar.GStreamerAnalyticsSidecarTests.test_production_authority_rejects_hash_inode_and_owner_drift) ... ok
test_production_capacity_is_contract_derived_and_not_one_million (test_checkpoint_gstreamer_analytics_sidecar.GStreamerAnalyticsSidecarTests.test_production_capacity_is_contract_derived_and_not_one_million) ... ok
test_production_integrity_failure_keeps_request_diagnostic (test_checkpoint_gstreamer_analytics_sidecar.GStreamerAnalyticsSidecarTests.test_production_integrity_failure_keeps_request_diagnostic) ... ok
test_production_lifecycle_parent_swap_preserves_attacker_canary (test_checkpoint_gstreamer_analytics_sidecar.GStreamerAnalyticsSidecarTests.test_production_lifecycle_parent_swap_preserves_attacker_canary) ... ok
test_production_per_connection_bound_exhaustion_fails_closed (test_checkpoint_gstreamer_analytics_sidecar.GStreamerAnalyticsSidecarTests.test_production_per_connection_bound_exhaustion_fails_closed) ... ok
test_production_preprocessing_contract_checks_all_bindings_before_worker_start (test_checkpoint_gstreamer_analytics_sidecar.GStreamerAnalyticsSidecarTests.test_production_preprocessing_contract_checks_all_bindings_before_worker_start) ... ok
test_production_preprocessing_receipt_binds_runtime_candidate_manifest (test_checkpoint_gstreamer_analytics_sidecar.GStreamerAnalyticsSidecarTests.test_production_preprocessing_receipt_binds_runtime_candidate_manifest) ... ok
test_production_readiness_parent_swap_never_redirects_write (test_checkpoint_gstreamer_analytics_sidecar.GStreamerAnalyticsSidecarTests.test_production_readiness_parent_swap_never_redirects_write) ... ok
test_production_rejection_diagnostics_keep_untrusted_fields_unattributed (test_checkpoint_gstreamer_analytics_sidecar.GStreamerAnalyticsSidecarTests.test_production_rejection_diagnostics_keep_untrusted_fields_unattributed) ... ok
test_production_rejects_external_runtime_expectation_drift_before_worker_start (test_checkpoint_gstreamer_analytics_sidecar.GStreamerAnalyticsSidecarTests.test_production_rejects_external_runtime_expectation_drift_before_worker_start) ... ok
test_production_service_has_stable_authority_clean_eof_and_rolling_lifecycle (test_checkpoint_gstreamer_analytics_sidecar.GStreamerAnalyticsSidecarTests.test_production_service_has_stable_authority_clean_eof_and_rolling_lifecycle) ... ok
test_production_start_is_one_shot_and_does_not_replace_front_inode (test_checkpoint_gstreamer_analytics_sidecar.GStreamerAnalyticsSidecarTests.test_production_start_is_one_shot_and_does_not_replace_front_inode) ... ok
test_response_send_epipe_captures_live_validated_worker_before_teardown (test_checkpoint_gstreamer_analytics_sidecar.GStreamerAnalyticsSidecarTests.test_response_send_epipe_captures_live_validated_worker_before_teardown) ... ok
test_retired_socket_post_stat_swap_is_nondestructive_and_fails_cold (test_checkpoint_gstreamer_analytics_sidecar.GStreamerAnalyticsSidecarTests.test_retired_socket_post_stat_swap_is_nondestructive_and_fails_cold) ... ok
test_retired_socket_validator_binds_exact_count_and_sibling_path (test_checkpoint_gstreamer_analytics_sidecar.GStreamerAnalyticsSidecarTests.test_retired_socket_validator_binds_exact_count_and_sibling_path) ... ok
test_running_guardian_fails_closed_if_runtime_directory_is_rebound (test_checkpoint_gstreamer_analytics_sidecar.GStreamerAnalyticsSidecarTests.test_running_guardian_fails_closed_if_runtime_directory_is_rebound) ... ok
test_runtime_symlink_is_rejected_without_touching_canary (test_checkpoint_gstreamer_analytics_sidecar.GStreamerAnalyticsSidecarTests.test_runtime_symlink_is_rejected_without_touching_canary) ... ok
test_runtime_worker_crash_interrupts_front_service (test_checkpoint_gstreamer_analytics_sidecar.GStreamerAnalyticsSidecarTests.test_runtime_worker_crash_interrupts_front_service) ... ok
test_signal_or_direct_stop_is_failed_and_non_authorizing (test_checkpoint_gstreamer_analytics_sidecar.GStreamerAnalyticsSidecarTests.test_signal_or_direct_stop_is_failed_and_non_authorizing) ... ok
test_startup_worker_crash_fails_closed (test_checkpoint_gstreamer_analytics_sidecar.GStreamerAnalyticsSidecarTests.test_startup_worker_crash_fails_closed) ... ok
test_strict_authority_assert_rejects_distinct_valid_expected_identities (test_checkpoint_gstreamer_analytics_sidecar.GStreamerAnalyticsSidecarTests.test_strict_authority_assert_rejects_distinct_valid_expected_identities) ... ok
test_unattributed_first_failure_does_not_borrow_later_validated_route (test_checkpoint_gstreamer_analytics_sidecar.GStreamerAnalyticsSidecarTests.test_unattributed_first_failure_does_not_borrow_later_validated_route) ... ok
test_worker_crash_interrupts_idle_client_and_leaves_no_service_thread (test_checkpoint_gstreamer_analytics_sidecar.GStreamerAnalyticsSidecarTests.test_worker_crash_interrupts_idle_client_and_leaves_no_service_thread) ... ok
test_worker_protocol_integrity_failure_is_attributed (test_checkpoint_gstreamer_analytics_sidecar.GStreamerAnalyticsSidecarTests.test_worker_protocol_integrity_failure_is_attributed) ... ok
test_arm_contract_must_be_the_fixed_unique_physical_file (test_checkpoint_publication_fail_closed_launchers.FailClosedPublicationLauncherTests.test_arm_contract_must_be_the_fixed_unique_physical_file) ... ok
test_arm_contract_size_is_bounded_before_content_decode (test_checkpoint_publication_fail_closed_launchers.FailClosedPublicationLauncherTests.test_arm_contract_size_is_bounded_before_content_decode) ... ok
test_closed_invocation_abi_rejects_plan_or_introspection_arguments (test_checkpoint_publication_fail_closed_launchers.FailClosedPublicationLauncherTests.test_closed_invocation_abi_rejects_plan_or_introspection_arguments) ... ok
test_contract_bytes_are_read_from_the_same_opened_inode (test_checkpoint_publication_fail_closed_launchers.FailClosedPublicationLauncherTests.test_contract_bytes_are_read_from_the_same_opened_inode) ... ok
test_contract_system_cannot_be_cross_dispatched (test_checkpoint_publication_fail_closed_launchers.FailClosedPublicationLauncherTests.test_contract_system_cannot_be_cross_dispatched) ... ok
test_direct_api_rejects_non_string_argv_without_traceback (test_checkpoint_publication_fail_closed_launchers.FailClosedPublicationLauncherTests.test_direct_api_rejects_non_string_argv_without_traceback) ... ok
test_output_root_cannot_be_swapped_before_contract_open (test_checkpoint_publication_fail_closed_launchers.FailClosedPublicationLauncherTests.test_output_root_cannot_be_swapped_before_contract_open) ... ok
test_valid_contract_is_read_but_both_unimplemented_launchers_fail_closed (test_checkpoint_publication_fail_closed_launchers.FailClosedPublicationLauncherTests.test_valid_contract_is_read_but_both_unimplemented_launchers_fail_closed) ... ok
test_contract_and_output_must_be_confined_to_canonical_project_root (test_checkpoint_publication_fail_closed_launchers_v3.FailClosedPublicationLauncherV3Tests.test_contract_and_output_must_be_confined_to_canonical_project_root) ... ok
test_contract_path_with_dot_segments_is_not_canonical (test_checkpoint_publication_fail_closed_launchers_v3.FailClosedPublicationLauncherV3Tests.test_contract_path_with_dot_segments_is_not_canonical) ... ok
test_exact_v3_argv_is_physically_bound_but_always_blocked (test_checkpoint_publication_fail_closed_launchers_v3.FailClosedPublicationLauncherV3Tests.test_exact_v3_argv_is_physically_bound_but_always_blocked) ... ok
test_excessively_nested_json_is_rejected_without_traceback (test_checkpoint_publication_fail_closed_launchers_v3.FailClosedPublicationLauncherV3Tests.test_excessively_nested_json_is_rejected_without_traceback) ... ok
test_invocation_declaration_itself_remains_nonauthorizing (test_checkpoint_publication_fail_closed_launchers_v3.FailClosedPublicationLauncherV3Tests.test_invocation_declaration_itself_remains_nonauthorizing) ... ok
test_noncanonical_and_duplicate_json_are_rejected (test_checkpoint_publication_fail_closed_launchers_v3.FailClosedPublicationLauncherV3Tests.test_noncanonical_and_duplicate_json_are_rejected) ... ok
test_normal_python_launch_does_not_write_local_bytecode (test_checkpoint_publication_fail_closed_launchers_v3.FailClosedPublicationLauncherV3Tests.test_normal_python_launch_does_not_write_local_bytecode) ... ok
test_raw_sha_pin_rejects_self_consistent_substitution (test_checkpoint_publication_fail_closed_launchers_v3.FailClosedPublicationLauncherV3Tests.test_raw_sha_pin_rejects_self_consistent_substitution) ... ok
test_resolution_and_terminal_path_races_fail_closed_without_traceback (test_checkpoint_publication_fail_closed_launchers_v3.FailClosedPublicationLauncherV3Tests.test_resolution_and_terminal_path_races_fail_closed_without_traceback) ... ok
test_v2_reordered_unknown_and_non_string_argv_fail_before_read (test_checkpoint_publication_fail_closed_launchers_v3.FailClosedPublicationLauncherV3Tests.test_v2_reordered_unknown_and_non_string_argv_fail_before_read) ... ok
test_backend_outcomes_and_errors_map_only_to_0_75_78 (test_checkpoint_publication_launcher_adapters_v3.PublicationLauncherAdaptersV3Tests.test_backend_outcomes_and_errors_map_only_to_0_75_78) ... ok
test_each_backend_dispatches_both_topologies_exactly_with_sanitized_request (test_checkpoint_publication_launcher_adapters_v3.PublicationLauncherAdaptersV3Tests.test_each_backend_dispatches_both_topologies_exactly_with_sanitized_request) ... ok
test_numeric_thread_environment_is_closed_and_deterministic (test_checkpoint_publication_launcher_adapters_v3.PublicationLauncherAdaptersV3Tests.test_numeric_thread_environment_is_closed_and_deterministic) ... ok
test_parent_owned_collision_and_arm_mutation_fail_permanently (test_checkpoint_publication_launcher_adapters_v3.PublicationLauncherAdaptersV3Tests.test_parent_owned_collision_and_arm_mutation_fail_permanently) ... ok
test_real_entrypoints_reject_drifted_launcher_authority_before_native (test_checkpoint_publication_launcher_adapters_v3.PublicationLauncherAdaptersV3Tests.test_real_entrypoints_reject_drifted_launcher_authority_before_native) ... ok
test_binding_rejects_nonlocal_or_alias_socket_and_invalid_source (test_checkpoint_savant_ingress.SavantIngressTests.test_binding_rejects_nonlocal_or_alias_socket_and_invalid_source) ... ok
test_checked_writer_never_retries_a_native_exception (test_checkpoint_savant_ingress.SavantIngressTests.test_checked_writer_never_retries_a_native_exception) ... ok
test_checked_writer_preserves_exact_native_success_and_payload (test_checkpoint_savant_ingress.SavantIngressTests.test_checked_writer_preserves_exact_native_success_and_payload) ... ok
test_checked_writer_rejects_timeout_and_unrecognized_results (test_checkpoint_savant_ingress.SavantIngressTests.test_checked_writer_rejects_timeout_and_unrecognized_results) ... ok
test_native_ingress_uses_source_runner_without_per_frame_eos (test_checkpoint_savant_ingress.SavantIngressTests.test_native_ingress_uses_source_runner_without_per_frame_eos) ... ok
test_owned_module_requires_shutdown_capable_runner (test_checkpoint_savant_ingress.SavantIngressTests.test_owned_module_requires_shutdown_capable_runner) ... ok
test_owned_module_shutdown_follows_successful_eos_exactly_once (test_checkpoint_savant_ingress.SavantIngressTests.test_owned_module_shutdown_follows_successful_eos_exactly_once) ... ok
test_rejected_eos_never_sends_shutdown (test_checkpoint_savant_ingress.SavantIngressTests.test_rejected_eos_never_sends_shutdown) ... ok
test_rejected_shutdown_is_not_success_and_does_not_replay_eos (test_checkpoint_savant_ingress.SavantIngressTests.test_rejected_shutdown_is_not_success_and_does_not_replay_eos) ... ok
test_shutdown_authority_is_validated_before_any_send (test_checkpoint_savant_ingress.SavantIngressTests.test_shutdown_authority_is_validated_before_any_send) ... ok
test_vastau01_maps_byte_exactly_to_native_savant_frame (test_checkpoint_savant_ingress.SavantIngressTests.test_vastau01_maps_byte_exactly_to_native_savant_frame) ... ok
test_wrong_stream_dataset_codec_or_payload_fails_closed (test_checkpoint_savant_ingress.SavantIngressTests.test_wrong_stream_dataset_codec_or_payload_fails_closed) ... ok
test_all_native_stream_ids_are_bound_without_relabelling (test_checkpoint_savant_native_identity_integration_v3.SavantNativeIdentityIntegrationV3Tests.test_all_native_stream_ids_are_bound_without_relabelling) ... ok
test_default_deepstream_still_rejects_nonzero_local_source_id (test_checkpoint_savant_native_identity_integration_v3.SavantNativeIdentityIntegrationV3Tests.test_default_deepstream_still_rejects_nonzero_local_source_id) ... ok
test_module_webserver_ports_are_unique_for_the_full_process_matrix (test_checkpoint_savant_native_identity_integration_v3.SavantNativeIdentityIntegrationV3Tests.test_module_webserver_ports_are_unique_for_the_full_process_matrix) ... ok
test_mux_pts_is_mandatory_and_never_copied_from_frame_pts (test_checkpoint_savant_native_identity_integration_v3.SavantNativeIdentityIntegrationV3Tests.test_mux_pts_is_mandatory_and_never_copied_from_frame_pts) ... ok
test_post_demux_sample_uses_original_pts_and_preserves_mux_identity (test_checkpoint_savant_native_identity_integration_v3.SavantNativeIdentityIntegrationV3Tests.test_post_demux_sample_uses_original_pts_and_preserves_mux_identity) ... ok
test_sdk_prefix_passes_actual_mux_pts_through_unmocked_identity_and_bridge (test_checkpoint_savant_native_identity_integration_v3.SavantNativeIdentityIntegrationV3Tests.test_sdk_prefix_passes_actual_mux_pts_through_unmocked_identity_and_bridge) ... ok
test_wrong_demux_pts_and_unknown_pts_mode_are_rejected_before_preprocessing (test_checkpoint_savant_native_identity_integration_v3.SavantNativeIdentityIntegrationV3Tests.test_wrong_demux_pts_and_unknown_pts_mode_are_rejected_before_preprocessing) ... ok
test_baseline_module_is_bound_to_one_branch_and_module_identity (test_checkpoint_savant_protocol_bridge.SavantProtocolBridgeTests.test_baseline_module_is_bound_to_one_branch_and_module_identity) ... ok
test_bridge_and_delegate_topology_or_stream_drift_is_rejected (test_checkpoint_savant_protocol_bridge.SavantProtocolBridgeTests.test_bridge_and_delegate_topology_or_stream_drift_is_rejected) ... ok
test_savant_metadata_cannot_relabel_module_frame_or_origin (test_checkpoint_savant_protocol_bridge.SavantProtocolBridgeTests.test_savant_metadata_cannot_relabel_module_frame_or_origin) ... ok
test_shared_module_closes_one_live_protocol_v3_join (test_checkpoint_savant_protocol_bridge.SavantProtocolBridgeTests.test_shared_module_closes_one_live_protocol_v3_join) ... ok
test_phase_one_materializes_ten_physical_bindings_and_no_pilots (test_checkpoint_savant_qualification_fragment_v3.SavantQualificationFragmentV3Tests.test_phase_one_materializes_ten_physical_bindings_and_no_pilots) ... ok
test_refreeze_and_exact_runtime_identity_fields_are_bound (test_checkpoint_savant_qualification_fragment_v3.SavantQualificationFragmentV3Tests.test_refreeze_and_exact_runtime_identity_fields_are_bound) ... ok
test_source_and_dependency_hashes_use_only_exact_build_inputs (test_checkpoint_savant_qualification_fragment_v3.SavantQualificationFragmentV3Tests.test_source_and_dependency_hashes_use_only_exact_build_inputs) ... ok
test_constant_dynamic_local_import_is_in_the_reachable_set (test_checkpoint_savant_runtime_source_closure_v3.SavantRuntimeSourceClosureV3Tests.test_constant_dynamic_local_import_is_in_the_reachable_set) ... ok
test_docker_copy_and_ab_build_use_only_validated_allowlist (test_checkpoint_savant_runtime_source_closure_v3.SavantRuntimeSourceClosureV3Tests.test_docker_copy_and_ab_build_use_only_validated_allowlist) ... ok
test_frozen_cpu_manifest_is_hash_bound_into_the_runtime_image (test_checkpoint_savant_runtime_source_closure_v3.SavantRuntimeSourceClosureV3Tests.test_frozen_cpu_manifest_is_hash_bound_into_the_runtime_image) ... ok
test_missing_and_extraneous_transitive_imports_fail_closed (test_checkpoint_savant_runtime_source_closure_v3.SavantRuntimeSourceClosureV3Tests.test_missing_and_extraneous_transitive_imports_fail_closed) ... ok
test_production_allowlist_is_exact_multi_entry_runtime_closure (test_checkpoint_savant_runtime_source_closure_v3.SavantRuntimeSourceClosureV3Tests.test_production_allowlist_is_exact_multi_entry_runtime_closure) ... ok
test_runtime_consumes_the_native_foundation_drop_queue (test_checkpoint_savant_runtime_source_closure_v3.SavantRuntimeSourceClosureV3Tests.test_runtime_consumes_the_native_foundation_drop_queue) ... ok
test_identity_descriptor_grammar_rejects_windows_and_root_escapes (test_full_publication_identity_runtime_authority_v3.FullPublicationIdentityRuntimeAuthorityV3Tests.test_identity_descriptor_grammar_rejects_windows_and_root_escapes) ... ok
test_launcher_registration_never_uses_shared_leaf_exception (test_full_publication_identity_runtime_authority_v3.FullPublicationIdentityRuntimeAuthorityV3Tests.test_launcher_registration_never_uses_shared_leaf_exception) ... ok
test_shared_leaf_registry_dedupes_only_exact_same_path_and_inode (test_full_publication_identity_runtime_authority_v3.FullPublicationIdentityRuntimeAuthorityV3Tests.test_shared_leaf_registry_dedupes_only_exact_same_path_and_inode) ... ok
test_v3_candidate_becomes_non_authorizing_identity_binding (test_full_publication_identity_runtime_authority_v3.FullPublicationIdentityRuntimeAuthorityV3Tests.test_v3_candidate_becomes_non_authorizing_identity_binding) ... ok
test_v3_inconsistent_untrusted_validator_identity_fails_closed (test_full_publication_identity_runtime_authority_v3.FullPublicationIdentityRuntimeAuthorityV3Tests.test_v3_inconsistent_untrusted_validator_identity_fails_closed) ... ok
test_v3_receipt_candidate_status_cannot_be_promoted_by_relabelling (test_full_publication_identity_runtime_authority_v3.FullPublicationIdentityRuntimeAuthorityV3Tests.test_v3_receipt_candidate_status_cannot_be_promoted_by_relabelling) ... ok
test_v3_shared_runtime_leaf_physical_drift_fails_closed (test_full_publication_identity_runtime_authority_v3.FullPublicationIdentityRuntimeAuthorityV3Tests.test_v3_shared_runtime_leaf_physical_drift_fails_closed) ... ok
test_covered_runtimes_stamp_wall_time_only_through_the_shared_clock (test_legacy_wall_clock_static_gate_v1.LegacyWallClockStaticGateV1Tests.test_covered_runtimes_stamp_wall_time_only_through_the_shared_clock) ... ok
test_every_native_probe_dockerfile_copies_the_wall_clock_header (test_legacy_wall_clock_static_gate_v1.LegacyWallClockStaticGateV1Tests.test_every_native_probe_dockerfile_copies_the_wall_clock_header) ... ok
test_gate_reports_injected_direct_clock_and_missing_header (test_legacy_wall_clock_static_gate_v1.LegacyWallClockStaticGateV1Tests.test_gate_reports_injected_direct_clock_and_missing_header) ... ok
test_matrix_covers_all_systems_and_topologies (test_operational_identifier_domain_v1.OperationalIdentifierDomainV1Tests.test_matrix_covers_all_systems_and_topologies) ... ok
test_maximal_identifiers_are_checked_against_the_bounds (test_operational_identifier_domain_v1.OperationalIdentifierDomainV1Tests.test_maximal_identifiers_are_checked_against_the_bounds) ... ok
test_real_qualification_identifiers_fit_the_operational_domain (test_operational_identifier_domain_v1.OperationalIdentifierDomainV1Tests.test_real_qualification_identifiers_fit_the_operational_domain) ... ok
test_backend_grant_mismatch_is_rejected_before_child_work (test_production_arm_evidence_finalizer_v1.ProductionArmEvidenceFinalizerV1Tests.test_backend_grant_mismatch_is_rejected_before_child_work) ... ok
test_collector_failure_and_native_timeout_leave_no_accepted_tail (test_production_arm_evidence_finalizer_v1.ProductionArmEvidenceFinalizerV1Tests.test_collector_failure_and_native_timeout_leave_no_accepted_tail) ... ok
test_each_finalizer_leaf_class_survives_all_atomic_crash_windows (test_production_arm_evidence_finalizer_v1.ProductionArmEvidenceFinalizerV1Tests.test_each_finalizer_leaf_class_survives_all_atomic_crash_windows) ... ok
test_finalizer_atomic_retry_rejects_tamper_and_foreign_hardlink (test_production_arm_evidence_finalizer_v1.ProductionArmEvidenceFinalizerV1Tests.test_finalizer_atomic_retry_rejects_tamper_and_foreign_hardlink) ... ok
test_forged_parent_launch_fence_is_rejected_before_child_work (test_production_arm_evidence_finalizer_v1.ProductionArmEvidenceFinalizerV1Tests.test_forged_parent_launch_fence_is_rejected_before_child_work) ... ok
test_native_candidate_is_promoted_and_passes_real_production_semantics (test_production_arm_evidence_finalizer_v1.ProductionArmEvidenceFinalizerV1Tests.test_native_candidate_is_promoted_and_passes_real_production_semantics) ... ok
test_tampered_launcher_is_rejected_before_native_and_collector (test_production_arm_evidence_finalizer_v1.ProductionArmEvidenceFinalizerV1Tests.test_tampered_launcher_is_rejected_before_native_and_collector) ... ok
test_attacker_insertion_at_publish_window_is_never_overwritten (test_publication_child_evidence_materializer_v1.PublicationChildEvidenceMaterializerV1Tests.test_attacker_insertion_at_publish_window_is_never_overwritten) ... ok
test_completed_path_is_bound_and_changed_payload_requires_new_attempt_path (test_publication_child_evidence_materializer_v1.PublicationChildEvidenceMaterializerV1Tests.test_completed_path_is_bound_and_changed_payload_requires_new_attempt_path) ... ok
test_deepstream_three_physical_windows_resume_same_path (test_publication_child_evidence_materializer_v1.PublicationChildEvidenceMaterializerV1Tests.test_deepstream_three_physical_windows_resume_same_path) ... ok
test_foreign_non_evidence_baseline_is_not_silently_adopted (test_publication_child_evidence_materializer_v1.PublicationChildEvidenceMaterializerV1Tests.test_foreign_non_evidence_baseline_is_not_silently_adopted) ... ok
test_foreign_prefix_without_parent_intent_is_rejected (test_publication_child_evidence_materializer_v1.PublicationChildEvidenceMaterializerV1Tests.test_foreign_prefix_without_parent_intent_is_rejected) ... ok
test_gstreamer_three_physical_windows_resume_same_path (test_publication_child_evidence_materializer_v1.PublicationChildEvidenceMaterializerV1Tests.test_gstreamer_three_physical_windows_resume_same_path) ... ok
test_identical_child_rerun_is_not_same_attempt_recovery (test_publication_child_evidence_materializer_v1.PublicationChildEvidenceMaterializerV1Tests.test_identical_child_rerun_is_not_same_attempt_recovery) ... ok
test_openvino_three_physical_windows_resume_same_path (test_publication_child_evidence_materializer_v1.PublicationChildEvidenceMaterializerV1Tests.test_openvino_three_physical_windows_resume_same_path) ... ok
test_output_directory_rebind_to_symlink_is_rejected_without_escape (test_publication_child_evidence_materializer_v1.PublicationChildEvidenceMaterializerV1Tests.test_output_directory_rebind_to_symlink_is_rejected_without_escape) ... ok
test_parent_receipt_replacement_is_rejected_and_preserved (test_publication_child_evidence_materializer_v1.PublicationChildEvidenceMaterializerV1Tests.test_parent_receipt_replacement_is_rejected_and_preserved) ... ok
test_savant_three_physical_windows_resume_same_path (test_publication_child_evidence_materializer_v1.PublicationChildEvidenceMaterializerV1Tests.test_savant_three_physical_windows_resume_same_path) ... ok
test_engine_bytes_or_socket_identity_drift_rejects (test_publication_gstreamer_component_inputs_v1.ComponentHeldSessionTests.test_engine_bytes_or_socket_identity_drift_rejects) ... ok
test_exception_closes_actual_input_fds_and_keeps_original_failure (test_publication_gstreamer_component_inputs_v1.ComponentHeldSessionTests.test_exception_closes_actual_input_fds_and_keeps_original_failure) ... ok
test_five_boundaries_share_one_full_assessment_but_observe_twenty_images (test_publication_gstreamer_component_inputs_v1.ComponentHeldSessionTests.test_five_boundaries_share_one_full_assessment_but_observe_twenty_images) ... ok
test_original_socket_replacement_and_ancestor_alias_reject_before_inspect (test_publication_gstreamer_component_inputs_v1.ComponentHeldSessionTests.test_original_socket_replacement_and_ancestor_alias_reject_before_inspect) ... ok
test_private_projection_collector_publishes_only_after_complete_assessment (test_publication_gstreamer_component_inputs_v1.ComponentHeldSessionTests.test_private_projection_collector_publishes_only_after_complete_assessment) ... ok
test_public_held_inputs_retains_independent_complete_validation (test_publication_gstreamer_component_inputs_v1.ComponentHeldSessionTests.test_public_held_inputs_retains_independent_complete_validation) ... ok
test_raw_dict_foreign_pid_root_authority_and_closed_session_fail (test_publication_gstreamer_component_inputs_v1.ComponentHeldSessionTests.test_raw_dict_foreign_pid_root_authority_and_closed_session_fail) ... ok
test_same_bytes_replacement_is_rejected_before_live_image_observation (test_publication_gstreamer_component_inputs_v1.ComponentHeldSessionTests.test_same_bytes_replacement_is_rejected_before_live_image_observation) ... ok
test_same_image_id_does_not_hide_projection_drift (test_publication_gstreamer_component_inputs_v1.ComponentHeldSessionTests.test_same_image_id_does_not_hide_projection_drift) ... ok
test_actual_materializer_commits_last_and_raw_refusal_leaves_only_owned_prefix (test_publication_gstreamer_component_inputs_v1.ComponentHostPredicatesTests.test_actual_materializer_commits_last_and_raw_refusal_leaves_only_owned_prefix)
Only expensive model/image/closure authorities are explicit fixtures. ... ok
test_materializer_refuses_bad_mode_or_occupied_output_before_any_preflight (test_publication_gstreamer_component_inputs_v1.ComponentHostPredicatesTests.test_materializer_refuses_bad_mode_or_occupied_output_before_any_preflight) ... ok
test_model_observer_accepts_actual_stock_formatted_inspect_contract (test_publication_gstreamer_component_inputs_v1.ComponentHostPredicatesTests.test_model_observer_accepts_actual_stock_formatted_inspect_contract) ... ok
test_model_observer_routes_only_inspect_to_original_pinned_engine_socket (test_publication_gstreamer_component_inputs_v1.ComponentHostPredicatesTests.test_model_observer_routes_only_inspect_to_original_pinned_engine_socket) ... ok
test_selected_costs_retain_actual_original_sample_ids_and_medians (test_publication_gstreamer_component_inputs_v1.ComponentHostPredicatesTests.test_selected_costs_retain_actual_original_sample_ids_and_medians) ... ok
test_expected_descriptor_semantic_seal_and_symlink_are_not_alias_authority (test_publication_gstreamer_component_inputs_v1.ComponentPhysicalAuthorityTests.test_expected_descriptor_semantic_seal_and_symlink_are_not_alias_authority) ... ok
test_held_leaf_replacement_and_legitimate_sibling_output (test_publication_gstreamer_component_inputs_v1.ComponentPhysicalAuthorityTests.test_held_leaf_replacement_and_legitimate_sibling_output) ... ok
test_original_seven_roles_and_front_workers_are_independently_bound (test_publication_gstreamer_component_inputs_v1.ComponentPhysicalAuthorityTests.test_original_seven_roles_and_front_workers_are_independently_bound) ... ok
test_original_stock_probe_authority_shape_and_implementation_are_bound (test_publication_gstreamer_component_inputs_v1.ComponentPhysicalAuthorityTests.test_original_stock_probe_authority_shape_and_implementation_are_bound) ... ok
test_real_physical_selected_eight_keep_complete_declaration_verbatim (test_publication_gstreamer_component_inputs_v1.ComponentPhysicalAuthorityTests.test_real_physical_selected_eight_keep_complete_declaration_verbatim) ... ok
test_resealed_sibling_policy_count_and_model_binding_fail (test_publication_gstreamer_component_inputs_v1.ComponentPhysicalAuthorityTests.test_resealed_sibling_policy_count_and_model_binding_fail) ... ok
test_stale_current_source_rejects_even_same_length (test_publication_gstreamer_component_inputs_v1.ComponentPhysicalAuthorityTests.test_stale_current_source_rejects_even_same_length) ... ok
test_native_factory_uses_explicit_current_material_without_qualification_inputs (test_publication_gstreamer_component_inputs_v1.ComponentPureFactoryTests.test_native_factory_uses_explicit_current_material_without_qualification_inputs) ... ok
test_selected_pin_factory_does_not_read_other_system_calibrations (test_publication_gstreamer_component_inputs_v1.ComponentPureFactoryTests.test_selected_pin_factory_does_not_read_other_system_calibrations) ... ok
test_actual_operational_header_reader_binds_physical_bytes (test_publication_gstreamer_component_runtime_v1.ColdProviderBoundaryTests.test_actual_operational_header_reader_binds_physical_bytes) ... ok
test_real_cold_provider_resolves_before_two_arm_cardinality_guard (test_publication_gstreamer_component_runtime_v1.ColdProviderBoundaryTests.test_real_cold_provider_resolves_before_two_arm_cardinality_guard) ... ok
test_all_acceptance_leaves_remain_held_after_validator_returns (test_publication_gstreamer_component_runtime_v1.ComponentCustodyTests.test_all_acceptance_leaves_remain_held_after_validator_returns) ... ok
test_descriptive_metrics_keep_absolute_misses_drops_and_zero_denominator_reason (test_publication_gstreamer_component_runtime_v1.ComponentCustodyTests.test_descriptive_metrics_keep_absolute_misses_drops_and_zero_denominator_reason) ... ok
test_generated_preprocessing_leaves_reject_late_same_byte_replacement (test_publication_gstreamer_component_runtime_v1.ComponentCustodyTests.test_generated_preprocessing_leaves_reject_late_same_byte_replacement) ... ok
test_guardian_journals_stay_held_after_the_surrounding_join_returns (test_publication_gstreamer_component_runtime_v1.ComponentCustodyTests.test_guardian_journals_stay_held_after_the_surrounding_join_returns) ... ok
test_original_arm_local_cohort_ids_do_not_break_stock_schedule_pair_gate (test_publication_gstreamer_component_runtime_v1.ComponentCustodyTests.test_original_arm_local_cohort_ids_do_not_break_stock_schedule_pair_gate) ... ok
test_original_hardware_transfer_is_exact_exclusive_and_owned (test_publication_gstreamer_component_runtime_v1.ComponentCustodyTests.test_original_hardware_transfer_is_exact_exclusive_and_owned) ... ok
test_oversized_sparse_hardware_is_refused_without_publication (test_publication_gstreamer_component_runtime_v1.ComponentCustodyTests.test_oversized_sparse_hardware_is_refused_without_publication) ... ok
test_same_byte_source_substitution_refuses_transfer_and_retains_both_originals (test_publication_gstreamer_component_runtime_v1.ComponentCustodyTests.test_same_byte_source_substitution_refuses_transfer_and_retains_both_originals) ... ok
test_execution_cannot_opt_out_of_live_guardian (test_publication_gstreamer_component_runtime_v1.ComponentRuntimeFixtureTests.test_execution_cannot_opt_out_of_live_guardian) ... ok
test_original_pair_is_physically_planned_and_factory_reconstructed (test_publication_gstreamer_component_runtime_v1.ComponentRuntimeFixtureTests.test_original_pair_is_physically_planned_and_factory_reconstructed) ... ok
test_private_session_keeps_real_factory_and_custody_at_all_five_boundaries (test_publication_gstreamer_component_runtime_v1.ComponentRuntimeFixtureTests.test_private_session_keeps_real_factory_and_custody_at_all_five_boundaries) ... ok
test_resealed_foreign_factory_fields_fail_before_native_execution (test_publication_gstreamer_component_runtime_v1.ComponentRuntimeFixtureTests.test_resealed_foreign_factory_fields_fail_before_native_execution) ... ok
test_same_shaped_foreign_copied_engine_fails_before_executor (test_publication_gstreamer_component_runtime_v1.ComponentRuntimeFixtureTests.test_same_shaped_foreign_copied_engine_fails_before_executor) ... ok
test_complete_cold_workload_includes_warmup_measurement_and_drain (test_publication_operational_boundary_v1.PublicationOperationalBoundaryTests.test_complete_cold_workload_includes_warmup_measurement_and_drain) ... ok
test_default_guardian_clock_keeps_terminal_after_begin_across_host_clock_step_back (test_publication_operational_boundary_v1.PublicationOperationalBoundaryTests.test_default_guardian_clock_keeps_terminal_after_begin_across_host_clock_step_back) ... ok
test_default_scratch_file_exhaustion_is_bounded_and_cleans_only_private_files (test_publication_operational_boundary_v1.PublicationOperationalBoundaryTests.test_default_scratch_file_exhaustion_is_bounded_and_cleans_only_private_files) ... ok
test_duplicate_actual_terminal_is_rejected_without_an_extra_front_call (test_publication_operational_boundary_v1.PublicationOperationalBoundaryTests.test_duplicate_actual_terminal_is_rejected_without_an_extra_front_call) ... ok
test_guardian_group_retains_process_max_clamp_and_cold_closure_bounds_it (test_publication_operational_boundary_v1.PublicationOperationalBoundaryTests.test_guardian_group_retains_process_max_clamp_and_cold_closure_bounds_it) ... ok
test_lazy_canonical_ingress_provider_cannot_substitute_same_count_stream_mapping (test_publication_operational_boundary_v1.PublicationOperationalBoundaryTests.test_lazy_canonical_ingress_provider_cannot_substitute_same_count_stream_mapping) ... ok
test_lazy_canonical_ingress_provider_is_called_once_for_each_original_operation (test_publication_operational_boundary_v1.PublicationOperationalBoundaryTests.test_lazy_canonical_ingress_provider_is_called_once_for_each_original_operation) ... ok
test_legitimate_repeated_wire_identity_keeps_both_original_operations (test_publication_operational_boundary_v1.PublicationOperationalBoundaryTests.test_legitimate_repeated_wire_identity_keeps_both_original_operations) ... ok
test_observed_stream_substitution_is_rejected_before_inference (test_publication_operational_boundary_v1.PublicationOperationalBoundaryTests.test_observed_stream_substitution_is_rejected_before_inference) ... ok
test_resealed_guardian_identity_and_terminal_mutations_fail_cold_validation (test_publication_operational_boundary_v1.PublicationOperationalBoundaryTests.test_resealed_guardian_identity_and_terminal_mutations_fail_cold_validation) ... ok
test_same_count_foreign_front_frame_cannot_pass_complete_cold_join (test_publication_operational_boundary_v1.PublicationOperationalBoundaryTests.test_same_count_foreign_front_frame_cannot_pass_complete_cold_join) ... ok
test_stock_canonical_frame_mapping_can_differ_from_original_worker_frame (test_publication_operational_boundary_v1.PublicationOperationalBoundaryTests.test_stock_canonical_frame_mapping_can_differ_from_original_worker_frame) ... ok
test_actual_37_originals_join_32_selected_cells_and_all_three_phases (test_publication_operational_execution_binding_v1.OperationalExecutionBindingTests.test_actual_37_originals_join_32_selected_cells_and_all_three_phases) ... ok
test_foreign_external_engine_cannot_replace_original_runtime_bundle_authority (test_publication_operational_execution_binding_v1.OperationalExecutionBindingTests.test_foreign_external_engine_cannot_replace_original_runtime_bundle_authority) ... ok
test_original_binding_drift_during_full_cold_validation_is_rejected (test_publication_operational_execution_binding_v1.OperationalExecutionBindingTests.test_original_binding_drift_during_full_cold_validation_is_rejected) ... ok
test_original_validator_ancestor_alias_after_return_is_rejected (test_publication_operational_execution_binding_v1.OperationalExecutionBindingTests.test_original_validator_ancestor_alias_after_return_is_rejected) ... ok
test_original_validator_empty_output_witness_is_held (test_publication_operational_execution_binding_v1.OperationalExecutionBindingTests.test_original_validator_empty_output_witness_is_held) ... ok
test_original_validator_external_engine_witness_is_held (test_publication_operational_execution_binding_v1.OperationalExecutionBindingTests.test_original_validator_external_engine_witness_is_held) ... ok
test_original_validator_leaf_drift_after_validator_return_is_rejected (test_publication_operational_execution_binding_v1.OperationalExecutionBindingTests.test_original_validator_leaf_drift_after_validator_return_is_rejected) ... ok
test_original_validator_malformed_epoch_is_rejected (test_publication_operational_execution_binding_v1.OperationalExecutionBindingTests.test_original_validator_malformed_epoch_is_rejected) ... ok
test_physically_resealed_runtime_bundle_cannot_detach_original_capture_or_authority (test_publication_operational_execution_binding_v1.OperationalExecutionBindingTests.test_physically_resealed_runtime_bundle_cannot_detach_original_capture_or_authority) ... ok
test_resealed_equal_count_original_operation_substitution_is_rejected (test_publication_operational_execution_binding_v1.OperationalExecutionBindingTests.test_resealed_equal_count_original_operation_substitution_is_rejected) ... ok
test_same_bytes_original_binding_replacement_is_not_held_custody (test_publication_operational_execution_binding_v1.OperationalExecutionBindingTests.test_same_bytes_original_binding_replacement_is_not_held_custody) ... ok
test_same_bytes_original_validator_leaf_replacement_is_rejected (test_publication_operational_execution_binding_v1.OperationalExecutionBindingTests.test_same_bytes_original_validator_leaf_replacement_is_rejected) ... ok
test_same_count_32_cell_workload_substitution_is_rejected (test_publication_operational_execution_binding_v1.OperationalExecutionBindingTests.test_same_count_32_cell_workload_substitution_is_rejected) ... ok
test_same_count_foreign_preprocessing_candidate_cannot_supply_original_authority (test_publication_operational_execution_binding_v1.OperationalExecutionBindingTests.test_same_count_foreign_preprocessing_candidate_cannot_supply_original_authority) ... ok
test_source_mutation_after_stock_observation_prevents_any_capture_index (test_publication_operational_stock_operations_v1.PhysicalStockOperationPlanningSeamTests.test_source_mutation_after_stock_observation_prevents_any_capture_index) ... ok
test_stock_37_source_equations_are_physically_pinned_with_exact_final_reservations (test_publication_operational_stock_operations_v1.PhysicalStockOperationPlanningSeamTests.test_stock_37_source_equations_are_physically_pinned_with_exact_final_reservations) ... ok
test_stock_native_pair_selection_preserves_two_distinct_contexts_and_mode (test_publication_operational_stock_operations_v1.PhysicalStockOperationPlanningSeamTests.test_stock_native_pair_selection_preserves_two_distinct_contexts_and_mode) ... ok
test_default_engine_socket_is_unchanged (test_publication_operational_stock_operations_v1.StockOperationPlanningCliTests.test_default_engine_socket_is_unchanged) ... ok
test_explicit_engine_socket_reaches_planning (test_publication_operational_stock_operations_v1.StockOperationPlanningCliTests.test_explicit_engine_socket_reaches_planning) ... ok
test_incomplete_or_substituted_stock_source_never_generates_a_context (test_publication_operational_stock_operations_v1.StockOperationPlanningTests.test_incomplete_or_substituted_stock_source_never_generates_a_context) ... ok
test_native_ids_follow_actual_branch_and_graph_processes_for_both_codecs (test_publication_operational_stock_operations_v1.StockOperationPlanningTests.test_native_ids_follow_actual_branch_and_graph_processes_for_both_codecs) ... ok
test_sdk_front_worker_uses_actual_binding_capability_for_each_route (test_publication_operational_stock_operations_v1.StockOperationPlanningTests.test_sdk_front_worker_uses_actual_binding_capability_for_each_route) ... ok
test_actual_precommit_failure_preserves_cause_and_orphan_blocks_before_reinvocation (test_publication_operational_wrapper_composition_v1.OperationalPilotCompositionTests.test_actual_precommit_failure_preserves_cause_and_orphan_blocks_before_reinvocation) ... ok
test_actual_run_one_cell_commits_separate_capture_after_stock_finalization (test_publication_operational_wrapper_composition_v1.OperationalPilotCompositionTests.test_actual_run_one_cell_commits_separate_capture_after_stock_finalization) ... ok
test_actual_run_one_cell_preserves_original_failure_and_captured_attempt (test_publication_operational_wrapper_composition_v1.OperationalPilotCompositionTests.test_actual_run_one_cell_preserves_original_failure_and_captured_attempt) ... ok
test_all_four_active_wrappers_copy_separately_and_leave_original_inputs_unchanged (test_publication_operational_wrapper_composition_v1.OperationalWrapperCompositionTests.test_all_four_active_wrappers_copy_separately_and_leave_original_inputs_unchanged) ... ok
test_all_four_context_file_tampering_is_rejected_before_the_mocked_arm (test_publication_operational_wrapper_composition_v1.OperationalWrapperCompositionTests.test_all_four_context_file_tampering_is_rejected_before_the_mocked_arm) ... ok
test_all_four_declared_alias_or_existing_symlink_outputs_fail_before_engine (test_publication_operational_wrapper_composition_v1.OperationalWrapperCompositionTests.test_all_four_declared_alias_or_existing_symlink_outputs_fail_before_engine) ... ok
test_all_four_original_child_failures_keep_literal_capture_and_original_cause (test_publication_operational_wrapper_composition_v1.OperationalWrapperCompositionTests.test_all_four_original_child_failures_keep_literal_capture_and_original_cause) ... ok
test_all_four_stock_legacy_namespace_checks_precede_operational_copy (test_publication_operational_wrapper_composition_v1.OperationalWrapperCompositionTests.test_all_four_stock_legacy_namespace_checks_precede_operational_copy) ... ok
test_failed_retention_rejects_ancestor_alias_and_preserves_owned_private_stage (test_publication_operational_wrapper_composition_v1.OperationalWrapperCompositionTests.test_failed_retention_rejects_ancestor_alias_and_preserves_owned_private_stage) ... ok
test_materializer_bound_primary_context_composes_with_all_four_actual_wrappers (test_publication_operational_wrapper_composition_v1.OperationalWrapperCompositionTests.test_materializer_bound_primary_context_composes_with_all_four_actual_wrappers) ... ok
test_physical_37_operation_builder_absolute_context_binds_all_four_wrappers (test_publication_operational_wrapper_composition_v1.OperationalWrapperCompositionTests.test_physical_37_operation_builder_absolute_context_binds_all_four_wrappers) ... ok
test_actual_closure_freezes_the_shared_wall_clock_with_its_clients (test_publication_policy_qualification_execution_code_closure_v1.QualificationExecutionCodeClosureV1Tests.test_actual_closure_freezes_the_shared_wall_clock_with_its_clients) ... ok
test_builder_recursively_freezes_exact_project_sources_and_interpreter (test_publication_policy_qualification_execution_code_closure_v1.QualificationExecutionCodeClosureV1Tests.test_builder_recursively_freezes_exact_project_sources_and_interpreter) ... ok
test_loaded_project_module_escape_is_rejected (test_publication_policy_qualification_execution_code_closure_v1.QualificationExecutionCodeClosureV1Tests.test_loaded_project_module_escape_is_rejected) ... ok
test_loader_rejects_mutate_restore_snapshot_drift (test_publication_policy_qualification_execution_code_closure_v1.QualificationExecutionCodeClosureV1Tests.test_loader_rejects_mutate_restore_snapshot_drift) ... ok
test_dangling_system_collision_is_never_treated_as_absent (test_publication_policy_qualification_fragments_from_authority_v2.QualificationFragmentsFromAuthorityV2Tests.test_dangling_system_collision_is_never_treated_as_absent) ... ERROR
test_materializes_exact_four_fragments_and_forty_unique_bindings (test_publication_policy_qualification_fragments_from_authority_v2.QualificationFragmentsFromAuthorityV2Tests.test_materializes_exact_four_fragments_and_forty_unique_bindings) ... ERROR
test_stale_patch_cross_binding_is_rejected (test_publication_policy_qualification_fragments_from_authority_v2.QualificationFragmentsFromAuthorityV2Tests.test_stale_patch_cross_binding_is_rejected) ... ERROR
test_tampered_binding_is_rejected (test_publication_policy_qualification_fragments_from_authority_v2.QualificationFragmentsFromAuthorityV2Tests.test_tampered_binding_is_rejected) ... ERROR
test_v3_cannot_resolve_refresh_only_patch (test_publication_policy_qualification_fragments_from_authority_v2.QualificationFragmentsFromAuthorityV2Tests.test_v3_cannot_resolve_refresh_only_patch) ... ERROR
test_v4_probe_authority_projects_descriptor_and_cross_binds_implementation (test_publication_policy_qualification_fragments_from_authority_v2.QualificationFragmentsFromAuthorityV2Tests.test_v4_probe_authority_projects_descriptor_and_cross_binds_implementation) ... ok
test_acceptance_operational_binding_rehashes_collector_authority (test_publication_policy_qualification_pilot_executor_v2.QualificationPilotExecutorV2ContractTests.test_acceptance_operational_binding_rehashes_collector_authority) ... ok
test_bootstrap_accepts_exact_v4_refresh_and_rejects_receipt_drift (test_publication_policy_qualification_pilot_executor_v2.QualificationPilotExecutorV2ContractTests.test_bootstrap_accepts_exact_v4_refresh_and_rejects_receipt_drift) ... ok
test_canonical_bundle_mapping_order_is_not_semantic (test_publication_policy_qualification_pilot_executor_v2.QualificationPilotExecutorV2ContractTests.test_canonical_bundle_mapping_order_is_not_semantic) ... ok
test_checkpoint_exact_retry_binds_prior_inode_prefix_and_collisions (test_publication_policy_qualification_pilot_executor_v2.QualificationPilotExecutorV2ContractTests.test_checkpoint_exact_retry_binds_prior_inode_prefix_and_collisions) ... ok
test_child_parent_evidence_or_production_claim_is_rejected (test_publication_policy_qualification_pilot_executor_v2.QualificationPilotExecutorV2ContractTests.test_child_parent_evidence_or_production_claim_is_rejected) ... ok
test_cold_512_scan_rejects_mutate_restore_of_code_source (test_publication_policy_qualification_pilot_executor_v2.QualificationPilotExecutorV2ContractTests.test_cold_512_scan_rejects_mutate_restore_of_code_source) ... ok
test_custodied_pin_rejects_parent_swap (test_publication_policy_qualification_pilot_executor_v2.QualificationPilotExecutorV2ContractTests.test_custodied_pin_rejects_parent_swap) ... ok
test_deadline_duration_and_defer_mode_are_not_user_configurable (test_publication_policy_qualification_pilot_executor_v2.QualificationPilotExecutorV2ContractTests.test_deadline_duration_and_defer_mode_are_not_user_configurable) ... ok
test_default_guardian_assertion_requires_preprocessing_and_service_identity (test_publication_policy_qualification_pilot_executor_v2.QualificationPilotExecutorV2ContractTests.test_default_guardian_assertion_requires_preprocessing_and_service_identity) ... ok
test_drvfs_directory_commit_does_not_depend_on_ambient_cwd (test_publication_policy_qualification_pilot_executor_v2.QualificationPilotExecutorV2ContractTests.test_drvfs_directory_commit_does_not_depend_on_ambient_cwd) ... ok
test_drvfs_directory_commit_succeeds_and_never_overwrites_collision (test_publication_policy_qualification_pilot_executor_v2.QualificationPilotExecutorV2ContractTests.test_drvfs_directory_commit_succeeds_and_never_overwrites_collision) ... ok
test_executes_32_cells_with_host_collector_and_nonauthorizing_commit_last (test_publication_policy_qualification_pilot_executor_v2.QualificationPilotExecutorV2ContractTests.test_executes_32_cells_with_host_collector_and_nonauthorizing_commit_last) ... ok
test_finalizer_failure_retains_hardware_resource_samples (test_publication_policy_qualification_pilot_executor_v2.QualificationPilotExecutorV2ContractTests.test_finalizer_failure_retains_hardware_resource_samples) ... ok
test_frozen_matrix_is_exact_and_forced_resource_only (test_publication_policy_qualification_pilot_executor_v2.QualificationPilotExecutorV2ContractTests.test_frozen_matrix_is_exact_and_forced_resource_only) ... ok
test_hard_crash_after_barrier_b_before_checkpoint_is_exactly_adoptable (test_publication_policy_qualification_pilot_executor_v2.QualificationPilotExecutorV2ContractTests.test_hard_crash_after_barrier_b_before_checkpoint_is_exactly_adoptable) ... ok
test_initial_checkpoint_anchor_three_physical_windows (test_publication_policy_qualification_pilot_executor_v2.QualificationPilotExecutorV2ContractTests.test_initial_checkpoint_anchor_three_physical_windows) ... ok
test_late_project_import_fails_precommit_barrier_without_final_publish (test_publication_policy_qualification_pilot_executor_v2.QualificationPilotExecutorV2ContractTests.test_late_project_import_fails_precommit_barrier_without_final_publish) ... ok
test_mutate_restore_during_cell_poisoned_anchor_and_restart_rejects (test_publication_policy_qualification_pilot_executor_v2.QualificationPilotExecutorV2ContractTests.test_mutate_restore_during_cell_poisoned_anchor_and_restart_rejects) ... ok
test_openvino_probe_identity_failure_retains_observed_probe (test_publication_policy_qualification_pilot_executor_v2.QualificationPilotExecutorV2ContractTests.test_openvino_probe_identity_failure_retains_observed_probe) ... ok
test_operational_chain_fails_closed_on_each_live_authority_drift (test_publication_policy_qualification_pilot_executor_v2.QualificationPilotExecutorV2ContractTests.test_operational_chain_fails_closed_on_each_live_authority_drift) ... ok
test_orphan_staging_attempt_is_never_automatically_removed (test_publication_policy_qualification_pilot_executor_v2.QualificationPilotExecutorV2ContractTests.test_orphan_staging_attempt_is_never_automatically_removed) ... ok
test_precommit_barrier_mutate_restore_never_publishes_or_adopts (test_publication_policy_qualification_pilot_executor_v2.QualificationPilotExecutorV2ContractTests.test_precommit_barrier_mutate_restore_never_publishes_or_adopts) ... ok
test_registry_is_the_four_direct_lower_native_runtime_callables (test_publication_policy_qualification_pilot_executor_v2.QualificationPilotExecutorV2ContractTests.test_registry_is_the_four_direct_lower_native_runtime_callables) ... ok
test_resume_rejects_final_without_anchor_and_orphan_writer_state (test_publication_policy_qualification_pilot_executor_v2.QualificationPilotExecutorV2ContractTests.test_resume_rejects_final_without_anchor_and_orphan_writer_state) ... ok
test_resume_skips_valid_commits_and_never_overwrites_a_collision (test_publication_policy_qualification_pilot_executor_v2.QualificationPilotExecutorV2ContractTests.test_resume_skips_valid_commits_and_never_overwrites_a_collision) ... ok
test_runtime_generated_assets_cover_all_four_systems (test_publication_policy_qualification_pilot_executor_v2.QualificationPilotExecutorV2ContractTests.test_runtime_generated_assets_cover_all_four_systems) ... ok
test_runtime_generated_assets_reject_inventory_and_physical_drift (test_publication_policy_qualification_pilot_executor_v2.QualificationPilotExecutorV2ContractTests.test_runtime_generated_assets_reject_inventory_and_physical_drift) ... ok
test_sigkill_after_final_rename_recovers_owned_attempt_without_rerun (test_publication_policy_qualification_pilot_executor_v2.QualificationPilotExecutorV2ContractTests.test_sigkill_after_final_rename_recovers_owned_attempt_without_rerun) ... ok
test_sigkill_during_postcommit_barrier_adopts_without_rerun (test_publication_policy_qualification_pilot_executor_v2.QualificationPilotExecutorV2ContractTests.test_sigkill_during_postcommit_barrier_adopts_without_rerun) ... ok
test_bundle_rejects_configurable_defer_acceptance (test_publication_policy_qualification_runtime_inputs_v2.QualificationRuntimeInputsV2Tests.test_bundle_rejects_configurable_defer_acceptance) ... ok
test_bundle_value_is_exact_nonauthorizing_and_self_hashed (test_publication_policy_qualification_runtime_inputs_v2.QualificationRuntimeInputsV2Tests.test_bundle_value_is_exact_nonauthorizing_and_self_hashed) ... ok
test_cleanup_refuses_hardlinked_or_dangling_staging_entries (test_publication_policy_qualification_runtime_inputs_v2.QualificationRuntimeInputsV2Tests.test_cleanup_refuses_hardlinked_or_dangling_staging_entries) ... ok
test_cli_and_closure_share_exact_float_deadline_matrix_identity (test_publication_policy_qualification_runtime_inputs_v2.QualificationRuntimeInputsV2Tests.test_cli_and_closure_share_exact_float_deadline_matrix_identity) ... ok
test_device_probe_binding_round_trips_through_native_consumers (test_publication_policy_qualification_runtime_inputs_v2.QualificationRuntimeInputsV2Tests.test_device_probe_binding_round_trips_through_native_consumers) ... ok
test_drvfs_runtime_directory_commit_race_has_exactly_one_winner (test_publication_policy_qualification_runtime_inputs_v2.QualificationRuntimeInputsV2Tests.test_drvfs_runtime_directory_commit_race_has_exactly_one_winner) ... ok
test_image_material_preserves_the_physical_candidate_reference (test_publication_policy_qualification_runtime_inputs_v2.QualificationRuntimeInputsV2Tests.test_image_material_preserves_the_physical_candidate_reference) ... ok
test_live_socket_transport_does_not_confuse_kernel_and_node_inodes (test_publication_policy_qualification_runtime_inputs_v2.QualificationRuntimeInputsV2Tests.test_live_socket_transport_does_not_confuse_kernel_and_node_inodes) ... ok
test_reachable_savant_worker_closure_is_the_sdk_run_path (test_publication_policy_qualification_runtime_inputs_v2.QualificationRuntimeInputsV2Tests.test_reachable_savant_worker_closure_is_the_sdk_run_path) ... ok
test_renamed_live_seqpacket_socket_is_validated_at_final_path (test_publication_policy_qualification_runtime_inputs_v2.QualificationRuntimeInputsV2Tests.test_renamed_live_seqpacket_socket_is_validated_at_final_path) ... ok
test_runtime_tree_postpublish_crash_exact_retry_and_tamper_rejection (test_publication_policy_qualification_runtime_inputs_v2.QualificationRuntimeInputsV2Tests.test_runtime_tree_postpublish_crash_exact_retry_and_tamper_rejection) ... ok
test_sdk_adapter_support_is_the_exact_referenced_closure (test_publication_policy_qualification_runtime_inputs_v2.QualificationRuntimeInputsV2Tests.test_sdk_adapter_support_is_the_exact_referenced_closure) ... ok
test_seqpacket_transport_cross_checks_connected_kernel_peer (test_publication_policy_qualification_runtime_inputs_v2.QualificationRuntimeInputsV2Tests.test_seqpacket_transport_cross_checks_connected_kernel_peer) ... ok
test_seqpacket_transport_rejects_dead_socket_node (test_publication_policy_qualification_runtime_inputs_v2.QualificationRuntimeInputsV2Tests.test_seqpacket_transport_rejects_dead_socket_node) ... ok
test_seqpacket_transport_rejects_path_replacement_during_connect (test_publication_policy_qualification_runtime_inputs_v2.QualificationRuntimeInputsV2Tests.test_seqpacket_transport_rejects_path_replacement_during_connect) ... ok
test_seqpacket_transport_rejects_wrong_socket_type (test_publication_policy_qualification_runtime_inputs_v2.QualificationRuntimeInputsV2Tests.test_seqpacket_transport_rejects_wrong_socket_type) ... ok
test_stream_transport_allows_clients_but_requires_unique_bound_endpoint (test_publication_policy_qualification_runtime_inputs_v2.QualificationRuntimeInputsV2Tests.test_stream_transport_allows_clients_but_requires_unique_bound_endpoint) ... ok
test_stream_transport_keeps_exact_proc_path_requirement (test_publication_policy_qualification_runtime_inputs_v2.QualificationRuntimeInputsV2Tests.test_stream_transport_keeps_exact_proc_path_requirement) ... ok
test_system_contracts_match_all_four_lower_runtime_field_sets (test_publication_policy_qualification_runtime_inputs_v2.QualificationRuntimeInputsV2Tests.test_system_contracts_match_all_four_lower_runtime_field_sets) ... ok
test_transaction_receipt_is_required_at_public_runtime_boundary_only (test_publication_policy_qualification_runtime_inputs_v2.QualificationRuntimeInputsV2Tests.test_transaction_receipt_is_required_at_public_runtime_boundary_only) ... ok
test_tree_writer_materializes_exact_32_and_never_overwrites (test_publication_policy_qualification_runtime_inputs_v2.QualificationRuntimeInputsV2Tests.test_tree_writer_materializes_exact_32_and_never_overwrites) ... ok
test_versioned_analytics_authority_selects_bound_paths_not_v3_constants (test_publication_policy_qualification_runtime_inputs_v2.QualificationRuntimeInputsV2Tests.test_versioned_analytics_authority_selects_bound_paths_not_v3_constants) ... ok
test_versioned_binding_document_requires_its_self_identity (test_publication_policy_qualification_runtime_inputs_v2.QualificationRuntimeInputsV2Tests.test_versioned_binding_document_requires_its_self_identity) ... ok
test_missing_diagnostic_receipt_blocks_binding (test_publication_qualification_operational_owner_v1.DiagnosticOwner2Tests.test_missing_diagnostic_receipt_blocks_binding) ... ok
test_owner_executes_exact_two_held_originals_and_cold_closure_accepts_binding (test_publication_qualification_operational_owner_v1.DiagnosticOwner2Tests.test_owner_executes_exact_two_held_originals_and_cold_closure_accepts_binding) ... ok
test_two_operation_binding_cannot_satisfy_complete_qualification (test_publication_qualification_operational_owner_v1.DiagnosticOwner2Tests.test_two_operation_binding_cannot_satisfy_complete_qualification) ... ok
test_foreign_or_inactive_bundle_context_is_rejected (test_publication_qualification_operational_owner_v1.HeldQualificationOriginalTests.test_foreign_or_inactive_bundle_context_is_rejected) ... ok
test_held_runner_dispatches_each_system_to_its_stock_runtime (test_publication_qualification_operational_owner_v1.HeldQualificationOriginalTests.test_held_runner_dispatches_each_system_to_its_stock_runtime) ... ok
test_native_precheck_changes_only_its_own_pinned_context (test_publication_qualification_operational_owner_v1.HeldQualificationOriginalTests.test_native_precheck_changes_only_its_own_pinned_context) ... ok
test_savant_original_keeps_sdk_context_mount_path (test_publication_qualification_operational_owner_v1.HeldQualificationOriginalTests.test_savant_original_keeps_sdk_context_mount_path) ... ok
test_cells_retain_actual_two_transfer_chain_and_held_operations_one_transfer (test_publication_qualification_operational_owner_v1.QualificationOwner37Tests.test_cells_retain_actual_two_transfer_chain_and_held_operations_one_transfer) ... ok
test_extra_foreign_capture_namespace_blocks_binding (test_publication_qualification_operational_owner_v1.QualificationOwner37Tests.test_extra_foreign_capture_namespace_blocks_binding) ... ok
test_missing_original_receipt_blocks_binding (test_publication_qualification_operational_owner_v1.QualificationOwner37Tests.test_missing_original_receipt_blocks_binding) ... ok
test_owner_executes_exact_37_and_binding_passes_cold_closure_with_real_validators (test_publication_qualification_operational_owner_v1.QualificationOwner37Tests.test_owner_executes_exact_37_and_binding_passes_cold_closure_with_real_validators) ... ok
test_repeated_owner_invocation_is_rejected_before_any_launch (test_publication_qualification_operational_owner_v1.QualificationOwner37Tests.test_repeated_owner_invocation_is_rejected_before_any_launch) ... ok
test_resumed_pilot_checkpoint_cannot_satisfy_one_owner (test_publication_qualification_operational_owner_v1.QualificationOwner37Tests.test_resumed_pilot_checkpoint_cannot_satisfy_one_owner) ... ok
test_stock_binding_writer_rejects_missing_extra_and_duplicate_outputs (test_publication_qualification_operational_owner_v1.QualificationOwner37Tests.test_stock_binding_writer_rejects_missing_extra_and_duplicate_outputs) ... ok
test_swapped_original_receipts_block_binding (test_publication_qualification_operational_owner_v1.QualificationOwner37Tests.test_swapped_original_receipts_block_binding) ... ok
test_duplicate_cell_invocation_is_rejected_before_second_launch (test_publication_qualification_operational_owner_v1.QualificationOwnerFailClosedTests.test_duplicate_cell_invocation_is_rejected_before_second_launch) ... ok
test_foreign_cell_request_is_rejected_before_launch (test_publication_qualification_operational_owner_v1.QualificationOwnerFailClosedTests.test_foreign_cell_request_is_rejected_before_launch) ... ok
test_missing_cells_after_pilot_return_fail_closed (test_publication_qualification_operational_owner_v1.QualificationOwnerFailClosedTests.test_missing_cells_after_pilot_return_fail_closed) ... ok
test_substituted_cell_coordinates_are_rejected_before_launch (test_publication_qualification_operational_owner_v1.QualificationOwnerFailClosedTests.test_substituted_cell_coordinates_are_rejected_before_launch) ... ok
test_current_qualification_fragments_match_physical_receipts (test_publication_runtime_frozen_identity_constants_v1.PublicationRuntimeFrozenIdentityConstantsV1Tests.test_current_qualification_fragments_match_physical_receipts) ... ERROR
test_deepstream_child_failure_diagnostic_is_bounded_and_single_line (test_publication_runtime_frozen_identity_constants_v1.PublicationRuntimeFrozenIdentityConstantsV1Tests.test_deepstream_child_failure_diagnostic_is_bounded_and_single_line) ... ok
test_deepstream_dynamic_image_contract_keeps_exact_frozen_base_and_entrypoint (test_publication_runtime_frozen_identity_constants_v1.PublicationRuntimeFrozenIdentityConstantsV1Tests.test_deepstream_dynamic_image_contract_keeps_exact_frozen_base_and_entrypoint) ... ok
test_fix_benchmark_patch_matches_exact_runtime_constants (test_publication_runtime_frozen_identity_constants_v1.PublicationRuntimeFrozenIdentityConstantsV1Tests.test_fix_benchmark_patch_matches_exact_runtime_constants) ... ERROR
test_gstreamer_current_runtime_is_exactly_refrozen (test_publication_runtime_frozen_identity_constants_v1.PublicationRuntimeFrozenIdentityConstantsV1Tests.test_gstreamer_current_runtime_is_exactly_refrozen) ... ok
test_live_fix_benchmark_preflight_matches_runtime_materializer (test_publication_runtime_frozen_identity_constants_v1.PublicationRuntimeFrozenIdentityConstantsV1Tests.test_live_fix_benchmark_preflight_matches_runtime_materializer) ... skipped 'requires VAST_LIVE_PREFLIGHT=1, live WSL Docker and OMZ proxy models'
test_openvino_current_runtime_is_exactly_refrozen (test_publication_runtime_frozen_identity_constants_v1.PublicationRuntimeFrozenIdentityConstantsV1Tests.test_openvino_current_runtime_is_exactly_refrozen) ... ok
test_runtime_input_materializer_inspects_the_candidate_reference_not_only_id (test_publication_runtime_frozen_identity_constants_v1.PublicationRuntimeFrozenIdentityConstantsV1Tests.test_runtime_input_materializer_inspects_the_candidate_reference_not_only_id) ... ok
test_savant_native_builder_is_the_frozen_attempt14_builder (test_publication_runtime_frozen_identity_constants_v1.PublicationRuntimeFrozenIdentityConstantsV1Tests.test_savant_native_builder_is_the_frozen_attempt14_builder) ... ok
test_original_terminal_hook_uses_actual_wait_status_and_original_bytes (test_publication_runtime_original_process_hooks_v1.OriginalProcessHookTests.test_original_terminal_hook_uses_actual_wait_status_and_original_bytes) ... ok
test_start_persistence_failure_reaps_original_child (test_publication_runtime_original_process_hooks_v1.OriginalProcessHookTests.test_start_persistence_failure_reaps_original_child) ... ok
test_timeout_records_original_killed_status_before_existing_error (test_publication_runtime_original_process_hooks_v1.OriginalProcessHookTests.test_timeout_records_original_killed_status_before_existing_error) ... ok
test_wait_failure_closes_original_pipes_and_preserves_body_cause (test_publication_runtime_original_process_hooks_v1.OriginalProcessHookTests.test_wait_failure_closes_original_pipes_and_preserves_body_cause) ... ok
test_all_runtime_validators_accept_the_same_guardian_closure (test_publication_runtime_source_closure_guardian_v1.PublicationRuntimeSourceClosureGuardianV1Tests.test_all_runtime_validators_accept_the_same_guardian_closure) ... ok
test_all_runtime_validators_reject_the_same_missing_guardian_closure (test_publication_runtime_source_closure_guardian_v1.PublicationRuntimeSourceClosureGuardianV1Tests.test_all_runtime_validators_reject_the_same_missing_guardian_closure) ... ok

======================================================================
ERROR: test_exact_materialized_image_evidence_and_qualification_fragment (test_checkpoint_deepstream_runtime_image_evidence_v1.DeepStreamRuntimeImageEvidenceV1Tests.test_exact_materialized_image_evidence_and_qualification_fragment)
----------------------------------------------------------------------
Traceback (most recent call last):
  File "/mnt/c/Users/s-a-balashov/.codex/worktrees/qualify-full-benchmark/VAST/tests/test_checkpoint_deepstream_runtime_image_evidence_v1.py", line 60, in test_exact_materialized_image_evidence_and_qualification_fragment
    evidence = json.loads(EVIDENCE.read_text(encoding="utf-8"))
                          ^^^^^^^^^^^^^^^^^^^^^^^^^^^^^^^^^^^^
  File "/usr/lib/python3.12/pathlib.py", line 1029, in read_text
    with self.open(mode='r', encoding=encoding, errors=errors) as f:
         ^^^^^^^^^^^^^^^^^^^^^^^^^^^^^^^^^^^^^^^^^^^^^^^^^^^^^
  File "/usr/lib/python3.12/pathlib.py", line 1015, in open
    return io.open(self, mode, buffering, encoding, errors, newline)
           ^^^^^^^^^^^^^^^^^^^^^^^^^^^^^^^^^^^^^^^^^^^^^^^^^^^^^^^^^
FileNotFoundError: [Errno 2] No such file or directory: '/mnt/c/Users/s-a-balashov/.codex/worktrees/qualify-full-benchmark/VAST/artifacts/deepstream_publication_v3/runtime_image_evidence.v1.json'

======================================================================
ERROR: test_dangling_system_collision_is_never_treated_as_absent (test_publication_policy_qualification_fragments_from_authority_v2.QualificationFragmentsFromAuthorityV2Tests.test_dangling_system_collision_is_never_treated_as_absent)
----------------------------------------------------------------------
Traceback (most recent call last):
  File "/mnt/c/Users/s-a-balashov/.codex/worktrees/qualify-full-benchmark/VAST/scripts/publication_policy_qualification_fragments_from_authority_v2.py", line 159, in _physical_file
    info = path.lstat()
           ^^^^^^^^^^^^
  File "/usr/lib/python3.12/pathlib.py", line 849, in lstat
    return self.stat(follow_symlinks=False)
           ^^^^^^^^^^^^^^^^^^^^^^^^^^^^^^^^
  File "/usr/lib/python3.12/pathlib.py", line 842, in stat
    return os.stat(self, follow_symlinks=follow_symlinks)
           ^^^^^^^^^^^^^^^^^^^^^^^^^^^^^^^^^^^^^^^^^^^^^^
FileNotFoundError: [Errno 2] No such file or directory: '/mnt/c/Users/s-a-balashov/.codex/worktrees/qualify-full-benchmark/VAST/models/openvino/public/intel/vehicle-license-plate-detection-barrier-0106/FP16/vehicle-license-plate-detection-barrier-0106.xml'

The above exception was the direct cause of the following exception:

Traceback (most recent call last):
  File "/mnt/c/Users/s-a-balashov/.codex/worktrees/qualify-full-benchmark/VAST/tests/test_publication_policy_qualification_fragments_from_authority_v2.py", line 412, in test_dangling_system_collision_is_never_treated_as_absent
    fixture = Fixture(Path(raw))
              ^^^^^^^^^^^^^^^^^^
  File "/mnt/c/Users/s-a-balashov/.codex/worktrees/qualify-full-benchmark/VAST/tests/test_publication_policy_qualification_fragments_from_authority_v2.py", line 53, in __init__
    omz = target._omz_bindings(ROOT)
          ^^^^^^^^^^^^^^^^^^^^^^^^^^
  File "/mnt/c/Users/s-a-balashov/.codex/worktrees/qualify-full-benchmark/VAST/scripts/publication_policy_qualification_fragments_from_authority_v2.py", line 780, in _omz_bindings
    "model": model_descriptor("model_path", "model_sha256"),
             ^^^^^^^^^^^^^^^^^^^^^^^^^^^^^^^^^^^^^^^^^^^^^^
  File "/mnt/c/Users/s-a-balashov/.codex/worktrees/qualify-full-benchmark/VAST/scripts/publication_policy_qualification_fragments_from_authority_v2.py", line 772, in model_descriptor
    descriptor = file_descriptor(root, normalized.as_posix())
                 ^^^^^^^^^^^^^^^^^^^^^^^^^^^^^^^^^^^^^^^^^^^^
  File "/mnt/c/Users/s-a-balashov/.codex/worktrees/qualify-full-benchmark/VAST/scripts/publication_policy_qualification_fragments_from_authority_v2.py", line 216, in file_descriptor
    path = _physical_file(root, value, label="descriptor input")
           ^^^^^^^^^^^^^^^^^^^^^^^^^^^^^^^^^^^^^^^^^^^^^^^^^^^^^
  File "/mnt/c/Users/s-a-balashov/.codex/worktrees/qualify-full-benchmark/VAST/scripts/publication_policy_qualification_fragments_from_authority_v2.py", line 162, in _physical_file
    raise QualificationFragmentsFromAuthorityV2Error(f"{label} is missing") from error
publication_policy_qualification_fragments_from_authority_v2.QualificationFragmentsFromAuthorityV2Error: descriptor input is missing

======================================================================
ERROR: test_materializes_exact_four_fragments_and_forty_unique_bindings (test_publication_policy_qualification_fragments_from_authority_v2.QualificationFragmentsFromAuthorityV2Tests.test_materializes_exact_four_fragments_and_forty_unique_bindings)
----------------------------------------------------------------------
Traceback (most recent call last):
  File "/mnt/c/Users/s-a-balashov/.codex/worktrees/qualify-full-benchmark/VAST/scripts/publication_policy_qualification_fragments_from_authority_v2.py", line 159, in _physical_file
    info = path.lstat()
           ^^^^^^^^^^^^
  File "/usr/lib/python3.12/pathlib.py", line 849, in lstat
    return self.stat(follow_symlinks=False)
           ^^^^^^^^^^^^^^^^^^^^^^^^^^^^^^^^
  File "/usr/lib/python3.12/pathlib.py", line 842, in stat
    return os.stat(self, follow_symlinks=follow_symlinks)
           ^^^^^^^^^^^^^^^^^^^^^^^^^^^^^^^^^^^^^^^^^^^^^^
FileNotFoundError: [Errno 2] No such file or directory: '/mnt/c/Users/s-a-balashov/.codex/worktrees/qualify-full-benchmark/VAST/models/openvino/public/intel/vehicle-license-plate-detection-barrier-0106/FP16/vehicle-license-plate-detection-barrier-0106.xml'

The above exception was the direct cause of the following exception:

Traceback (most recent call last):
  File "/mnt/c/Users/s-a-balashov/.codex/worktrees/qualify-full-benchmark/VAST/tests/test_publication_policy_qualification_fragments_from_authority_v2.py", line 272, in test_materializes_exact_four_fragments_and_forty_unique_bindings
    fixture = Fixture(Path(raw))
              ^^^^^^^^^^^^^^^^^^
  File "/mnt/c/Users/s-a-balashov/.codex/worktrees/qualify-full-benchmark/VAST/tests/test_publication_policy_qualification_fragments_from_authority_v2.py", line 53, in __init__
    omz = target._omz_bindings(ROOT)
          ^^^^^^^^^^^^^^^^^^^^^^^^^^
  File "/mnt/c/Users/s-a-balashov/.codex/worktrees/qualify-full-benchmark/VAST/scripts/publication_policy_qualification_fragments_from_authority_v2.py", line 780, in _omz_bindings
    "model": model_descriptor("model_path", "model_sha256"),
             ^^^^^^^^^^^^^^^^^^^^^^^^^^^^^^^^^^^^^^^^^^^^^^
  File "/mnt/c/Users/s-a-balashov/.codex/worktrees/qualify-full-benchmark/VAST/scripts/publication_policy_qualification_fragments_from_authority_v2.py", line 772, in model_descriptor
    descriptor = file_descriptor(root, normalized.as_posix())
                 ^^^^^^^^^^^^^^^^^^^^^^^^^^^^^^^^^^^^^^^^^^^^
  File "/mnt/c/Users/s-a-balashov/.codex/worktrees/qualify-full-benchmark/VAST/scripts/publication_policy_qualification_fragments_from_authority_v2.py", line 216, in file_descriptor
    path = _physical_file(root, value, label="descriptor input")
           ^^^^^^^^^^^^^^^^^^^^^^^^^^^^^^^^^^^^^^^^^^^^^^^^^^^^^
  File "/mnt/c/Users/s-a-balashov/.codex/worktrees/qualify-full-benchmark/VAST/scripts/publication_policy_qualification_fragments_from_authority_v2.py", line 162, in _physical_file
    raise QualificationFragmentsFromAuthorityV2Error(f"{label} is missing") from error
publication_policy_qualification_fragments_from_authority_v2.QualificationFragmentsFromAuthorityV2Error: descriptor input is missing

======================================================================
ERROR: test_stale_patch_cross_binding_is_rejected (test_publication_policy_qualification_fragments_from_authority_v2.QualificationFragmentsFromAuthorityV2Tests.test_stale_patch_cross_binding_is_rejected)
----------------------------------------------------------------------
Traceback (most recent call last):
  File "/mnt/c/Users/s-a-balashov/.codex/worktrees/qualify-full-benchmark/VAST/scripts/publication_policy_qualification_fragments_from_authority_v2.py", line 159, in _physical_file
    info = path.lstat()
           ^^^^^^^^^^^^
  File "/usr/lib/python3.12/pathlib.py", line 849, in lstat
    return self.stat(follow_symlinks=False)
           ^^^^^^^^^^^^^^^^^^^^^^^^^^^^^^^^
  File "/usr/lib/python3.12/pathlib.py", line 842, in stat
    return os.stat(self, follow_symlinks=follow_symlinks)
           ^^^^^^^^^^^^^^^^^^^^^^^^^^^^^^^^^^^^^^^^^^^^^^
FileNotFoundError: [Errno 2] No such file or directory: '/mnt/c/Users/s-a-balashov/.codex/worktrees/qualify-full-benchmark/VAST/models/openvino/public/intel/vehicle-license-plate-detection-barrier-0106/FP16/vehicle-license-plate-detection-barrier-0106.xml'

The above exception was the direct cause of the following exception:

Traceback (most recent call last):
  File "/mnt/c/Users/s-a-balashov/.codex/worktrees/qualify-full-benchmark/VAST/tests/test_publication_policy_qualification_fragments_from_authority_v2.py", line 376, in test_stale_patch_cross_binding_is_rejected
    fixture = Fixture(Path(raw))
              ^^^^^^^^^^^^^^^^^^
  File "/mnt/c/Users/s-a-balashov/.codex/worktrees/qualify-full-benchmark/VAST/tests/test_publication_policy_qualification_fragments_from_authority_v2.py", line 53, in __init__
    omz = target._omz_bindings(ROOT)
          ^^^^^^^^^^^^^^^^^^^^^^^^^^
  File "/mnt/c/Users/s-a-balashov/.codex/worktrees/qualify-full-benchmark/VAST/scripts/publication_policy_qualification_fragments_from_authority_v2.py", line 780, in _omz_bindings
    "model": model_descriptor("model_path", "model_sha256"),
             ^^^^^^^^^^^^^^^^^^^^^^^^^^^^^^^^^^^^^^^^^^^^^^
  File "/mnt/c/Users/s-a-balashov/.codex/worktrees/qualify-full-benchmark/VAST/scripts/publication_policy_qualification_fragments_from_authority_v2.py", line 772, in model_descriptor
    descriptor = file_descriptor(root, normalized.as_posix())
                 ^^^^^^^^^^^^^^^^^^^^^^^^^^^^^^^^^^^^^^^^^^^^
  File "/mnt/c/Users/s-a-balashov/.codex/worktrees/qualify-full-benchmark/VAST/scripts/publication_policy_qualification_fragments_from_authority_v2.py", line 216, in file_descriptor
    path = _physical_file(root, value, label="descriptor input")
           ^^^^^^^^^^^^^^^^^^^^^^^^^^^^^^^^^^^^^^^^^^^^^^^^^^^^^
  File "/mnt/c/Users/s-a-balashov/.codex/worktrees/qualify-full-benchmark/VAST/scripts/publication_policy_qualification_fragments_from_authority_v2.py", line 162, in _physical_file
    raise QualificationFragmentsFromAuthorityV2Error(f"{label} is missing") from error
publication_policy_qualification_fragments_from_authority_v2.QualificationFragmentsFromAuthorityV2Error: descriptor input is missing

======================================================================
ERROR: test_tampered_binding_is_rejected (test_publication_policy_qualification_fragments_from_authority_v2.QualificationFragmentsFromAuthorityV2Tests.test_tampered_binding_is_rejected)
----------------------------------------------------------------------
Traceback (most recent call last):
  File "/mnt/c/Users/s-a-balashov/.codex/worktrees/qualify-full-benchmark/VAST/scripts/publication_policy_qualification_fragments_from_authority_v2.py", line 159, in _physical_file
    info = path.lstat()
           ^^^^^^^^^^^^
  File "/usr/lib/python3.12/pathlib.py", line 849, in lstat
    return self.stat(follow_symlinks=False)
           ^^^^^^^^^^^^^^^^^^^^^^^^^^^^^^^^
  File "/usr/lib/python3.12/pathlib.py", line 842, in stat
    return os.stat(self, follow_symlinks=follow_symlinks)
           ^^^^^^^^^^^^^^^^^^^^^^^^^^^^^^^^^^^^^^^^^^^^^^
FileNotFoundError: [Errno 2] No such file or directory: '/mnt/c/Users/s-a-balashov/.codex/worktrees/qualify-full-benchmark/VAST/models/openvino/public/intel/vehicle-license-plate-detection-barrier-0106/FP16/vehicle-license-plate-detection-barrier-0106.xml'

The above exception was the direct cause of the following exception:

Traceback (most recent call last):
  File "/mnt/c/Users/s-a-balashov/.codex/worktrees/qualify-full-benchmark/VAST/tests/test_publication_policy_qualification_fragments_from_authority_v2.py", line 353, in test_tampered_binding_is_rejected
    fixture = Fixture(Path(raw))
              ^^^^^^^^^^^^^^^^^^
  File "/mnt/c/Users/s-a-balashov/.codex/worktrees/qualify-full-benchmark/VAST/tests/test_publication_policy_qualification_fragments_from_authority_v2.py", line 53, in __init__
    omz = target._omz_bindings(ROOT)
          ^^^^^^^^^^^^^^^^^^^^^^^^^^
  File "/mnt/c/Users/s-a-balashov/.codex/worktrees/qualify-full-benchmark/VAST/scripts/publication_policy_qualification_fragments_from_authority_v2.py", line 780, in _omz_bindings
    "model": model_descriptor("model_path", "model_sha256"),
             ^^^^^^^^^^^^^^^^^^^^^^^^^^^^^^^^^^^^^^^^^^^^^^
  File "/mnt/c/Users/s-a-balashov/.codex/worktrees/qualify-full-benchmark/VAST/scripts/publication_policy_qualification_fragments_from_authority_v2.py", line 772, in model_descriptor
    descriptor = file_descriptor(root, normalized.as_posix())
                 ^^^^^^^^^^^^^^^^^^^^^^^^^^^^^^^^^^^^^^^^^^^^
  File "/mnt/c/Users/s-a-balashov/.codex/worktrees/qualify-full-benchmark/VAST/scripts/publication_policy_qualification_fragments_from_authority_v2.py", line 216, in file_descriptor
    path = _physical_file(root, value, label="descriptor input")
           ^^^^^^^^^^^^^^^^^^^^^^^^^^^^^^^^^^^^^^^^^^^^^^^^^^^^^
  File "/mnt/c/Users/s-a-balashov/.codex/worktrees/qualify-full-benchmark/VAST/scripts/publication_policy_qualification_fragments_from_authority_v2.py", line 162, in _physical_file
    raise QualificationFragmentsFromAuthorityV2Error(f"{label} is missing") from error
publication_policy_qualification_fragments_from_authority_v2.QualificationFragmentsFromAuthorityV2Error: descriptor input is missing

======================================================================
ERROR: test_v3_cannot_resolve_refresh_only_patch (test_publication_policy_qualification_fragments_from_authority_v2.QualificationFragmentsFromAuthorityV2Tests.test_v3_cannot_resolve_refresh_only_patch)
----------------------------------------------------------------------
Traceback (most recent call last):
  File "/mnt/c/Users/s-a-balashov/.codex/worktrees/qualify-full-benchmark/VAST/scripts/publication_policy_qualification_fragments_from_authority_v2.py", line 159, in _physical_file
    info = path.lstat()
           ^^^^^^^^^^^^
  File "/usr/lib/python3.12/pathlib.py", line 849, in lstat
    return self.stat(follow_symlinks=False)
           ^^^^^^^^^^^^^^^^^^^^^^^^^^^^^^^^
  File "/usr/lib/python3.12/pathlib.py", line 842, in stat
    return os.stat(self, follow_symlinks=follow_symlinks)
           ^^^^^^^^^^^^^^^^^^^^^^^^^^^^^^^^^^^^^^^^^^^^^^
FileNotFoundError: [Errno 2] No such file or directory: '/mnt/c/Users/s-a-balashov/.codex/worktrees/qualify-full-benchmark/VAST/models/openvino/public/intel/vehicle-license-plate-detection-barrier-0106/FP16/vehicle-license-plate-detection-barrier-0106.xml'

The above exception was the direct cause of the following exception:

Traceback (most recent call last):
  File "/mnt/c/Users/s-a-balashov/.codex/worktrees/qualify-full-benchmark/VAST/tests/test_publication_policy_qualification_fragments_from_authority_v2.py", line 396, in test_v3_cannot_resolve_refresh_only_patch
    fixture = Fixture(Path(raw))
              ^^^^^^^^^^^^^^^^^^
  File "/mnt/c/Users/s-a-balashov/.codex/worktrees/qualify-full-benchmark/VAST/tests/test_publication_policy_qualification_fragments_from_authority_v2.py", line 53, in __init__
    omz = target._omz_bindings(ROOT)
          ^^^^^^^^^^^^^^^^^^^^^^^^^^
  File "/mnt/c/Users/s-a-balashov/.codex/worktrees/qualify-full-benchmark/VAST/scripts/publication_policy_qualification_fragments_from_authority_v2.py", line 780, in _omz_bindings
    "model": model_descriptor("model_path", "model_sha256"),
             ^^^^^^^^^^^^^^^^^^^^^^^^^^^^^^^^^^^^^^^^^^^^^^
  File "/mnt/c/Users/s-a-balashov/.codex/worktrees/qualify-full-benchmark/VAST/scripts/publication_policy_qualification_fragments_from_authority_v2.py", line 772, in model_descriptor
    descriptor = file_descriptor(root, normalized.as_posix())
                 ^^^^^^^^^^^^^^^^^^^^^^^^^^^^^^^^^^^^^^^^^^^^
  File "/mnt/c/Users/s-a-balashov/.codex/worktrees/qualify-full-benchmark/VAST/scripts/publication_policy_qualification_fragments_from_authority_v2.py", line 216, in file_descriptor
    path = _physical_file(root, value, label="descriptor input")
           ^^^^^^^^^^^^^^^^^^^^^^^^^^^^^^^^^^^^^^^^^^^^^^^^^^^^^
  File "/mnt/c/Users/s-a-balashov/.codex/worktrees/qualify-full-benchmark/VAST/scripts/publication_policy_qualification_fragments_from_authority_v2.py", line 162, in _physical_file
    raise QualificationFragmentsFromAuthorityV2Error(f"{label} is missing") from error
publication_policy_qualification_fragments_from_authority_v2.QualificationFragmentsFromAuthorityV2Error: descriptor input is missing

======================================================================
ERROR: test_current_qualification_fragments_match_physical_receipts (test_publication_runtime_frozen_identity_constants_v1.PublicationRuntimeFrozenIdentityConstantsV1Tests.test_current_qualification_fragments_match_physical_receipts)
----------------------------------------------------------------------
Traceback (most recent call last):
  File "/mnt/c/Users/s-a-balashov/.codex/worktrees/qualify-full-benchmark/VAST/tests/test_publication_runtime_frozen_identity_constants_v1.py", line 85, in test_current_qualification_fragments_match_physical_receipts
    patch = json.loads((base / "qualification_image_identity_patch.json").read_bytes())
                       ^^^^^^^^^^^^^^^^^^^^^^^^^^^^^^^^^^^^^^^^^^^^^^^^^^^^^^^^^^^^^^^
  File "/usr/lib/python3.12/pathlib.py", line 1021, in read_bytes
    with self.open(mode='rb') as f:
         ^^^^^^^^^^^^^^^^^^^^
  File "/usr/lib/python3.12/pathlib.py", line 1015, in open
    return io.open(self, mode, buffering, encoding, errors, newline)
           ^^^^^^^^^^^^^^^^^^^^^^^^^^^^^^^^^^^^^^^^^^^^^^^^^^^^^^^^^
FileNotFoundError: [Errno 2] No such file or directory: '/mnt/c/Users/s-a-balashov/.codex/worktrees/qualify-full-benchmark/VAST/artifacts/qualify_full_benchmark_20261008d/qualification_image_identity_patch.json'

======================================================================
ERROR: test_fix_benchmark_patch_matches_exact_runtime_constants (test_publication_runtime_frozen_identity_constants_v1.PublicationRuntimeFrozenIdentityConstantsV1Tests.test_fix_benchmark_patch_matches_exact_runtime_constants)
----------------------------------------------------------------------
Traceback (most recent call last):
  File "/mnt/c/Users/s-a-balashov/.codex/worktrees/qualify-full-benchmark/VAST/tests/test_publication_runtime_frozen_identity_constants_v1.py", line 69, in test_fix_benchmark_patch_matches_exact_runtime_constants
    patch = json.loads(patch_path.read_bytes())
                       ^^^^^^^^^^^^^^^^^^^^^^^
  File "/usr/lib/python3.12/pathlib.py", line 1021, in read_bytes
    with self.open(mode='rb') as f:
         ^^^^^^^^^^^^^^^^^^^^
  File "/usr/lib/python3.12/pathlib.py", line 1015, in open
    return io.open(self, mode, buffering, encoding, errors, newline)
           ^^^^^^^^^^^^^^^^^^^^^^^^^^^^^^^^^^^^^^^^^^^^^^^^^^^^^^^^^
FileNotFoundError: [Errno 2] No such file or directory: '/mnt/c/Users/s-a-balashov/.codex/worktrees/qualify-full-benchmark/VAST/artifacts/qualify_full_benchmark_20261008d/qualification_image_identity_patch.json'

----------------------------------------------------------------------
Ran 518 tests in 1474.894s

FAILED (errors=8, skipped=1)
rc=1
