
{"event": "test_started", "monotonic_ns": 643224607205685, "test_id": "test_mapped_inputs_v4.MappedInputTests.test_actual_guest_maps_snapshot_joins_cached_pin_and_backing_identity"}
test_actual_guest_maps_snapshot_joins_cached_pin_and_backing_identity (test_mapped_inputs_v4.MappedInputTests.test_actual_guest_maps_snapshot_joins_cached_pin_and_backing_identity) ... ok

{"elapsed_s": 0.01991036394611001, "event": "test_terminal", "monotonic_ns": 643224627114461, "outcome": "success", "test_id": "test_mapped_inputs_v4.MappedInputTests.test_actual_guest_maps_snapshot_joins_cached_pin_and_backing_identity"}

{"event": "test_started", "monotonic_ns": 643224627142424, "test_id": "test_mapped_inputs_v4.MappedInputTests.test_actual_mapped_hardlink_accepts_join_but_default_still_rejects"}
test_actual_mapped_hardlink_accepts_join_but_default_still_rejects (test_mapped_inputs_v4.MappedInputTests.test_actual_mapped_hardlink_accepts_join_but_default_still_rejects) ... ok

{"elapsed_s": 0.0029427189147099853, "event": "test_terminal", "monotonic_ns": 643224630085366, "outcome": "success", "test_id": "test_mapped_inputs_v4.MappedInputTests.test_actual_mapped_hardlink_accepts_join_but_default_still_rejects"}

{"event": "test_started", "monotonic_ns": 643224630107884, "test_id": "test_mapped_inputs_v4.MappedInputTests.test_cached_default_cannot_inherit_mapping_policy_or_wrong_identity"}
test_cached_default_cannot_inherit_mapping_policy_or_wrong_identity (test_mapped_inputs_v4.MappedInputTests.test_cached_default_cannot_inherit_mapping_policy_or_wrong_identity) ... ok

{"elapsed_s": 0.003961050999350846, "event": "test_terminal", "monotonic_ns": 643224634069520, "outcome": "success", "test_id": "test_mapped_inputs_v4.MappedInputTests.test_cached_default_cannot_inherit_mapping_policy_or_wrong_identity"}

{"event": "test_started", "monotonic_ns": 643224634089984, "test_id": "test_mapped_inputs_v4.MappedInputTests.test_correct_identity_does_not_bypass_type_size_or_expected_hash"}
test_correct_identity_does_not_bypass_type_size_or_expected_hash (test_mapped_inputs_v4.MappedInputTests.test_correct_identity_does_not_bypass_type_size_or_expected_hash) ... ok

{"elapsed_s": 0.0027730580186471343, "event": "test_terminal", "monotonic_ns": 643224636863662, "outcome": "success", "test_id": "test_mapped_inputs_v4.MappedInputTests.test_correct_identity_does_not_bypass_type_size_or_expected_hash"}

{"event": "test_started", "monotonic_ns": 643224636882752, "test_id": "test_mapped_inputs_v4.MappedInputTests.test_deleted_ambiguous_malformed_missing_inode_and_absent_name_fail"}
test_deleted_ambiguous_malformed_missing_inode_and_absent_name_fail (test_mapped_inputs_v4.MappedInputTests.test_deleted_ambiguous_malformed_missing_inode_and_absent_name_fail) ... ok

{"elapsed_s": 0.002689095912501216, "event": "test_terminal", "monotonic_ns": 643224639572563, "outcome": "success", "test_id": "test_mapped_inputs_v4.MappedInputTests.test_deleted_ambiguous_malformed_missing_inode_and_absent_name_fail"}

{"event": "test_started", "monotonic_ns": 643224639592438, "test_id": "test_mapped_inputs_v4.MappedInputTests.test_mapped_byte_mutation_remains_full_epoch_failure"}
test_mapped_byte_mutation_remains_full_epoch_failure (test_mapped_inputs_v4.MappedInputTests.test_mapped_byte_mutation_remains_full_epoch_failure) ... ok

{"elapsed_s": 0.0025047550443559885, "event": "test_terminal", "monotonic_ns": 643224642097625, "outcome": "success", "test_id": "test_mapped_inputs_v4.MappedInputTests.test_mapped_byte_mutation_remains_full_epoch_failure"}

{"event": "test_started", "monotonic_ns": 643224642115996, "test_id": "test_mapped_inputs_v4.MappedInputTests.test_mapped_link_count_mutation_remains_full_epoch_failure"}
test_mapped_link_count_mutation_remains_full_epoch_failure (test_mapped_inputs_v4.MappedInputTests.test_mapped_link_count_mutation_remains_full_epoch_failure) ... ok

{"elapsed_s": 0.0024906799662858248, "event": "test_terminal", "monotonic_ns": 643224644607262, "outcome": "success", "test_id": "test_mapped_inputs_v4.MappedInputTests.test_mapped_link_count_mutation_remains_full_epoch_failure"}

{"event": "test_started", "monotonic_ns": 643224644625218, "test_id": "test_mapped_inputs_v4.MappedInputTests.test_maps_limit_reads_only_original_limit_plus_one_sentinel"}
test_maps_limit_reads_only_original_limit_plus_one_sentinel (test_mapped_inputs_v4.MappedInputTests.test_maps_limit_reads_only_original_limit_plus_one_sentinel) ... ok

{"elapsed_s": 0.003515218966640532, "event": "test_terminal", "monotonic_ns": 643224648141180, "outcome": "success", "test_id": "test_mapped_inputs_v4.MappedInputTests.test_maps_limit_reads_only_original_limit_plus_one_sentinel"}

{"event": "test_started", "monotonic_ns": 643224648164098, "test_id": "test_mapped_inputs_v4.MappedInputTests.test_named_substitution_cannot_match_original_mapping_identity"}
test_named_substitution_cannot_match_original_mapping_identity (test_mapped_inputs_v4.MappedInputTests.test_named_substitution_cannot_match_original_mapping_identity) ... ok

{"elapsed_s": 0.003748256014660001, "event": "test_terminal", "monotonic_ns": 643224651912957, "outcome": "success", "test_id": "test_mapped_inputs_v4.MappedInputTests.test_named_substitution_cannot_match_original_mapping_identity"}

{"event": "test_started", "monotonic_ns": 643224651935136, "test_id": "test_mapped_inputs_v4.MappedInputTests.test_repeated_rows_keep_original_rows_and_conflicts_or_aliases_fail"}
test_repeated_rows_keep_original_rows_and_conflicts_or_aliases_fail (test_mapped_inputs_v4.MappedInputTests.test_repeated_rows_keep_original_rows_and_conflicts_or_aliases_fail) ... ok

{"elapsed_s": 0.003428773023188114, "event": "test_terminal", "monotonic_ns": 643224655364513, "outcome": "success", "test_id": "test_mapped_inputs_v4.MappedInputTests.test_repeated_rows_keep_original_rows_and_conflicts_or_aliases_fail"}

{"event": "test_started", "monotonic_ns": 643224655386053, "test_id": "test_mapped_inputs_v4.MappedInputTests.test_snapshot_cap_failure_cannot_authorize_mapped_pin"}
test_snapshot_cap_failure_cannot_authorize_mapped_pin (test_mapped_inputs_v4.MappedInputTests.test_snapshot_cap_failure_cannot_authorize_mapped_pin) ... ok

{"elapsed_s": 0.00334638892672956, "event": "test_terminal", "monotonic_ns": 643224658732916, "outcome": "success", "test_id": "test_mapped_inputs_v4.MappedInputTests.test_snapshot_cap_failure_cannot_authorize_mapped_pin"}

{"event": "test_started", "monotonic_ns": 643224658752194, "test_id": "test_mapped_inputs_v4.MappedInputTests.test_tiny_original_child_uses_same_actual_source_pid_maps_parser"}
test_tiny_original_child_uses_same_actual_source_pid_maps_parser (test_mapped_inputs_v4.MappedInputTests.test_tiny_original_child_uses_same_actual_source_pid_maps_parser) ... ok

{"elapsed_s": 0.01529515499714762, "event": "test_terminal", "monotonic_ns": 643224674048193, "outcome": "success", "test_id": "test_mapped_inputs_v4.MappedInputTests.test_tiny_original_child_uses_same_actual_source_pid_maps_parser"}

{"event": "test_started", "monotonic_ns": 643224674070622, "test_id": "test_mapped_inputs_v4.MappedInputTests.test_wrong_device_inode_and_invalid_tuple_reject_before_hash_and_close"}
test_wrong_device_inode_and_invalid_tuple_reject_before_hash_and_close (test_mapped_inputs_v4.MappedInputTests.test_wrong_device_inode_and_invalid_tuple_reject_before_hash_and_close) ... ok

{"elapsed_s": 0.004810150014236569, "event": "test_terminal", "monotonic_ns": 643224678881283, "outcome": "success", "test_id": "test_mapped_inputs_v4.MappedInputTests.test_wrong_device_inode_and_invalid_tuple_reject_before_hash_and_close"}

{"event": "test_started", "monotonic_ns": 643224678934109, "test_id": "test_pin_diagnostics_v3.InnerFailureTests.test_actual_maps_failure_retains_first_inner_stack_before_cleanup"}
test_actual_maps_failure_retains_first_inner_stack_before_cleanup (test_pin_diagnostics_v3.InnerFailureTests.test_actual_maps_failure_retains_first_inner_stack_before_cleanup) ... ok

{"elapsed_s": 0.028043762082234025, "event": "test_terminal", "monotonic_ns": 643224706978145, "outcome": "success", "test_id": "test_pin_diagnostics_v3.InnerFailureTests.test_actual_maps_failure_retains_first_inner_stack_before_cleanup"}

{"event": "test_started", "monotonic_ns": 643224706999342, "test_id": "test_pin_diagnostics_v3.InnerFailureTests.test_actual_readonly_fd_write_failure_closes_and_keeps_original_cause"}
test_actual_readonly_fd_write_failure_closes_and_keeps_original_cause (test_pin_diagnostics_v3.InnerFailureTests.test_actual_readonly_fd_write_failure_closes_and_keeps_original_cause) ... ok

{"elapsed_s": 0.020841627032496035, "event": "test_terminal", "monotonic_ns": 643224727841618, "outcome": "success", "test_id": "test_pin_diagnostics_v3.InnerFailureTests.test_actual_readonly_fd_write_failure_closes_and_keeps_original_cause"}

{"event": "test_started", "monotonic_ns": 643224727862462, "test_id": "test_pin_diagnostics_v3.InnerFailureTests.test_diagnostic_cap_failure_is_sticky_without_truncating_original_error"}
test_diagnostic_cap_failure_is_sticky_without_truncating_original_error (test_pin_diagnostics_v3.InnerFailureTests.test_diagnostic_cap_failure_is_sticky_without_truncating_original_error) ... ok

{"elapsed_s": 0.019681876059621572, "event": "test_terminal", "monotonic_ns": 643224747544627, "outcome": "success", "test_id": "test_pin_diagnostics_v3.InnerFailureTests.test_diagnostic_cap_failure_is_sticky_without_truncating_original_error"}

{"event": "test_started", "monotonic_ns": 643224747564798, "test_id": "test_pin_diagnostics_v3.InnerFailureTests.test_exclusive_diagnostic_collision_keeps_original_cause_and_prior_bytes"}
test_exclusive_diagnostic_collision_keeps_original_cause_and_prior_bytes (test_pin_diagnostics_v3.InnerFailureTests.test_exclusive_diagnostic_collision_keeps_original_cause_and_prior_bytes) ... ok

{"elapsed_s": 0.020148565992712975, "event": "test_terminal", "monotonic_ns": 643224767713844, "outcome": "success", "test_id": "test_pin_diagnostics_v3.InnerFailureTests.test_exclusive_diagnostic_collision_keeps_original_cause_and_prior_bytes"}

{"event": "test_started", "monotonic_ns": 643224767743992, "test_id": "test_pin_diagnostics_v3.PinDiagnosticsTests.test_actual_directory_type_rejects_and_closes_fds"}
test_actual_directory_type_rejects_and_closes_fds (test_pin_diagnostics_v3.PinDiagnosticsTests.test_actual_directory_type_rejects_and_closes_fds) ... ok

{"elapsed_s": 0.00038353202398866415, "event": "test_terminal", "monotonic_ns": 643224768127526, "outcome": "success", "test_id": "test_pin_diagnostics_v3.PinDiagnosticsTests.test_actual_directory_type_rejects_and_closes_fds"}

{"event": "test_started", "monotonic_ns": 643224768154079, "test_id": "test_pin_diagnostics_v3.PinDiagnosticsTests.test_actual_oversize_retains_original_size_and_limit_before_hash"}
test_actual_oversize_retains_original_size_and_limit_before_hash (test_pin_diagnostics_v3.PinDiagnosticsTests.test_actual_oversize_retains_original_size_and_limit_before_hash) ... ok

{"elapsed_s": 0.00040861894376575947, "event": "test_terminal", "monotonic_ns": 643224768562741, "outcome": "success", "test_id": "test_pin_diagnostics_v3.PinDiagnosticsTests.test_actual_oversize_retains_original_size_and_limit_before_hash"}

{"event": "test_started", "monotonic_ns": 643224768587752, "test_id": "test_pin_diagnostics_v3.PinDiagnosticsTests.test_hardlink_preserves_original_rejection_and_actual_predicate_facts"}
test_hardlink_preserves_original_rejection_and_actual_predicate_facts (test_pin_diagnostics_v3.PinDiagnosticsTests.test_hardlink_preserves_original_rejection_and_actual_predicate_facts) ... ok

{"elapsed_s": 0.00032256601843982935, "event": "test_terminal", "monotonic_ns": 643224768910264, "outcome": "success", "test_id": "test_pin_diagnostics_v3.PinDiagnosticsTests.test_hardlink_preserves_original_rejection_and_actual_predicate_facts"}

{"event": "test_started", "monotonic_ns": 643224768933960, "test_id": "test_pin_diagnostics_v3.PinDiagnosticsTests.test_missing_resolve_retains_original_exception_and_unavailable_stats"}
test_missing_resolve_retains_original_exception_and_unavailable_stats (test_pin_diagnostics_v3.PinDiagnosticsTests.test_missing_resolve_retains_original_exception_and_unavailable_stats) ... ok

{"elapsed_s": 0.0002746370155364275, "event": "test_terminal", "monotonic_ns": 643224769208377, "outcome": "success", "test_id": "test_pin_diagnostics_v3.PinDiagnosticsTests.test_missing_resolve_retains_original_exception_and_unavailable_stats"}

{"event": "test_started", "monotonic_ns": 643224769233116, "test_id": "test_pin_diagnostics_v3.PinDiagnosticsTests.test_requested_symlink_and_resolved_target_are_distinct_original_facts"}
test_requested_symlink_and_resolved_target_are_distinct_original_facts (test_pin_diagnostics_v3.PinDiagnosticsTests.test_requested_symlink_and_resolved_target_are_distinct_original_facts) ... ok

{"elapsed_s": 0.00040747609455138445, "event": "test_terminal", "monotonic_ns": 643224769640507, "outcome": "success", "test_id": "test_pin_diagnostics_v3.PinDiagnosticsTests.test_requested_symlink_and_resolved_target_are_distinct_original_facts"}

{"event": "test_started", "monotonic_ns": 643224769664704, "test_id": "test_pin_diagnostics_v3.PinDiagnosticsTests.test_substituted_inode_retains_held_and_named_failure_epochs"}
test_substituted_inode_retains_held_and_named_failure_epochs (test_pin_diagnostics_v3.PinDiagnosticsTests.test_substituted_inode_retains_held_and_named_failure_epochs) ... ok

{"elapsed_s": 0.00035992602352052927, "event": "test_terminal", "monotonic_ns": 643224770024328, "outcome": "success", "test_id": "test_pin_diagnostics_v3.PinDiagnosticsTests.test_substituted_inode_retains_held_and_named_failure_epochs"}

{"event": "test_started", "monotonic_ns": 643224770060753, "test_id": "test_preflight_diagnostics_v5.PreflightDiagnosticsTests.test_actual_readonly_primary_write_keeps_original_cause_and_retires_fds"}
test_actual_readonly_primary_write_keeps_original_cause_and_retires_fds (test_preflight_diagnostics_v5.PreflightDiagnosticsTests.test_actual_readonly_primary_write_keeps_original_cause_and_retires_fds) ... ok

{"elapsed_s": 0.0225523590343073, "event": "test_terminal", "monotonic_ns": 643224792613412, "outcome": "success", "test_id": "test_preflight_diagnostics_v5.PreflightDiagnosticsTests.test_actual_readonly_primary_write_keeps_original_cause_and_retires_fds"}

{"event": "test_started", "monotonic_ns": 643224792634992, "test_id": "test_preflight_diagnostics_v5.PreflightDiagnosticsTests.test_actual_trace_write_failure_does_not_replace_structured_primary"}
test_actual_trace_write_failure_does_not_replace_structured_primary (test_preflight_diagnostics_v5.PreflightDiagnosticsTests.test_actual_trace_write_failure_does_not_replace_structured_primary) ... ok

{"elapsed_s": 0.020227810950018466, "event": "test_terminal", "monotonic_ns": 643224812863731, "outcome": "success", "test_id": "test_preflight_diagnostics_v5.PreflightDiagnosticsTests.test_actual_trace_write_failure_does_not_replace_structured_primary"}

{"event": "test_started", "monotonic_ns": 643224812886802, "test_id": "test_preflight_diagnostics_v5.PreflightDiagnosticsTests.test_close_companion_write_failure_stays_nonzero_and_reports_capture_error"}
test_close_companion_write_failure_stays_nonzero_and_reports_capture_error (test_preflight_diagnostics_v5.PreflightDiagnosticsTests.test_close_companion_write_failure_stays_nonzero_and_reports_capture_error) ... ok

{"elapsed_s": 0.027238799026235938, "event": "test_terminal", "monotonic_ns": 643224840126714, "outcome": "success", "test_id": "test_preflight_diagnostics_v5.PreflightDiagnosticsTests.test_close_companion_write_failure_stays_nonzero_and_reports_capture_error"}

{"event": "test_started", "monotonic_ns": 643224840150877, "test_id": "test_preflight_diagnostics_v5.PreflightDiagnosticsTests.test_exclusive_collision_keeps_prior_bytes_and_original_primary"}
test_exclusive_collision_keeps_prior_bytes_and_original_primary (test_preflight_diagnostics_v5.PreflightDiagnosticsTests.test_exclusive_collision_keeps_prior_bytes_and_original_primary) ... ok

{"elapsed_s": 0.015719772083684802, "event": "test_terminal", "monotonic_ns": 643224855871338, "outcome": "success", "test_id": "test_preflight_diagnostics_v5.PreflightDiagnosticsTests.test_exclusive_collision_keeps_prior_bytes_and_original_primary"}

{"event": "test_started", "monotonic_ns": 643224855891439, "test_id": "test_preflight_diagnostics_v5.PreflightDiagnosticsTests.test_metadata_close_failure_keeps_primary_and_retires_all_remaining_fds"}
test_metadata_close_failure_keeps_primary_and_retires_all_remaining_fds (test_preflight_diagnostics_v5.PreflightDiagnosticsTests.test_metadata_close_failure_keeps_primary_and_retires_all_remaining_fds) ... ok

{"elapsed_s": 0.023866142029874027, "event": "test_terminal", "monotonic_ns": 643224879758165, "outcome": "success", "test_id": "test_preflight_diagnostics_v5.PreflightDiagnosticsTests.test_metadata_close_failure_keeps_primary_and_retires_all_remaining_fds"}

{"event": "test_started", "monotonic_ns": 643224879779119, "test_id": "test_preflight_diagnostics_v5.PreflightDiagnosticsTests.test_original_mapped_rejection_persists_before_remaining_pin_retirement"}
test_original_mapped_rejection_persists_before_remaining_pin_retirement (test_preflight_diagnostics_v5.PreflightDiagnosticsTests.test_original_mapped_rejection_persists_before_remaining_pin_retirement) ... ok

{"elapsed_s": 0.01973848999477923, "event": "test_terminal", "monotonic_ns": 643224899518186, "outcome": "success", "test_id": "test_preflight_diagnostics_v5.PreflightDiagnosticsTests.test_original_mapped_rejection_persists_before_remaining_pin_retirement"}

{"event": "test_started", "monotonic_ns": 643224899537669, "test_id": "test_preflight_diagnostics_v5.PreflightDiagnosticsTests.test_outer_record_cap_failure_preserves_original_cause_without_truncation"}
test_outer_record_cap_failure_preserves_original_cause_without_truncation (test_preflight_diagnostics_v5.PreflightDiagnosticsTests.test_outer_record_cap_failure_preserves_original_cause_without_truncation) ... ok

{"elapsed_s": 0.017206148942932487, "event": "test_terminal", "monotonic_ns": 643224916744742, "outcome": "success", "test_id": "test_preflight_diagnostics_v5.PreflightDiagnosticsTests.test_outer_record_cap_failure_preserves_original_cause_without_truncation"}

{"event": "test_started", "monotonic_ns": 643224916764604, "test_id": "test_preflight_diagnostics_v5.PreflightDiagnosticsTests.test_terminal_persistence_failure_raises_original_primary_and_retires_fds"}
test_terminal_persistence_failure_raises_original_primary_and_retires_fds (test_preflight_diagnostics_v5.PreflightDiagnosticsTests.test_terminal_persistence_failure_raises_original_primary_and_retires_fds) ... ok

{"elapsed_s": 0.015737896086648107, "event": "test_terminal", "monotonic_ns": 643224932503093, "outcome": "success", "test_id": "test_preflight_diagnostics_v5.PreflightDiagnosticsTests.test_terminal_persistence_failure_raises_original_primary_and_retires_fds"}

{"event": "test_started", "monotonic_ns": 643224951101062, "test_id": "test_research_protocol.IndependentColdTests.test_P2_current_C_and_original_S_files_keep_separate_physical_guards"}
test_P2_current_C_and_original_S_files_keep_separate_physical_guards (test_research_protocol.IndependentColdTests.test_P2_current_C_and_original_S_files_keep_separate_physical_guards) ... ok

{"elapsed_s": 0.46168525400571525, "event": "test_terminal", "monotonic_ns": 643225412786031, "outcome": "success", "test_id": "test_research_protocol.IndependentColdTests.test_P2_current_C_and_original_S_files_keep_separate_physical_guards"}

{"event": "test_started", "monotonic_ns": 643225412815800, "test_id": "test_research_protocol.IndependentColdTests.test_P2_distinct_git_C_executes_against_frozen_S_and_raw_P2_after_archive"}
test_P2_distinct_git_C_executes_against_frozen_S_and_raw_P2_after_archive (test_research_protocol.IndependentColdTests.test_P2_distinct_git_C_executes_against_frozen_S_and_raw_P2_after_archive) ... ok

{"elapsed_s": 0.9959943980211392, "event": "test_terminal", "monotonic_ns": 643226408812142, "outcome": "success", "test_id": "test_research_protocol.IndependentColdTests.test_P2_distinct_git_C_executes_against_frozen_S_and_raw_P2_after_archive"}

{"event": "test_started", "monotonic_ns": 643226408850387, "test_id": "test_research_protocol.IndependentColdTests.test_P2_each_core_identity_and_exact_controller_schema_is_required"}
test_P2_each_core_identity_and_exact_controller_schema_is_required (test_research_protocol.IndependentColdTests.test_P2_each_core_identity_and_exact_controller_schema_is_required) ... ok

{"elapsed_s": 0.6112474679248407, "event": "test_terminal", "monotonic_ns": 643227020098600, "outcome": "success", "test_id": "test_research_protocol.IndependentColdTests.test_P2_each_core_identity_and_exact_controller_schema_is_required"}

{"event": "test_started", "monotonic_ns": 643227020124256, "test_id": "test_research_protocol.IndependentColdTests.test_P2_external_parent_child_shape_and_containment_are_required"}
test_P2_external_parent_child_shape_and_containment_are_required (test_research_protocol.IndependentColdTests.test_P2_external_parent_child_shape_and_containment_are_required) ... ok

{"elapsed_s": 1.7832169440807775, "event": "test_terminal", "monotonic_ns": 643228803342083, "outcome": "success", "test_id": "test_research_protocol.IndependentColdTests.test_P2_external_parent_child_shape_and_containment_are_required"}

{"event": "test_started", "monotonic_ns": 643228803379174, "test_id": "test_research_protocol.IndependentColdTests.test_P2_paired_observer_arguments_and_exact_C_ancestry_are_required"}
test_P2_paired_observer_arguments_and_exact_C_ancestry_are_required (test_research_protocol.IndependentColdTests.test_P2_paired_observer_arguments_and_exact_C_ancestry_are_required) ... ok

{"elapsed_s": 0.2714222560171038, "event": "test_terminal", "monotonic_ns": 643229074802181, "outcome": "success", "test_id": "test_research_protocol.IndependentColdTests.test_P2_paired_observer_arguments_and_exact_C_ancestry_are_required"}

{"event": "test_started", "monotonic_ns": 643229074832858, "test_id": "test_research_protocol.IndependentColdTests.test_P2_raw_amendment_blob_bound_is_enforced"}
test_P2_raw_amendment_blob_bound_is_enforced (test_research_protocol.IndependentColdTests.test_P2_raw_amendment_blob_bound_is_enforced) ... ok

{"elapsed_s": 0.18568384600803256, "event": "test_terminal", "monotonic_ns": 643229260517493, "outcome": "success", "test_id": "test_research_protocol.IndependentColdTests.test_P2_raw_amendment_blob_bound_is_enforced"}

{"event": "test_started", "monotonic_ns": 643229260549294, "test_id": "test_research_protocol.IndependentColdTests.test_P2_real_guest_alias_and_physical_terminal_descriptor_join"}
test_P2_real_guest_alias_and_physical_terminal_descriptor_join (test_research_protocol.IndependentColdTests.test_P2_real_guest_alias_and_physical_terminal_descriptor_join) ... ok

{"elapsed_s": 0.06924957199953496, "event": "test_terminal", "monotonic_ns": 643229329799245, "outcome": "success", "test_id": "test_research_protocol.IndependentColdTests.test_P2_real_guest_alias_and_physical_terminal_descriptor_join"}

{"event": "test_started", "monotonic_ns": 643229329824687, "test_id": "test_research_protocol.IndependentColdTests.test_P2_real_six_core_and_eight_external_owner_records_join"}
test_P2_real_six_core_and_eight_external_owner_records_join (test_research_protocol.IndependentColdTests.test_P2_real_six_core_and_eight_external_owner_records_join) ... ok

{"elapsed_s": 0.5631895890692249, "event": "test_terminal", "monotonic_ns": 643229893015138, "outcome": "success", "test_id": "test_research_protocol.IndependentColdTests.test_P2_real_six_core_and_eight_external_owner_records_join"}

{"event": "test_started", "monotonic_ns": 643229893040991, "test_id": "test_research_protocol.IndependentColdTests.test_P2_terminal_paths_size_hash_and_mode_are_not_interchangeable"}
test_P2_terminal_paths_size_hash_and_mode_are_not_interchangeable (test_research_protocol.IndependentColdTests.test_P2_terminal_paths_size_hash_and_mode_are_not_interchangeable) ... ok

{"elapsed_s": 0.6702425930416211, "event": "test_terminal", "monotonic_ns": 643230563284399, "outcome": "success", "test_id": "test_research_protocol.IndependentColdTests.test_P2_terminal_paths_size_hash_and_mode_are_not_interchangeable"}

{"event": "test_started", "monotonic_ns": 643230563311158, "test_id": "test_research_protocol.IndependentColdTests.test_P4_mapping_cap_cannot_admit_general_docs_or_foreign_paths_kinds"}
test_P4_mapping_cap_cannot_admit_general_docs_or_foreign_paths_kinds (test_research_protocol.IndependentColdTests.test_P4_mapping_cap_cannot_admit_general_docs_or_foreign_paths_kinds) ... ok

{"elapsed_s": 0.07345637795515358, "event": "test_terminal", "monotonic_ns": 643230636768173, "outcome": "success", "test_id": "test_research_protocol.IndependentColdTests.test_P4_mapping_cap_cannot_admit_general_docs_or_foreign_paths_kinds"}

{"event": "test_started", "monotonic_ns": 643230636791817, "test_id": "test_research_protocol.IndependentColdTests.test_P4_mapping_document_2MiB_boundary_and_one_byte_overflow"}
test_P4_mapping_document_2MiB_boundary_and_one_byte_overflow (test_research_protocol.IndependentColdTests.test_P4_mapping_document_2MiB_boundary_and_one_byte_overflow) ... ok

{"elapsed_s": 0.09690945909824222, "event": "test_terminal", "monotonic_ns": 643230733702254, "outcome": "success", "test_id": "test_research_protocol.IndependentColdTests.test_P4_mapping_document_2MiB_boundary_and_one_byte_overflow"}

{"event": "test_started", "monotonic_ns": 643230733727801, "test_id": "test_research_protocol.IndependentColdTests.test_P4_metadata_namespace_accepts_40_and_rejects_41"}
test_P4_metadata_namespace_accepts_40_and_rejects_41 (test_research_protocol.IndependentColdTests.test_P4_metadata_namespace_accepts_40_and_rejects_41) ... ok

{"elapsed_s": 0.014870287966914475, "event": "test_terminal", "monotonic_ns": 643230748598471, "outcome": "success", "test_id": "test_research_protocol.IndependentColdTests.test_P4_metadata_namespace_accepts_40_and_rejects_41"}

{"event": "test_started", "monotonic_ns": 643230748621097, "test_id": "test_research_protocol.IndependentColdTests.test_P4_metadata_namespace_accepts_actual_36_leaf_research_shape"}
test_P4_metadata_namespace_accepts_actual_36_leaf_research_shape (test_research_protocol.IndependentColdTests.test_P4_metadata_namespace_accepts_actual_36_leaf_research_shape) ... ok

{"elapsed_s": 0.013615994015708566, "event": "test_terminal", "monotonic_ns": 643230762237312, "outcome": "success", "test_id": "test_research_protocol.IndependentColdTests.test_P4_metadata_namespace_accepts_actual_36_leaf_research_shape"}

{"event": "test_started", "monotonic_ns": 643230762258800, "test_id": "test_research_protocol.IndependentColdTests.test_P4_run_33_and_controller_129_leaves_still_reject"}
test_P4_run_33_and_controller_129_leaves_still_reject (test_research_protocol.IndependentColdTests.test_P4_run_33_and_controller_129_leaves_still_reject) ... ok

{"elapsed_s": 0.009542526910081506, "event": "test_terminal", "monotonic_ns": 643230771802014, "outcome": "success", "test_id": "test_research_protocol.IndependentColdTests.test_P4_run_33_and_controller_129_leaves_still_reject"}

{"event": "test_started", "monotonic_ns": 643230771823930, "test_id": "test_research_protocol.IndependentColdTests.test_P4_typed_before_and_closed_mapping_documents_above_1MiB_accept"}
test_P4_typed_before_and_closed_mapping_documents_above_1MiB_accept (test_research_protocol.IndependentColdTests.test_P4_typed_before_and_closed_mapping_documents_above_1MiB_accept) ... ok

{"elapsed_s": 0.28093096299562603, "event": "test_terminal", "monotonic_ns": 643231052755802, "outcome": "success", "test_id": "test_research_protocol.IndependentColdTests.test_P4_typed_before_and_closed_mapping_documents_above_1MiB_accept"}

{"event": "test_started", "monotonic_ns": 643231052783043, "test_id": "test_research_protocol.IndependentColdTests.test_P6_transport_partial_positive_reads_complete_header_text_and_payload"}
test_P6_transport_partial_positive_reads_complete_header_text_and_payload (test_research_protocol.IndependentColdTests.test_P6_transport_partial_positive_reads_complete_header_text_and_payload) ... ok

{"elapsed_s": 0.07966830697841942, "event": "test_terminal", "monotonic_ns": 643231132451884, "outcome": "success", "test_id": "test_research_protocol.IndependentColdTests.test_P6_transport_partial_positive_reads_complete_header_text_and_payload"}

{"event": "test_started", "monotonic_ns": 643231132478324, "test_id": "test_research_protocol.IndependentColdTests.test_P6_transport_partial_progress_keeps_original_absolute_deadline"}
test_P6_transport_partial_progress_keeps_original_absolute_deadline (test_research_protocol.IndependentColdTests.test_P6_transport_partial_progress_keeps_original_absolute_deadline) ... ok

{"elapsed_s": 0.07688129192683846, "event": "test_terminal", "monotonic_ns": 643231209360343, "outcome": "success", "test_id": "test_research_protocol.IndependentColdTests.test_P6_transport_partial_progress_keeps_original_absolute_deadline"}

{"event": "test_started", "monotonic_ns": 643231209387114, "test_id": "test_research_protocol.IndependentColdTests.test_P6_transport_zero_progress_refuses_without_spinning"}
test_P6_transport_zero_progress_refuses_without_spinning (test_research_protocol.IndependentColdTests.test_P6_transport_zero_progress_refuses_without_spinning) ... ok

{"elapsed_s": 0.0808539999416098, "event": "test_terminal", "monotonic_ns": 643231290242033, "outcome": "success", "test_id": "test_research_protocol.IndependentColdTests.test_P6_transport_zero_progress_refuses_without_spinning"}

{"event": "test_started", "monotonic_ns": 643231290272533, "test_id": "test_research_protocol.IndependentColdTests.test_P8_distinct_source_eof_clocks_preserve_order_and_original_drain_bound"}
test_P8_distinct_source_eof_clocks_preserve_order_and_original_drain_bound (test_research_protocol.IndependentColdTests.test_P8_distinct_source_eof_clocks_preserve_order_and_original_drain_bound) ... ok

{"elapsed_s": 0.15473968198057264, "event": "test_terminal", "monotonic_ns": 643231445012652, "outcome": "success", "test_id": "test_research_protocol.IndependentColdTests.test_P8_distinct_source_eof_clocks_preserve_order_and_original_drain_bound"}

{"event": "test_started", "monotonic_ns": 643231445038462, "test_id": "test_research_protocol.IndependentColdTests.test_complete_metadata_positive_uses_real_git_and_holds_all_files"}
test_complete_metadata_positive_uses_real_git_and_holds_all_files (test_research_protocol.IndependentColdTests.test_complete_metadata_positive_uses_real_git_and_holds_all_files) ... ok

{"elapsed_s": 0.7263603050960228, "event": "test_terminal", "monotonic_ns": 643232171399481, "outcome": "success", "test_id": "test_research_protocol.IndependentColdTests.test_complete_metadata_positive_uses_real_git_and_holds_all_files"}

{"event": "test_started", "monotonic_ns": 643232171428443, "test_id": "test_research_protocol.IndependentColdTests.test_complete_research_positive_reconstructs128_au64_pairs_and_legal_ack_interleaving"}
test_complete_research_positive_reconstructs128_au64_pairs_and_legal_ack_interleaving (test_research_protocol.IndependentColdTests.test_complete_research_positive_reconstructs128_au64_pairs_and_legal_ack_interleaving) ... ok

{"elapsed_s": 1.58485955290962, "event": "test_terminal", "monotonic_ns": 643233756289522, "outcome": "success", "test_id": "test_research_protocol.IndependentColdTests.test_complete_research_positive_reconstructs128_au64_pairs_and_legal_ack_interleaving"}

{"event": "test_started", "monotonic_ns": 643233756322452, "test_id": "test_research_protocol.IndependentColdTests.test_controller_positive_body_does_not_override_post_close_failure"}
test_controller_positive_body_does_not_override_post_close_failure (test_research_protocol.IndependentColdTests.test_controller_positive_body_does_not_override_post_close_failure) ... ok

{"elapsed_s": 0.2254080519778654, "event": "test_terminal", "monotonic_ns": 643233981731990, "outcome": "success", "test_id": "test_research_protocol.IndependentColdTests.test_controller_positive_body_does_not_override_post_close_failure"}

{"event": "test_started", "monotonic_ns": 643233981760375, "test_id": "test_research_protocol.IndependentColdTests.test_current_task_progress_does_not_replace_reviewed_p_blobs"}
test_current_task_progress_does_not_replace_reviewed_p_blobs (test_research_protocol.IndependentColdTests.test_current_task_progress_does_not_replace_reviewed_p_blobs) ... ok

{"elapsed_s": 0.17762129998300225, "event": "test_terminal", "monotonic_ns": 643234159382502, "outcome": "success", "test_id": "test_research_protocol.IndependentColdTests.test_current_task_progress_does_not_replace_reviewed_p_blobs"}

{"event": "test_started", "monotonic_ns": 643234159413941, "test_id": "test_research_protocol.IndependentColdTests.test_external_provisional_success_needs_genuine_final_tool_rc"}
test_external_provisional_success_needs_genuine_final_tool_rc (test_research_protocol.IndependentColdTests.test_external_provisional_success_needs_genuine_final_tool_rc) ... ok

{"elapsed_s": 0.2592723889974877, "event": "test_terminal", "monotonic_ns": 643234418687119, "outcome": "success", "test_id": "test_research_protocol.IndependentColdTests.test_external_provisional_success_needs_genuine_final_tool_rc"}

{"event": "test_started", "monotonic_ns": 643234418715227, "test_id": "test_research_protocol.IndependentColdTests.test_failed_main_invalidates_prefix_after_real_held_epoch_mutation"}
test_failed_main_invalidates_prefix_after_real_held_epoch_mutation (test_research_protocol.IndependentColdTests.test_failed_main_invalidates_prefix_after_real_held_epoch_mutation) ... ok

{"elapsed_s": 0.9378038790309802, "event": "test_terminal", "monotonic_ns": 643235356520095, "outcome": "success", "test_id": "test_research_protocol.IndependentColdTests.test_failed_main_invalidates_prefix_after_real_held_epoch_mutation"}

{"event": "test_started", "monotonic_ns": 643235356546377, "test_id": "test_research_protocol.IndependentColdTests.test_failed_main_retains_prefix_and_independent_close_status_without_promotion"}
test_failed_main_retains_prefix_and_independent_close_status_without_promotion (test_research_protocol.IndependentColdTests.test_failed_main_retains_prefix_and_independent_close_status_without_promotion) ... ok

{"elapsed_s": 0.9638457830296829, "event": "test_terminal", "monotonic_ns": 643236320392987, "outcome": "success", "test_id": "test_research_protocol.IndependentColdTests.test_failed_main_retains_prefix_and_independent_close_status_without_promotion"}

{"event": "test_started", "monotonic_ns": 643236320418557, "test_id": "test_research_protocol.IndependentColdTests.test_fd_namespace_byte_and_json_limits_refuse_without_unbounded_acquisition"}
test_fd_namespace_byte_and_json_limits_refuse_without_unbounded_acquisition (test_research_protocol.IndependentColdTests.test_fd_namespace_byte_and_json_limits_refuse_without_unbounded_acquisition) ... ok

{"elapsed_s": 0.010388282011263072, "event": "test_terminal", "monotonic_ns": 643236330807903, "outcome": "success", "test_id": "test_research_protocol.IndependentColdTests.test_fd_namespace_byte_and_json_limits_refuse_without_unbounded_acquisition"}

{"event": "test_started", "monotonic_ns": 643236330878052, "test_id": "test_research_protocol.IndependentColdTests.test_flush_only_outputs_remain_insufficient_without_changing_cohorts"}
test_flush_only_outputs_remain_insufficient_without_changing_cohorts (test_research_protocol.IndependentColdTests.test_flush_only_outputs_remain_insufficient_without_changing_cohorts) ... ok

{"elapsed_s": 1.6007420549867675, "event": "test_terminal", "monotonic_ns": 643237931620581, "outcome": "success", "test_id": "test_research_protocol.IndependentColdTests.test_flush_only_outputs_remain_insufficient_without_changing_cohorts"}

{"event": "test_started", "monotonic_ns": 643237931653842, "test_id": "test_research_protocol.IndependentColdTests.test_mapping_bridge_observer_owner_range_and_close_are_replayed"}
test_mapping_bridge_observer_owner_range_and_close_are_replayed (test_research_protocol.IndependentColdTests.test_mapping_bridge_observer_owner_range_and_close_are_replayed) ... ok

{"elapsed_s": 0.07118555996567011, "event": "test_terminal", "monotonic_ns": 643238002840928, "outcome": "success", "test_id": "test_research_protocol.IndependentColdTests.test_mapping_bridge_observer_owner_range_and_close_are_replayed"}

{"event": "test_started", "monotonic_ns": 643238002870290, "test_id": "test_research_protocol.IndependentColdTests.test_metadata_positive_cannot_authorize_foreign_owner_or_partial_maps"}
test_metadata_positive_cannot_authorize_foreign_owner_or_partial_maps (test_research_protocol.IndependentColdTests.test_metadata_positive_cannot_authorize_foreign_owner_or_partial_maps) ... ok

{"elapsed_s": 0.07035289390478283, "event": "test_terminal", "monotonic_ns": 643238073223908, "outcome": "success", "test_id": "test_research_protocol.IndependentColdTests.test_metadata_positive_cannot_authorize_foreign_owner_or_partial_maps"}

{"event": "test_started", "monotonic_ns": 643238073251943, "test_id": "test_research_protocol.IndependentColdTests.test_old_provisional_success_with_close_failure_companion_is_rejected"}
test_old_provisional_success_with_close_failure_companion_is_rejected (test_research_protocol.IndependentColdTests.test_old_provisional_success_with_close_failure_companion_is_rejected) ... ok

{"elapsed_s": 0.6596931829117239, "event": "test_terminal", "monotonic_ns": 643238732946471, "outcome": "success", "test_id": "test_research_protocol.IndependentColdTests.test_old_provisional_success_with_close_failure_companion_is_rejected"}

{"event": "test_started", "monotonic_ns": 643238732980636, "test_id": "test_research_protocol.IndependentColdTests.test_original_admission_types_u64_and_reserved_duration_are_rejected"}
test_original_admission_types_u64_and_reserved_duration_are_rejected (test_research_protocol.IndependentColdTests.test_original_admission_types_u64_and_reserved_duration_are_rejected) ... ok

{"elapsed_s": 0.08294635498896241, "event": "test_terminal", "monotonic_ns": 643238815928297, "outcome": "success", "test_id": "test_research_protocol.IndependentColdTests.test_original_admission_types_u64_and_reserved_duration_are_rejected"}

{"event": "test_started", "monotonic_ns": 643238815958786, "test_id": "test_research_protocol.IndependentColdTests.test_raw_payload_corruption_has_independent_valid_prefix_only"}
test_raw_payload_corruption_has_independent_valid_prefix_only (test_research_protocol.IndependentColdTests.test_raw_payload_corruption_has_independent_valid_prefix_only) ... ok

{"elapsed_s": 0.9485875039827079, "event": "test_terminal", "monotonic_ns": 643239764547303, "outcome": "success", "test_id": "test_research_protocol.IndependentColdTests.test_raw_payload_corruption_has_independent_valid_prefix_only"}

{"event": "test_started", "monotonic_ns": 643239764580934, "test_id": "test_research_protocol.IndependentColdTests.test_real_leaf_replacement_links_and_close_fault_release_other_handles"}
test_real_leaf_replacement_links_and_close_fault_release_other_handles (test_research_protocol.IndependentColdTests.test_real_leaf_replacement_links_and_close_fault_release_other_handles) ... ok

{"elapsed_s": 0.0018290820298716426, "event": "test_terminal", "monotonic_ns": 643239766410454, "outcome": "success", "test_id": "test_research_protocol.IndependentColdTests.test_real_leaf_replacement_links_and_close_fault_release_other_handles"}

{"event": "test_started", "monotonic_ns": 643239766431484, "test_id": "test_research_protocol.IndependentColdTests.test_resealed_journal_pts_caps_digest_eos_order_and_cohort_corruption_is_refused"}
test_resealed_journal_pts_caps_digest_eos_order_and_cohort_corruption_is_refused (test_research_protocol.IndependentColdTests.test_resealed_journal_pts_caps_digest_eos_order_and_cohort_corruption_is_refused) ... ok

{"elapsed_s": 0.14375568402465433, "event": "test_terminal", "monotonic_ns": 643239910187706, "outcome": "success", "test_id": "test_research_protocol.IndependentColdTests.test_resealed_journal_pts_caps_digest_eos_order_and_cohort_corruption_is_refused"}

{"event": "test_started", "monotonic_ns": 643239910212857, "test_id": "test_research_protocol.IndependentColdTests.test_resealed_raw_header_payload_ack_control_and_trailing_corruption_is_refused"}
test_resealed_raw_header_payload_ack_control_and_trailing_corruption_is_refused (test_research_protocol.IndependentColdTests.test_resealed_raw_header_payload_ack_control_and_trailing_corruption_is_refused) ... ok

{"elapsed_s": 0.129216369939968, "event": "test_terminal", "monotonic_ns": 643240039429890, "outcome": "success", "test_id": "test_research_protocol.IndependentColdTests.test_resealed_raw_header_payload_ack_control_and_trailing_corruption_is_refused"}

{"event": "test_started", "monotonic_ns": 643240039454585, "test_id": "test_research_protocol.IndependentColdTests.test_source_and_reviewed_planning_raw_mutations_are_rejected_by_git"}
test_source_and_reviewed_planning_raw_mutations_are_rejected_by_git (test_research_protocol.IndependentColdTests.test_source_and_reviewed_planning_raw_mutations_are_rejected_by_git) ... ok

{"elapsed_s": 0.13832216407172382, "event": "test_terminal", "monotonic_ns": 643240177777879, "outcome": "success", "test_id": "test_research_protocol.IndependentColdTests.test_source_and_reviewed_planning_raw_mutations_are_rejected_by_git"}

{"event": "test_started", "monotonic_ns": 643240177808186, "test_id": "test_research_protocol.IndependentColdTests.test_source_start_requires_ready_loaded_observation_and_enabling_intent"}
test_source_start_requires_ready_loaded_observation_and_enabling_intent (test_research_protocol.IndependentColdTests.test_source_start_requires_ready_loaded_observation_and_enabling_intent) ... ok

{"elapsed_s": 0.11381678096950054, "event": "test_terminal", "monotonic_ns": 643240291625591, "outcome": "success", "test_id": "test_research_protocol.IndependentColdTests.test_source_start_requires_ready_loaded_observation_and_enabling_intent"}

{"event": "test_started", "monotonic_ns": 643240291651870, "test_id": "test_research_protocol.IndependentColdTests.test_unknown_extra_output_and_foreign_mode_cannot_borrow_positive_body"}
test_unknown_extra_output_and_foreign_mode_cannot_borrow_positive_body (test_research_protocol.IndependentColdTests.test_unknown_extra_output_and_foreign_mode_cannot_borrow_positive_body) ... ok

{"elapsed_s": 0.08082322892732918, "event": "test_terminal", "monotonic_ns": 643240372476046, "outcome": "success", "test_id": "test_research_protocol.IndependentColdTests.test_unknown_extra_output_and_foreign_mode_cannot_borrow_positive_body"}

{"event": "test_started", "monotonic_ns": 643240372518403, "test_id": "test_research_protocol.ProtocolTests.test_P3_cached_pin_rejects_expired_current_phase_despite_live_original_deadline"}
test_P3_cached_pin_rejects_expired_current_phase_despite_live_original_deadline (test_research_protocol.ProtocolTests.test_P3_cached_pin_rejects_expired_current_phase_despite_live_original_deadline) ... ok

{"elapsed_s": 0.005454494035802782, "event": "test_terminal", "monotonic_ns": 643240377973294, "outcome": "success", "test_id": "test_research_protocol.ProtocolTests.test_P3_cached_pin_rejects_expired_current_phase_despite_live_original_deadline"}

{"event": "test_started", "monotonic_ns": 643240378010682, "test_id": "test_research_protocol.ProtocolTests.test_P3_cached_pin_uses_live_current_phase_after_original_deadline_expires"}
test_P3_cached_pin_uses_live_current_phase_after_original_deadline_expires (test_research_protocol.ProtocolTests.test_P3_cached_pin_uses_live_current_phase_after_original_deadline_expires) ... ok

{"elapsed_s": 0.005069258040748537, "event": "test_terminal", "monotonic_ns": 643240383080262, "outcome": "success", "test_id": "test_research_protocol.ProtocolTests.test_P3_cached_pin_uses_live_current_phase_after_original_deadline_expires"}

{"event": "test_started", "monotonic_ns": 643240383113202, "test_id": "test_research_protocol.ProtocolTests.test_active_rgb_excludes_padding_and_rejects_bad_layout_before_hash"}
test_active_rgb_excludes_padding_and_rejects_bad_layout_before_hash (test_research_protocol.ProtocolTests.test_active_rgb_excludes_padding_and_rejects_bad_layout_before_hash) ... ok

{"elapsed_s": 0.002673720009624958, "event": "test_terminal", "monotonic_ns": 643240385787056, "outcome": "success", "test_id": "test_research_protocol.ProtocolTests.test_active_rgb_excludes_padding_and_rejects_bad_layout_before_hash"}

{"event": "test_started", "monotonic_ns": 643240385809244, "test_id": "test_research_protocol.ProtocolTests.test_actual_sink_eos_keeps_fixed_central_cohort_and_marks_flush_insufficient"}
test_actual_sink_eos_keeps_fixed_central_cohort_and_marks_flush_insufficient (test_research_protocol.ProtocolTests.test_actual_sink_eos_keeps_fixed_central_cohort_and_marks_flush_insufficient) ... ok

{"elapsed_s": 0.0026851630536839366, "event": "test_terminal", "monotonic_ns": 643240388494829, "outcome": "success", "test_id": "test_research_protocol.ProtocolTests.test_actual_sink_eos_keeps_fixed_central_cohort_and_marks_flush_insufficient"}

{"event": "test_started", "monotonic_ns": 643240388515909, "test_id": "test_research_protocol.ProtocolTests.test_bounded_auxiliary_real_python_child_drains_both_pipes_to_eof"}
test_bounded_auxiliary_real_python_child_drains_both_pipes_to_eof (test_research_protocol.ProtocolTests.test_bounded_auxiliary_real_python_child_drains_both_pipes_to_eof) ... ok

{"elapsed_s": 0.020468776929192245, "event": "test_terminal", "monotonic_ns": 643240408985294, "outcome": "success", "test_id": "test_research_protocol.ProtocolTests.test_bounded_auxiliary_real_python_child_drains_both_pipes_to_eof"}

{"event": "test_started", "monotonic_ns": 643240409008437, "test_id": "test_research_protocol.ProtocolTests.test_bounded_auxiliary_timeout_retains_original_failed_child"}
test_bounded_auxiliary_timeout_retains_original_failed_child (test_research_protocol.ProtocolTests.test_bounded_auxiliary_timeout_retains_original_failed_child) ... ok

{"elapsed_s": 0.11884910601656884, "event": "test_terminal", "monotonic_ns": 643240527859958, "outcome": "success", "test_id": "test_research_protocol.ProtocolTests.test_bounded_auxiliary_timeout_retains_original_failed_child"}

{"event": "test_started", "monotonic_ns": 643240527902927, "test_id": "test_research_protocol.ProtocolTests.test_clean_eof_truncation_and_invalid_json"}
test_clean_eof_truncation_and_invalid_json (test_research_protocol.ProtocolTests.test_clean_eof_truncation_and_invalid_json) ... ok

{"elapsed_s": 0.005346779013052583, "event": "test_terminal", "monotonic_ns": 643240533249605, "outcome": "success", "test_id": "test_research_protocol.ProtocolTests.test_clean_eof_truncation_and_invalid_json"}

{"event": "test_started", "monotonic_ns": 643240533277426, "test_id": "test_research_protocol.ProtocolTests.test_current_binary_requires_its_enabling_ack_and_next_declaration_waits_previous"}
test_current_binary_requires_its_enabling_ack_and_next_declaration_waits_previous (test_research_protocol.ProtocolTests.test_current_binary_requires_its_enabling_ack_and_next_declaration_waits_previous) ... ok

{"elapsed_s": 0.04014434199780226, "event": "test_terminal", "monotonic_ns": 643240573425514, "outcome": "success", "test_id": "test_research_protocol.ProtocolTests.test_current_binary_requires_its_enabling_ack_and_next_declaration_waits_previous"}

{"event": "test_started", "monotonic_ns": 643240573497112, "test_id": "test_research_protocol.ProtocolTests.test_decoder_clock_negative_and_missing_join_reject"}
test_decoder_clock_negative_and_missing_join_reject (test_research_protocol.ProtocolTests.test_decoder_clock_negative_and_missing_join_reject) ... ok

{"elapsed_s": 0.004326674970798194, "event": "test_terminal", "monotonic_ns": 643240577824232, "outcome": "success", "test_id": "test_research_protocol.ProtocolTests.test_decoder_clock_negative_and_missing_join_reject"}

{"event": "test_started", "monotonic_ns": 643240577885851, "test_id": "test_research_protocol.ProtocolTests.test_digest_identity_flags_and_cadence_fail_closed"}
test_digest_identity_flags_and_cadence_fail_closed (test_research_protocol.ProtocolTests.test_digest_identity_flags_and_cadence_fail_closed) ... ok

{"elapsed_s": 0.00738528510555625, "event": "test_terminal", "monotonic_ns": 643240585271457, "outcome": "success", "test_id": "test_research_protocol.ProtocolTests.test_digest_identity_flags_and_cadence_fail_closed"}

{"event": "test_started", "monotonic_ns": 643240585316056, "test_id": "test_research_protocol.ProtocolTests.test_evidence_caps_reserve_failure_receipt_and_preserve_failed_prefix"}
test_evidence_caps_reserve_failure_receipt_and_preserve_failed_prefix (test_research_protocol.ProtocolTests.test_evidence_caps_reserve_failure_receipt_and_preserve_failed_prefix) ... ok

{"elapsed_s": 0.010983822983689606, "event": "test_terminal", "monotonic_ns": 643240596298808, "outcome": "success", "test_id": "test_research_protocol.ProtocolTests.test_evidence_caps_reserve_failure_receipt_and_preserve_failed_prefix"}

{"event": "test_started", "monotonic_ns": 643240596321206, "test_id": "test_research_protocol.ProtocolTests.test_exact32_no_extra_duplicate_foreign_or_late_admission"}
test_exact32_no_extra_duplicate_foreign_or_late_admission (test_research_protocol.ProtocolTests.test_exact32_no_extra_duplicate_foreign_or_late_admission) ... ok

{"elapsed_s": 0.0033599509624764323, "event": "test_terminal", "monotonic_ns": 643240599681298, "outcome": "success", "test_id": "test_research_protocol.ProtocolTests.test_exact32_no_extra_duplicate_foreign_or_late_admission"}

{"event": "test_started", "monotonic_ns": 643240599702707, "test_id": "test_research_protocol.ProtocolTests.test_external_previous_run_needs_sealed_terminal_before_next_start"}
test_external_previous_run_needs_sealed_terminal_before_next_start (test_research_protocol.ProtocolTests.test_external_previous_run_needs_sealed_terminal_before_next_start) ... ok

{"elapsed_s": 0.0035416840109974146, "event": "test_terminal", "monotonic_ns": 643240603244832, "outcome": "success", "test_id": "test_research_protocol.ProtocolTests.test_external_previous_run_needs_sealed_terminal_before_next_start"}

{"event": "test_started", "monotonic_ns": 643240603266370, "test_id": "test_research_protocol.ProtocolTests.test_external_watchdog_does_not_complete_partial_or_unsealed_phase_file"}
test_external_watchdog_does_not_complete_partial_or_unsealed_phase_file (test_research_protocol.ProtocolTests.test_external_watchdog_does_not_complete_partial_or_unsealed_phase_file) ... ok

{"elapsed_s": 0.002735628979280591, "event": "test_terminal", "monotonic_ns": 643240606002067, "outcome": "success", "test_id": "test_research_protocol.ProtocolTests.test_external_watchdog_does_not_complete_partial_or_unsealed_phase_file"}

{"event": "test_started", "monotonic_ns": 643240606020463, "test_id": "test_research_protocol.ProtocolTests.test_header_oversize_and_declared_length_mismatch_before_payload_allocation"}
test_header_oversize_and_declared_length_mismatch_before_payload_allocation (test_research_protocol.ProtocolTests.test_header_oversize_and_declared_length_mismatch_before_payload_allocation) ... ok

{"elapsed_s": 0.00432606297545135, "event": "test_terminal", "monotonic_ns": 643240610346847, "outcome": "success", "test_id": "test_research_protocol.ProtocolTests.test_header_oversize_and_declared_length_mismatch_before_payload_allocation"}

{"event": "test_started", "monotonic_ns": 643240610365883, "test_id": "test_research_protocol.ProtocolTests.test_held_file_and_ancestor_epochs_reject_mutation_and_rename"}
test_held_file_and_ancestor_epochs_reject_mutation_and_rename (test_research_protocol.ProtocolTests.test_held_file_and_ancestor_epochs_reject_mutation_and_rename) ... ok

{"elapsed_s": 0.0031040619360283017, "event": "test_terminal", "monotonic_ns": 643240613470368, "outcome": "success", "test_id": "test_research_protocol.ProtocolTests.test_held_file_and_ancestor_epochs_reject_mutation_and_rename"}

{"event": "test_started", "monotonic_ns": 643240613491643, "test_id": "test_research_protocol.ProtocolTests.test_pair_complete_multiset_pixels_caps_order_and_tail_are_required"}
test_pair_complete_multiset_pixels_caps_order_and_tail_are_required (test_research_protocol.ProtocolTests.test_pair_complete_multiset_pixels_caps_order_and_tail_are_required) ... ok

{"elapsed_s": 0.002769066020846367, "event": "test_terminal", "monotonic_ns": 643240616261135, "outcome": "success", "test_id": "test_research_protocol.ProtocolTests.test_pair_complete_multiset_pixels_caps_order_and_tail_are_required"}

{"event": "test_started", "monotonic_ns": 643240616315328, "test_id": "test_research_protocol.ProtocolTests.test_post_receipt_crossing_is_immutable_failed_and_cannot_enable_next_run"}
test_post_receipt_crossing_is_immutable_failed_and_cannot_enable_next_run (test_research_protocol.ProtocolTests.test_post_receipt_crossing_is_immutable_failed_and_cannot_enable_next_run) ... ok

{"elapsed_s": 0.008150706999003887, "event": "test_terminal", "monotonic_ns": 643240624466117, "outcome": "success", "test_id": "test_research_protocol.ProtocolTests.test_post_receipt_crossing_is_immutable_failed_and_cannot_enable_next_run"}

{"event": "test_started", "monotonic_ns": 643240624487570, "test_id": "test_research_protocol.ProtocolTests.test_raw_aggregate_rejected_before_second_ack"}
test_raw_aggregate_rejected_before_second_ack (test_research_protocol.ProtocolTests.test_raw_aggregate_rejected_before_second_ack) ... ok

{"elapsed_s": 0.002554144011810422, "event": "test_terminal", "monotonic_ns": 643240627041919, "outcome": "success", "test_id": "test_research_protocol.ProtocolTests.test_raw_aggregate_rejected_before_second_ack"}

{"event": "test_started", "monotonic_ns": 643240627061981, "test_id": "test_research_protocol.ProtocolTests.test_true_unsigned_dts_and_duration_are_retained"}
test_true_unsigned_dts_and_duration_are_retained (test_research_protocol.ProtocolTests.test_true_unsigned_dts_and_duration_are_retained) ... ok

{"elapsed_s": 0.004526947042904794, "event": "test_terminal", "monotonic_ns": 643240631589115, "outcome": "success", "test_id": "test_research_protocol.ProtocolTests.test_true_unsigned_dts_and_duration_are_retained"}

{"event": "test_started", "monotonic_ns": 643240631607949, "test_id": "test_research_protocol.ProtocolTests.test_truncated_text_payload_and_source_line_preserve_every_consumed_byte"}
test_truncated_text_payload_and_source_line_preserve_every_consumed_byte (test_research_protocol.ProtocolTests.test_truncated_text_payload_and_source_line_preserve_every_consumed_byte) ... ok

{"elapsed_s": 0.004773447057232261, "event": "test_terminal", "monotonic_ns": 643240636382219, "outcome": "success", "test_id": "test_research_protocol.ProtocolTests.test_truncated_text_payload_and_source_line_preserve_every_consumed_byte"}

{"event": "test_started", "monotonic_ns": 643240636407287, "test_id": "test_research_protocol.ProtocolTests.test_wrong_second_schedule_rejected_using_received_duration"}
test_wrong_second_schedule_rejected_using_received_duration (test_research_protocol.ProtocolTests.test_wrong_second_schedule_rejected_using_received_duration) ... ok

{"elapsed_s": 0.0026682140305638313, "event": "test_terminal", "monotonic_ns": 643240639075659, "outcome": "success", "test_id": "test_research_protocol.ProtocolTests.test_wrong_second_schedule_rejected_using_received_duration"}

{"event": "test_started", "monotonic_ns": 643240639111357, "test_id": "test_setup_v2.ControllerModeTests.test_controller_close_error_preserves_original_body_failure"}
test_controller_close_error_preserves_original_body_failure (test_setup_v2.ControllerModeTests.test_controller_close_error_preserves_original_body_failure) ... ok

{"elapsed_s": 0.017132028006017208, "event": "test_terminal", "monotonic_ns": 643240656243382, "outcome": "success", "test_id": "test_setup_v2.ControllerModeTests.test_controller_close_error_preserves_original_body_failure"}

{"event": "test_started", "monotonic_ns": 643240656271214, "test_id": "test_setup_v2.ControllerModeTests.test_controller_close_error_retires_remaining_pins_and_blocks_provisional_success"}
test_controller_close_error_retires_remaining_pins_and_blocks_provisional_success (test_setup_v2.ControllerModeTests.test_controller_close_error_retires_remaining_pins_and_blocks_provisional_success) ... ok

{"elapsed_s": 0.039675581036135554, "event": "test_terminal", "monotonic_ns": 643240695947048, "outcome": "success", "test_id": "test_setup_v2.ControllerModeTests.test_controller_close_error_retires_remaining_pins_and_blocks_provisional_success"}

{"event": "test_started", "monotonic_ns": 643240695977931, "test_id": "test_setup_v2.ControllerModeTests.test_metadata_fast_exit_still_checks_shared_body_deadline"}
test_metadata_fast_exit_still_checks_shared_body_deadline (test_setup_v2.ControllerModeTests.test_metadata_fast_exit_still_checks_shared_body_deadline) ... ok

{"elapsed_s": 0.01454650901723653, "event": "test_terminal", "monotonic_ns": 643240710524655, "outcome": "success", "test_id": "test_setup_v2.ControllerModeTests.test_metadata_fast_exit_still_checks_shared_body_deadline"}

{"event": "test_started", "monotonic_ns": 643240710555117, "test_id": "test_setup_v2.ControllerModeTests.test_metadata_mode_rejects_any_original_run_directory"}
test_metadata_mode_rejects_any_original_run_directory (test_setup_v2.ControllerModeTests.test_metadata_mode_rejects_any_original_run_directory) ... ok

{"elapsed_s": 0.006919358973391354, "event": "test_terminal", "monotonic_ns": 643240717474512, "outcome": "success", "test_id": "test_setup_v2.ControllerModeTests.test_metadata_mode_rejects_any_original_run_directory"}

{"event": "test_started", "monotonic_ns": 643240717498120, "test_id": "test_setup_v2.ControllerModeTests.test_metadata_null_result_zero_runs_is_valid_after_original_close"}
test_metadata_null_result_zero_runs_is_valid_after_original_close (test_setup_v2.ControllerModeTests.test_metadata_null_result_zero_runs_is_valid_after_original_close) ... ok

{"elapsed_s": 0.03380455600563437, "event": "test_terminal", "monotonic_ns": 643240751303317, "outcome": "success", "test_id": "test_setup_v2.ControllerModeTests.test_metadata_null_result_zero_runs_is_valid_after_original_close"}

{"event": "test_started", "monotonic_ns": 643240751333320, "test_id": "test_setup_v2.ControllerModeTests.test_metadata_rejects_research_result_or_run_namespace"}
test_metadata_rejects_research_result_or_run_namespace (test_setup_v2.ControllerModeTests.test_metadata_rejects_research_result_or_run_namespace) ... ok

{"elapsed_s": 0.01245644805021584, "event": "test_terminal", "monotonic_ns": 643240763790039, "outcome": "success", "test_id": "test_setup_v2.ControllerModeTests.test_metadata_rejects_research_result_or_run_namespace"}

{"event": "test_started", "monotonic_ns": 643240763824721, "test_id": "test_setup_v2.ControllerModeTests.test_missing_cli_mode_fails_before_engine_or_output_creation"}
test_missing_cli_mode_fails_before_engine_or_output_creation (test_setup_v2.ControllerModeTests.test_missing_cli_mode_fails_before_engine_or_output_creation) ... ok

{"elapsed_s": 0.06478969205636531, "event": "test_terminal", "monotonic_ns": 643240828615459, "outcome": "success", "test_id": "test_setup_v2.ControllerModeTests.test_missing_cli_mode_fails_before_engine_or_output_creation"}

{"event": "test_started", "monotonic_ns": 643240828645554, "test_id": "test_setup_v2.ControllerModeTests.test_mode_mismatch_and_close_failure_never_promote"}
test_mode_mismatch_and_close_failure_never_promote (test_setup_v2.ControllerModeTests.test_mode_mismatch_and_close_failure_never_promote) ... ok

{"elapsed_s": 0.014636742998845875, "event": "test_terminal", "monotonic_ns": 643240843282672, "outcome": "success", "test_id": "test_setup_v2.ControllerModeTests.test_mode_mismatch_and_close_failure_never_promote"}

{"event": "test_started", "monotonic_ns": 643240843322527, "test_id": "test_setup_v2.ReviewedInputTests.test_actual_git_stdout_stream_cap_rejects_and_reaps_owned_child"}
test_actual_git_stdout_stream_cap_rejects_and_reaps_owned_child (test_setup_v2.ReviewedInputTests.test_actual_git_stdout_stream_cap_rejects_and_reaps_owned_child) ... ok

{"elapsed_s": 0.033490748959593475, "event": "test_terminal", "monotonic_ns": 643240876813952, "outcome": "success", "test_id": "test_setup_v2.ReviewedInputTests.test_actual_git_stdout_stream_cap_rejects_and_reaps_owned_child"}

{"event": "test_started", "monotonic_ns": 643240876839047, "test_id": "test_setup_v2.ReviewedInputTests.test_changed_auxiliary_owner_join_prevents_signal_and_preserves_cap_failure"}
test_changed_auxiliary_owner_join_prevents_signal_and_preserves_cap_failure (test_setup_v2.ReviewedInputTests.test_changed_auxiliary_owner_join_prevents_signal_and_preserves_cap_failure) ... ok

{"elapsed_s": 0.10382172104436904, "event": "test_terminal", "monotonic_ns": 643240980662947, "outcome": "success", "test_id": "test_setup_v2.ReviewedInputTests.test_changed_auxiliary_owner_join_prevents_signal_and_preserves_cap_failure"}

{"event": "test_started", "monotonic_ns": 643240980702881, "test_id": "test_setup_v2.ReviewedInputTests.test_expired_shared_prelaunch_deadline_rejects_before_git_child"}
test_expired_shared_prelaunch_deadline_rejects_before_git_child (test_setup_v2.ReviewedInputTests.test_expired_shared_prelaunch_deadline_rejects_before_git_child) ... ok

{"elapsed_s": 0.02870465093292296, "event": "test_terminal", "monotonic_ns": 643241009408365, "outcome": "success", "test_id": "test_setup_v2.ReviewedInputTests.test_expired_shared_prelaunch_deadline_rejects_before_git_child"}

{"event": "test_started", "monotonic_ns": 643241009436374, "test_id": "test_setup_v2.ReviewedInputTests.test_failed_initial_auxiliary_owner_observation_never_signals_unknown_group"}
test_failed_initial_auxiliary_owner_observation_never_signals_unknown_group (test_setup_v2.ReviewedInputTests.test_failed_initial_auxiliary_owner_observation_never_signals_unknown_group) ... ok

{"elapsed_s": 0.09533536795061082, "event": "test_terminal", "monotonic_ns": 643241104773785, "outcome": "success", "test_id": "test_setup_v2.ReviewedInputTests.test_failed_initial_auxiliary_owner_observation_never_signals_unknown_group"}

{"event": "test_started", "monotonic_ns": 643241104805891, "test_id": "test_setup_v2.ReviewedInputTests.test_foreign_repository_and_unreviewed_source_drift_are_rejected"}
test_foreign_repository_and_unreviewed_source_drift_are_rejected (test_setup_v2.ReviewedInputTests.test_foreign_repository_and_unreviewed_source_drift_are_rejected) ... ok

{"elapsed_s": 0.10648821794893593, "event": "test_terminal", "monotonic_ns": 643241211295747, "outcome": "success", "test_id": "test_setup_v2.ReviewedInputTests.test_foreign_repository_and_unreviewed_source_drift_are_rejected"}

{"event": "test_started", "monotonic_ns": 643241211329988, "test_id": "test_setup_v2.ReviewedInputTests.test_git_capture_close_failure_still_retires_other_original_stream"}
test_git_capture_close_failure_still_retires_other_original_stream (test_setup_v2.ReviewedInputTests.test_git_capture_close_failure_still_retires_other_original_stream) ... ok

{"elapsed_s": 0.03368821903131902, "event": "test_terminal", "monotonic_ns": 643241245019358, "outcome": "success", "test_id": "test_setup_v2.ReviewedInputTests.test_git_capture_close_failure_still_retires_other_original_stream"}

{"event": "test_started", "monotonic_ns": 643241245048281, "test_id": "test_setup_v2.ReviewedInputTests.test_missing_runtime_source_and_nonexact_source_parameter_are_rejected"}
test_missing_runtime_source_and_nonexact_source_parameter_are_rejected (test_setup_v2.ReviewedInputTests.test_missing_runtime_source_and_nonexact_source_parameter_are_rejected) ... ok

{"elapsed_s": 0.07615955197252333, "event": "test_terminal", "monotonic_ns": 643241321209392, "outcome": "success", "test_id": "test_setup_v2.ReviewedInputTests.test_missing_runtime_source_and_nonexact_source_parameter_are_rejected"}

{"event": "test_started", "monotonic_ns": 643241321236045, "test_id": "test_setup_v2.ReviewedInputTests.test_oversized_reviewed_blob_is_rejected_before_raw_copy"}
test_oversized_reviewed_blob_is_rejected_before_raw_copy (test_setup_v2.ReviewedInputTests.test_oversized_reviewed_blob_is_rejected_before_raw_copy) ... ok

{"elapsed_s": 0.10919859795831144, "event": "test_terminal", "monotonic_ns": 643241430435503, "outcome": "success", "test_id": "test_setup_v2.ReviewedInputTests.test_oversized_reviewed_blob_is_rejected_before_raw_copy"}

{"event": "test_started", "monotonic_ns": 643241430460813, "test_id": "test_setup_v2.ReviewedInputTests.test_owned_auxiliary_is_killed_at_actual_remaining_shared_deadline"}
test_owned_auxiliary_is_killed_at_actual_remaining_shared_deadline (test_setup_v2.ReviewedInputTests.test_owned_auxiliary_is_killed_at_actual_remaining_shared_deadline) ... ok

{"elapsed_s": 0.1839612639741972, "event": "test_terminal", "monotonic_ns": 643241614424363, "outcome": "success", "test_id": "test_setup_v2.ReviewedInputTests.test_owned_auxiliary_is_killed_at_actual_remaining_shared_deadline"}

{"event": "test_started", "monotonic_ns": 643241614466634, "test_id": "test_setup_v2.ReviewedInputTests.test_reviewed_planning_must_be_ancestor_of_exact_source"}
test_reviewed_planning_must_be_ancestor_of_exact_source (test_setup_v2.ReviewedInputTests.test_reviewed_planning_must_be_ancestor_of_exact_source) ... ok

{"elapsed_s": 0.06316708005033433, "event": "test_terminal", "monotonic_ns": 643241677633870, "outcome": "success", "test_id": "test_setup_v2.ReviewedInputTests.test_reviewed_planning_must_be_ancestor_of_exact_source"}

{"event": "test_started", "monotonic_ns": 643241677663489, "test_id": "test_setup_v2.ReviewedInputTests.test_supported_native_git_worktree_is_accepted"}
test_supported_native_git_worktree_is_accepted (test_setup_v2.ReviewedInputTests.test_supported_native_git_worktree_is_accepted) ... ok

{"elapsed_s": 0.17382534802891314, "event": "test_terminal", "monotonic_ns": 643241851489994, "outcome": "success", "test_id": "test_setup_v2.ReviewedInputTests.test_supported_native_git_worktree_is_accepted"}

{"event": "test_started", "monotonic_ns": 643241851515450, "test_id": "test_setup_v2.ReviewedInputTests.test_task_progress_and_archived_paths_use_exact_raw_reviewed_blobs"}
test_task_progress_and_archived_paths_use_exact_raw_reviewed_blobs (test_setup_v2.ReviewedInputTests.test_task_progress_and_archived_paths_use_exact_raw_reviewed_blobs) ... ok

{"elapsed_s": 0.17667935602366924, "event": "test_terminal", "monotonic_ns": 643242028196013, "outcome": "success", "test_id": "test_setup_v2.ReviewedInputTests.test_task_progress_and_archived_paths_use_exact_raw_reviewed_blobs"}

{"event": "test_started", "monotonic_ns": 643242028239432, "test_id": "test_setup_v2.SetupTests.test_bad_cid_keeps_failure_but_cleans_positive_exact_name_owner"}
test_bad_cid_keeps_failure_but_cleans_positive_exact_name_owner (test_setup_v2.SetupTests.test_bad_cid_keeps_failure_but_cleans_positive_exact_name_owner) ... ok

{"elapsed_s": 0.11156185995787382, "event": "test_terminal", "monotonic_ns": 643242139802119, "outcome": "success", "test_id": "test_setup_v2.SetupTests.test_bad_cid_keeps_failure_but_cleans_positive_exact_name_owner"}

{"event": "test_started", "monotonic_ns": 643242139832263, "test_id": "test_setup_v2.SetupTests.test_cleanup_command_cannot_consume_final_deadline_reserve"}
test_cleanup_command_cannot_consume_final_deadline_reserve (test_setup_v2.SetupTests.test_cleanup_command_cannot_consume_final_deadline_reserve) ... ok

{"elapsed_s": 0.00679337396286428, "event": "test_terminal", "monotonic_ns": 643242146626191, "outcome": "success", "test_id": "test_setup_v2.SetupTests.test_cleanup_command_cannot_consume_final_deadline_reserve"}

{"event": "test_started", "monotonic_ns": 643242146661411, "test_id": "test_setup_v2.SetupTests.test_complete_cid_optional_newline_and_physical_hash"}
test_complete_cid_optional_newline_and_physical_hash (test_setup_v2.SetupTests.test_complete_cid_optional_newline_and_physical_hash) ... ok

{"elapsed_s": 0.007050827029161155, "event": "test_terminal", "monotonic_ns": 643242153713051, "outcome": "success", "test_id": "test_setup_v2.SetupTests.test_complete_cid_optional_newline_and_physical_hash"}

{"event": "test_started", "monotonic_ns": 643242153736267, "test_id": "test_setup_v2.SetupTests.test_delayed_name_publication_is_not_earlier_removal_absence"}
test_delayed_name_publication_is_not_earlier_removal_absence (test_setup_v2.SetupTests.test_delayed_name_publication_is_not_earlier_removal_absence) ... ok

{"elapsed_s": 0.19370163697749376, "event": "test_terminal", "monotonic_ns": 643242347438937, "outcome": "success", "test_id": "test_setup_v2.SetupTests.test_delayed_name_publication_is_not_earlier_removal_absence"}

{"event": "test_started", "monotonic_ns": 643242347465847, "test_id": "test_setup_v2.SetupTests.test_fast_natural_launcher_exit_binds_complete_cid_and_removes_before_both_absences"}
test_fast_natural_launcher_exit_binds_complete_cid_and_removes_before_both_absences (test_setup_v2.SetupTests.test_fast_natural_launcher_exit_binds_complete_cid_and_removes_before_both_absences) ... ok

{"elapsed_s": 0.11575285298749804, "event": "test_terminal", "monotonic_ns": 643242463219527, "outcome": "success", "test_id": "test_setup_v2.SetupTests.test_fast_natural_launcher_exit_binds_complete_cid_and_removes_before_both_absences"}

{"event": "test_started", "monotonic_ns": 643242463245428, "test_id": "test_setup_v2.SetupTests.test_initialization_doc_cap_fails_before_single_intended_call"}
test_initialization_doc_cap_fails_before_single_intended_call (test_setup_v2.SetupTests.test_initialization_doc_cap_fails_before_single_intended_call) ... ok

{"elapsed_s": 0.023587723029777408, "event": "test_terminal", "monotonic_ns": 643242486834399, "outcome": "success", "test_id": "test_setup_v2.SetupTests.test_initialization_doc_cap_fails_before_single_intended_call"}

{"event": "test_started", "monotonic_ns": 643242486870053, "test_id": "test_setup_v2.SetupTests.test_malformed_and_oversize_cid_retain_actual_failure_stat"}
test_malformed_and_oversize_cid_retain_actual_failure_stat (test_setup_v2.SetupTests.test_malformed_and_oversize_cid_retain_actual_failure_stat) ... ok

{"elapsed_s": 0.011644520913250744, "event": "test_terminal", "monotonic_ns": 643242498515187, "outcome": "success", "test_id": "test_setup_v2.SetupTests.test_malformed_and_oversize_cid_retain_actual_failure_stat"}

{"event": "test_started", "monotonic_ns": 643242498540932, "test_id": "test_setup_v2.SetupTests.test_original_initializer_failure_keeps_stage_type_and_bounded_trace_without_fallback"}
test_original_initializer_failure_keeps_stage_type_and_bounded_trace_without_fallback (test_setup_v2.SetupTests.test_original_initializer_failure_keeps_stage_type_and_bounded_trace_without_fallback) ... ok

{"elapsed_s": 0.039676663000136614, "event": "test_terminal", "monotonic_ns": 643242538218252, "outcome": "success", "test_id": "test_setup_v2.SetupTests.test_original_initializer_failure_keeps_stage_type_and_bounded_trace_without_fallback"}

{"event": "test_started", "monotonic_ns": 643242538239370, "test_id": "test_setup_v2.SetupTests.test_original_inode_substitution_symlink_and_multiple_links_reject"}
test_original_inode_substitution_symlink_and_multiple_links_reject (test_setup_v2.SetupTests.test_original_inode_substitution_symlink_and_multiple_links_reject) ... ok

{"elapsed_s": 0.013246250920929015, "event": "test_terminal", "monotonic_ns": 643242551486263, "outcome": "success", "test_id": "test_setup_v2.SetupTests.test_original_inode_substitution_symlink_and_multiple_links_reject"}

{"event": "test_started", "monotonic_ns": 643242551507382, "test_id": "test_setup_v2.SetupTests.test_original_live_launcher_is_reaped_before_engine_fixture_observation"}
test_original_live_launcher_is_reaped_before_engine_fixture_observation (test_setup_v2.SetupTests.test_original_live_launcher_is_reaped_before_engine_fixture_observation) ... ok

{"elapsed_s": 0.1564391569700092, "event": "test_terminal", "monotonic_ns": 643242707947535, "outcome": "success", "test_id": "test_setup_v2.SetupTests.test_original_live_launcher_is_reaped_before_engine_fixture_observation"}

{"event": "test_started", "monotonic_ns": 643242707972414, "test_id": "test_setup_v2.SetupTests.test_original_partial_file_publication_stays_pending_until_stable_complete"}
test_original_partial_file_publication_stays_pending_until_stable_complete (test_setup_v2.SetupTests.test_original_partial_file_publication_stays_pending_until_stable_complete) ... ok

{"elapsed_s": 0.11914620501920581, "event": "test_terminal", "monotonic_ns": 643242827120574, "outcome": "success", "test_id": "test_setup_v2.SetupTests.test_original_partial_file_publication_stays_pending_until_stable_complete"}

{"event": "test_started", "monotonic_ns": 643242827160962, "test_id": "test_setup_v2.SetupTests.test_outer_failed_body_preserves_cause_when_original_cleanup15_is_crossed"}
test_outer_failed_body_preserves_cause_when_original_cleanup15_is_crossed (test_setup_v2.SetupTests.test_outer_failed_body_preserves_cause_when_original_cleanup15_is_crossed) ... ok

{"elapsed_s": 15.043128942954354, "event": "test_terminal", "monotonic_ns": 643257870293803, "outcome": "success", "test_id": "test_setup_v2.SetupTests.test_outer_failed_body_preserves_cause_when_original_cleanup15_is_crossed"}

{"event": "test_started", "monotonic_ns": 643257870427766, "test_id": "test_setup_v2.SetupTests.test_outer_successful_body_crosses_original_cleanup15_and_rejects_success"}
test_outer_successful_body_crosses_original_cleanup15_and_rejects_success (test_setup_v2.SetupTests.test_outer_successful_body_crosses_original_cleanup15_and_rejects_success) ... ok

{"elapsed_s": 15.045499264029786, "event": "test_terminal", "monotonic_ns": 643272915924051, "outcome": "success", "test_id": "test_setup_v2.SetupTests.test_outer_successful_body_crosses_original_cleanup15_and_rejects_success"}

{"event": "test_started", "monotonic_ns": 643272915958238, "test_id": "test_setup_v2.SetupTests.test_single_explicit_list_initializer_records_actual_fixture_callable_and_stages"}
test_single_explicit_list_initializer_records_actual_fixture_callable_and_stages (test_setup_v2.SetupTests.test_single_explicit_list_initializer_records_actual_fixture_callable_and_stages) ... ok

{"elapsed_s": 0.03568687499500811, "event": "test_terminal", "monotonic_ns": 643272951645185, "outcome": "success", "test_id": "test_setup_v2.SetupTests.test_single_explicit_list_initializer_records_actual_fixture_callable_and_stages"}

{"event": "test_started", "monotonic_ns": 643272951669129, "test_id": "test_setup_v2.SetupTests.test_unresolved_publication_keeps_unknown_and_never_claims_removal_absence"}
test_unresolved_publication_keeps_unknown_and_never_claims_removal_absence (test_setup_v2.SetupTests.test_unresolved_publication_keeps_unknown_and_never_claims_removal_absence) ... ok

{"elapsed_s": 4.599217238021083, "event": "test_terminal", "monotonic_ns": 643277550888385, "outcome": "success", "test_id": "test_setup_v2.SetupTests.test_unresolved_publication_keeps_unknown_and_never_claims_removal_absence"}

{"event": "test_started", "monotonic_ns": 643277550945731, "test_id": "test_successor_v6.BackingSuccessorTests.test_actual_full_maps_rejects_duplicate_but_classifier_retains_it"}
test_actual_full_maps_rejects_duplicate_but_classifier_retains_it (test_successor_v6.BackingSuccessorTests.test_actual_full_maps_rejects_duplicate_but_classifier_retains_it) ... ok

{"elapsed_s": 0.004398596007376909, "event": "test_terminal", "monotonic_ns": 643277555344180, "outcome": "success", "test_id": "test_successor_v6.BackingSuccessorTests.test_actual_full_maps_rejects_duplicate_but_classifier_retains_it"}

{"event": "test_started", "monotonic_ns": 643277555380622, "test_id": "test_successor_v6.BackingSuccessorTests.test_anonymous_inode_zero_and_strict_ranges_permissions_offsets"}
test_anonymous_inode_zero_and_strict_ranges_permissions_offsets (test_successor_v6.BackingSuccessorTests.test_anonymous_inode_zero_and_strict_ranges_permissions_offsets) ... ok

{"elapsed_s": 0.0029098610393702984, "event": "test_terminal", "monotonic_ns": 643277558290823, "outcome": "success", "test_id": "test_successor_v6.BackingSuccessorTests.test_anonymous_inode_zero_and_strict_ranges_permissions_offsets"}

{"event": "test_started", "monotonic_ns": 643277558312063, "test_id": "test_successor_v6.BackingSuccessorTests.test_bridge_wrong_permissions_offset_deleted_and_missing_range_reject"}
test_bridge_wrong_permissions_offset_deleted_and_missing_range_reject (test_successor_v6.BackingSuccessorTests.test_bridge_wrong_permissions_offset_deleted_and_missing_range_reject) ... ok

{"elapsed_s": 0.006960630998946726, "event": "test_terminal", "monotonic_ns": 643277565272989, "outcome": "success", "test_id": "test_successor_v6.BackingSuccessorTests.test_bridge_wrong_permissions_offset_deleted_and_missing_range_reject"}

{"event": "test_started", "monotonic_ns": 643277565294269, "test_id": "test_successor_v6.BackingSuccessorTests.test_buffer_acquisition_error_retires_mapping_without_release_obligation"}
test_buffer_acquisition_error_retires_mapping_without_release_obligation (test_successor_v6.BackingSuccessorTests.test_buffer_acquisition_error_retires_mapping_without_release_obligation) ... ok

{"elapsed_s": 0.002833342063240707, "event": "test_terminal", "monotonic_ns": 643277568128084, "outcome": "success", "test_id": "test_successor_v6.BackingSuccessorTests.test_buffer_acquisition_error_retires_mapping_without_release_obligation"}

{"event": "test_started", "monotonic_ns": 643277568162355, "test_id": "test_successor_v6.BackingSuccessorTests.test_cached_bridge_rechecks_real_ancestor_mode_after_probe_retirement"}
test_cached_bridge_rechecks_real_ancestor_mode_after_probe_retirement (test_successor_v6.BackingSuccessorTests.test_cached_bridge_rechecks_real_ancestor_mode_after_probe_retirement) ... ok

{"elapsed_s": 0.004418354015797377, "event": "test_terminal", "monotonic_ns": 643277572580885, "outcome": "success", "test_id": "test_successor_v6.BackingSuccessorTests.test_cached_bridge_rechecks_real_ancestor_mode_after_probe_retirement"}

{"event": "test_started", "monotonic_ns": 643277572601094, "test_id": "test_successor_v6.BackingSuccessorTests.test_cached_bridge_uses_same_proof_and_expected_size_and_sha"}
test_cached_bridge_uses_same_proof_and_expected_size_and_sha (test_successor_v6.BackingSuccessorTests.test_cached_bridge_uses_same_proof_and_expected_size_and_sha) ... ok

{"elapsed_s": 0.004998288932256401, "event": "test_terminal", "monotonic_ns": 643277577604547, "outcome": "success", "test_id": "test_successor_v6.BackingSuccessorTests.test_cached_bridge_uses_same_proof_and_expected_size_and_sha"}

{"event": "test_started", "monotonic_ns": 643277577626078, "test_id": "test_successor_v6.BackingSuccessorTests.test_cached_expected_size_cannot_be_ignored"}
test_cached_expected_size_cannot_be_ignored (test_successor_v6.BackingSuccessorTests.test_cached_expected_size_cannot_be_ignored) ... ok

{"elapsed_s": 0.0026318849995732307, "event": "test_terminal", "monotonic_ns": 643277580258331, "outcome": "success", "test_id": "test_successor_v6.BackingSuccessorTests.test_cached_expected_size_cannot_be_ignored"}

{"event": "test_started", "monotonic_ns": 643277580277385, "test_id": "test_successor_v6.BackingSuccessorTests.test_cached_same_bytes_rewrite_during_rehash_keeps_full_epoch_guard"}
test_cached_same_bytes_rewrite_during_rehash_keeps_full_epoch_guard (test_successor_v6.BackingSuccessorTests.test_cached_same_bytes_rewrite_during_rehash_keeps_full_epoch_guard) ... ok

{"elapsed_s": 0.0026359879411756992, "event": "test_terminal", "monotonic_ns": 643277582913890, "outcome": "success", "test_id": "test_successor_v6.BackingSuccessorTests.test_cached_same_bytes_rewrite_during_rehash_keeps_full_epoch_guard"}

{"event": "test_started", "monotonic_ns": 643277582936528, "test_id": "test_successor_v6.BackingSuccessorTests.test_cancellation_primary_retires_probe_and_propagates_original_identity"}
test_cancellation_primary_retires_probe_and_propagates_original_identity (test_successor_v6.BackingSuccessorTests.test_cancellation_primary_retires_probe_and_propagates_original_identity) ... ok

{"elapsed_s": 0.0028567990520969033, "event": "test_terminal", "monotonic_ns": 643277585793701, "outcome": "success", "test_id": "test_successor_v6.BackingSuccessorTests.test_cancellation_primary_retires_probe_and_propagates_original_identity"}

{"event": "test_started", "monotonic_ns": 643277585824451, "test_id": "test_successor_v6.BackingSuccessorTests.test_duplicate_full_bridge_snapshot_rejects_and_retires"}
test_duplicate_full_bridge_snapshot_rejects_and_retires (test_successor_v6.BackingSuccessorTests.test_duplicate_full_bridge_snapshot_rejects_and_retires) ... ok

{"elapsed_s": 0.003844823921099305, "event": "test_terminal", "monotonic_ns": 643277589661336, "outcome": "success", "test_id": "test_successor_v6.BackingSuccessorTests.test_duplicate_full_bridge_snapshot_rejects_and_retires"}

{"event": "test_started", "monotonic_ns": 643277589682390, "test_id": "test_successor_v6.BackingSuccessorTests.test_expired_real_probe_rejects_before_success"}
test_expired_real_probe_rejects_before_success (test_successor_v6.BackingSuccessorTests.test_expired_real_probe_rejects_before_success) ... ok

{"elapsed_s": 0.0024033740628510714, "event": "test_terminal", "monotonic_ns": 643277592085882, "outcome": "success", "test_id": "test_successor_v6.BackingSuccessorTests.test_expired_real_probe_rejects_before_success"}

{"event": "test_started", "monotonic_ns": 643277592104731, "test_id": "test_successor_v6.BackingSuccessorTests.test_failed_ancestor_fstat_retires_partially_acquired_fd"}
test_failed_ancestor_fstat_retires_partially_acquired_fd (test_successor_v6.BackingSuccessorTests.test_failed_ancestor_fstat_retires_partially_acquired_fd) ... ok

{"elapsed_s": 0.0026730960234999657, "event": "test_terminal", "monotonic_ns": 643277594778391, "outcome": "success", "test_id": "test_successor_v6.BackingSuccessorTests.test_failed_ancestor_fstat_retires_partially_acquired_fd"}

{"event": "test_started", "monotonic_ns": 643277594799047, "test_id": "test_successor_v6.BackingSuccessorTests.test_final_snapshot_persistence_error_never_authorizes_collection"}
test_final_snapshot_persistence_error_never_authorizes_collection (test_successor_v6.BackingSuccessorTests.test_final_snapshot_persistence_error_never_authorizes_collection) ... ok

{"elapsed_s": 0.006149052991531789, "event": "test_terminal", "monotonic_ns": 643277600948409, "outcome": "success", "test_id": "test_successor_v6.BackingSuccessorTests.test_final_snapshot_persistence_error_never_authorizes_collection"}

{"event": "test_started", "monotonic_ns": 643277600969706, "test_id": "test_successor_v6.BackingSuccessorTests.test_growth_after_admission_cannot_enlarge_original_hash_read_bound"}
test_growth_after_admission_cannot_enlarge_original_hash_read_bound (test_successor_v6.BackingSuccessorTests.test_growth_after_admission_cannot_enlarge_original_hash_read_bound) ... ok

{"elapsed_s": 0.0024440200068056583, "event": "test_terminal", "monotonic_ns": 643277603414030, "outcome": "success", "test_id": "test_successor_v6.BackingSuccessorTests.test_growth_after_admission_cannot_enlarge_original_hash_read_bound"}

{"event": "test_started", "monotonic_ns": 643277603436617, "test_id": "test_successor_v6.BackingSuccessorTests.test_held_bytes_changed_during_probe_remain_epoch_failure"}
test_held_bytes_changed_during_probe_remain_epoch_failure (test_successor_v6.BackingSuccessorTests.test_held_bytes_changed_during_probe_remain_epoch_failure) ... ok

{"elapsed_s": 0.0033103879541158676, "event": "test_terminal", "monotonic_ns": 643277606747477, "outcome": "success", "test_id": "test_successor_v6.BackingSuccessorTests.test_held_bytes_changed_during_probe_remain_epoch_failure"}

{"event": "test_started", "monotonic_ns": 643277606767629, "test_id": "test_successor_v6.BackingSuccessorTests.test_original_selected_owner_and_complete_ranges_are_bracketed"}
test_original_selected_owner_and_complete_ranges_are_bracketed (test_successor_v6.BackingSuccessorTests.test_original_selected_owner_and_complete_ranges_are_bracketed) ... ok

{"elapsed_s": 0.009205644018948078, "event": "test_terminal", "monotonic_ns": 643277615973642, "outcome": "success", "test_id": "test_successor_v6.BackingSuccessorTests.test_original_selected_owner_and_complete_ranges_are_bracketed"}

{"event": "test_started", "monotonic_ns": 643277615994612, "test_id": "test_successor_v6.BackingSuccessorTests.test_original_tiny_child_exit_during_collection_is_rejected"}
test_original_tiny_child_exit_during_collection_is_rejected (test_successor_v6.BackingSuccessorTests.test_original_tiny_child_exit_during_collection_is_rejected) ... ok

{"elapsed_s": 0.014854087959975004, "event": "test_terminal", "monotonic_ns": 643277630849130, "outcome": "success", "test_id": "test_successor_v6.BackingSuccessorTests.test_original_tiny_child_exit_during_collection_is_rejected"}

{"event": "test_started", "monotonic_ns": 643277630872847, "test_id": "test_successor_v6.BackingSuccessorTests.test_owner_change_and_selected_range_change_refuse_before_final_snapshot"}
test_owner_change_and_selected_range_change_refuse_before_final_snapshot (test_successor_v6.BackingSuccessorTests.test_owner_change_and_selected_range_change_refuse_before_final_snapshot) ... ok

{"elapsed_s": 0.009985693963244557, "event": "test_terminal", "monotonic_ns": 643277640858763, "outcome": "success", "test_id": "test_successor_v6.BackingSuccessorTests.test_owner_change_and_selected_range_change_refuse_before_final_snapshot"}

{"event": "test_started", "monotonic_ns": 643277640880221, "test_id": "test_successor_v6.BackingSuccessorTests.test_owner_reads_use_original_channel_limit_and_sentinel"}
test_owner_reads_use_original_channel_limit_and_sentinel (test_successor_v6.BackingSuccessorTests.test_owner_reads_use_original_channel_limit_and_sentinel) ... ok

{"elapsed_s": 0.003267741994932294, "event": "test_terminal", "monotonic_ns": 643277644148196, "outcome": "success", "test_id": "test_successor_v6.BackingSuccessorTests.test_owner_reads_use_original_channel_limit_and_sentinel"}

{"event": "test_started", "monotonic_ns": 643277644168759, "test_id": "test_successor_v6.BackingSuccessorTests.test_parse_primary_survives_release_and_mapping_close_errors"}
test_parse_primary_survives_release_and_mapping_close_errors (test_successor_v6.BackingSuccessorTests.test_parse_primary_survives_release_and_mapping_close_errors) ... ok

{"elapsed_s": 0.0029329840326681733, "event": "test_terminal", "monotonic_ns": 643277647102212, "outcome": "success", "test_id": "test_successor_v6.BackingSuccessorTests.test_parse_primary_survives_release_and_mapping_close_errors"}

{"event": "test_started", "monotonic_ns": 643277647124746, "test_id": "test_successor_v6.BackingSuccessorTests.test_pin_close_attempts_all_descriptors_and_preserves_first_error"}
test_pin_close_attempts_all_descriptors_and_preserves_first_error (test_successor_v6.BackingSuccessorTests.test_pin_close_attempts_all_descriptors_and_preserves_first_error) ... ok

{"elapsed_s": 0.002528283977881074, "event": "test_terminal", "monotonic_ns": 643277649653136, "outcome": "success", "test_id": "test_successor_v6.BackingSuccessorTests.test_pin_close_attempts_all_descriptors_and_preserves_first_error"}

{"event": "test_started", "monotonic_ns": 643277649671758, "test_id": "test_successor_v6.BackingSuccessorTests.test_real_held_fd_bridge_accepts_explicit_synthetic_visible_device"}
test_real_held_fd_bridge_accepts_explicit_synthetic_visible_device (test_successor_v6.BackingSuccessorTests.test_real_held_fd_bridge_accepts_explicit_synthetic_visible_device) ... ok

{"elapsed_s": 0.0033843020210042596, "event": "test_terminal", "monotonic_ns": 643277653056442, "outcome": "success", "test_id": "test_successor_v6.BackingSuccessorTests.test_real_held_fd_bridge_accepts_explicit_synthetic_visible_device"}

{"event": "test_started", "monotonic_ns": 643277653077073, "test_id": "test_successor_v6.BackingSuccessorTests.test_real_readonly_probe_retires_export_mapping_and_fd"}
test_real_readonly_probe_retires_export_mapping_and_fd (test_successor_v6.BackingSuccessorTests.test_real_readonly_probe_retires_export_mapping_and_fd) ... ok

{"elapsed_s": 0.0032099710078909993, "event": "test_terminal", "monotonic_ns": 643277656287434, "outcome": "success", "test_id": "test_successor_v6.BackingSuccessorTests.test_real_readonly_probe_retires_export_mapping_and_fd"}

{"event": "test_started", "monotonic_ns": 643277656307215, "test_id": "test_successor_v6.BackingSuccessorTests.test_selected_ambiguous_escapes_fail_classifier_and_actual_collector"}
test_selected_ambiguous_escapes_fail_classifier_and_actual_collector (test_successor_v6.BackingSuccessorTests.test_selected_ambiguous_escapes_fail_classifier_and_actual_collector) ... ok

{"elapsed_s": 0.005088452948257327, "event": "test_terminal", "monotonic_ns": 643277661396094, "outcome": "success", "test_id": "test_successor_v6.BackingSuccessorTests.test_selected_ambiguous_escapes_fail_classifier_and_actual_collector"}

{"event": "test_started", "monotonic_ns": 643277661454679, "test_id": "test_successor_v6.BackingSuccessorTests.test_self_selected_bracket_excludes_only_actual_unique_bridge"}
test_self_selected_bracket_excludes_only_actual_unique_bridge (test_successor_v6.BackingSuccessorTests.test_self_selected_bracket_excludes_only_actual_unique_bridge) ... ok

{"elapsed_s": 0.00959463999606669, "event": "test_terminal", "monotonic_ns": 643277671049215, "outcome": "success", "test_id": "test_successor_v6.BackingSuccessorTests.test_self_selected_bracket_excludes_only_actual_unique_bridge"}

{"event": "test_started", "monotonic_ns": 643277671069163, "test_id": "test_successor_v6.BackingSuccessorTests.test_unreleased_real_export_causes_genuine_mapping_close_failure"}
test_unreleased_real_export_causes_genuine_mapping_close_failure (test_successor_v6.BackingSuccessorTests.test_unreleased_real_export_causes_genuine_mapping_close_failure) ... ok

{"elapsed_s": 0.003216311917640269, "event": "test_terminal", "monotonic_ns": 643277674285691, "outcome": "success", "test_id": "test_successor_v6.BackingSuccessorTests.test_unreleased_real_export_causes_genuine_mapping_close_failure"}

{"event": "test_started", "monotonic_ns": 643277674305320, "test_id": "test_successor_v6.BackingSuccessorTests.test_wrong_backing_identity_fails_and_retires_real_probe"}
test_wrong_backing_identity_fails_and_retires_real_probe (test_successor_v6.BackingSuccessorTests.test_wrong_backing_identity_fails_and_retires_real_probe) ... ok

{"elapsed_s": 0.004088502028025687, "event": "test_terminal", "monotonic_ns": 643277678400334, "outcome": "success", "test_id": "test_successor_v6.BackingSuccessorTests.test_wrong_backing_identity_fails_and_retires_real_probe"}

{"event": "test_started", "monotonic_ns": 643277678423340, "test_id": "test_successor_v6.BackingSuccessorTests.test_wrong_pybuffer_field_offsets_reject_before_mapping_or_c_api"}
test_wrong_pybuffer_field_offsets_reject_before_mapping_or_c_api (test_successor_v6.BackingSuccessorTests.test_wrong_pybuffer_field_offsets_reject_before_mapping_or_c_api) ... ok

{"elapsed_s": 0.003058119094930589, "event": "test_terminal", "monotonic_ns": 643277681481854, "outcome": "success", "test_id": "test_successor_v6.BackingSuccessorTests.test_wrong_pybuffer_field_offsets_reject_before_mapping_or_c_api"}

{"event": "test_started", "monotonic_ns": 643277681515707, "test_id": "test_successor_v6.GuestConstructionSuccessorTests.test_code_descriptor_drift_and_nonfinite_budget_retire_acquired_pins"}
test_code_descriptor_drift_and_nonfinite_budget_retire_acquired_pins (test_successor_v6.GuestConstructionSuccessorTests.test_code_descriptor_drift_and_nonfinite_budget_retire_acquired_pins) ... ok

{"elapsed_s": 0.03373071609530598, "event": "test_terminal", "monotonic_ns": 643277715246376, "outcome": "success", "test_id": "test_successor_v6.GuestConstructionSuccessorTests.test_code_descriptor_drift_and_nonfinite_budget_retire_acquired_pins"}

{"event": "test_started", "monotonic_ns": 643277715266566, "test_id": "test_successor_v6.GuestConstructionSuccessorTests.test_remaining_budget_and_exact_mounted_code_are_bound"}
test_remaining_budget_and_exact_mounted_code_are_bound (test_successor_v6.GuestConstructionSuccessorTests.test_remaining_budget_and_exact_mounted_code_are_bound) ... ok

{"elapsed_s": 0.03537527995649725, "event": "test_terminal", "monotonic_ns": 643277750642490, "outcome": "success", "test_id": "test_successor_v6.GuestConstructionSuccessorTests.test_remaining_budget_and_exact_mounted_code_are_bound"}

{"event": "test_started", "monotonic_ns": 643277750663875, "test_id": "test_successor_v6.GuestConstructionSuccessorTests.test_required_mode_validated_before_metadata_and_no_fd_leak"}
test_required_mode_validated_before_metadata_and_no_fd_leak (test_successor_v6.GuestConstructionSuccessorTests.test_required_mode_validated_before_metadata_and_no_fd_leak) ... ok

{"elapsed_s": 0.011315169045701623, "event": "test_terminal", "monotonic_ns": 643277761979399, "outcome": "success", "test_id": "test_successor_v6.GuestConstructionSuccessorTests.test_required_mode_validated_before_metadata_and_no_fd_leak"}

{"event": "test_started", "monotonic_ns": 643277762007035, "test_id": "test_successor_v6.GuestModeSuccessorTests.test_metadata_completion_has_no_source_cohort_result_or_research_authority"}
test_metadata_completion_has_no_source_cohort_result_or_research_authority (test_successor_v6.GuestModeSuccessorTests.test_metadata_completion_has_no_source_cohort_result_or_research_authority) ... ok

{"elapsed_s": 0.0058340540854260325, "event": "test_terminal", "monotonic_ns": 643277767841003, "outcome": "success", "test_id": "test_successor_v6.GuestModeSuccessorTests.test_metadata_completion_has_no_source_cohort_result_or_research_authority"}

{"event": "test_started", "monotonic_ns": 643277767859199, "test_id": "test_successor_v6.GuestModeSuccessorTests.test_metadata_final_close_obeys_remaining_prelaunch_not_new600_clock"}
test_metadata_final_close_obeys_remaining_prelaunch_not_new600_clock (test_successor_v6.GuestModeSuccessorTests.test_metadata_final_close_obeys_remaining_prelaunch_not_new600_clock) ... ok

{"elapsed_s": 0.07832739898003638, "event": "test_terminal", "monotonic_ns": 643277846190339, "outcome": "success", "test_id": "test_successor_v6.GuestModeSuccessorTests.test_metadata_final_close_obeys_remaining_prelaunch_not_new600_clock"}

{"event": "test_started", "monotonic_ns": 643277846247292, "test_id": "test_successor_v6.GuestModeSuccessorTests.test_metadata_original_preflight_error_keeps_identity_and_zero_runs"}
test_metadata_original_preflight_error_keeps_identity_and_zero_runs (test_successor_v6.GuestModeSuccessorTests.test_metadata_original_preflight_error_keeps_identity_and_zero_runs) ... ok

{"elapsed_s": 0.021940030972473323, "event": "test_terminal", "monotonic_ns": 643277868185496, "outcome": "success", "test_id": "test_successor_v6.GuestModeSuccessorTests.test_metadata_original_preflight_error_keeps_identity_and_zero_runs"}

{"event": "test_started", "monotonic_ns": 643277868204426, "test_id": "test_successor_v6.GuestModeSuccessorTests.test_metadata_pin_close_failure_blocks_provisional_success"}
test_metadata_pin_close_failure_blocks_provisional_success (test_successor_v6.GuestModeSuccessorTests.test_metadata_pin_close_failure_blocks_provisional_success) ... ok

{"elapsed_s": 0.012221214943565428, "event": "test_terminal", "monotonic_ns": 643277880426068, "outcome": "success", "test_id": "test_successor_v6.GuestModeSuccessorTests.test_metadata_pin_close_failure_blocks_provisional_success"}

{"event": "test_started", "monotonic_ns": 643277880444275, "test_id": "test_successor_v6.GuestModeSuccessorTests.test_metadata_unexpected_run_namespace_blocks_body_completion"}
test_metadata_unexpected_run_namespace_blocks_body_completion (test_successor_v6.GuestModeSuccessorTests.test_metadata_unexpected_run_namespace_blocks_body_completion) ... ok

{"elapsed_s": 0.015178769011981785, "event": "test_terminal", "monotonic_ns": 643277895623709, "outcome": "success", "test_id": "test_successor_v6.GuestModeSuccessorTests.test_metadata_unexpected_run_namespace_blocks_body_completion"}

{"event": "test_started", "monotonic_ns": 643277895640647, "test_id": "test_successor_v6.GuestModeSuccessorTests.test_missing_or_mismatched_mode_never_enters_preflight"}
test_missing_or_mismatched_mode_never_enters_preflight (test_successor_v6.GuestModeSuccessorTests.test_missing_or_mismatched_mode_never_enters_preflight) ... ok

{"elapsed_s": 0.048245980055071414, "event": "test_terminal", "monotonic_ns": 643277943887120, "outcome": "success", "test_id": "test_successor_v6.GuestModeSuccessorTests.test_missing_or_mismatched_mode_never_enters_preflight"}

{"event": "test_started", "monotonic_ns": 643277943908239, "test_id": "test_successor_v6.GuestModeSuccessorTests.test_primary_survives_late_companion_write_and_close_failure"}
test_primary_survives_late_companion_write_and_close_failure (test_successor_v6.GuestModeSuccessorTests.test_primary_survives_late_companion_write_and_close_failure) ... ok

{"elapsed_s": 0.012521289987489581, "event": "test_terminal", "monotonic_ns": 643277956430098, "outcome": "success", "test_id": "test_successor_v6.GuestModeSuccessorTests.test_primary_survives_late_companion_write_and_close_failure"}

{"event": "test_started", "monotonic_ns": 643277956451322, "test_id": "test_successor_v6.GuestModeSuccessorTests.test_research_exact_four_order_and_complete_pairing_are_preserved"}
test_research_exact_four_order_and_complete_pairing_are_preserved (test_successor_v6.GuestModeSuccessorTests.test_research_exact_four_order_and_complete_pairing_are_preserved) ... ok

{"elapsed_s": 0.010380557039752603, "event": "test_terminal", "monotonic_ns": 643277966832085, "outcome": "success", "test_id": "test_successor_v6.GuestModeSuccessorTests.test_research_exact_four_order_and_complete_pairing_are_preserved"}

{"event": "test_started", "monotonic_ns": 643277966849386, "test_id": "test_successor_v6.GuestModeSuccessorTests.test_research_first_failure_stops_before_later_setting"}
test_research_first_failure_stops_before_later_setting (test_successor_v6.GuestModeSuccessorTests.test_research_first_failure_stops_before_later_setting) ... ok

{"elapsed_s": 0.01343156909570098, "event": "test_terminal", "monotonic_ns": 643277980281513, "outcome": "success", "test_id": "test_successor_v6.GuestModeSuccessorTests.test_research_first_failure_stops_before_later_setting"}

{"event": "test_started", "monotonic_ns": 643277980311792, "test_id": "test_successor_v6.GuestRunRetirementTests.test_registry_reader_start_failure_preserves_primary_and_retires_auxiliary_fds"}
test_registry_reader_start_failure_preserves_primary_and_retires_auxiliary_fds (test_successor_v6.GuestRunRetirementTests.test_registry_reader_start_failure_preserves_primary_and_retires_auxiliary_fds) ... ok

{"elapsed_s": 0.02425094903446734, "event": "test_terminal", "monotonic_ns": 643278004562649, "outcome": "success", "test_id": "test_successor_v6.GuestRunRetirementTests.test_registry_reader_start_failure_preserves_primary_and_retires_auxiliary_fds"}

{"event": "test_started", "monotonic_ns": 643278004582954, "test_id": "test_successor_v6.GuestRunRetirementTests.test_run_drain_handoff_and_retirement_keep_real_fd_and_first_cause"}
test_run_drain_handoff_and_retirement_keep_real_fd_and_first_cause (test_successor_v6.GuestRunRetirementTests.test_run_drain_handoff_and_retirement_keep_real_fd_and_first_cause) ... ok

{"elapsed_s": 0.01960609294474125, "event": "test_terminal", "monotonic_ns": 643278024189502, "outcome": "success", "test_id": "test_successor_v6.GuestRunRetirementTests.test_run_drain_handoff_and_retirement_keep_real_fd_and_first_cause"}

{"event": "test_started", "monotonic_ns": 643278024209420, "test_id": "test_successor_v6.GuestRunRetirementTests.test_run_partial_pipe_acquisition_retires_real_first_pair"}
test_run_partial_pipe_acquisition_retires_real_first_pair (test_successor_v6.GuestRunRetirementTests.test_run_partial_pipe_acquisition_retires_real_first_pair) ... ok

{"elapsed_s": 0.015911031048744917, "event": "test_terminal", "monotonic_ns": 643278040121089, "outcome": "success", "test_id": "test_successor_v6.GuestRunRetirementTests.test_run_partial_pipe_acquisition_retires_real_first_pair"}

{"event": "test_started", "monotonic_ns": 643278040141578, "test_id": "test_successor_v6.GuestRunRetirementTests.test_run_retirement_errors_preserve_primary_and_attempt_remaining"}
test_run_retirement_errors_preserve_primary_and_attempt_remaining (test_successor_v6.GuestRunRetirementTests.test_run_retirement_errors_preserve_primary_and_attempt_remaining) ... ok

{"elapsed_s": 0.03426074900198728, "event": "test_terminal", "monotonic_ns": 643278074402914, "outcome": "success", "test_id": "test_successor_v6.GuestRunRetirementTests.test_run_retirement_errors_preserve_primary_and_attempt_remaining"}

----------------------------------------------------------------------
Ran 171 tests in 53.467s

OK
